# tools/hooks/guard_bash.py material-marker record: <ts>	MARKED|REFUSED	<command>
# 2026-09-16 17:1x - 12 synthetic entries from this gate's own test matrix removed, so the audit C6 line
#   counts only real work. The test matrix lives in the material session summary of 2026-09-16.
2026-09-16 17:24:56	REFUSED	cd "G:/Codes/LabVIEW_Codes/MinLab/zz_LabView VI/AAA_UNIST/2. Tracking/V6_ParallelLoop" && py -m py_compile tools/bench/diag_load_vs_editmode.py && echo COMPILE_OK
2026-09-16 17:24:58	MARKED	cd "G:/Codes/LabVIEW_Codes/MinLab/zz_LabView VI/AAA_UNIST/2. Tracking/V6_ParallelLoop" && MATERIAL=1 py -m py_compile tools/bench/diag_load_vs_editmode.py && echo COMPILE_OK
2026-09-16 17:25:04	MARKED	cd "G:/Codes/LabVIEW_Codes/MinLab/zz_LabView VI/AAA_UNIST/2. Tracking/V6_ParallelLoop" && MATERIAL=1 py tools/bgrun.py --max-min 25 --log tools/bench/diag_load_vs_editmode.log -- py -u tools/bench/dia
2026-09-16 17:28:58	MARKED	cd "G:/Codes/LabVIEW_Codes/MinLab/zz_LabView VI/AAA_UNIST/2. Tracking/V6_ParallelLoop" && MATERIAL=1 py -m py_compile tools/bench/diag_bdloaded_reader.py && echo COMPILE_OK
2026-09-16 17:36:34	MARKED	cd "G:/Codes/LabVIEW_Codes/MinLab/zz_LabView VI/AAA_UNIST/2. Tracking/V6_ParallelLoop" && MATERIAL=1 py tools/bgrun.py --max-min 20 --log tools/bench/diag_bdloaded_reader.log -- py -u tools/bench/diag
2026-09-16 17:57:55	MARKED	MATERIAL=1 py tools/bgrun.py --max-min 25 --log tools/bench/build_opownerchain_v1.log -- py -u tools/recipes/build_opownerchain_v1.py
2026-09-16 18:41:46	MARKED	cd "G:/Codes/LabVIEW_Codes/MinLab/zz_LabView VI/AAA_UNIST/2. Tracking/V6_ParallelLoop" && MATERIAL=1 py tools/bgrun.py --max-min 10 --log tools/bench/diag_save_persists.log -- py -u tools/bench/diag_s
2026-09-16 18:52:49	MARKED	cd "G:/Codes/LabVIEW_Codes/MinLab/zz_LabView VI/AAA_UNIST/2. Tracking/V6_ParallelLoop" && MATERIAL=1 py tools/bgrun.py --max-min 25 --log tools/bench/build_opownerchain_v1.log -- py -u tools/recipes/b
2026-09-16 18:56:41	MARKED	cd "G:/Codes/LabVIEW_Codes/MinLab/zz_LabView VI/AAA_UNIST/2. Tracking/V6_ParallelLoop" && MATERIAL=1 py tools/bgrun.py --max-min 12 --log tools/bench/diag_reset_gate_outer.log -- py -u tools/bench/dia
2026-09-16 19:03:10	MARKED	cd "G:/Codes/LabVIEW_Codes/MinLab/zz_LabView VI/AAA_UNIST/2. Tracking/V6_ParallelLoop" && MATERIAL=1 py tools/bgrun.py --max-min 12 --log tools/bench/diag_ownerchain_hop.log -- py -u tools/bench/diag_
2026-09-16 19:34:31	MARKED	cd "G:/Codes/LabVIEW_Codes/MinLab/zz_LabView VI/AAA_UNIST/2. Tracking/V6_ParallelLoop" && MATERIAL=1 py tools/bgrun.py --max-min 25 --log tools/bench/diag_owner_semantics.log -- py -u tools/bench/diag
2026-09-16 20:10:02	MARKED	cd "G:/Codes/LabVIEW_Codes/MinLab/zz_LabView VI/AAA_UNIST/2. Tracking/V6_ParallelLoop" && py -m py_compile tools/bench/diag_flatseq_diagrams_attach.py && echo COMPILES && MATERIAL=1 py tools/bgrun.py 
2026-09-16 20:14:36	MARKED	cd "G:/Codes/LabVIEW_Codes/MinLab/zz_LabView VI/AAA_UNIST/2. Tracking/V6_ParallelLoop" && MATERIAL=1 PYTHONIOENCODING=utf-8 py tools/bgrun.py --max-min 25 --log tools/bench/retro_cycle13.log -- py -u 
2026-09-16 20:50:04	MARKED	cd "G:/Codes/LabVIEW_Codes/MinLab/zz_LabView VI/AAA_UNIST/2. Tracking/V6_ParallelLoop" && MATERIAL=1 py tools/bgrun.py --max-min 45 --log tools/bench/retro_v2_compare.log -- py -u tools/bench/retro_v2
2026-09-16 22:05:06	MARKED	cd "G:/Codes/LabVIEW_Codes/MinLab/zz_LabView VI/AAA_UNIST/2. Tracking/V6_ParallelLoop" && MATERIAL=1 py tools/bgrun.py --max-min 28 --log tools/bench/diag_stop_save_seam.log -- py -u tools/bench/diag_
2026-09-16 22:10:02	MARKED	cd "G:/Codes/LabVIEW_Codes/MinLab/zz_LabView VI/AAA_UNIST/2. Tracking/V6_ParallelLoop" && MATERIAL=1 py tools/bgrun.py --max-min 10 --log tools/bench/diag_stop_condterm_panel.log -- py -u tools/bench/
2026-09-17 01:46:21	MARKED	cd "G:/Codes/LabVIEW_Codes/MinLab/zz_LabView VI/AAA_UNIST/2. Tracking/V6_ParallelLoop" && MATERIAL=1 py tools/bgrun.py --max-min 20 --log tools/bench/drive_original_copy.log -- py -u tools/bench/drive
2026-09-17 01:48:22	MARKED	cd "G:/Codes/LabVIEW_Codes/MinLab/zz_LabView VI/AAA_UNIST/2. Tracking/V6_ParallelLoop" && MATERIAL=1 py tools/bgrun.py --max-min 20 --log tools/bench/drive_original_copy_run2.log -- py -u tools/bench/
2026-09-17 01:55:18	MARKED	cd "G:/Codes/LabVIEW_Codes/MinLab/zz_LabView VI/AAA_UNIST/2. Tracking/V6_ParallelLoop" && MATERIAL=1 py tools/bgrun.py --max-min 8 --log tools/bench/d0_probe.log -- py -u tools/bench/d0_probe.py
2026-09-17 02:10:33	REFUSED	cd "G:/Codes/LabVIEW_Codes/MinLab/zz_LabView VI/AAA_UNIST/2. Tracking/V6_ParallelLoop" && py -m py_compile tools/bench/drive_original_copy_v2.py && echo COMPILE_OK
2026-09-17 02:10:36	MARKED	cd "G:/Codes/LabVIEW_Codes/MinLab/zz_LabView VI/AAA_UNIST/2. Tracking/V6_ParallelLoop" && MATERIAL=1 py -m py_compile tools/bench/drive_original_copy_v2.py && echo COMPILE_OK
2026-09-17 02:10:39	MARKED	cd "G:/Codes/LabVIEW_Codes/MinLab/zz_LabView VI/AAA_UNIST/2. Tracking/V6_ParallelLoop" && MATERIAL=1 py -m py_compile tools/bench/drive_original_copy_v2.py && echo COMPILE_OK
2026-09-17 02:10:51	MARKED	cd "G:/Codes/LabVIEW_Codes/MinLab/zz_LabView VI/AAA_UNIST/2. Tracking/V6_ParallelLoop" && MATERIAL=1 py tools/bgrun.py --max-min 25 --log tools/bench/drive_original_copy_v2.log -- py -u tools/bench/dr
2026-09-17 02:29:50	MARKED	cd "G:/Codes/LabVIEW_Codes/MinLab/zz_LabView VI/AAA_UNIST/2. Tracking/V6_ParallelLoop" && MATERIAL=1 py tools/bgrun.py --max-min 15 --log tools/bench/d0_clickprobe.log --detach -- py -u tools/bench/d0
2026-09-17 02:29:53	MARKED	cd "G:/Codes/LabVIEW_Codes/MinLab/zz_LabView VI/AAA_UNIST/2. Tracking/V6_ParallelLoop" && MATERIAL=1 py tools/bgrun.py --max-min 15 --log tools/bench/d0_clickprobe.log --detach -- py -u tools/bench/d0
2026-09-17 02:45:00	MARKED	cd "G:/Codes/LabVIEW_Codes/MinLab/zz_LabView VI/AAA_UNIST/2. Tracking/V6_ParallelLoop" && MATERIAL=1 py tools/bgrun.py --max-min 25 --log tools/bench/drive_original_copy_v3.log --detach -- py -u tools
2026-09-17 02:54:17	MARKED	cd "G:/Codes/LabVIEW_Codes/MinLab/zz_LabView VI/AAA_UNIST/2. Tracking/V6_ParallelLoop" && MATERIAL=1 py tools/bgrun.py --max-min 25 --log tools/bench/gpu_n1_deltas.log -- py -u tools/bench/gpu_n1_delt
2026-09-17 02:57:08	MARKED	cd "G:/Codes/LabVIEW_Codes/MinLab/zz_LabView VI/AAA_UNIST/2. Tracking/V6_ParallelLoop" && MATERIAL=1 py tools/bgrun.py --max-min 25 --log tools/bench/gpu_n1_deltas.log -- py -u tools/bench/gpu_n1_delt
2026-09-17 03:16:44	REFUSED	cd "G:/Codes/LabVIEW_Codes/MinLab/zz_LabView VI/AAA_UNIST/2. Tracking/V6_ParallelLoop" && py -m py_compile tools/recipes/probe_move_into_v0.py && echo "SYNTAX OK"
2026-09-17 03:25:07	MARKED	cd "G:/Codes/LabVIEW_Codes/MinLab/zz_LabView VI/AAA_UNIST/2. Tracking/V6_ParallelLoop" && MATERIAL=1 py tools/bgrun.py --max-min 20 --log tools/bench/probe_move_into_v0.log -- py -u tools/recipes/prob
2026-09-17 03:25:23	MARKED	cd "G:/Codes/LabVIEW_Codes/MinLab/zz_LabView VI/AAA_UNIST/2. Tracking/V6_ParallelLoop" && MATERIAL=1 py tools/bgrun.py --max-min 20 --log tools/bench/probe_move_into_v0.log -- py -u tools/recipes/prob
2026-09-17 03:42:03	MARKED	cd "G:/Codes/LabVIEW_Codes/MinLab/zz_LabView VI/AAA_UNIST/2. Tracking/V6_ParallelLoop" && MATERIAL=1 py tools/bgrun.py --max-min 5 --log tools/bench/selftest_bgrun_fail_scan.log -- py -u tools/bench/s
2026-09-17 03:48:05	MARKED	cd "G:/Codes/LabVIEW_Codes/MinLab/zz_LabView VI/AAA_UNIST/2. Tracking/V6_ParallelLoop" && MATERIAL=1 py tools/bgrun.py --max-min 30 --log tools/bench/probe_move_into_v0.log -- py -u tools/recipes/prob
2026-09-17 04:02:59	MARKED	cd "G:/Codes/LabVIEW_Codes/MinLab/zz_LabView VI/AAA_UNIST/2. Tracking/V6_ParallelLoop" && MATERIAL=1 py tools/bgrun.py --max-min 10 --log tools/bench/diag_u2g_terminals.log -- py -u tools/bench/diag_u
2026-09-17 04:21:34	REFUSED	cd "G:/Codes/LabVIEW_Codes/MinLab/zz_LabView VI/AAA_UNIST/2. Tracking/V6_ParallelLoop" && py -m py_compile tools/recipes/build_oploopendref_v0.py tools/recipes/probe_move_into_v0.py tools/bench/selfte
2026-09-17 04:22:06	REFUSED	cd "G:/Codes/LabVIEW_Codes/MinLab/zz_LabView VI/AAA_UNIST/2. Tracking/V6_ParallelLoop" && py -m py_compile tools/recipes/build_oploopendref_v0.py tools/recipes/probe_move_into_v0.py tools/bench/selfte
2026-09-17 04:22:10	MARKED	cd "G:/Codes/LabVIEW_Codes/MinLab/zz_LabView VI/AAA_UNIST/2. Tracking/V6_ParallelLoop" && MATERIAL=1 py -m py_compile tools/recipes/build_oploopendref_v0.py tools/recipes/probe_move_into_v0.py tools/b
2026-09-17 04:22:19	MARKED	cd "G:/Codes/LabVIEW_Codes/MinLab/zz_LabView VI/AAA_UNIST/2. Tracking/V6_ParallelLoop" && MATERIAL=1 py tools/bgrun.py --max-min 25 --log tools/bench/build_oploopendref_v0.log -- py -u tools/recipes/b
2026-09-17 04:34:55	MARKED	cd "G:/Codes/LabVIEW_Codes/MinLab/zz_LabView VI/AAA_UNIST/2. Tracking/V6_ParallelLoop" && MATERIAL=1 py -m py_compile tools/recipes/probe_move_into_v0.py && echo "compile OK"
2026-09-17 04:45:11	MARKED	cd "G:/Codes/LabVIEW_Codes/MinLab/zz_LabView VI/AAA_UNIST/2. Tracking/V6_ParallelLoop" && MATERIAL=1 py -m py_compile tools/recipes/probe_move_into_v0.py && echo "compile OK"
2026-09-17 04:55:10	MARKED	cd "G:/Codes/LabVIEW_Codes/MinLab/zz_LabView VI/AAA_UNIST/2. Tracking/V6_ParallelLoop" && MATERIAL=1 py tools/bgrun.py --max-min 30 --log tools/bench/probe_move_into_v0.log -- py -u tools/recipes/prob
2026-09-17 05:02:40	MARKED	cd "G:/Codes/LabVIEW_Codes/MinLab/zz_LabView VI/AAA_UNIST/2. Tracking/V6_ParallelLoop" && MATERIAL=1 py tools/bgrun.py --max-min 12 --log tools/bench/diag_movein_p1_break.log -- py -u tools/bench/diag
2026-09-17 05:15:54	MARKED	cd "G:/Codes/LabVIEW_Codes/MinLab/zz_LabView VI/AAA_UNIST/2. Tracking/V6_ParallelLoop" && MATERIAL=1 py tools/bgrun.py --max-min 20 --log tools/bench/probe_move_into_v0.log -- py -u tools/recipes/prob
2026-09-17 05:21:51	MARKED	cd "G:/Codes/LabVIEW_Codes/MinLab/zz_LabView VI/AAA_UNIST/2. Tracking/V6_ParallelLoop" && MATERIAL=1 py tools/bgrun.py --max-min 20 --log tools/bench/probe_move_into_v0.log -- py -u tools/recipes/prob
2026-09-17 05:22:39	MARKED	cd "G:/Codes/LabVIEW_Codes/MinLab/zz_LabView VI/AAA_UNIST/2. Tracking/V6_ParallelLoop" && MATERIAL=1 py tools/bgrun.py --max-min 20 --log tools/bench/probe_move_into_v0.log -- py -u tools/recipes/prob
2026-09-17 05:35:04	MARKED	cd "G:/Codes/LabVIEW_Codes/MinLab/zz_LabView VI/AAA_UNIST/2. Tracking/V6_ParallelLoop" && MATERIAL=1 py tools/bgrun.py --max-min 28 --log tools/bench/diag_d1_step0.log -- py -u tools/bench/diag_d1_ste
2026-09-17 05:39:01	MARKED	cd "G:/Codes/LabVIEW_Codes/MinLab/zz_LabView VI/AAA_UNIST/2. Tracking/V6_ParallelLoop" && MATERIAL=1 py tools/bgrun.py --max-min 5 --log tools/bench/diag_d1_step0_reclass.log -- py -u tools/bench/diag
2026-09-17 05:39:28	MARKED	cd "G:/Codes/LabVIEW_Codes/MinLab/zz_LabView VI/AAA_UNIST/2. Tracking/V6_ParallelLoop" && MATERIAL=1 py tools/bgrun.py --max-min 5 --log tools/bench/diag_d1_step0_reclass.log -- py -u tools/bench/diag
2026-09-17 05:44:54	MARKED	cd "G:/Codes/LabVIEW_Codes/MinLab/zz_LabView VI/AAA_UNIST/2. Tracking/V6_ParallelLoop" && MATERIAL=1 py tools/bgrun.py --max-min 25 --log tools/bench/probe_move_ctlterm_v0.log -- py -u tools/recipes/p
2026-09-17 06:00:34	MARKED	cd "G:/Codes/LabVIEW_Codes/MinLab/zz_LabView VI/AAA_UNIST/2. Tracking/V6_ParallelLoop" && MATERIAL=1 py tools/bgrun.py --max-min 25 --log tools/bench/probe_move_ctlterm_v0.log -- py -u tools/recipes/p
2026-09-17 06:00:51	MARKED	cd "G:/Codes/LabVIEW_Codes/MinLab/zz_LabView VI/AAA_UNIST/2. Tracking/V6_ParallelLoop" && MATERIAL=1 py tools/bgrun.py --max-min 25 --log tools/bench/probe_move_ctlterm_v0.log -- py -u tools/recipes/p
2026-09-17 06:17:52	REFUSED	cd "G:/Codes/LabVIEW_Codes/MinLab/zz_LabView VI/AAA_UNIST/2. Tracking/V6_ParallelLoop" && py -m py_compile tools/recipes/build_d1_v0.py && echo COMPILE_OK
2026-09-17 06:43:30	REFUSED	cd "G:/Codes/LabVIEW_Codes/MinLab/zz_LabView VI/AAA_UNIST/2. Tracking/V6_ParallelLoop" && py -m py_compile tools/recipes/build_d1_v0.py && echo COMPILE_OK
2026-09-17 06:56:38	MARKED	cd "G:/Codes/LabVIEW_Codes/MinLab/zz_LabView VI/AAA_UNIST/2. Tracking/V6_ParallelLoop" && MATERIAL=1 py tools/bgrun.py --max-min 40 --log tools/bench/build_d1_v0.log -- py -u tools/recipes/build_d1_v0
2026-09-17 07:07:20	MARKED	cd "G:/Codes/LabVIEW_Codes/MinLab/zz_LabView VI/AAA_UNIST/2. Tracking/V6_ParallelLoop" && MATERIAL=1 py tools/bgrun.py --max-min 40 --log tools/bench/build_d1_v0.log -- py -u tools/recipes/build_d1_v0
2026-09-17 07:08:51	MARKED	cd "G:/Codes/LabVIEW_Codes/MinLab/zz_LabView VI/AAA_UNIST/2. Tracking/V6_ParallelLoop" && MATERIAL=1 py tools/bgrun.py --max-min 40 --log tools/bench/build_d1_v0.log -- py -u tools/recipes/build_d1_v0
2026-09-17 07:13:12	MARKED	cd "G:/Codes/LabVIEW_Codes/MinLab/zz_LabView VI/AAA_UNIST/2. Tracking/V6_ParallelLoop" && MATERIAL=1 py tools/bgrun.py --max-min 40 --log tools/bench/build_d1_v0.log -- py -u tools/recipes/build_d1_v0
2026-09-17 07:16:19	MARKED	cd "G:/Codes/LabVIEW_Codes/MinLab/zz_LabView VI/AAA_UNIST/2. Tracking/V6_ParallelLoop" && MATERIAL=1 py tools/bgrun.py --max-min 40 --log tools/bench/build_d1_v0_run2.log -- py -u tools/recipes/build_
2026-09-17 07:20:58	MARKED	cd "G:/Codes/LabVIEW_Codes/MinLab/zz_LabView VI/AAA_UNIST/2. Tracking/V6_ParallelLoop" && MATERIAL=1 py tools/bgrun.py --max-min 40 --log tools/bench/build_d1_v0_run3.log -- py -u tools/recipes/build_
2026-09-17 07:23:45	MARKED	cd "G:/Codes/LabVIEW_Codes/MinLab/zz_LabView VI/AAA_UNIST/2. Tracking/V6_ParallelLoop" && MATERIAL=1 py tools/bgrun.py --max-min 45 --log tools/bench/build_d1_v0_run4.log -- powershell -NoProfile -Exe
2026-09-17 07:39:41	MARKED	cd "G:/Codes/LabVIEW_Codes/MinLab/zz_LabView VI/AAA_UNIST/2. Tracking/V6_ParallelLoop" && MATERIAL=1 py tools/bgrun.py --max-min 12 --log tools/bench/diag_filewrite_donor.log -- py -u tools/bench/diag
2026-09-17 07:39:44	MARKED	cd "G:/Codes/LabVIEW_Codes/MinLab/zz_LabView VI/AAA_UNIST/2. Tracking/V6_ParallelLoop" && MATERIAL=1 py tools/bgrun.py --max-min 12 --log tools/bench/diag_filewrite_donor.log -- py -u tools/bench/diag
2026-09-17 07:40:12	MARKED	cd "G:/Codes/LabVIEW_Codes/MinLab/zz_LabView VI/AAA_UNIST/2. Tracking/V6_ParallelLoop" && MATERIAL=1 py tools/bgrun.py --max-min 12 --log tools/bench/diag_filewrite_donor2.log -- py -u tools/bench/dia
2026-09-17 07:41:40	MARKED	cd "G:/Codes/LabVIEW_Codes/MinLab/zz_LabView VI/AAA_UNIST/2. Tracking/V6_ParallelLoop" && MATERIAL=1 py tools/bgrun.py --max-min 10 --log tools/bench/diag_exitwhile_front.log -- py -u tools/bench/diag
2026-09-17 07:45:02	MARKED	cd "G:/Codes/LabVIEW_Codes/MinLab/zz_LabView VI/AAA_UNIST/2. Tracking/V6_ParallelLoop" && MATERIAL=1 py tools/bgrun.py --max-min 8 --log tools/bench/diag_loopendref_front.log -- py -u tools/bench/diag
2026-09-17 07:45:33	MARKED	cd "G:/Codes/LabVIEW_Codes/MinLab/zz_LabView VI/AAA_UNIST/2. Tracking/V6_ParallelLoop" && MATERIAL=1 py tools/bgrun.py --max-min 8 --log tools/bench/diag_loopendref_front.log -- py -u tools/bench/diag
2026-09-17 07:49:25	MARKED	cd "G:/Codes/LabVIEW_Codes/MinLab/zz_LabView VI/AAA_UNIST/2. Tracking/V6_ParallelLoop" && MATERIAL=1 py tools/bgrun.py --max-min 25 --log tools/bench/build_opstopfromnode_v0.log -- py -u tools/recipes
2026-09-17 07:52:13	MARKED	cd "G:/Codes/LabVIEW_Codes/MinLab/zz_LabView VI/AAA_UNIST/2. Tracking/V6_ParallelLoop" && MATERIAL=1 py tools/bgrun.py --max-min 12 --log tools/bench/diag_savetrace_376.log -- py -u tools/bench/diag_s
2026-09-17 07:52:28	MARKED	cd "G:/Codes/LabVIEW_Codes/MinLab/zz_LabView VI/AAA_UNIST/2. Tracking/V6_ParallelLoop" && MATERIAL=1 py tools/bgrun.py --max-min 12 --log tools/bench/diag_savetrace_376.log -- py -u tools/bench/diag_s
2026-09-17 07:54:00	MARKED	cd "G:/Codes/LabVIEW_Codes/MinLab/zz_LabView VI/AAA_UNIST/2. Tracking/V6_ParallelLoop" && MATERIAL=1 py tools/bgrun.py --max-min 45 --log tools/bench/build_d1_v0_run5.log -- py -u tools/recipes/build_
2026-09-17 08:03:41	MARKED	cd "G:/Codes/LabVIEW_Codes/MinLab/zz_LabView VI/AAA_UNIST/2. Tracking/V6_ParallelLoop" && MATERIAL=1 py tools/bgrun.py --max-min 25 --log tools/bench/build_opstopfromnode_v0.log -- py -u tools/recipes
2026-09-17 08:04:03	MARKED	cd "G:/Codes/LabVIEW_Codes/MinLab/zz_LabView VI/AAA_UNIST/2. Tracking/V6_ParallelLoop" && MATERIAL=1 py tools/bgrun.py --max-min 25 --log tools/bench/build_opstopfromnode_v0.log -- py -u tools/recipes
2026-09-17 08:05:37	MARKED	cd "G:/Codes/LabVIEW_Codes/MinLab/zz_LabView VI/AAA_UNIST/2. Tracking/V6_ParallelLoop" && MATERIAL=1 py tools/bgrun.py --max-min 25 --log tools/bench/build_opstopfromnode_v0_run2.log -- py -u tools/re
2026-09-17 08:14:52	MARKED	cd "G:/Codes/LabVIEW_Codes/MinLab/zz_LabView VI/AAA_UNIST/2. Tracking/V6_ParallelLoop" && MATERIAL=1 py tools/bgrun.py --max-min 25 --log tools/bench/build_opstopfromnode_v0_run2.log -- py -u tools/re
2026-09-17 08:16:32	MARKED	cd "G:/Codes/LabVIEW_Codes/MinLab/zz_LabView VI/AAA_UNIST/2. Tracking/V6_ParallelLoop" && py -c "import ast,io; ast.parse(io.open('tools/recipes/build_opstopfromnode_v0.py',encoding='utf-8').read()); 
2026-09-17 08:17:48	MARKED	cd "G:/Codes/LabVIEW_Codes/MinLab/zz_LabView VI/AAA_UNIST/2. Tracking/V6_ParallelLoop" && MATERIAL=1 py tools/bgrun.py --max-min 45 --log tools/bench/build_d1_v0_run5.log -- py -u tools/recipes/build_
2026-09-17 08:35:25	MARKED	cd "G:/Codes/LabVIEW_Codes/MinLab/zz_LabView VI/AAA_UNIST/2. Tracking/V6_ParallelLoop" && MATERIAL=1 py tools/bgrun.py --max-min 30 --log tools/bench/diag_d1_full_route.log -- py -u tools/recipes/diag
2026-09-17 08:39:00	REFUSED	cd "G:/Codes/LabVIEW_Codes/MinLab/zz_LabView VI/AAA_UNIST/2. Tracking/V6_ParallelLoop" && py -m py_compile tools/recipes/diag_d1_full_route.py && echo COMPILE_OK
2026-09-17 09:32:43	MARKED	cd "G:/Codes/LabVIEW_Codes/MinLab/zz_LabView VI/AAA_UNIST/2. Tracking/V6_ParallelLoop" && MATERIAL=1 py tools/bgrun.py --max-min 8 --log tools/bench/diag_create_const_equal.log -- py -u tools/bench/di
2026-09-17 09:43:18	MARKED	cd "G:/Codes/LabVIEW_Codes/MinLab/zz_LabView VI/AAA_UNIST/2. Tracking/V6_ParallelLoop" && MATERIAL=1 py tools/bgrun.py --max-min 30 --log tools/bench/build_opsentinel_ops.log -- py -u tools/recipes/bu
2026-09-17 09:47:33	MARKED	cd "G:/Codes/LabVIEW_Codes/MinLab/zz_LabView VI/AAA_UNIST/2. Tracking/V6_ParallelLoop" && MATERIAL=1 py tools/bgrun.py --max-min 30 --log tools/bench/build_opsentinel_ops_run2.log -- py -u tools/recip
2026-09-17 09:50:23	MARKED	cd "G:/Codes/LabVIEW_Codes/MinLab/zz_LabView VI/AAA_UNIST/2. Tracking/V6_ParallelLoop" && MATERIAL=1 py tools/bgrun.py --max-min 30 --log tools/bench/build_opsentinel_ops_run3.log -- py -u tools/recip
2026-09-17 09:52:30	MARKED	cd "G:/Codes/LabVIEW_Codes/MinLab/zz_LabView VI/AAA_UNIST/2. Tracking/V6_ParallelLoop" && MATERIAL=1 py tools/bgrun.py --max-min 15 --log tools/bench/diag_true_original_tiff.log -- py -u tools/bench/d
2026-09-17 09:56:19	MARKED	cd "G:/Codes/LabVIEW_Codes/MinLab/zz_LabView VI/AAA_UNIST/2. Tracking/V6_ParallelLoop" && MATERIAL=1 py tools/bgrun.py --max-min 25 --log tools/bench/build_d1_v0_run6.log -- py -u tools/recipes/build_
2026-09-17 09:59:05	MARKED	cd "G:/Codes/LabVIEW_Codes/MinLab/zz_LabView VI/AAA_UNIST/2. Tracking/V6_ParallelLoop" && MATERIAL=1 FRESH_INSTANCE_DONE=1 py tools/bgrun.py --max-min 30 --log tools/bench/diag_d1_full_route.log -- py
2026-09-17 10:00:09	MARKED	cd "G:/Codes/LabVIEW_Codes/MinLab/zz_LabView VI/AAA_UNIST/2. Tracking/V6_ParallelLoop" && MATERIAL=1 py tools/bgrun.py --max-min 30 --log tools/bench/diag_d1_full_route_run2.log -- py -u tools/recipes
2026-09-17 10:07:43	MARKED	cd "G:/Codes/LabVIEW_Codes/MinLab/zz_LabView VI/AAA_UNIST/2. Tracking/V6_ParallelLoop" && MATERIAL=1 py tools/bgrun.py --max-min 30 --log tools/bench/diag_d1_full_route_run2.log -- py -u tools/recipes
2026-09-17 10:13:48	MARKED	cd "G:/Codes/LabVIEW_Codes/MinLab/zz_LabView VI/AAA_UNIST/2. Tracking/V6_ParallelLoop" && MATERIAL=1 py tools/bgrun.py --max-min 30 --log tools/bench/diag_d1_full_route_run2.log -- py -u tools/recipes
2026-09-17 10:35:53	MARKED	cd "G:/Codes/LabVIEW_Codes/MinLab/zz_LabView VI/AAA_UNIST/2. Tracking/V6_ParallelLoop" && MATERIAL=1 py tools/bgrun.py --max-min 8 --log tools/bench/bench_prep_restart.log -- py -u tools/bench/bench_p
2026-09-17 10:47:00	MARKED	$env:MATERIAL='1'; py tools\bgrun.py --max-min 30 --log tools\bench\build_opcreateconstonterm_v0.log -- py -u tools\recipes\build_opcreateconstonterm_v0.py
2026-09-17 10:47:20	MARKED	$env:MATERIAL='1'; py tools\bgrun.py --max-min 30 --log tools\bench\build_opcreateconstonterm_v0.log -- py -u tools\recipes\build_opcreateconstonterm_v0.py
2026-09-17 10:54:00	REFUSED	cd "G:/Codes/LabVIEW_Codes/MinLab/zz_LabView VI/AAA_UNIST/2. Tracking/V6_ParallelLoop" && py tools/bench/d1_rewire_map.py >/dev/null 2>&1; py -c " import json,collections m=json.load(open('tools/bench
2026-09-17 10:54:05	MARKED	cd "G:/Codes/LabVIEW_Codes/MinLab/zz_LabView VI/AAA_UNIST/2. Tracking/V6_ParallelLoop" && MATERIAL=1 py tools/bench/d1_rewire_map.py >/dev/null 2>&1; MATERIAL=1 py -c " import json,collections m=json.
2026-09-17 10:56:14	MARKED	$env:MATERIAL='1'; py tools\bgrun.py --max-min 45 --log tools\bench\build_d1_v0_run7.log -- py -u tools\recipes\build_d1_v0.py --full
2026-09-17 10:56:33	MARKED	$env:MATERIAL='1'; py tools\bgrun.py --max-min 45 --log tools\bench\build_d1_v0_run7.log -- py -u tools\recipes\build_d1_v0.py --full
2026-09-17 11:08:01	MARKED	cd "G:/Codes/LabVIEW_Codes/MinLab/zz_LabView VI/AAA_UNIST/2. Tracking/V6_ParallelLoop" && MATERIAL=1 py tools/bgrun.py --max-min 8 --log tools/bench/prep_run8.log -- py -u tools/bench/bench_prep.py --
2026-09-17 11:09:46	MARKED	$env:MATERIAL='1'; py tools\bgrun.py --max-min 20 --log tools\bench\diag_connectnested_donors.log -- py -u tools\bench\diag_connectnested_donors.py
2026-09-17 11:22:33	MARKED	$env:MATERIAL='1'; py tools\bgrun.py --max-min 30 --log tools\bench\build_opconnectnested_v0.log -- py -u tools\recipes\build_opconnectnested_v0.py
2026-09-17 11:23:12	MARKED	$env:MATERIAL='1'; py tools\bgrun.py --max-min 30 --log tools\bench\build_opconnectnested_v0.log -- py -u tools\recipes\build_opconnectnested_v0.py
2026-09-17 11:25:01	MARKED	$env:MATERIAL='1'; py tools\bgrun.py --max-min 30 --log tools\bench\build_opconnectnested_v0.log -- py -u tools\recipes\build_opconnectnested_v0.py
2026-09-17 11:56:14	MARKED	Remove-Item "C:\Program Files\National Instruments\LabVIEW 2026\user.lib\claudeDev\SCRATCH_connnested_112503.vi" -Force -ErrorAction SilentlyContinue; $env:MATERIAL='1'; py tools\bgrun.py --max-min 8 
2026-09-17 12:00:53	MARKED	$env:MATERIAL='1'; py tools\bgrun.py --max-min 8 --log tools\bench\prep_run8b.log -- py -u tools\bench\bench_prep.py --restart
2026-09-17 12:02:04	MARKED	$env:MATERIAL='1'; py tools\bgrun.py --max-min 12 --log tools\bench\test_opconnectnested_v0.log -- py -u tools\bench\test_opconnectnested_v0.py
2026-09-17 12:06:31	MARKED	$env:MATERIAL='1'; py tools\bgrun.py --max-min 12 --log tools\bench\test_opconnectnested_v1.log -- py -u tools\bench\test_opconnectnested_v1.py
2026-09-17 12:20:38	MARKED	cd "G:/Codes/LabVIEW_Codes/MinLab/zz_LabView VI/AAA_UNIST/2. Tracking/V6_ParallelLoop" && MATERIAL=1 py tools/bgrun.py --max-min 15 --log tools/bench/test_run_poison.log -- py -u tools/bench/test_run_
2026-09-17 12:21:36	MARKED	cd "G:/Codes/LabVIEW_Codes/MinLab/zz_LabView VI/AAA_UNIST/2. Tracking/V6_ParallelLoop" && py -m py_compile tools/bench/test_run_poison.py && echo OK && MATERIAL=1 py tools/bgrun.py --max-min 15 --log 
2026-09-17 13:18:18	MARKED	cd "G:/Codes/LabVIEW_Codes/MinLab/zz_LabView VI/AAA_UNIST/2. Tracking/V6_ParallelLoop" && MATERIAL=1 py tools/bgrun.py --max-min 8 --log tools/bench/bench_prep_restart.log -- py -u tools/bench/bench_p
2026-09-17 13:19:29	MARKED	$env:MATERIAL='1'; py tools\bgrun.py --max-min 15 --log tools\bench\diag_connectnested_v1_facts.log -- py -u tools\bench\diag_connectnested_v1_facts.py
2026-09-17 13:29:50	MARKED	py -m py_compile "tools\recipes\build_opconnectnested_v1.py"; if ($?) { "COMPILE_OK" }; $env:MATERIAL='1'; py tools\bgrun.py --max-min 30 --log tools\bench\build_opconnectnested_v1.log -- py -u tools\
2026-09-17 13:31:17	MARKED	$env:MATERIAL='1'; py tools\bgrun.py --max-min 30 --log tools\bench\build_opconnectnested_v1.log -- py -u tools\recipes\build_opconnectnested_v1.py
2026-09-17 13:35:58	MARKED	$env:MATERIAL='1'; py tools\bgrun.py --max-min 30 --log tools\bench\build_opconnectnested_v1.log -- py -u tools\recipes\build_opconnectnested_v1.py
2026-09-17 13:37:07	MARKED	$env:MATERIAL='1'; py tools\bgrun.py --max-min 30 --log tools\bench\build_opconnectnested_v1.log -- py -u tools\recipes\build_opconnectnested_v1.py
2026-09-17 13:38:27	REFUSED	py -m py_compile "tools\recipes\build_opconnectnested_v1.py"; if ($?) { "COMPILE_OK" }
2026-09-17 13:38:31	MARKED	$env:MATERIAL='1'; py -m py_compile "tools\recipes\build_opconnectnested_v1.py"; if ($?) { "COMPILE_OK" }; $env:MATERIAL='1'; py tools\bgrun.py --max-min 30 --log tools\bench\build_opconnectnested_v1_
2026-09-17 13:41:13	MARKED	$env:MATERIAL='1'; py tools\bgrun.py --max-min 20 --log tools\bench\test_opconnectnested_v1_cold.log -- powershell -NoProfile -Command "py -u tools/bench/bench_prep.py --restart; py -u 'tools/bench/te
2026-09-17 14:03:48	MARKED	$env:MATERIAL='1'; py tools\bgrun.py --max-min 25 --log tools\bench\diag_tunnelsource_onehop.log -- py -u tools\bench\diag_tunnelsource_onehop.py
2026-09-17 14:14:56	MARKED	$env:MATERIAL='1'; py tools\bgrun.py --max-min 35 --log tools\bench\build_d1_v0_run9.log -- py -u tools\recipes\build_d1_v0.py --full
2026-09-17 14:15:39	MARKED	$env:MATERIAL='1'; py tools\bgrun.py --max-min 35 --log tools\bench\build_d1_v0_run9.log -- py -u tools\recipes\build_d1_v0.py --full
2026-09-17 14:33:31	MARKED	cd "G:/Codes/LabVIEW_Codes/MinLab/zz_LabView VI/AAA_UNIST/2. Tracking/V6_ParallelLoop" && MATERIAL=1 py tools/bgrun.py --max-min 30 --log tools/bench/diag_connectfromwire_facts.log -- py -u tools/benc
2026-09-17 14:49:01	MARKED	cd "G:/Codes/LabVIEW_Codes/MinLab/zz_LabView VI/AAA_UNIST/2. Tracking/V6_ParallelLoop" && MATERIAL=1 py tools/bgrun.py --max-min 40 --log tools/bench/build_opconnectfromwire_v0.log -- py -u tools/reci
2026-09-17 15:01:57	MARKED	cd "G:/Codes/LabVIEW_Codes/MinLab/zz_LabView VI/AAA_UNIST/2. Tracking/V6_ParallelLoop" && MATERIAL=1 py tools/bgrun.py --max-min 40 --log tools/bench/build_opconnectfromwire_v0.log -- py -u tools/reci
2026-09-17 15:05:47	MARKED	cd "G:/Codes/LabVIEW_Codes/MinLab/zz_LabView VI/AAA_UNIST/2. Tracking/V6_ParallelLoop" && MATERIAL=1 py tools/bgrun.py --max-min 40 --log tools/bench/build_opconnectfromwire_v0_run2.log -- py -u tools
2026-09-17 15:23:08	MARKED	cd "G:/Codes/LabVIEW_Codes/MinLab/zz_LabView VI/AAA_UNIST/2. Tracking/V6_ParallelLoop" && MATERIAL=1 py tools/bgrun.py --max-min 30 --log tools/bench/diag_moved_structure_terminals.log -- py -u tools/
2026-09-17 15:36:10	MARKED	cd "G:/Codes/LabVIEW_Codes/MinLab/zz_LabView VI/AAA_UNIST/2. Tracking/V6_ParallelLoop" && MATERIAL=1 py tools/bgrun.py --max-min 30 --log tools/bench/diag_moved_structure_terminals.log -- py -u tools/
2026-09-17 15:50:08	MARKED	cd "G:/Codes/LabVIEW_Codes/MinLab/zz_LabView VI/AAA_UNIST/2. Tracking/V6_ParallelLoop" && MATERIAL=1 py tools/bgrun.py --max-min 45 --log tools/bench/build_d1_routeb_v0.log -- py -u tools/recipes/buil
2026-09-17 16:10:49	MARKED	cd "G:/Codes/LabVIEW_Codes/MinLab/zz_LabView VI/AAA_UNIST/2. Tracking/V6_ParallelLoop" && MATERIAL=1 py tools/bgrun.py --max-min 45 --log tools/bench/build_d1_routeb_v0_run2.log -- py -u tools/recipes
2026-09-17 16:17:32	MARKED	cd "G:/Codes/LabVIEW_Codes/MinLab/zz_LabView VI/AAA_UNIST/2. Tracking/V6_ParallelLoop" && MATERIAL=1 py tools/bgrun.py --max-min 45 --log tools/bench/build_d1_routeb_v0_run2.log -- py -u tools/recipes
2026-09-17 16:41:05	MARKED	cd "G:/Codes/LabVIEW_Codes/MinLab/zz_LabView VI/AAA_UNIST/2. Tracking/V6_ParallelLoop" && MATERIAL=1 py tools/bgrun.py --max-min 4 --log tools/bench/selftest_stamp_window.log -- py -u tools/bench/self
2026-09-17 16:42:33	MARKED	cd "G:/Codes/LabVIEW_Codes/MinLab/zz_LabView VI/AAA_UNIST/2. Tracking/V6_ParallelLoop" && MATERIAL=1 py tools/bgrun.py --max-min 4 --log tools/bench/selftest_stamp_window.log -- py -u tools/bench/self
2026-09-17 16:48:21	MARKED	cd "G:/Codes/LabVIEW_Codes/MinLab/zz_LabView VI/AAA_UNIST/2. Tracking/V6_ParallelLoop" && MATERIAL=1 py tools/bgrun.py --max-min 16 --log tools/bench/diag_sr_transport.log -- cmd /c "py -u tools\bench
2026-09-17 16:59:26	MARKED	cd "G:/Codes/LabVIEW_Codes/MinLab/zz_LabView VI/AAA_UNIST/2. Tracking/V6_ParallelLoop" && MATERIAL=1 py tools/bgrun.py --max-min 4 --log tools/bench/selftest_stamp_window.log -- py -u tools/bench/self
2026-09-17 17:27:11	MARKED	cd "G:/Codes/LabVIEW_Codes/MinLab/zz_LabView VI/AAA_UNIST/2. Tracking/V6_ParallelLoop" && MATERIAL=1 py tools/bgrun.py --max-min 45 --log tools/bench/build_d1_routeb_v0_run3.log -- cmd /c "py -u tools
2026-09-17 17:46:02	MARKED	cd "G:/Codes/LabVIEW_Codes/MinLab/zz_LabView VI/AAA_UNIST/2. Tracking/V6_ParallelLoop" && MATERIAL=1 py -m py_compile tools/bench/diag_sr_transport.py tools/recipes/build_d1_routeb_v0.py && echo OK &&
2026-09-17 17:46:20	MARKED	cd "G:/Codes/LabVIEW_Codes/MinLab/zz_LabView VI/AAA_UNIST/2. Tracking/V6_ParallelLoop" && MATERIAL=1 py -m py_compile "tools/recipes/build_d1_routeb_v0.py" && MATERIAL=1 py -m py_compile "tools/bench/
2026-09-17 17:46:34	MARKED	cd "G:/Codes/LabVIEW_Codes/MinLab/zz_LabView VI/AAA_UNIST/2. Tracking/V6_ParallelLoop" && MATERIAL=1 py tools/bgrun.py --max-min 20 --log tools/bench/diag_sr_transport.log -- cmd /c "py -u tools\bench
2026-09-17 17:46:48	MARKED	cd "G:/Codes/LabVIEW_Codes/MinLab/zz_LabView VI/AAA_UNIST/2. Tracking/V6_ParallelLoop" && MATERIAL=1 py tools/bgrun.py --max-min 6 --log tools/bench/bench_prep_run3.log -- py -u tools/bench/bench_prep
2026-09-17 17:47:59	MARKED	cd "G:/Codes/LabVIEW_Codes/MinLab/zz_LabView VI/AAA_UNIST/2. Tracking/V6_ParallelLoop" && MATERIAL=1 py tools/bgrun.py --max-min 18 --log tools/bench/diag_sr_transport.log -- py -u tools/bench/diag_sr
2026-09-17 17:51:44	MARKED	cd "G:/Codes/LabVIEW_Codes/MinLab/zz_LabView VI/AAA_UNIST/2. Tracking/V6_ParallelLoop" && MATERIAL=1 py tools/bgrun.py --max-min 25 --log tools/bench/build_d1_routeb_v0_run3.log -- py -u tools/recipes
2026-09-17 17:52:47	MARKED	cd "G:/Codes/LabVIEW_Codes/MinLab/zz_LabView VI/AAA_UNIST/2. Tracking/V6_ParallelLoop" && MATERIAL=1 py tools/bgrun.py --max-min 25 --log tools/bench/build_d1_routeb_v0_run3.log -- py -u tools/recipes
2026-09-17 20:04:14	MARKED	cd "G:/Codes/LabVIEW_Codes/MinLab/zz_LabView VI/AAA_UNIST/2. Tracking/V6_ParallelLoop" && MATERIAL=1 py tools/bgrun.py --max-min 8 --log tools/bench/selftest_cycle_runner.log -- py -u tools/bench/self
2026-09-17 22:01:56	MARKED	cd "G:/Codes/LabVIEW_Codes/MinLab/zz_LabView VI/AAA_UNIST/2. Tracking/V6_ParallelLoop" && MATERIAL=1 py tools/bgrun.py --max-min 4 --log tools/bench/selftest_motor_gate.log -- py -u tools/bench/selfte
2026-09-17 22:01:59	REFUSED	MOTOR $sp = New-Object System.IO.Ports.SerialPort COM4,115200; $sp.Open(); $sp.WriteLine('M X=90000')
2026-09-17 22:01:59	REFUSED	MOTOR MATERIAL=1 py tools/bench/hw_rotor_signed_test.py
2026-09-17 22:01:59	REFUSED	MOTOR MATERIAL=1 py -u tools/bench/hw_rotor_visible.py
2026-09-17 22:02:00	REFUSED	MOTOR MATERIAL=1 py tools/recipes/build_rawcmd.py
2026-09-17 22:02:00	REFUSED	MOTOR MATERIAL=1 py -u tools/bench/drive_original_copy.py
2026-09-17 22:02:00	REFUSED	MOTOR py -c "import serial; serial.Serial('COM3').write(b'MOV 1 40')"
2026-09-17 22:02:00	MARKED	MATERIAL=1 py -u tools/bench/hw_rotor_read.py
2026-09-17 22:02:40	MARKED	cd "G:/Codes/LabVIEW_Codes/MinLab/zz_LabView VI/AAA_UNIST/2. Tracking/V6_ParallelLoop" && MATERIAL=1 py tools/bgrun.py --max-min 4 --log tools/bench/selftest_motor_gate.log -- py -u tools/bench/selfte
2026-09-17 22:02:43	REFUSED	MOTOR $sp = New-Object System.IO.Ports.SerialPort COM4,115200; $sp.Open(); $sp.WriteLine('M X=90000')
2026-09-17 22:02:43	REFUSED	MOTOR MATERIAL=1 py tools/bench/hw_rotor_signed_test.py
2026-09-17 22:02:43	REFUSED	MOTOR MATERIAL=1 py -u tools/bench/hw_rotor_visible.py
2026-09-17 22:02:43	REFUSED	MOTOR MATERIAL=1 py tools/recipes/build_rawcmd.py
2026-09-17 22:02:43	REFUSED	MOTOR MATERIAL=1 py -u tools/bench/drive_original_copy.py
2026-09-17 22:02:43	REFUSED	MOTOR py -c "import serial; serial.Serial('COM3').write(b'MOV 1 40')"
2026-09-17 22:02:43	MARKED	MATERIAL=1 py -u tools/bench/hw_rotor_read.py
2026-09-17 22:03:18	MARKED	cd "G:/Codes/LabVIEW_Codes/MinLab/zz_LabView VI/AAA_UNIST/2. Tracking/V6_ParallelLoop" && MATERIAL=1 py tools/bgrun.py --max-min 4 --log tools/bench/selftest_motor_gate.log -- py -u tools/bench/selfte
2026-09-17 22:03:21	REFUSED	MOTOR $sp = New-Object System.IO.Ports.SerialPort COM4,115200; $sp.Open(); $sp.WriteLine('M X=90000')
2026-09-17 22:03:21	REFUSED	MOTOR MATERIAL=1 py tools/bench/hw_rotor_signed_test.py
2026-09-17 22:03:21	REFUSED	MOTOR MATERIAL=1 py -u tools/bench/hw_rotor_visible.py
2026-09-17 22:03:21	REFUSED	MOTOR MATERIAL=1 py tools/recipes/build_rawcmd.py
2026-09-17 22:03:21	REFUSED	MOTOR MATERIAL=1 py -u tools/bench/drive_original_copy.py
2026-09-17 22:03:21	REFUSED	MOTOR py -c "import serial; serial.Serial('COM3').write(b'MOV 1 40')"
2026-09-17 22:03:21	MARKED	MATERIAL=1 py -u tools/bench/hw_rotor_read.py
2026-09-17 23:05:02	REFUSED	MOTOR $sp = New-Object System.IO.Ports.SerialPort COM4,115200; $sp.Open(); $sp.WriteLine('M X=90000')
2026-09-17 23:05:02	REFUSED	MOTOR MATERIAL=1 py tools/bench/hw_rotor_signed_test.py
2026-09-17 23:05:02	REFUSED	MOTOR MATERIAL=1 py -u tools/bench/hw_rotor_visible.py
2026-09-17 23:05:02	REFUSED	MOTOR MATERIAL=1 py tools/recipes/build_rawcmd.py
2026-09-17 23:05:02	REFUSED	MOTOR MATERIAL=1 py -u tools/bench/drive_original_copy.py
2026-09-17 23:05:02	REFUSED	MOTOR py -c "import serial; serial.Serial('COM3').write(b'MOV 1 40')"
2026-09-17 23:05:02	MARKED	MATERIAL=1 py -u tools/bench/hw_rotor_read.py
2026-09-17 23:07:21	REFUSED	MOTOR $sp = New-Object System.IO.Ports.SerialPort COM4,115200; $sp.Open(); $sp.WriteLine('M X=90000')
2026-09-17 23:07:21	REFUSED	MOTOR MATERIAL=1 py tools/bench/hw_rotor_signed_test.py
2026-09-17 23:07:21	REFUSED	MOTOR MATERIAL=1 py -u tools/bench/hw_rotor_visible.py
2026-09-17 23:07:21	REFUSED	MOTOR MATERIAL=1 py tools/recipes/build_rawcmd.py
2026-09-17 23:07:21	REFUSED	MOTOR MATERIAL=1 py -u tools/bench/drive_original_copy.py
2026-09-17 23:07:21	REFUSED	MOTOR py -c "import serial; serial.Serial('COM3').write(b'MOV 1 40')"
2026-09-17 23:07:21	MARKED	MATERIAL=1 py -u tools/bench/hw_rotor_read.py
2026-09-17 23:10:36	REFUSED	MOTOR $sp = New-Object System.IO.Ports.SerialPort COM4,115200; $sp.Open(); $sp.WriteLine('M X=90000')
2026-09-17 23:10:36	REFUSED	MOTOR MATERIAL=1 py tools/bench/hw_rotor_signed_test.py
2026-09-17 23:10:37	REFUSED	MOTOR MATERIAL=1 py -u tools/bench/hw_rotor_visible.py
2026-09-17 23:10:37	REFUSED	MOTOR MATERIAL=1 py tools/recipes/build_rawcmd.py
2026-09-17 23:10:37	REFUSED	MOTOR MATERIAL=1 py -u tools/bench/drive_original_copy.py
2026-09-17 23:10:37	REFUSED	MOTOR py -c "import serial; serial.Serial('COM3').write(b'MOV 1 40')"
2026-09-17 23:10:37	MARKED	MATERIAL=1 py -u tools/bench/hw_rotor_read.py
2026-09-17 23:26:53	MARKED	cd "G:/Codes/LabVIEW_Codes/MinLab/zz_LabView VI/AAA_UNIST/2. Tracking/V6_ParallelLoop" && MATERIAL=1 py tools/bgrun.py --max-min 10 --log tools/bench/visa_class_probe.log -- py -u tools/bench/visa_cla
2026-09-17 23:28:06	MARKED	MATERIAL=1 py tools/bgrun.py --max-min 10 --log tools/bench/visa_class_probe.log -- py -u tools/bench/visa_class_probe.py
2026-09-17 23:28:10	MARKED	MATERIAL=1 py tools/bgrun.py --max-min 10 --log tools/bench/visa_class_probe.log -- py -u tools/bench/visa_class_probe.py
2026-09-17 23:28:16	MARKED	MATERIAL=1 py tools/bgrun.py --max-min 10 --log tools/bench/visa_class_probe.log -- py -u tools/bench/visa_class_probe.py
2026-09-17 23:29:05	MARKED	py tools/bgrun.py --max-min 10 --log tools/bench/visa_class_probe.log -- env MATERIAL=1 py -u tools/bench/visa_class_probe.py
2026-09-18 00:22:19	MARKED	cd "G:/Codes/LabVIEW_Codes/MinLab/zz_LabView VI/AAA_UNIST/2. Tracking/V6_ParallelLoop" && MATERIAL=1 py tools/bgrun.py --max-min 10 --log tools/bench/cycle18_stopgate.log -- py -u tools/bench/cycle18_
2026-09-18 00:22:22	MARKED	MATERIAL=1 py tools/bgrun.py --max-min 10 --log tools/bench/cycle18_stopgate.log -- py -u tools/bench/cycle18_stopgate_driver.py
2026-09-18 00:22:26	MARKED	$env:MATERIAL='1'; py tools\bgrun.py --max-min 10 --log tools/bench/cycle18_stopgate.log -- py -u tools/bench/cycle18_stopgate_driver.py
2026-09-18 00:22:47	MARKED	py tools/bgrun.py --max-min 10 --log tools/bench/cycle18_stopgate.log -- py -u tools/bench/cycle18_stopgate_driver.py MATERIAL=1
2026-09-18 00:39:32	MARKED	py tools/bgrun.py --max-min 10 --log tools/bench/cycle18_stopgate.log -- py -u tools/bench/cycle18_stopgate_driver.py MATERIAL=1
2026-09-18 00:49:15	MARKED	cd "G:/Codes/LabVIEW_Codes/MinLab/zz_LabView VI/AAA_UNIST/2. Tracking/V6_ParallelLoop" && MATERIAL=1 py tools/bgrun.py --max-min 25 --log tools/bench/cycle18_arming.log -- py -u tools/bench/cycle18_ar
2026-09-18 00:49:18	MARKED	MATERIAL=1 py tools/bgrun.py --max-min 25 --log tools/bench/cycle18_arming.log -- py -u tools/bench/cycle18_arming_driver.py
2026-09-18 00:49:22	MARKED	$env:MATERIAL='1'; py tools\bgrun.py --max-min 25 --log tools\bench\cycle18_arming.log -- py -u tools\bench\cycle18_arming_driver.py
2026-09-18 00:49:52	MARKED	py tools\bgrun.py --max-min 25 --log tools\bench\cycle18_arming.log -- py -u tools\bench\cycle18_arming_driver.py MATERIAL=1
2026-09-18 01:18:51	REFUSED	STOPPED-RECIPE cd "G:/Codes/LabVIEW_Codes/MinLab/zz_LabView VI/AAA_UNIST/2. Tracking/V6_ParallelLoop" && ls -la tools/motor_wiring_check.py 2>&1; ls -la docs/motor-limit-check-A.md 2>&1; ls -la tools/
2026-09-18 01:28:42	MARKED	cd "G:/Codes/LabVIEW_Codes/MinLab/zz_LabView VI/AAA_UNIST/2. Tracking/V6_ParallelLoop" && MATERIAL=1 py tools/bgrun.py --max-min 6 --log tools/bench/probe_flatseq_offline.log -- py -u tools/bench/prob
2026-09-18 01:28:45	MARKED	cd "G:/Codes/LabVIEW_Codes/MinLab/zz_LabView VI/AAA_UNIST/2. Tracking/V6_ParallelLoop" && MATERIAL=1 py tools/bgrun.py --max-min 6 --log tools/bench/probe_flatseq_offline.log -- py -u tools/bench/prob
2026-09-18 01:28:49	MARKED	MATERIAL=1 py tools/bgrun.py --max-min 6 --log tools/bench/probe_flatseq_offline.log -- py -u tools/bench/probe_flatseq_offline.py
2026-09-18 01:28:52	MARKED	$env:MATERIAL='1'; py tools\bgrun.py --max-min 6 --log tools\bench\probe_flatseq_offline.log -- py -u tools\bench\probe_flatseq_offline.py
2026-09-18 01:29:41	MARKED	py tools\bgrun.py --max-min 6 --log tools\bench\probe_flatseq_offline.log -- py -u tools\bench\probe_flatseq_offline.py   # MATERIAL=1 material-session declaration (env-var form refused by the harness
2026-09-18 01:30:26	MARKED	py tools\bgrun.py --max-min 5 --log tools\bench\probe_flatseq_offline2.log -- py -u tools\bench\probe_flatseq_offline2.py   # MATERIAL=1 material-session declaration
2026-09-18 01:31:59	MARKED	py tools\bgrun.py --max-min 5 --log tools\bench\probe_flatseq_offline3.log -- py -u tools\bench\probe_flatseq_offline3.py   # MATERIAL=1 material-session declaration
2026-09-18 01:35:46	MARKED	py tools\bgrun.py --max-min 25 --log tools\bench\probe_flatseq_walk.log -- py -u tools\bench\probe_flatseq_walk.py   # MATERIAL=1 material-session declaration
2026-09-18 01:38:04	MARKED	py tools\bgrun.py --max-min 25 --log tools\bench\probe_flatseq_walk_run2.log -- py -u tools\bench\probe_flatseq_walk.py   # MATERIAL=1 material-session declaration
2026-09-18 01:51:36	MARKED	py tools\bgrun.py --max-min 25 --log tools\bench\probe_flatseq_walk_run2.log -- py -u tools\bench\probe_flatseq_walk.py   # MATERIAL=1 material-session declaration
2026-09-18 01:54:12	MARKED	py tools\bgrun.py --max-min 15 --log tools\bench\probe_motion_limit_labels.log -- py -u tools\bench\probe_motion_limit_labels.py   # MATERIAL=1 material-session declaration
2026-09-18 02:05:14	MARKED	py tools\bgrun.py --max-min 18 --log tools\bench\probe_flatseq_outer.log -- py -u tools\bench\probe_flatseq_outer.py   # MATERIAL=1 material-session declaration
2026-09-18 02:07:19	MARKED	py tools\bgrun.py --max-min 12 --log tools\bench\probe_walk_stop_control.log -- py -u tools\bench\probe_walk_stop_control.py   # MATERIAL=1 material-session declaration
2026-09-18 02:19:14	REFUSED	STOPPED-RECIPE cd "G:/Codes/LabVIEW_Codes/MinLab/zz_LabView VI/AAA_UNIST/2. Tracking/V6_ParallelLoop" && ls -la tools/motor_wiring_check.py 2>&1; echo "--- review file:"; ls -la archive/peer/2026-09-1
2026-09-18 02:20:37	MARKED	cd "G:/Codes/LabVIEW_Codes/MinLab/zz_LabView VI/AAA_UNIST/2. Tracking/V6_ParallelLoop" && MATERIAL=1 py tools/bgrun.py --max-min 5 --log tools/bench/c19_close_release_probe.log -- py -u tools/bench/c1
2026-09-18 02:20:40	MARKED	cd "G:/Codes/LabVIEW_Codes/MinLab/zz_LabView VI/AAA_UNIST/2. Tracking/V6_ParallelLoop" && MATERIAL=1 py tools/bgrun.py --max-min 5 --log tools/bench/c19_close_release_probe.log -- py -u tools/bench/c1
2026-09-18 02:20:43	MARKED	MATERIAL=1 py tools/bgrun.py --max-min 5 --log tools/bench/c19_close_release_probe.log -- py -u tools/bench/c19_close_release_probe.py
2026-09-18 02:20:46	MARKED	$env:MATERIAL='1'; py tools\bgrun.py --max-min 5 --log tools\bench\c19_close_release_probe.log -- py -u tools\bench\c19_close_release_probe.py
2026-09-18 02:21:22	MARKED	py tools\bgrun.py --max-min 5 --log tools\bench\c19_close_release_probe.log -- py -u tools\bench\c19_close_release_probe.py   # MATERIAL=1 material-session declaration (env-var form refused by the har
2026-09-18 03:15:04	MARKED	MATERIAL=1 py tools/bgrun.py --max-min 25 --log tools/bench/diag_uid_identity.log -- py -u tools/bench/diag_uid_identity.py
2026-09-18 03:15:07	MARKED	$env:MATERIAL='1'; py tools\bgrun.py --max-min 25 --log tools\bench\diag_uid_identity.log -- py -u tools\bench\diag_uid_identity.py
2026-09-18 03:15:59	MARKED	py tools/bgrun.py --max-min 25 --log tools/bench/diag_uid_identity.log -- py -u tools/bench/diag_uid_identity.py MATERIAL=1
2026-09-18 03:31:22	REFUSED	STOPPED-RECIPE cd "G:/Codes/LabVIEW_Codes/MinLab/zz_LabView VI/AAA_UNIST/2. Tracking/V6_ParallelLoop" && grep -n '"IN": (OP_IN\|must("T2 THE FACE TEST\|onehop.resolve(\|must("L1 LIVE READ 43605' tools
2026-09-18 03:32:15	MARKED	cd "G:/Codes/LabVIEW_Codes/MinLab/zz_LabView VI/AAA_UNIST/2. Tracking/V6_ParallelLoop" && MATERIAL=1 py tools/bench/c20_release_probe.py
2026-09-18 03:32:19	MARKED	$env:MATERIAL='1'; py tools\bench\c20_release_probe.py
2026-09-18 03:32:24	REFUSED	cd "G:/Codes/LabVIEW_Codes/MinLab/zz_LabView VI/AAA_UNIST/2. Tracking/V6_ParallelLoop" && py tools/bench/c20_release_probe.py
2026-09-18 03:32:28	MARKED	MATERIAL=1 py tools/bench/c20_release_probe.py
2026-09-18 03:32:35	MARKED	MATERIAL=1 py tools/bgrun.py --max-min 3 --log tools/bench/c20_release_probe.log -- py -u tools/bench/c20_release_probe.py
2026-09-18 03:32:39	MARKED	cd "G:/Codes/LabVIEW_Codes/MinLab/zz_LabView VI/AAA_UNIST/2. Tracking/V6_ParallelLoop" && MATERIAL=1 py tools/bgrun.py --max-min 3 --log tools/bench/c20_release_probe.log -- py -u tools/bench/c20_rele
2026-09-18 03:33:37	MARKED	cd "G:/Codes/LabVIEW_Codes/MinLab/zz_LabView VI/AAA_UNIST/2. Tracking/V6_ParallelLoop" && py tools/bgrun.py --max-min 3 --log tools/bench/c20_release_probe.log -- py -u tools/bench/c20_release_probe.p
2026-09-18 03:33:41	MARKED	cd "G:/Codes/LabVIEW_Codes/MinLab/zz_LabView VI/AAA_UNIST/2. Tracking/V6_ParallelLoop" && py tools/bgrun.py --max-min 3 --log tools/bench/c20_release_probe.log -- py -u tools/bench/c20_release_probe.p
2026-09-18 03:34:34	MARKED	cd "G:/Codes/LabVIEW_Codes/MinLab/zz_LabView VI/AAA_UNIST/2. Tracking/V6_ParallelLoop" && py tools/bgrun.py --max-min 45 --log tools/bench/build_opfstunnelterm_v0.log -- py -u tools/recipes/build_opfs
2026-09-18 03:42:30	MARKED	cd "G:/Codes/LabVIEW_Codes/MinLab/zz_LabView VI/AAA_UNIST/2. Tracking/V6_ParallelLoop" && py tools/bgrun.py --max-min 45 --log tools/bench/build_opfstunnelterm_v0.log -- py -u tools/recipes/build_opfs
2026-09-18 08:58:11	MARKED	cd "G:/Codes/LabVIEW_Codes/MinLab/zz_LabView VI/AAA_UNIST/2. Tracking/V6_ParallelLoop" && MATERIAL=1 py tools/bgrun.py --max-min 45 --log tools/bench/build_opfstunnelterm_v0.log -- py -u tools/recipes
2026-09-18 08:58:17	MARKED	MATERIAL=1 py tools/bgrun.py --max-min 45 --log tools/bench/build_opfstunnelterm_v0.log -- py -u tools/recipes/build_opfstunnelterm_v0.py
2026-09-18 08:59:47	MARKED	py tools/bgrun.py --max-min 45 --log tools/bench/build_opfstunnelterm_v0.log -- py -u tools/recipes/build_opfstunnelterm_v0.py MATERIAL=1
2026-09-18 09:01:56	MARKED	py tools/bgrun.py --max-min 45 --log tools/bench/build_opfstunnelterm_v0_run2.log -- py -u tools/recipes/build_opfstunnelterm_v0.py MATERIAL=1
2026-09-18 09:21:45	MARKED	cd "G:/Codes/LabVIEW_Codes/MinLab/zz_LabView VI/AAA_UNIST/2. Tracking/V6_ParallelLoop" && MATERIAL=1 py -m py_compile tools/bench/diag_fstunnel_wire_semantics.py && echo COMPILE_OK
2026-09-18 09:21:49	MARKED	cd "G:/Codes/LabVIEW_Codes/MinLab/zz_LabView VI/AAA_UNIST/2. Tracking/V6_ParallelLoop"; MATERIAL=1 py -m py_compile tools/bench/diag_fstunnel_wire_semantics.py; echo "rc=$?"
2026-09-18 09:21:55	REFUSED	py -m py_compile "tools/bench/diag_fstunnel_wire_semantics.py"; if ($?) { "COMPILE_OK" }
2026-09-18 09:21:58	MARKED	$env:MATERIAL='1'; py -m py_compile "tools/bench/diag_fstunnel_wire_semantics.py"; if ($?) { "COMPILE_OK" }
2026-09-18 09:22:08	MARKED	cd "G:/Codes/LabVIEW_Codes/MinLab/zz_LabView VI/AAA_UNIST/2. Tracking/V6_ParallelLoop" && MATERIAL=1 py tools/bgrun.py --max-min 25 --log tools/bench/diag_fstunnel_wire_semantics.log -- py -u tools/be
2026-09-18 09:22:12	MARKED	MATERIAL=1 py tools/bgrun.py --max-min 25 --log tools/bench/diag_fstunnel_wire_semantics.log -- py -u tools/bench/diag_fstunnel_wire_semantics.py
2026-09-18 09:22:51	MARKED	py tools/bgrun.py --max-min 25 --log tools/bench/diag_fstunnel_wire_semantics.log -- py -u tools/bench/diag_fstunnel_wire_semantics.py MATERIAL=1
2026-09-18 09:24:34	MARKED	py tools/bgrun.py --max-min 40 --log tools/bench/sweep_nodeterms_3state.log -- py -u tools/bench/sweep_nodeterms_3state.py MATERIAL=1
2026-09-18 09:49:06	MARKED	cd "G:/Codes/LabVIEW_Codes/MinLab/zz_LabView VI/AAA_UNIST/2. Tracking/V6_ParallelLoop" && MATERIAL=1 py tools/bgrun.py --max-min 3 --log tools/bench/c21_release_probe.log -- py -u tools/bench/c20_rele
2026-09-18 09:49:09	MARKED	cd "G:/Codes/LabVIEW_Codes/MinLab/zz_LabView VI/AAA_UNIST/2. Tracking/V6_ParallelLoop" && MATERIAL=1 py tools/bgrun.py --max-min 3 --log tools/bench/c21_release_probe.log -- py -u tools/bench/c20_rele
2026-09-18 09:49:14	MARKED	MATERIAL=1 py tools/bgrun.py --max-min 3 --log tools/bench/c21_release_probe.log -- py -u tools/bench/c20_release_probe.py
2026-09-18 09:49:18	MARKED	$env:MATERIAL='1'; py tools\bgrun.py --max-min 3 --log tools\bench\c21_release_probe.log -- py -u tools\bench\c20_release_probe.py
2026-09-18 09:49:39	MARKED	py tools/bgrun.py --max-min 3 --log tools/bench/c21_release_probe.log -- py -u tools/bench/c20_release_probe.py MATERIAL=1
2026-09-18 09:50:16	REFUSED	STOPPED-RECIPE certutil -hashfile "tools/recipes/build_opfstunnelterm_v0.py" SHA256
2026-09-18 09:50:30	REFUSED	STOPPED-RECIPE py -m py_compile tools\recipes\build_opfstunnelterm_v0.py; if ($?) { "COMPILE_OK" }
2026-09-18 09:55:25	REFUSED	STOPPED-RECIPE cd "G:/Codes/LabVIEW_Codes/MinLab/zz_LabView VI/AAA_UNIST/2. Tracking/V6_ParallelLoop" && tasklist | grep -i labview; echo "---"; ls -la tools/prior_art_review.py tools/stop_record.py t
2026-09-18 09:56:35	REFUSED	STOPPED-RECIPE cd "G:/Codes/LabVIEW_Codes/MinLab/zz_LabView VI/AAA_UNIST/2. Tracking/V6_ParallelLoop" && MATERIAL=1 py tools/bgrun.py --max-min 20 --log tools/bench/priorart_fstunnel-reader-rev2.log -
2026-09-18 10:27:40	MARKED	cd "G:/Codes/LabVIEW_Codes/MinLab/zz_LabView VI/AAA_UNIST/2. Tracking/V6_ParallelLoop" && MATERIAL=1 py tools/bgrun.py --max-min 5 --log tools/bench/c22_gate_probe.log -- py -u tools/bench/c20_release
2026-09-18 10:27:44	MARKED	cd "G:/Codes/LabVIEW_Codes/MinLab/zz_LabView VI/AAA_UNIST/2. Tracking/V6_ParallelLoop" && MATERIAL=1 py tools/bgrun.py --max-min 5 --log tools/bench/c22_gate_probe.log -- py -u tools/bench/c20_release
2026-09-18 10:27:48	MARKED	MATERIAL=1 py tools/bgrun.py --max-min 5 --log tools/bench/c22_gate_probe.log -- py -u tools/bench/c20_release_probe.py
2026-09-18 10:27:53	MARKED	$env:MATERIAL='1'; py tools\bgrun.py --max-min 5 --log tools\bench\c22_gate_probe.log -- py -u tools\bench\c20_release_probe.py
2026-09-18 10:28:45	MARKED	py tools/bgrun.py --max-min 5 --log tools/bench/c22_gate_probe.log -- py -u tools/bench/c20_release_probe.py MATERIAL=1
2026-09-18 10:28:59	REFUSED	STOPPED-RECIPE certutil -hashfile "tools\recipes\build_opfstunnelterm_v0.py" SHA256
2026-09-18 10:30:31	REFUSED	STOPPED-RECIPE sed -n '280,325p' tools/recipes/build_opfstunnelterm_v0.py
2026-09-18 10:30:54	REFUSED	STOPPED-RECIPE py -m py_compile tools/recipes/build_opfstunnelterm_v0.py
2026-09-18 10:36:47	REFUSED	STOPPED-RECIPE cd "G:/Codes/LabVIEW_Codes/MinLab/zz_LabView VI/AAA_UNIST/2. Tracking/V6_ParallelLoop" && grep -n "environ\|getenv\|STORE" tools/stop_record.py && echo "--- md5 store ---" && md5sum too
2026-09-18 10:41:48	REFUSED	STOPPED-RECIPE cd "G:/Codes/LabVIEW_Codes/MinLab/zz_LabView VI/AAA_UNIST/2. Tracking/V6_ParallelLoop" && ls tools/recipes/build_opconnectnested_v*.py && cp tools/recipes/build_opfstunnelterm_v0.py too
2026-09-18 10:47:20	REFUSED	cd "G:/Codes/LabVIEW_Codes/MinLab/zz_LabView VI/AAA_UNIST/2. Tracking/V6_ParallelLoop" && py tools/stop_record.py check "py tools/bgrun.py --max-min 20 --log tools/bench/build_opfstunnelterm_v1_run1.l
2026-09-18 10:47:27	MARKED	cd "G:/Codes/LabVIEW_Codes/MinLab/zz_LabView VI/AAA_UNIST/2. Tracking/V6_ParallelLoop" && MATERIAL=1 py tools/stop_record.py check "py tools/bgrun.py --max-min 20 --log tools/bench/build_opfstunnelter
2026-09-18 10:47:32	MARKED	$env:MATERIAL='1'; py tools\stop_record.py check "py tools/bgrun.py --max-min 20 --log tools/bench/build_opfstunnelterm_v1_run1.log -- py tools/recipes/build_opfstunnelterm_v1.py"; "rc=$LASTEXITCODE"
2026-09-18 10:47:36	MARKED	$env:MATERIAL='1'; py tools\stop_record.py check 'py tools/bgrun.py --max-min 20 --log tools/bench/build_opfstunnelterm_v1_run1.log -- py tools/recipes/build_opfstunnelterm_v1.py'; Write-Output ("rc="
2026-09-18 10:47:40	MARKED	$env:MATERIAL='1'; py tools\stop_record.py check 'py tools/bgrun.py --max-min 20 --log tools/bench/build_opfstunnelterm_v1_run1.log -- py tools/recipes/build_opfstunnelterm_v1.py'; $rc = $LASTEXITCODE
2026-09-18 10:47:45	MARKED	$env:MATERIAL='1'; py tools\stop_record.py check 'py tools/bgrun.py --max-min 20 --log tools/bench/build_opfstunnelterm_v1_run1.log -- py tools/recipes/build_opfstunnelterm_v1.py'; Write-Output 'EXITC
2026-09-18 10:47:53	MARKED	cd "G:/Codes/LabVIEW_Codes/MinLab/zz_LabView VI/AAA_UNIST/2. Tracking/V6_ParallelLoop" && export MATERIAL=1 && py tools/stop_record.py check "py tools/bgrun.py --max-min 20 --log tools/bench/build_opf
2026-09-18 10:49:11	MARKED	cd "G:/Codes/LabVIEW_Codes/MinLab/zz_LabView VI/AAA_UNIST/2. Tracking/V6_ParallelLoop" && MATERIAL=1 py tools/bgrun.py --max-min 3 --log tools/bench/c22_v1_gate_probe.log -- py -u tools/bench/c22_v1_g
2026-09-18 10:49:14	MARKED	cd "G:/Codes/LabVIEW_Codes/MinLab/zz_LabView VI/AAA_UNIST/2. Tracking/V6_ParallelLoop" && MATERIAL=1 py tools/bgrun.py --max-min 3 --log tools/bench/c22_v1_gate_probe.log -- py -u tools/bench/c22_v1_g
2026-09-18 10:49:22	MARKED	MATERIAL=1 py tools/bgrun.py --max-min 3 --log tools/bench/c22_v1_gate_probe.log -- py -u tools/bench/c22_v1_gate_probe.py
2026-09-18 10:50:03	MARKED	py tools/bgrun.py --max-min 3 --log tools/bench/c22_v1_gate_probe.log -- py -u tools/bench/c22_v1_gate_probe.py MATERIAL=1
2026-09-18 10:50:15	MARKED	py tools/bgrun.py --max-min 3 --log tools/bench/c22_v1_gate_probe.log -- py -u tools/bench/c22_v1_gate_probe.py MATERIAL=1
2026-09-18 10:50:40	MARKED	py tools/bgrun.py --max-min 20 --log tools/bench/build_opfstunnelterm_v1_run1.log -- py -u tools/recipes/build_opfstunnelterm_v1.py MATERIAL=1
2026-09-18 11:02:20	MARKED	cd "G:/Codes/LabVIEW_Codes/MinLab/zz_LabView VI/AAA_UNIST/2. Tracking/V6_ParallelLoop" && MATERIAL=1 py -m py_compile tools/bench/diag_fstunnel_orphans.py && echo COMPILE_OK
2026-09-18 11:02:24	MARKED	cd "G:/Codes/LabVIEW_Codes/MinLab/zz_LabView VI/AAA_UNIST/2. Tracking/V6_ParallelLoop" && MATERIAL=1 py -m py_compile tools/bench/diag_fstunnel_orphans.py && echo COMPILE_OK
2026-09-18 11:02:27	MARKED	cd "G:/Codes/LabVIEW_Codes/MinLab/zz_LabView VI/AAA_UNIST/2. Tracking/V6_ParallelLoop"; MATERIAL=1 py -m py_compile tools/bench/diag_fstunnel_orphans.py; echo "rc=$?"
2026-09-18 11:03:02	MARKED	cd "G:/Codes/LabVIEW_Codes/MinLab/zz_LabView VI/AAA_UNIST/2. Tracking/V6_ParallelLoop" && MATERIAL=1 py tools/bgrun.py --max-min 25 --log tools/bench/diag_fstunnel_orphans.log -- py -u tools/bench/dia
2026-09-18 11:03:46	REFUSED	py 'G:\Codes\LabVIEW_Codes\MinLab\zz_LabView VI\AAA_UNIST\2. Tracking\V6_ParallelLoop\tools\bgrun.py' --max-min 25 --log 'tools/bench/diag_fstunnel_orphans.log' -- py -u 'tools/bench/diag_fstunnel_orp
2026-09-18 11:03:53	MARKED	MATERIAL=1 py tools/bgrun.py --max-min 25 --log tools/bench/diag_fstunnel_orphans.log -- py -u tools/bench/diag_fstunnel_orphans.py
2026-09-18 11:04:12	MARKED	py tools/bgrun.py --max-min 25 --log tools/bench/diag_fstunnel_orphans.log -- py -u tools/bench/diag_fstunnel_orphans.py MATERIAL=1
2026-09-18 11:28:26	MARKED	cd "/g/Codes/LabVIEW_Codes/MinLab/zz_LabView VI/AAA_UNIST/2. Tracking/V6_ParallelLoop" && MATERIAL=1 py tools/bgrun.py --max-min 3 --log tools/bench/selftest_cycle_runner_ff.log -- py tools/bench/self
2026-09-18 11:41:29	REFUSED	cd "G:/Codes/LabVIEW_Codes/MinLab/zz_LabView VI/AAA_UNIST/2. Tracking/V6_ParallelLoop" && py -m py_compile tools/bench/diag_fstunnel_wirebroken.py && echo COMPILE_OK
2026-09-18 11:41:33	MARKED	cd "G:/Codes/LabVIEW_Codes/MinLab/zz_LabView VI/AAA_UNIST/2. Tracking/V6_ParallelLoop" && MATERIAL=1 py -m py_compile tools/bench/diag_fstunnel_wirebroken.py && echo COMPILE_OK
2026-09-18 11:41:43	MARKED	$env:MATERIAL='1'; py -m py_compile "tools\bench\diag_fstunnel_wirebroken.py"; if ($?) { "COMPILE_OK" }
2026-09-18 11:42:25	MARKED	cd "G:/Codes/LabVIEW_Codes/MinLab/zz_LabView VI/AAA_UNIST/2. Tracking/V6_ParallelLoop" && MATERIAL=1 py tools/bgrun.py --max-min 25 --log tools/bench/diag_fstunnel_wirebroken.log -- py -u tools/bench/
2026-09-18 11:42:31	MARKED	MATERIAL=1 py tools/bgrun.py --max-min 25 --log tools/bench/diag_fstunnel_wirebroken.log -- py -u tools/bench/diag_fstunnel_wirebroken.py
2026-09-18 11:43:04	MARKED	py tools/bgrun.py --max-min 25 --log tools/bench/diag_fstunnel_wirebroken.log -- py -u tools/bench/diag_fstunnel_wirebroken.py MATERIAL=1
2026-09-18 11:53:38	MARKED	cd "G:/Codes/LabVIEW_Codes/MinLab/zz_LabView VI/AAA_UNIST/2. Tracking/V6_ParallelLoop" && MATERIAL=1 py tools/bgrun.py --max-min 25 --log tools/bench/diag_fstunnel_rbwvictims.log -- py -u tools/bench/
2026-09-18 11:53:42	MARKED	MATERIAL=1 py tools/bgrun.py --max-min 25 --log tools/bench/diag_fstunnel_rbwvictims.log -- py -u tools/bench/diag_fstunnel_rbwvictims.py
2026-09-18 11:54:09	MARKED	py tools/bgrun.py --max-min 25 --log tools/bench/diag_fstunnel_rbwvictims.log -- py -u tools/bench/diag_fstunnel_rbwvictims.py MATERIAL=1
2026-09-18 12:04:46	REFUSED	cd "G:/Codes/LabVIEW_Codes/MinLab/zz_LabView VI/AAA_UNIST/2. Tracking/V6_ParallelLoop" && cp tools/recipes/build_opfstunnelterm_v1.py tools/recipes/build_opfstunnelterm_v2.py && md5sum tools/recipes/b
2026-09-18 12:30:46	MARKED	cd "G:/Codes/LabVIEW_Codes/MinLab/zz_LabView VI/AAA_UNIST/2. Tracking/V6_ParallelLoop" && MATERIAL=1 py tools/bgrun.py --max-min 25 --log tools/bench/diag_fstunnel_preclean_twins.log -- py -u tools/be
2026-09-18 12:30:53	MARKED	MATERIAL=1 py tools/bgrun.py --max-min 25 --log tools/bench/diag_fstunnel_preclean_twins.log -- py -u tools/bench/diag_fstunnel_preclean_twins.py
2026-09-18 12:31:59	MARKED	py tools/bgrun.py --max-min 25 --log tools/bench/diag_fstunnel_preclean_twins.log -- py -u tools/bench/diag_fstunnel_preclean_twins.py MATERIAL=1
2026-09-18 12:32:03	MARKED	py tools/bgrun.py --max-min 25 --log tools/bench/diag_fstunnel_preclean_twins.log -- py -u tools/bench/diag_fstunnel_preclean_twins.py MATERIAL=1
2026-09-18 12:38:04	MARKED	py tools/bgrun.py --max-min 20 --log tools/bench/diag_fstunnel_orphan_timeline.log -- py -u tools/bench/diag_fstunnel_orphan_timeline.py MATERIAL=1
2026-09-18 13:02:59	REFUSED	cd "G:/Codes/LabVIEW_Codes/MinLab/zz_LabView VI/AAA_UNIST/2. Tracking/V6_ParallelLoop" && py -m py_compile "tools/recipes/build_opfstunnelterm_v2.py" && echo COMPILE_OK
2026-09-18 13:03:46	REFUSED	cd "G:/Codes/LabVIEW_Codes/MinLab/zz_LabView VI/AAA_UNIST/2. Tracking/V6_ParallelLoop" && py tools/bench/ffcompile_check.py
2026-09-18 13:03:51	MARKED	cd "G:/Codes/LabVIEW_Codes/MinLab/zz_LabView VI/AAA_UNIST/2. Tracking/V6_ParallelLoop" && MATERIAL=1 py tools/bench/ffcompile_check.py
2026-09-18 13:03:54	MARKED	cd "G:/Codes/LabVIEW_Codes/MinLab/zz_LabView VI/AAA_UNIST/2. Tracking/V6_ParallelLoop" && MATERIAL=1 py tools/bench/ffcompile_check.py
2026-09-18 13:04:02	MARKED	cd "G:/Codes/LabVIEW_Codes/MinLab/zz_LabView VI/AAA_UNIST/2. Tracking/V6_ParallelLoop" && MATERIAL=1 py tools/bgrun.py --max-min 2 --log tools/bench/ffcompile.log -- py -u tools/bench/ffcompile_check.
2026-09-18 13:04:06	MARKED	$env:MATERIAL='1'; py tools/bench/ffcompile_check.py
2026-09-18 13:04:18	MARKED	cd "G:/Codes/LabVIEW_Codes/MinLab/zz_LabView VI/AAA_UNIST/2. Tracking/V6_ParallelLoop" && py tools/bgrun.py --max-min 2 --log tools/bench/ffcompile.log --marker MATERIAL=1 -- py -u tools/bench/ffcompi
2026-09-18 13:04:30	MARKED	cd "G:/Codes/LabVIEW_Codes/MinLab/zz_LabView VI/AAA_UNIST/2. Tracking/V6_ParallelLoop" && py tools/bgrun.py --max-min 2 --log tools/bench/ffcompile.log -- py -u tools/bench/ffcompile_check.py MATERIAL
2026-09-18 13:13:34	MARKED	cd "G:/Codes/LabVIEW_Codes/MinLab/zz_LabView VI/AAA_UNIST/2. Tracking/V6_ParallelLoop" && MATERIAL=1 py -m py_compile "tools/bench/diag_fstunnel_wireterms_panel.py" && echo COMPILE_OK
2026-09-18 13:13:38	MARKED	cd "G:/Codes/LabVIEW_Codes/MinLab/zz_LabView VI/AAA_UNIST/2. Tracking/V6_ParallelLoop" && MATERIAL=1 py -m py_compile "tools/bench/diag_fstunnel_wireterms_panel.py" && echo COMPILE_OK
2026-09-18 13:14:04	MARKED	py tools/bgrun.py --max-min 25 --log tools/bench/diag_fstunnel_wireterms_panel.log -- py -u tools/bench/diag_fstunnel_wireterms_panel.py MATERIAL=1
2026-09-18 13:16:42	MARKED	py tools/bgrun.py --max-min 25 --log tools/bench/diag_fstunnel_wireterms_panel_run2.log -- py -u tools/bench/diag_fstunnel_wireterms_panel.py MATERIAL=1
2026-09-18 13:28:45	MARKED	py tools/bgrun.py --max-min 45 --log tools/bench/build_opfstunnelterm_v2_run1.log -- py -u tools/recipes/build_opfstunnelterm_v2.py MATERIAL=1
2026-09-18 13:29:13	MARKED	py tools/bgrun.py --max-min 12 --log tools/bench/diag_fstunnelterm_v2_panelcost.log -- py -u tools/bench/diag_fstunnelterm_v2_panelcost.py MATERIAL=1
2026-09-18 13:30:53	MARKED	cd "G:/Codes/LabVIEW_Codes/MinLab/zz_LabView VI/AAA_UNIST/2. Tracking/V6_ParallelLoop" && MATERIAL=1 py tools/bgrun.py --max-min 20 --log tools/bench/build_opfstunnelterm_v2_run1.log -- py tools/recip
2026-09-18 13:31:22	MARKED	cd "G:/Codes/LabVIEW_Codes/MinLab/zz_LabView VI/AAA_UNIST/2. Tracking/V6_ParallelLoop" && MATERIAL=1 py tools/bgrun.py --max-min 20 --log tools/bench/build_opfstunnelterm_v2_run1.log -- py tools/recip
2026-09-18 13:31:50	MARKED	cd "G:/Codes/LabVIEW_Codes/MinLab/zz_LabView VI/AAA_UNIST/2. Tracking/V6_ParallelLoop" && MATERIAL=1 py tools/bgrun.py --max-min 20 --log tools/bench/build_opfstunnelterm_v2_run1.log -- py tools/recip
2026-09-18 13:35:35	MARKED	cd "G:/Codes/LabVIEW_Codes/MinLab/zz_LabView VI/AAA_UNIST/2. Tracking/V6_ParallelLoop" && MATERIAL=1 py tools/bgrun.py --max-min 20 --log tools/bench/build_opfstunnelterm_v2_run1.log -- py tools/recip
2026-09-18 13:35:41	MARKED	MATERIAL=1 py tools/bgrun.py --max-min 20 --log tools/bench/build_opfstunnelterm_v2_run1.log -- py tools/recipes/build_opfstunnelterm_v2.py
2026-09-18 13:35:48	REFUSED	py tools/bgrun.py --max-min 20 --log tools/bench/build_opfstunnelterm_v2_run1.log -- py tools/recipes/build_opfstunnelterm_v2.py
2026-09-18 13:35:56	MARKED	$env:MATERIAL='1'; py tools/bgrun.py --max-min 20 --log tools/bench/build_opfstunnelterm_v2_run1.log -- py tools/recipes/build_opfstunnelterm_v2.py
2026-09-18 13:36:06	MARKED	MATERIAL=1 py tools/bgrun.py --max-min 20 --log tools/bench/build_opfstunnelterm_v2_run1.log -- py -u tools/recipes/build_opfstunnelterm_v2.py
2026-09-18 13:36:22	MARKED	$env:MATERIAL='1'; py tools/bgrun.py --max-min 20 --log tools/bench/build_opfstunnelterm_v2_run1.log -- py -u tools/recipes/build_opfstunnelterm_v2.py
2026-09-18 13:36:36	MARKED	py tools/bgrun.py --max-min 20 --log tools/bench/build_opfstunnelterm_v2_run1.log -- MATERIAL=1 py -u tools/recipes/build_opfstunnelterm_v2.py
2026-09-18 13:36:50	MARKED	py tools/bgrun.py --max-min 20 --log tools/bench/build_opfstunnelterm_v2_run1.log -- py -u tools/recipes/build_opfstunnelterm_v2.py # MATERIAL=1 (firefighter cycle 24, user order 2026-09-18 13:0x)
2026-09-18 14:03:17	REFUSED	py "G:\Codes\LabVIEW_Codes\MinLab\zz_LabView VI\AAA_UNIST\2. Tracking\V6_ParallelLoop\tools\stop_record.py" check py -u tools/recipes/build_opfstunnelterm_v2.py; "rc=$LASTEXITCODE"
2026-09-18 14:03:28	MARKED	cd "G:/Codes/LabVIEW_Codes/MinLab/zz_LabView VI/AAA_UNIST/2. Tracking/V6_ParallelLoop" && MATERIAL=1 py tools/stop_record.py check py -u tools/recipes/build_opfstunnelterm_v2.py; echo "rc=$?"
2026-09-18 14:35:29	MARKED	cd "/g/Codes/LabVIEW_Codes/MinLab/zz_LabView VI/AAA_UNIST/2. Tracking/V6_ParallelLoop" && MATERIAL=1 py tools/bgrun.py --max-min 180 --log tools/bench/p2_open_copy.log -- py -u tools/bench/p2_open_cop
2026-09-18 15:08:00	REFUSED	MOTOR cd "/g/Codes/LabVIEW_Codes/MinLab/zz_LabView VI/AAA_UNIST/2. Tracking/V6_ParallelLoop" && cat > tools/bench/p2_pi_query_ron.ps1 <<'EOF' # query-only: RON? FRF? SVO? POS? TMN? TMX? ERR? on COM3 -
2026-09-18 15:34:28	MARKED	cd "G:/Codes/LabVIEW_Codes/MinLab/zz_LabView VI/AAA_UNIST/2. Tracking/V6_ParallelLoop" && MATERIAL=1 py tools/bgrun.py --max-min 5 --log tools/bench/selftest_motor_gate2.log -- py -u tools/bench/selft
2026-09-18 15:34:41	REFUSED	MOTOR powershell -c "$sp = New-Object System.IO.Ports.SerialPort COM3,115200"
2026-09-18 15:34:41	REFUSED	MOTOR powershell -File tools/motor_send_pi.ps1 -Command "MOV 1 5" -TokenFile t.tok
2026-09-18 15:34:41	REFUSED	MOTOR powershell -File tools/motor_asi_io.ps1 -Mode send
2026-09-18 15:34:41	REFUSED	MOTOR echo MOV 1 40 > COM3
2026-09-18 15:34:41	MARKED	MATERIAL=1 py tools/bgrun.py --max-min 5 --log tools/bench/selftest_motor_gate2.log -- py -u tools/bench/selftest_motor_gate2.py
2026-09-18 15:35:21	MARKED	cd "G:/Codes/LabVIEW_Codes/MinLab/zz_LabView VI/AAA_UNIST/2. Tracking/V6_ParallelLoop" && MATERIAL=1 py tools/bgrun.py --max-min 5 --log tools/bench/selftest_motor_gate2.log -- py -u tools/bench/selft
2026-09-18 15:35:23	REFUSED	MOTOR powershell -c "$sp = New-Object System.IO.Ports.SerialPort COM3,115200"
2026-09-18 15:35:23	REFUSED	MOTOR powershell -File tools/motor_send_pi.ps1 -Command "MOV 1 5" -TokenFile t.tok
2026-09-18 15:35:23	REFUSED	MOTOR powershell -File tools/motor_asi_io.ps1 -Mode send
2026-09-18 15:35:23	REFUSED	MOTOR echo MOV 1 40 > COM3
2026-09-18 15:35:23	MARKED	MATERIAL=1 py tools/bgrun.py --max-min 5 --log tools/bench/selftest_motor_gate2.log -- py -u tools/bench/selftest_motor_gate2.py
2026-09-18 15:53:17	MARKED	cd "G:/Codes/LabVIEW_Codes/MinLab/zz_LabView VI/AAA_UNIST/2. Tracking/V6_ParallelLoop" && MATERIAL=1 py tools/bgrun.py --max-min 5 --log tools/bench/selftest_motor_gate2.log -- py -u tools/bench/selft
2026-09-18 15:53:20	REFUSED	MOTOR powershell -c "$sp = New-Object System.IO.Ports.SerialPort COM3,115200"
2026-09-18 15:53:20	REFUSED	MOTOR powershell -File tools/motor_send_pi.ps1 -Command "MOV 1 5" -TokenFile t.tok
2026-09-18 15:53:20	REFUSED	MOTOR powershell -File tools/motor_asi_io.ps1 -Mode send
2026-09-18 15:53:20	REFUSED	MOTOR echo MOV 1 40 > COM3
2026-09-18 15:53:20	MARKED	MATERIAL=1 py tools/bgrun.py --max-min 5 --log tools/bench/selftest_motor_gate2.log -- py -u tools/bench/selftest_motor_gate2.py
2026-09-18 15:53:32	MARKED	cd "G:/Codes/LabVIEW_Codes/MinLab/zz_LabView VI/AAA_UNIST/2. Tracking/V6_ParallelLoop" && MATERIAL=1 py tools/bgrun.py --max-min 3 --log tools/bench/motor_gate2_live.log -- py -u tools/bench/motor_gat
2026-09-18 15:54:32	MARKED	$env:MATERIAL='1'; py tools\bgrun.py --max-min 3 --log tools\bench\motor_gate2_live.log -- py -u tools\bench\motor_gate2_live.py
2026-09-18 15:57:37	REFUSED	MOTOR cd "G:/Codes/LabVIEW_Codes/MinLab/zz_LabView VI/AAA_UNIST/2. Tracking/V6_ParallelLoop" && S="C:/Users/KimLab/AppData/Local/Temp/claude/G--Codes-LabVIEW-Codes-MinLab-zz-LabView-VI-AAA-UNIST-2--Tr
2026-09-18 16:07:45	MARKED	cd "G:/Codes/LabVIEW_Codes/MinLab/zz_LabView VI/AAA_UNIST/2. Tracking/V6_ParallelLoop" && MATERIAL=1 py tools/bgrun.py --max-min 12 --log tools/bench/peer_roles_selftest.log -- py -u tools/bench/peer_
2026-09-18 16:16:02	MARKED	cd "G:/Codes/LabVIEW_Codes/MinLab/zz_LabView VI/AAA_UNIST/2. Tracking/V6_ParallelLoop" && MATERIAL=1 py tools/bgrun.py --max-min 3 --log tools/bench/selftest_audit_cost_window.log -- py -u tools/bench
2026-09-18 16:16:05	MARKED	cd "G:/Codes/LabVIEW_Codes/MinLab/zz_LabView VI/AAA_UNIST/2. Tracking/V6_ParallelLoop" && MATERIAL=1 py tools/bgrun.py --max-min 3 --log tools/bench/selftest_audit_cost_window.log -- py -u tools/bench
2026-09-18 16:16:10	MARKED	$env:MATERIAL='1'; py tools\bgrun.py --max-min 3 --log tools\bench\selftest_audit_cost_window.log -- py -u tools\bench\selftest_audit_cost_window.py
2026-09-18 16:16:21	MARKED	cd "G:/Codes/LabVIEW_Codes/MinLab/zz_LabView VI/AAA_UNIST/2. Tracking/V6_ParallelLoop" && MATERIAL=1 py tools/bgrun.py --max-min 3 --log tools/bench/selftest_audit_cost_window.log -- py -u tools/bench
2026-09-18 16:16:30	MARKED	MATERIAL=1 py tools/bgrun.py --max-min 3 --log tools/bench/selftest_audit_cost_window.log -- py -u tools/bench/selftest_audit_cost_window.py
2026-09-18 16:16:46	MARKED	cd "G:/Codes/LabVIEW_Codes/MinLab/zz_LabView VI/AAA_UNIST/2. Tracking/V6_ParallelLoop" && MATERIAL=1 py tools/bgrun.py --max-min 3 --log tools/bench/selftest_audit_cost_window.log -- py -u tools/bench
2026-09-18 16:16:49	MARKED	$env:MATERIAL='1'; py tools\bgrun.py --max-min 3 --log tools\bench\selftest_audit_cost_window.log -- py -u tools\bench\selftest_audit_cost_window.py
2026-09-18 16:24:55	MARKED	py tools/bgrun.py --material --max-min 3 --log tools/bench/selftest_audit_cost_window.log -- py -u tools/bench/selftest_audit_cost_window.py
2026-09-18 16:26:02	MARKED	py tools/bgrun.py --material --max-min 3 --log tools/bench/selftest_audit_cost_window.log -- py -u tools/bench/selftest_audit_cost_window.py
2026-09-18 17:02:51	MARKED	cd "G:/Codes/LabVIEW_Codes/MinLab/zz_LabView VI/AAA_UNIST/2. Tracking/V6_ParallelLoop" && py tools/bgrun.py --material --max-min 25 --log tools/bench/diag_d0_inventory.log -- py -u tools/bench/diag_d0
2026-09-18 17:05:07	MARKED	cd "G:/Codes/LabVIEW_Codes/MinLab/zz_LabView VI/AAA_UNIST/2. Tracking/V6_ParallelLoop" && py tools/bgrun.py --material --max-min 20 --log tools/bench/diag_d0_trace_path.log -- py -u tools/bench/diag_d
2026-09-18 17:08:57	REFUSED	STOPPED-RECIPE cd "G:/Codes/LabVIEW_Codes/MinLab/zz_LabView VI/AAA_UNIST/2. Tracking/V6_ParallelLoop" && ls -la tools/bench/*d0* 2>/dev/null; echo "---RECIPE---"; ls -la tools/recipes/build_d0_harness
2026-09-18 17:11:15	REFUSED	STOPPED-RECIPE cd "G:/Codes/LabVIEW_Codes/MinLab/zz_LabView VI/AAA_UNIST/2. Tracking/V6_ParallelLoop" && py tools/bgrun.py --material --max-min 22 --log tools/bench/priorart_d0_harness.log -- py -u to
2026-09-18 17:13:02	MARKED	cd "G:/Codes/LabVIEW_Codes/MinLab/zz_LabView VI/AAA_UNIST/2. Tracking/V6_ParallelLoop" && py tools/bgrun.py --material --max-min 3 --log tools/bench/diag_d0_gate_probe.log -- py -u tools/bench/diag_d0
2026-09-18 17:24:41	REFUSED	cd "G:/Codes/LabVIEW_Codes/MinLab/zz_LabView VI/AAA_UNIST/2. Tracking/V6_ParallelLoop" && py -m py_compile "tools/bench/drive_original_copy_v4.py" && echo COMPILE_OK
2026-09-18 17:24:52	MARKED	cd "G:/Codes/LabVIEW_Codes/MinLab/zz_LabView VI/AAA_UNIST/2. Tracking/V6_ParallelLoop" && py tools/bgrun.py --material --max-min 2 --log tools/bench/compile_v4.log -- py -m py_compile "tools/bench/dri
2026-09-18 17:25:06	MARKED	cd "G:/Codes/LabVIEW_Codes/MinLab/zz_LabView VI/AAA_UNIST/2. Tracking/V6_ParallelLoop" && py tools/bgrun.py --material --max-min 2 --log tools/bench/compile_v4.log -- py -m py_compile "tools/bench/dri
2026-09-18 17:25:18	MARKED	cd "G:/Codes/LabVIEW_Codes/MinLab/zz_LabView VI/AAA_UNIST/2. Tracking/V6_ParallelLoop" && py tools/bgrun.py --material --max-min 25 --log tools/bench/drive_original_copy_v4.log -- py -u "tools/bench/d
2026-09-18 17:25:48	MARKED	cd "G:/Codes/LabVIEW_Codes/MinLab/zz_LabView VI/AAA_UNIST/2. Tracking/V6_ParallelLoop" && py tools/bgrun.py --material --max-min 25 --log tools/bench/drive_original_copy_v4.log -- py -u "tools/bench/d
2026-09-18 17:42:28	REFUSED	cd "G:/Codes/LabVIEW_Codes/MinLab/zz_LabView VI/AAA_UNIST/2. Tracking/V6_ParallelLoop" && py -m py_compile tools/bench/diag_d0_pickloop_liveness.py && echo SYNTAX_OK
2026-09-18 17:42:36	MARKED	cd "G:/Codes/LabVIEW_Codes/MinLab/zz_LabView VI/AAA_UNIST/2. Tracking/V6_ParallelLoop" && py tools/bgrun.py --material --max-min 3 --log tools/bench/syntax_check_liveness.log -- py -m py_compile tools
2026-09-18 17:45:22	MARKED	cd "G:/Codes/LabVIEW_Codes/MinLab/zz_LabView VI/AAA_UNIST/2. Tracking/V6_ParallelLoop" && py tools/bgrun.py --material --max-min 3 --log tools/bench/syntax_check_liveness.log -- py -m py_compile tools
2026-09-18 17:49:40	MARKED	cd "G:/Codes/LabVIEW_Codes/MinLab/zz_LabView VI/AAA_UNIST/2. Tracking/V6_ParallelLoop" && py tools/bgrun.py --material --max-min 20 --log tools/bench/diag_d0_pickloop_liveness.log -- py -u tools/bench
2026-09-18 18:04:45	MARKED	cd "G:/Codes/LabVIEW_Codes/MinLab/zz_LabView VI/AAA_UNIST/2. Tracking/V6_ParallelLoop" && py tools/bgrun.py --material --max-min 5 --log tools/bench/d0_locate_selftest.log -- py -u tools/bench/d0_loca
2026-09-18 18:04:49	MARKED	cd "G:/Codes/LabVIEW_Codes/MinLab/zz_LabView VI/AAA_UNIST/2. Tracking/V6_ParallelLoop" && py tools/bgrun.py --material --max-min 5 --log tools/bench/d0_locate_selftest.log -- py -u tools/bench/d0_loca
2026-09-18 18:08:12	MARKED	cd "G:/Codes/LabVIEW_Codes/MinLab/zz_LabView VI/AAA_UNIST/2. Tracking/V6_ParallelLoop" && py tools/bgrun.py --material --max-min 30 --log tools/bench/drive_original_copy_v5.log -- py -u tools/bench/dr
2026-09-18 18:09:54	REFUSED	STOPPED-RECIPE cd "G:/Codes/LabVIEW_Codes/MinLab/zz_LabView VI/AAA_UNIST/2. Tracking/V6_ParallelLoop" && py tools/stop_record.py check "py tools/bgrun.py --material --max-min 20 --log tools/bench/d0h.
2026-09-18 18:16:27	MARKED	cd "G:/Codes/LabVIEW_Codes/MinLab/zz_LabView VI/AAA_UNIST/2. Tracking/V6_ParallelLoop" && py tools/bgrun.py --material --max-min 3 --log tools/bench/tmx_selftest.log -- py -u tools/bench/drive_origina
2026-09-18 18:16:30	MARKED	cd "G:/Codes/LabVIEW_Codes/MinLab/zz_LabView VI/AAA_UNIST/2. Tracking/V6_ParallelLoop" && py tools/bgrun.py --material --max-min 3 --log tools/bench/tmx_selftest.log -- py -u tools/bench/drive_origina
2026-09-18 18:16:48	MARKED	cd "G:/Codes/LabVIEW_Codes/MinLab/zz_LabView VI/AAA_UNIST/2. Tracking/V6_ParallelLoop" && py tools/bgrun.py --material --max-min 3 --log tools/bench/tmx_selftest.log -- py -u tools/bench/drive_origina
2026-09-18 18:25:57	MARKED	cd "G:/Codes/LabVIEW_Codes/MinLab/zz_LabView VI/AAA_UNIST/2. Tracking/V6_ParallelLoop" && py tools/bgrun.py --material --max-min 3 --log tools/bench/tmx_selftest.log -- py -u tools/bench/drive_origina
2026-09-18 18:41:04	MARKED	py tools/bgrun.py --material --max-min 20 --log tools/bench/n1_gpu_vi_vs_cpu.log -- py -u tools/bench/gpu_n1_deltas.py
2026-09-18 18:43:42	MARKED	cd "G:/Codes/LabVIEW_Codes/MinLab/zz_LabView VI/AAA_UNIST/2. Tracking/V6_ParallelLoop" && py tools/bgrun.py --material --max-min 5 --log tools/bench/tmx_fallthrough_before.log -- py -u tools/bench/tmx
2026-09-18 18:45:48	MARKED	cd "G:/Codes/LabVIEW_Codes/MinLab/zz_LabView VI/AAA_UNIST/2. Tracking/V6_ParallelLoop" && py tools/bgrun.py --material --max-min 10 --log tools/bench/tmx_selftest.log -- py -u tools/bench/drive_origin
2026-09-18 18:46:00	MARKED	py tools/bgrun.py --material --max-min 45 --log tools/bench/n1_gpuk_vi_fixture.log -- py -u tools/bench/n1_gpuk_vi_fixture.py
2026-09-18 18:46:10	MARKED	cd "G:/Codes/LabVIEW_Codes/MinLab/zz_LabView VI/AAA_UNIST/2. Tracking/V6_ParallelLoop" && py tools/bgrun.py --material --max-min 10 --log tools/bench/tmx_selftest.log -- py -u tools/bench/drive_origin
2026-09-18 18:51:20	REFUSED	MOTOR cd "G:/Codes/LabVIEW_Codes/MinLab/zz_LabView VI/AAA_UNIST/2. Tracking/V6_ParallelLoop" && echo "=== PRELIMITS in motor_send_pi.ps1"; grep -n "PRELIMITS" tools/motor_send_pi.ps1 || echo ABSENT; e
2026-09-18 18:55:48	REFUSED	MOTOR cd "G:/Codes/LabVIEW_Codes/MinLab/zz_LabView VI/AAA_UNIST/2. Tracking/V6_ParallelLoop" && ls -l --time-style=full-iso tools/bench/drive_original_copy_v4.py tools/bench/tmx_selftest.log tools/mot
2026-09-18 18:56:00	MARKED	cd "G:/Codes/LabVIEW_Codes/MinLab/zz_LabView VI/AAA_UNIST/2. Tracking/V6_ParallelLoop" && py tools/bgrun.py --material --max-min 30 --log tools/bench/n1_gpuk_vi_fixture.log -- py -u tools/bench/n1_gpu
2026-09-18 18:56:07	MARKED	cd "G:/Codes/LabVIEW_Codes/MinLab/zz_LabView VI/AAA_UNIST/2. Tracking/V6_ParallelLoop" && py tools/bgrun.py --material --max-min 10 --log tools/bench/tmx_selftest2.log -- py -u tools/bench/drive_origi
2026-09-18 19:03:25	MARKED	cd "G:/Codes/LabVIEW_Codes/MinLab/zz_LabView VI/AAA_UNIST/2. Tracking/V6_ParallelLoop" && py tools/bgrun.py --material --max-min 10 --log tools/bench/tmx_selftest2.log -- py -u tools/bench/drive_origi
2026-09-18 19:03:28	MARKED	cd "G:/Codes/LabVIEW_Codes/MinLab/zz_LabView VI/AAA_UNIST/2. Tracking/V6_ParallelLoop" && py tools/bgrun.py --material --max-min 10 --log tools/bench/tmx_selftest2.log -- py -u tools/bench/drive_origi
2026-09-18 19:03:41	REFUSED	MOTOR cd "G:/Codes/LabVIEW_Codes/MinLab/zz_LabView VI/AAA_UNIST/2. Tracking/V6_ParallelLoop" && grep -n "before:" tools/motor_send_pi.ps1
2026-09-18 19:04:47	MARKED	cd "G:/Codes/LabVIEW_Codes/MinLab/zz_LabView VI/AAA_UNIST/2. Tracking/V6_ParallelLoop" && py tools/bgrun.py --material --max-min 30 --log tools/bench/n1_gpuk_vi_fixture.log -- py -u tools/bench/n1_gpu
2026-09-18 19:14:44	MARKED	cd "G:/Codes/LabVIEW_Codes/MinLab/zz_LabView VI/AAA_UNIST/2. Tracking/V6_ParallelLoop" && py tools/bgrun.py --material --max-min 10 --log tools/bench/tmx_sendmode_probe.log -- py -u tools/bench/tmx_se
2026-09-18 19:14:53	MARKED	cd "G:/Codes/LabVIEW_Codes/MinLab/zz_LabView VI/AAA_UNIST/2. Tracking/V6_ParallelLoop" && py tools/bgrun.py --material --max-min 10 --log tools/bench/tmx_sendmode_probe.log -- py -u tools/bench/tmx_se
2026-09-18 19:15:50	MARKED	cd "G:/Codes/LabVIEW_Codes/MinLab/zz_LabView VI/AAA_UNIST/2. Tracking/V6_ParallelLoop" && py tools/bgrun.py --material --max-min 10 --log tools/bench/tmx_sendmode_probe2.log -- py -u tools/bench/tmx_s
2026-09-18 19:36:28	MARKED	cd "G:/Codes/LabVIEW_Codes/MinLab/zz_LabView VI/AAA_UNIST/2. Tracking/V6_ParallelLoop" && py tools/bgrun.py --material --max-min 5 --log tools/bench/tmx_selftest3.log -- py -u tools/bench/drive_origin
2026-09-18 19:46:33	MARKED	cd "G:/Codes/LabVIEW_Codes/MinLab/zz_LabView VI/AAA_UNIST/2. Tracking/V6_ParallelLoop" && py tools/bgrun.py --material --max-min 5 --log tools/bench/tmx_selftest3.log -- py -u tools/bench/drive_origin
2026-09-18 19:47:00	MARKED	cd "G:/Codes/LabVIEW_Codes/MinLab/zz_LabView VI/AAA_UNIST/2. Tracking/V6_ParallelLoop" && py tools/bgrun.py --material --max-min 20 --log tools/bench/diag_count_indicator.log -- py -u tools/bench/diag
2026-09-18 19:56:11	MARKED	cd "G:/Codes/LabVIEW_Codes/MinLab/zz_LabView VI/AAA_UNIST/2. Tracking/V6_ParallelLoop" && py tools/bgrun.py --material --max-min 20 --log tools/bench/diag_count_indicator.log -- py -u tools/bench/diag
2026-09-18 19:58:17	MARKED	cd "G:/Codes/LabVIEW_Codes/MinLab/zz_LabView VI/AAA_UNIST/2. Tracking/V6_ParallelLoop" && py tools/bgrun.py --material --max-min 20 --log tools/bench/diag_count_indicator_run2.log -- py -u tools/bench
2026-09-18 19:59:32	MARKED	cd "G:/Codes/LabVIEW_Codes/MinLab/zz_LabView VI/AAA_UNIST/2. Tracking/V6_ParallelLoop" && py tools/bgrun.py --material --max-min 25 --log tools/bench/diag_count_indicator_run3.log -- py -u tools/bench
2026-09-18 20:00:37	MARKED	cd "G:/Codes/LabVIEW_Codes/MinLab/zz_LabView VI/AAA_UNIST/2. Tracking/V6_ParallelLoop" && py tools/bgrun.py --material --max-min 25 --log tools/bench/diag_count_indicator_run4.log -- py -u tools/bench
2026-09-18 20:11:31	MARKED	cd "G:/Codes/LabVIEW_Codes/MinLab/zz_LabView VI/AAA_UNIST/2. Tracking/V6_ParallelLoop" && py tools/bgrun.py --material --max-min 60 --log tools/bench/diag_d0_execstate_preload.log -- py -u tools/bench
2026-09-18 20:22:44	MARKED	py tools/bgrun.py --material --max-min 25 --log tools/bench/diag_d1_execstate_preload.log -- py -u tools/bench/diag_d1_execstate_preload.py
2026-09-18 20:51:54	MARKED	cd "G:/Codes/LabVIEW_Codes/MinLab/zz_LabView VI/AAA_UNIST/2. Tracking/V6_ParallelLoop" && py tools/bgrun.py --material --max-min 8 --log tools/bench/repair_c36_selftest.log -- py -u tools/bench/repair
2026-09-18 20:54:45	REFUSED	cd "G:/Codes/LabVIEW_Codes/MinLab/zz_LabView VI/AAA_UNIST/2. Tracking/V6_ParallelLoop" && py tools/bench/c36_kill_marker.py C36BENIGNMARK
2026-09-18 20:54:48	MARKED	cd "G:/Codes/LabVIEW_Codes/MinLab/zz_LabView VI/AAA_UNIST/2. Tracking/V6_ParallelLoop" && py tools/bgrun.py --material --max-min 2 --log tools/bench/c36_kill_marker.log -- py -u tools/bench/c36_kill_m
2026-09-18 20:55:35	MARKED	cd "G:/Codes/LabVIEW_Codes/MinLab/zz_LabView VI/AAA_UNIST/2. Tracking/V6_ParallelLoop" && py tools/bgrun.py --material --max-min 8 --log tools/bench/repair_c36_selftest.log -- py -u tools/bench/repair
2026-09-18 20:58:32	MARKED	cd "G:/Codes/LabVIEW_Codes/MinLab/zz_LabView VI/AAA_UNIST/2. Tracking/V6_ParallelLoop" && py tools/bgrun.py --material --max-min 8 --log tools/bench/repair_c36_selftest.log -- py -u tools/bench/repair
2026-09-18 20:59:42	MARKED	cd "G:/Codes/LabVIEW_Codes/MinLab/zz_LabView VI/AAA_UNIST/2. Tracking/V6_ParallelLoop" && py tools/bgrun.py --material --max-min 8 --log tools/bench/repair_c36_selftest.log -- py -u tools/bench/repair
2026-09-18 21:25:35	REFUSED	cd "G:/Codes/LabVIEW_Codes/MinLab/zz_LabView VI/AAA_UNIST/2. Tracking/V6_ParallelLoop" && py -m py_compile tools/recipes/build_d1_routeb_v1.py && echo COMPILE_OK
2026-09-18 21:30:04	MARKED	cd "G:/Codes/LabVIEW_Codes/MinLab/zz_LabView VI/AAA_UNIST/2. Tracking/V6_ParallelLoop" && py tools/bgrun.py --material --max-min 30 --log tools/bench/build_d1_routeb_v1_run1.log -- py -u tools/recipes
2026-09-18 21:34:17	MARKED	cd "G:/Codes/LabVIEW_Codes/MinLab/zz_LabView VI/AAA_UNIST/2. Tracking/V6_ParallelLoop" && py tools/bgrun.py --material --max-min 30 --log tools/bench/build_d1_routeb_v1_run1.log -- py -u tools/recipes
2026-09-18 21:42:30	REFUSED	STOPPED-RECIPE cd "G:/Codes/LabVIEW_Codes/MinLab/zz_LabView VI/AAA_UNIST/2. Tracking/V6_ParallelLoop" && py tools/bgrun.py --material --max-min 30 --log tools/bench/build_d1_routeb_v1_run1.log -- py -
2026-09-18 21:48:01	MARKED	cd "G:/Codes/LabVIEW_Codes/MinLab/zz_LabView VI/AAA_UNIST/2. Tracking/V6_ParallelLoop" && py tools/bgrun.py --material --max-min 5 --log tools/bench/selftest_bgrun_final_line.log -- py -u tools/bench/
2026-09-18 21:48:36	MARKED	cd "G:/Codes/LabVIEW_Codes/MinLab/zz_LabView VI/AAA_UNIST/2. Tracking/V6_ParallelLoop" && py tools/bgrun.py --material --max-min 5 --log tools/bench/selftest_bgrun_final_line2.log -- py -u tools/bench
2026-09-18 21:58:58	MARKED	cd "G:/Codes/LabVIEW_Codes/MinLab/zz_LabView VI/AAA_UNIST/2. Tracking/V6_ParallelLoop" && py tools/bgrun.py --material --max-min 25 --log tools/bench/c36_close_runner.log -- py -u tools/bench/c36_clos
2026-09-18 22:07:33	REFUSED	STOPPED-RECIPE cd "G:/Codes/LabVIEW_Codes/MinLab/zz_LabView VI/AAA_UNIST/2. Tracking/V6_ParallelLoop" && grep -n "^14b\|^14b\.\|14b\." docs/cycle27-plan.md | head -5; echo "---v0 224-231---"; sed -n '
2026-09-18 22:13:01	MARKED	cd "G:/Codes/LabVIEW_Codes/MinLab/zz_LabView VI/AAA_UNIST/2. Tracking/V6_ParallelLoop" && py tools/bgrun.py --material --max-min 30 --log tools/bench/build_d1_routeb_v1_run4.log -- py -u tools/recipes
2026-09-18 22:13:24	MARKED	cd "G:/Codes/LabVIEW_Codes/MinLab/zz_LabView VI/AAA_UNIST/2. Tracking/V6_ParallelLoop" && py tools/bgrun.py --material --max-min 30 --log tools/bench/build_d1_routeb_v1_run4.log -- py -u tools/recipes
2026-09-18 23:15:18	REFUSED	STOPPED-RECIPE cd "G:/Codes/LabVIEW_Codes/MinLab/zz_LabView VI/AAA_UNIST/2. Tracking/V6_ParallelLoop" && py -m py_compile "tools/recipes/build_d1_routeb_v1.py" && echo COMPILE_OK
2026-09-18 23:15:54	REFUSED	STOPPED-RECIPE cd "G:/Codes/LabVIEW_Codes/MinLab/zz_LabView VI/AAA_UNIST/2. Tracking/V6_ParallelLoop" && py tools/bgrun.py --material --max-min 18 --log tools/bench/priorart_routeb_run5.log -- py -u t
2026-09-18 23:21:27	REFUSED	cd "G:/Codes/LabVIEW_Codes/MinLab/zz_LabView VI/AAA_UNIST/2. Tracking/V6_ParallelLoop" && py -m py_compile "tools/recipes/build_d1_routeb_v2.py" && echo COMPILE_OK
2026-09-18 23:39:02	REFUSED	STOPPED-RECIPE cd "G:/Codes/LabVIEW_Codes/MinLab/zz_LabView VI/AAA_UNIST/2. Tracking/V6_ParallelLoop" && py -m py_compile "tools/recipes/build_d1_routeb_v2.py" && echo COMPILE_OK && grep -n "TEMP_SINK
2026-09-18 23:39:39	REFUSED	STOPPED-RECIPE cd "G:/Codes/LabVIEW_Codes/MinLab/zz_LabView VI/AAA_UNIST/2. Tracking/V6_ParallelLoop" && py -c "import ast,sys; src=open(r'tools/recipes/build_d1_routeb_v2.py',encoding='utf-8').read()
2026-09-18 23:39:55	REFUSED	STOPPED-RECIPE cd "G:/Codes/LabVIEW_Codes/MinLab/zz_LabView VI/AAA_UNIST/2. Tracking/V6_ParallelLoop" && grep -n "zdz-wirecut\|^TEMP_SINK_AUTHORISED\|OUT = os.path.join(BENCH\|logged control only\|A2 
2026-09-18 23:41:22	REFUSED	cd "G:/Codes/LabVIEW_Codes/MinLab/zz_LabView VI/AAA_UNIST/2. Tracking/V6_ParallelLoop" && py -m py_compile "tools/recipes/build_d1_routeb_v2.py" && echo COMPILE_OK
2026-09-18 23:50:20	MARKED	cd "G:/Codes/LabVIEW_Codes/MinLab/zz_LabView VI/AAA_UNIST/2. Tracking/V6_ParallelLoop" && py tools/bgrun.py --material --max-min 40 --log tools/bench/build_d1_routeb_v2_run5.log -- py -u tools/recipes
2026-09-19 00:24:53	MARKED	cd "G:/Codes/LabVIEW_Codes/MinLab/zz_LabView VI/AAA_UNIST/2. Tracking/V6_ParallelLoop" && py tools/bgrun.py --material --max-min 6 --log tools/bench/repair_c37_selftest.log -- py -u tools/bench/repair
2026-09-19 00:25:42	MARKED	cd "G:/Codes/LabVIEW_Codes/MinLab/zz_LabView VI/AAA_UNIST/2. Tracking/V6_ParallelLoop" && py tools/bgrun.py --material --max-min 6 --log tools/bench/repair_c37_selftest.log -- py -u tools/bench/repair
2026-09-19 00:38:18	REFUSED	cd "G:/Codes/LabVIEW_Codes/MinLab/zz_LabView VI/AAA_UNIST/2. Tracking/V6_ParallelLoop" && date && py -m py_compile tools/bench/repair_c37_stall_selftest.py && echo COMPILE_OK
2026-09-19 00:50:23	MARKED	cd "G:/Codes/LabVIEW_Codes/MinLab/zz_LabView VI/AAA_UNIST/2. Tracking/V6_ParallelLoop" && py tools/bgrun.py --material --max-min 6 --log tools/bench/repair_c37b_selftest.log -- py -u tools/bench/repai
2026-09-19 01:01:59	REFUSED	STOPPED-RECIPE cd "/g/Codes/LabVIEW_Codes/MinLab/zz_LabView VI/AAA_UNIST/2. Tracking/V6_ParallelLoop" && py tools/bgrun.py --material --max-min 45 --log tools/bench/build_d1_routeb_v2_run6.log -- py -
2026-09-19 01:03:18	REFUSED	STOPPED-RECIPE cd "/g/Codes/LabVIEW_Codes/MinLab/zz_LabView VI/AAA_UNIST/2. Tracking/V6_ParallelLoop" && grep -n "P1 (cycle-38 judgement)\|P2 (cycle-38 judgement)\|P1 TWO-INDEX\|srcs = \[x for x in _t
2026-09-19 01:04:47	REFUSED	STOPPED-RECIPE cd "G:/Codes/LabVIEW_Codes/MinLab/zz_LabView VI/AAA_UNIST/2. Tracking/V6_ParallelLoop" && ls -la tools/prior_art_review.py tools/stop_record.py && python -c "import hashlib,sys; print(h
2026-09-19 01:06:33	REFUSED	STOPPED-RECIPE py tools/bgrun.py --material --max-min 20 --log tools/bench/priorart_d1_routeb_run6.log -- py -u tools/prior_art_review.py --plan-file "C:\Users\KimLab\AppData\Local\Temp\claude\G--Code
2026-09-19 01:20:00	REFUSED	STOPPED-RECIPE cd "G:/Codes/LabVIEW_Codes/MinLab/zz_LabView VI/AAA_UNIST/2. Tracking/V6_ParallelLoop" && sed -n '400,440p' tools/recipes/build_d1_routeb_v2.py
2026-09-19 01:25:15	REFUSED	STOPPED-RECIPE Copy-Item -LiteralPath 'tools/recipes/build_d1_routeb_v2.py' -Destination 'tools/recipes/build_d1_routeb_v3.py'
2026-09-19 01:25:54	MARKED	py tools/stop_record.py check "py tools/bgrun.py --material --max-min 45 --log tools/bench/build_d1_routeb_v3_run6.log -- py -u tools/recipes/build_d1_routeb_v3.py"
2026-09-19 01:36:11	MARKED	cd "G:/Codes/LabVIEW_Codes/MinLab/zz_LabView VI/AAA_UNIST/2. Tracking/V6_ParallelLoop" && py tools/bgrun.py --material --max-min 45 --log tools/bench/build_d1_routeb_v3_run6.log -- py -u tools/recipes
2026-09-19 02:39:57	MARKED	cd "G:/Codes/LabVIEW_Codes/MinLab/zz_LabView VI/AAA_UNIST/2. Tracking/V6_ParallelLoop" && py tools/bgrun.py --material --max-min 45 --log tools/bench/build_d1_routeb_v4_run7.log -- py -u tools/recipes
2026-09-19 03:40:54	MARKED	cd "G:/Codes/LabVIEW_Codes/MinLab/zz_LabView VI/AAA_UNIST/2. Tracking/V6_ParallelLoop" && py tools/stop_record.py check "py tools/bgrun.py --material --max-min 45 --log tools/bench/build_d1_routeb_v5_
2026-09-19 03:42:08	MARKED	cd "G:/Codes/LabVIEW_Codes/MinLab/zz_LabView VI/AAA_UNIST/2. Tracking/V6_ParallelLoop" && py tools/bgrun.py --material --max-min 45 --log tools/bench/build_d1_routeb_v5_run8.log -- py -u tools/recipes
2026-09-19 03:58:14	MARKED	cd "G:/Codes/LabVIEW_Codes/MinLab/zz_LabView VI/AAA_UNIST/2. Tracking/V6_ParallelLoop" && py tools/bgrun.py --material --max-min 45 --log tools/bench/build_d1_routeb_v5_run8.log -- py -u tools/recipes
2026-09-19 04:45:53	MARKED	cd "G:/Codes/LabVIEW_Codes/MinLab/zz_LabView VI/AAA_UNIST/2. Tracking/V6_ParallelLoop" && py tools/bgrun.py --material --max-min 8 --log tools/bench/repair_c39_stall_selftest.log -- py -u tools/bench/
2026-09-19 04:48:34	MARKED	cd "G:/Codes/LabVIEW_Codes/MinLab/zz_LabView VI/AAA_UNIST/2. Tracking/V6_ParallelLoop" && py tools/bgrun.py --material --max-min 8 --log tools/bench/repair_c39_stall_selftest.log -- py -u tools/bench/
2026-09-19 04:54:39	MARKED	cd "G:/Codes/LabVIEW_Codes/MinLab/zz_LabView VI/AAA_UNIST/2. Tracking/V6_ParallelLoop" && py tools/bgrun.py --material --max-min 15 --log tools/bench/repair_c40_stall_selftest.log -- py -u tools/bench
2026-09-19 05:21:52	REFUSED	STOPPED-RECIPE py -c "import sys; sys.path.insert(0,r'G:\Codes\LabVIEW_Codes\MinLab\zz_LabView VI\AAA_UNIST\2. Tracking\V6_ParallelLoop\tools'); import stop_record as s; print(s.check_command('py tool
2026-09-19 05:25:10	REFUSED	STOPPED-RECIPE cd "G:/Codes/LabVIEW_Codes/MinLab/zz_LabView VI/AAA_UNIST/2. Tracking/V6_ParallelLoop" && tasklist 2>/dev/null | grep -i labview; echo "---"; python -c " import hashlib p='tools/recipes
2026-09-19 05:30:28	MARKED	cd "G:/Codes/LabVIEW_Codes/MinLab/zz_LabView VI/AAA_UNIST/2. Tracking/V6_ParallelLoop" && py tools/bgrun.py --material --max-min 45 --log tools/bench/build_d1_routeb_v6_run9.log -- py -u tools/recipes
2026-09-19 06:28:22	REFUSED	py tools/bench/../../tools/noop.py 2>/dev/null; echo ok
2026-09-19 06:47:00	REFUSED	STOPPED-RECIPE cd "G:/Codes/LabVIEW_Codes/MinLab/zz_LabView VI/AAA_UNIST/2. Tracking/V6_ParallelLoop" && grep -n "def diag_index\|def wmap\|_WALKS\|def claim_wire\|ledger_wires" tools/recipes/build_d1
2026-09-19 06:51:57	REFUSED	STOPPED-RECIPE cd "G:/Codes/LabVIEW_Codes/MinLab/zz_LabView VI/AAA_UNIST/2. Tracking/V6_ParallelLoop" && py -c " import ast,hashlib,py_compile,sys p=r'tools\recipes\build_d1_routeb_v7.py' b=open(p,'rb
2026-09-19 06:53:08	REFUSED	STOPPED-RECIPE cd "G:/Codes/LabVIEW_Codes/MinLab/zz_LabView VI/AAA_UNIST/2. Tracking/V6_ParallelLoop" && certutil -hashfile "tools/recipes/build_d1_routeb_v7.py" SHA256 | head -3 && certutil -hashfile
2026-09-19 06:54:24	MARKED	cd "G:/Codes/LabVIEW_Codes/MinLab/zz_LabView VI/AAA_UNIST/2. Tracking/V6_ParallelLoop" && py tools/bgrun.py --material --max-min 2 --log tools/bench/v7_syntax_c42.log -- py -m py_compile "tools/recipe
2026-09-19 06:55:07	MARKED	cd "G:/Codes/LabVIEW_Codes/MinLab/zz_LabView VI/AAA_UNIST/2. Tracking/V6_ParallelLoop" && py tools/bgrun.py --material --max-min 60 --log tools/bench/build_d1_routeb_v7_run10.log -- py -u tools/recipe
2026-09-19 17:30:54	MARKED	cd "G:/Codes/LabVIEW_Codes/MinLab/zz_LabView VI/AAA_UNIST/2. Tracking/V6_ParallelLoop" && py tools/bgrun.py --material --max-min 30 --log tools/bench/s0_hygiene_probe.log -- py -u tools/bench/s0_hygie
2026-09-19 17:32:16	MARKED	cd "G:/Codes/LabVIEW_Codes/MinLab/zz_LabView VI/AAA_UNIST/2. Tracking/V6_ParallelLoop" && py tools/bgrun.py --material --max-min 30 --log tools/bench/s0_hygiene_probe_run2.log -- py -u tools/bench/s0_
2026-09-19 17:36:27	REFUSED	cd "G:/Codes/LabVIEW_Codes/MinLab/zz_LabView VI/AAA_UNIST/2. Tracking/V6_ParallelLoop" && py -m py_compile tools/recipes/build_opreport_v4.py && echo "COMPILE OK"
2026-09-19 17:47:45	MARKED	cd "G:/Codes/LabVIEW_Codes/MinLab/zz_LabView VI/AAA_UNIST/2. Tracking/V6_ParallelLoop" && py tools/bgrun.py --material --max-min 12 --log tools/bench/s0_terminal_names.log -- py -u tools/bench/s0_term
2026-09-19 18:05:23	MARKED	py tools/stop_record.py check py tools/bgrun.py --material --max-min 30 --log tools/bench/build_s0_closeref_v1.log -- py -u tools/recipes/build_s0_closeref_v1.py
2026-09-19 18:05:27	MARKED	py tools/stop_record.py check "py tools/bgrun.py --material --max-min 30 --log tools/bench/build_s0_closeref_v1.log -- py -u tools/recipes/build_s0_closeref_v1.py"
2026-09-19 18:05:56	MARKED	cd "G:/Codes/LabVIEW_Codes/MinLab/zz_LabView VI/AAA_UNIST/2. Tracking/V6_ParallelLoop" && MATERIAL=1 py tools/bgrun.py --material --max-min 30 --log tools/bench/build_s0_closeref_v1.log -- py -u tools
2026-09-19 18:06:03	MARKED	env MATERIAL=1 py tools/bgrun.py --material --max-min 30 --log tools/bench/build_s0_closeref_v1.log -- py -u tools/recipes/build_s0_closeref_v1.py
2026-09-19 18:06:06	MARKED	MATERIAL=1 py tools/bgrun.py --material --max-min 30 --log tools/bench/build_s0_closeref_v1.log -- py -u tools/recipes/build_s0_closeref_v1.py
2026-09-19 18:06:32	MARKED	py tools/bgrun.py --material --max-min 30 --log tools/bench/build_s0_closeref_v1.log -- py -u tools/recipes/build_s0_closeref_v1.py
2026-09-19 18:19:00	REFUSED	STOPPED-RECIPE py -c "import ast,hashlib,py_compile; p='tools/recipes/build_s0_closeref_v1.py'; src=open(p,'rb').read(); ast.parse(src.decode('utf-8')); py_compile.compile(p,doraise=True,cfile='C:/Use
2026-09-19 18:19:17	REFUSED	STOPPED-RECIPE py tools/stop_record.py write --recipe tools/recipes/build_s0_closeref_v1.py --review archive/peer/2026-09-19-priorart-s0-closeref.md --verdict refuted-already contradicted unread-evide
2026-09-19 18:22:44	MARKED	py tools/stop_record.py check "py tools/bgrun.py --material --max-min 30 --log tools/bench/build_s0_closeref_v2.log -- py -u tools/recipes/build_s0_closeref_v2.py"
2026-09-19 18:33:54	MARKED	py tools/bgrun.py --material --max-min 12 --log tools/bench/s0_body_census.log -- py -u tools/bench/s0_body_census.py
2026-09-19 18:38:49	REFUSED	STOPPED-RECIPE cd "G:/Codes/LabVIEW_Codes/MinLab/zz_LabView VI/AAA_UNIST/2. Tracking/V6_ParallelLoop" && grep -n "def connect_nested\|CONNECT_V1 =\|def _connect\|def conn" tools/recipes/build_d1_route
2026-09-19 18:49:26	MARKED	cd "G:/Codes/LabVIEW_Codes/MinLab/zz_LabView VI/AAA_UNIST/2. Tracking/V6_ParallelLoop" && MATERIAL=1 py tools/bgrun.py --material --max-min 3 --log tools/bench/v3_syntax_c43.log -- py -u tools/bench/v
2026-09-19 18:49:35	MARKED	MATERIAL=1 py tools/bgrun.py --max-min 3 --log tools/bench/v3_syntax_c43.log -- py -u tools/bench/v3_syntax_c43.py
2026-09-19 18:49:58	MARKED	py tools/bgrun.py --material --max-min 3 --log tools/bench/v3_syntax_c43.log -- py -u tools/bench/v3_syntax_c43.py
2026-09-19 18:50:31	MARKED	py tools/stop_record.py check "py tools/bgrun.py --material --max-min 40 --log tools/bench/build_s0_closeref_v3.log -- py -u tools/recipes/build_s0_closeref_v3.py"
2026-09-19 18:50:50	MARKED	py tools/bgrun.py --material --max-min 40 --log tools/bench/build_s0_closeref_v3.log -- py -u tools/recipes/build_s0_closeref_v3.py
2026-09-19 19:30:14	MARKED	cd "G:/Codes/LabVIEW_Codes/MinLab/zz_LabView VI/AAA_UNIST/2. Tracking/V6_ParallelLoop" && MATERIAL=1 py tools/bgrun.py --max-min 8 --log tools/bench/selftest_stoprecord_supersession_pre.log -- py -u t
2026-09-19 19:30:17	MARKED	cd "G:/Codes/LabVIEW_Codes/MinLab/zz_LabView VI/AAA_UNIST/2. Tracking/V6_ParallelLoop" && MATERIAL=1 py tools/bgrun.py --max-min 8 --log tools/bench/selftest_stoprecord_supersession_pre.log -- py -u t
2026-09-19 19:30:21	MARKED	$env:MATERIAL='1'; py tools\bgrun.py --max-min 8 --log tools\bench\selftest_stoprecord_supersession_pre.log -- py -u tools\bench\selftest_stoprecord_supersession.py
2026-09-19 19:30:28	MARKED	cd "G:/Codes/LabVIEW_Codes/MinLab/zz_LabView VI/AAA_UNIST/2. Tracking/V6_ParallelLoop" && MATERIAL=1 py tools/bgrun.py --max-min 8 --log tools/bench/selftest_stoprecord_supersession_pre.log -- py -u t
2026-09-19 19:30:33	MARKED	$env:MATERIAL='1'; py tools\bgrun.py --max-min 8 --log tools\bench\selftest_stoprecord_supersession_pre.log -- py -u tools\bench\selftest_stoprecord_supersession.py
2026-09-19 19:30:53	MARKED	$env:MATERIAL='1'; py tools\bgrun.py --max-min 8 --log tools\bench\selftest_stoprecord_supersession_pre.log -- py -u tools\bench\selftest_stoprecord_supersession.py
2026-09-19 19:31:01	MARKED	py tools\bgrun.py --material --max-min 8 --log tools\bench\selftest_stoprecord_supersession_pre.log -- py -u tools\bench\selftest_stoprecord_supersession.py
2026-09-19 19:31:26	MARKED	py tools\bgrun.py --material --max-min 8 --log tools\bench\selftest_stoprecord_supersession_post.log -- py -u tools\bench\selftest_stoprecord_supersession.py
2026-09-19 19:49:54	MARKED	cd "G:/Codes/LabVIEW_Codes/MinLab/zz_LabView VI/AAA_UNIST/2. Tracking/V6_ParallelLoop" && MATERIAL=1 py tools/bgrun.py --max-min 3 --log tools/bench/s0beta_syntax.log -- py -m py_compile tools/recipes
2026-09-19 19:50:38	MARKED	cd "G:/Codes/LabVIEW_Codes/MinLab/zz_LabView VI/AAA_UNIST/2. Tracking/V6_ParallelLoop" && MATERIAL=1 py tools/bgrun.py --max-min 2 --log tools/bench/s0beta_syntax.log -- py -m py_compile tools/recipes
2026-09-19 20:12:16	REFUSED	cd "G:/Codes/LabVIEW_Codes/MinLab/zz_LabView VI/AAA_UNIST/2. Tracking/V6_ParallelLoop" && py -m py_compile tools/bench/s0_op_census.py && echo COMPILE_OK
2026-09-19 20:12:26	MARKED	cd "G:/Codes/LabVIEW_Codes/MinLab/zz_LabView VI/AAA_UNIST/2. Tracking/V6_ParallelLoop" && py tools/bgrun.py --material --max-min 2 --log tools/bench/census_syntax.log -- py -m py_compile tools/bench/s
2026-09-19 20:12:29	MARKED	cd "G:/Codes/LabVIEW_Codes/MinLab/zz_LabView VI/AAA_UNIST/2. Tracking/V6_ParallelLoop" && py tools/bgrun.py --material --max-min 2 --log tools/bench/census_syntax.log -- py -m py_compile tools/bench/s
2026-09-19 20:12:36	MARKED	cd "G:/Codes/LabVIEW_Codes/MinLab/zz_LabView VI/AAA_UNIST/2. Tracking/V6_ParallelLoop" && py tools/bgrun.py --material --max-min 25 --log tools/bench/s0_op_census.log -- py -u tools/bench/s0_op_census
2026-09-19 20:15:17	MARKED	cd "G:/Codes/LabVIEW_Codes/MinLab/zz_LabView VI/AAA_UNIST/2. Tracking/V6_ParallelLoop" && py tools/bgrun.py --material --max-min 2 --log tools/bench/gamma1_syntax.log -- py -m py_compile tools/recipes
2026-09-19 20:27:03	MARKED	cd "G:/Codes/LabVIEW_Codes/MinLab/zz_LabView VI/AAA_UNIST/2. Tracking/V6_ParallelLoop" && py tools/bgrun.py --material --max-min 2 --log tools/bench/census_syntax.log -- py -m py_compile tools/bench/s
2026-09-19 20:36:17	MARKED	cd "G:/Codes/LabVIEW_Codes/MinLab/zz_LabView VI/AAA_UNIST/2. Tracking/V6_ParallelLoop" && py tools/bgrun.py --material --max-min 2 --log tools/bench/census_syntax.log -- py -m py_compile tools/bench/s
2026-09-19 20:36:22	MARKED	cd "G:/Codes/LabVIEW_Codes/MinLab/zz_LabView VI/AAA_UNIST/2. Tracking/V6_ParallelLoop" && py tools/bgrun.py --material --max-min 25 --log tools/bench/s0_op_census.log -- py -u tools/bench/s0_op_census
2026-09-19 20:44:08	MARKED	cd "G:/Codes/LabVIEW_Codes/MinLab/zz_LabView VI/AAA_UNIST/2. Tracking/V6_ParallelLoop" && MATERIAL=1 py tools/stop_record.py check "py -u tools/recipes/build_s0_gamma1.py"
2026-09-19 20:44:11	MARKED	cd "G:/Codes/LabVIEW_Codes/MinLab/zz_LabView VI/AAA_UNIST/2. Tracking/V6_ParallelLoop" && MATERIAL=1 py tools/stop_record.py check "py -u tools/recipes/build_s0_gamma1.py"
2026-09-19 20:44:14	MARKED	$env:MATERIAL='1'; py tools\stop_record.py check "py -u tools/recipes/build_s0_gamma1.py"
2026-09-19 20:48:23	MARKED	cd "G:/Codes/LabVIEW_Codes/MinLab/zz_LabView VI/AAA_UNIST/2. Tracking/V6_ParallelLoop" && MATERIAL=1 py tools/bgrun.py --material --max-min 30 --log tools/bench/s0b_refleak_profile.log -- py -u tools/
2026-09-19 20:48:28	MARKED	MATERIAL=1 py tools/bgrun.py --material --max-min 30 --log tools/bench/s0b_refleak_profile.log -- py -u tools/bench/s0_hygiene_probe.py --s0b
2026-09-19 20:48:30	MARKED	py tools\bgrun.py --material --max-min 30 --log tools/bench/s0b_refleak_profile.log -- py -u tools/bench/s0_hygiene_probe.py --s0b
2026-09-19 20:58:40	MARKED	cd "G:/Codes/LabVIEW_Codes/MinLab/zz_LabView VI/AAA_UNIST/2. Tracking/V6_ParallelLoop" && MATERIAL=1 py tools/bgrun.py --max-min 30 --log tools/bench/s0b_mutonly_profile.log -- py -u tools/bench/s0_hy
2026-09-19 20:58:45	MARKED	MATERIAL=1 py tools/bgrun.py --max-min 30 --log tools/bench/s0b_mutonly_profile.log -- py -u tools/bench/s0_hygiene_probe.py --s0bmut
2026-09-19 20:58:50	MARKED	$env:MATERIAL='1'; py tools\bgrun.py --max-min 30 --log tools\bench\s0b_mutonly_profile.log -- py -u tools\bench\s0_hygiene_probe.py --s0bmut
2026-09-19 20:58:58	MARKED	py tools/bgrun.py --material --max-min 30 --log tools/bench/s0b_mutonly_profile.log -- py -u tools/bench/s0_hygiene_probe.py --s0bmut
2026-09-19 21:38:07	REFUSED	STOPPED-RECIPE cd "G:/Codes/LabVIEW_Codes/MinLab/zz_LabView VI/AAA_UNIST/2. Tracking/V6_ParallelLoop" && python -c " import os,time for p in ['STATUS.md','docs/cycle27-plan.md','tools/recipes/stage_d1
2026-09-19 21:38:23	REFUSED	STOPPED-RECIPE $ps = @('STATUS.md','docs/cycle27-plan.md','archive/peer/2026-09-19-priorart-d1-s1-stage.md','docs/fixture-recording.md','tools/bench/build_d1_v0_run6.log','tools/gscript.py','tools/rec
2026-09-19 21:44:24	MARKED	$env:MATERIAL='1'; py tools\stop_record.py check "py tools/bgrun.py --material --max-min 45 --log tools/bench/stage_d1_s1.log -- py -u tools/recipes/stage_d1_s1.py"
2026-09-19 21:44:29	MARKED	MATERIAL=1 py "G:/Codes/LabVIEW_Codes/MinLab/zz_LabView VI/AAA_UNIST/2. Tracking/V6_ParallelLoop/tools/stop_record.py" check "py tools/bgrun.py --material --max-min 45 --log tools/bench/stage_d1_s1.lo
2026-09-19 21:44:34	MARKED	py tools\stop_record.py check "py tools/bgrun.py --material --max-min 45 --log tools/bench/stage_d1_s1.log -- py -u tools/recipes/stage_d1_s1.py"
2026-09-19 21:45:01	MARKED	MATERIAL=1 py tools/bgrun.py --material --max-min 45 --log tools/bench/stage_d1_s1.log -- py -u tools/recipes/stage_d1_s1.py
2026-09-19 21:45:12	MARKED	py tools/bgrun.py --material --max-min 45 --log tools/bench/stage_d1_s1.log -- py -u tools/recipes/stage_d1_s1.py
2026-09-19 22:10:18	MARKED	py tools/bgrun.py --material --max-min 25 --log tools/bench/s1_savedcopy_census.log -- py -u tools/bench/s1_savedcopy_census.py
2026-09-19 22:18:32	MARKED	cd "G:/Codes/LabVIEW_Codes/MinLab/zz_LabView VI/AAA_UNIST/2. Tracking/V6_ParallelLoop" && MATERIAL=1 py tools/bgrun.py --max-min 55 --log tools/bench/s1_subvi_paths.log -- py -u tools/bench/s1_subvi_p
2026-09-19 22:18:36	MARKED	MATERIAL=1 py tools/bgrun.py --max-min 55 --log tools/bench/s1_subvi_paths.log -- py -u tools/bench/s1_subvi_paths.py
2026-09-19 22:18:39	MARKED	$env:MATERIAL='1'; py tools\bgrun.py --max-min 55 --log tools\bench\s1_subvi_paths.log -- py -u tools\bench\s1_subvi_paths.py
2026-09-19 22:18:49	MARKED	py tools/bgrun.py --material --max-min 55 --log tools/bench/s1_subvi_paths.log -- py -u tools/bench/s1_subvi_paths.py
2026-09-19 22:41:22	REFUSED	STOPPED-RECIPE cd "G:/Codes/LabVIEW_Codes/MinLab/zz_LabView VI/AAA_UNIST/2. Tracking/V6_ParallelLoop" && MATERIAL=1 py - <<'PYEOF' import ast,hashlib,io,os,re p=r"tools/recipes/stage_d1_s1.py" src=ope
2026-09-19 22:41:41	REFUSED	STOPPED-RECIPE cd "G:/Codes/LabVIEW_Codes/MinLab/zz_LabView VI/AAA_UNIST/2. Tracking/V6_ParallelLoop" && MATERIAL=1 py tools/stop_record.py --check tools/recipes/stage_d1_s1.py 2>&1 | tail -20
2026-09-19 22:45:30	REFUSED	py tools/bench/../../tools/hooks/../line_count_probe.py
2026-09-19 22:49:51	MARKED	cd "G:/Codes/LabVIEW_Codes/MinLab/zz_LabView VI/AAA_UNIST/2. Tracking/V6_ParallelLoop" && py tools/bgrun.py --material --max-min 8 --log tools/bench/selftest_stoprecord_exempt.log -- py -u tools/bench
2026-09-19 22:50:08	REFUSED	STOPPED-RECIPE cd "G:/Codes/LabVIEW_Codes/MinLab/zz_LabView VI/AAA_UNIST/2. Tracking/V6_ParallelLoop" && py -c "import json;d=json.load(open('tools/bench/stop_records.json'));[print(i,r['recipe_path']
2026-09-19 22:50:14	REFUSED	STOPPED-RECIPE cd "G:/Codes/LabVIEW_Codes/MinLab/zz_LabView VI/AAA_UNIST/2. Tracking/V6_ParallelLoop" && py tools/stop_record.py write --recipe tools/recipes/stage_d1_s1.py --review archive/peer/2026-
2026-09-19 22:51:21	MARKED	cd "G:/Codes/LabVIEW_Codes/MinLab/zz_LabView VI/AAA_UNIST/2. Tracking/V6_ParallelLoop" && py tools/bgrun.py --material --max-min 8 --log tools/bench/selftest_stoprecord_exempt.log -- py -u tools/bench
2026-09-19 22:52:32	MARKED	cd "G:/Codes/LabVIEW_Codes/MinLab/zz_LabView VI/AAA_UNIST/2. Tracking/V6_ParallelLoop" && py tools/bgrun.py --material --max-min 5 --log tools/bench/static_audit_s1.log -- py -u tools/bench/static_aud
2026-09-19 22:54:59	MARKED	cd "G:/Codes/LabVIEW_Codes/MinLab/zz_LabView VI/AAA_UNIST/2. Tracking/V6_ParallelLoop" && py tools/bgrun.py --material --max-min 5 --log tools/bench/static_audit_s1.log -- py -u "tools/bench/static_au
2026-09-19 22:55:36	MARKED	cd "G:/Codes/LabVIEW_Codes/MinLab/zz_LabView VI/AAA_UNIST/2. Tracking/V6_ParallelLoop" && py tools/bgrun.py --material --max-min 5 --log tools/bench/static_audit_s1.log -- py -u "tools/bench/static_au
2026-09-19 23:03:50	MARKED	cd "G:/Codes/LabVIEW_Codes/MinLab/zz_LabView VI/AAA_UNIST/2. Tracking/V6_ParallelLoop" && py tools/bgrun.py --material --max-min 5 --log tools/bench/static_audit_s1_v2.log -- py -u "tools/bench/static
2026-09-19 23:16:18	MARKED	cd "G:/Codes/LabVIEW_Codes/MinLab/zz_LabView VI/AAA_UNIST/2. Tracking/V6_ParallelLoop" && MATERIAL=1 py tools/bgrun.py --material --max-min 45 --log tools/bench/stage_d1_s1_cd.log -- py -u tools/recip
2026-09-19 23:23:05	MARKED	MATERIAL=1 py tools/bgrun.py --max-min 8 --log tools/bench/t2_rsrc_run.log -- py -u tools/bench/t2_rsrc_blockdiff.py
2026-09-19 23:23:30	MARKED	py tools/bgrun.py --material --max-min 8 --log tools/bench/t2_rsrc_run.log -- py -u tools/bench/t2_rsrc_blockdiff.py
2026-09-19 23:24:10	MARKED	py tools/bgrun.py --material --max-min 8 --log tools/bench/t2_rsrc_run.log -- python -u tools/bench/t2_rsrc_blockdiff.py
2026-09-19 23:25:04	MARKED	py tools/bgrun.py --material --max-min 5 --log tools/bench/t2_rsrc_probe_run.log -- python -u tools/bench/t2_rsrc_probe.py
2026-09-19 23:26:34	MARKED	py tools/bgrun.py --material --max-min 8 --log tools/bench/t2_rsrc_run.log -- python -u tools/bench/t2_rsrc_blockdiff.py
2026-09-19 23:27:07	MARKED	py tools/bgrun.py --material --max-min 8 --log tools/bench/t2_rsrc_run.log -- python -u tools/bench/t2_rsrc_blockdiff.py
2026-09-19 23:38:20	REFUSED	py tools/bgrun.py --max-min 25 --log tools/bench/wait_retro.log -- py -u tools/bench/wait_bgrun_end.py tools/bench/retro.log 1400
2026-09-19 23:43:11	REFUSED	cd "/g/Codes/LabVIEW_Codes/MinLab/zz_LabView VI/AAA_UNIST/2. Tracking/V6_ParallelLoop" && py tools/bgrun.py --max-min 600 --log tools/bench/cycle_runner_main_20260919b.log -- py tools/bench/runner_rel
2026-09-19 23:51:58	MARKED	py tools/bgrun.py --material --max-min 45 --log tools/bench/stage_d1_s1_cd.log -- py -u tools/recipes/stage_d1_s1.py --phases CD
2026-09-20 00:07:40	MARKED	cd "G:/Codes/LabVIEW_Codes/MinLab/zz_LabView VI/AAA_UNIST/2. Tracking/V6_ParallelLoop" && MATERIAL=1 py tools/bgrun.py --material --max-min 45 --log tools/bench/stage_d1_s1_cd.log -- py -u tools/recip
2026-09-20 00:07:47	MARKED	$env:MATERIAL='1'; py tools\bgrun.py --material --max-min 45 --log tools/bench/stage_d1_s1_cd.log -- py -u tools/recipes/stage_d1_s1.py --phases CD
2026-09-20 00:07:53	MARKED	MATERIAL=1 py tools/bgrun.py --material --max-min 45 --log tools/bench/stage_d1_s1_cd.log -- py -u tools/recipes/stage_d1_s1.py --phases CD
2026-09-20 00:08:09	MARKED	py tools/bgrun.py --material --max-min 45 --log tools/bench/stage_d1_s1_cd.log -- py -u tools/recipes/stage_d1_s1.py --phases CD
2026-09-20 01:03:36	REFUSED	STOPPED-RECIPE cd "G:/Codes/LabVIEW_Codes/MinLab/zz_LabView VI/AAA_UNIST/2. Tracking/V6_ParallelLoop" && py -c "import sys,os;sys.path.insert(0,'tools/hooks');sys.path.insert(0,'tools');import stop_re
2026-09-20 01:20:19	REFUSED	STOPPED-RECIPE cd "G:/Codes/LabVIEW_Codes/MinLab/zz_LabView VI/AAA_UNIST/2. Tracking/V6_ParallelLoop" && grep -n "^  31(\|^CPU_KERNEL\|^RELOCATE\|^SCAFFOLD_STOP_CONTROL\|^OP_EXITWHILE\|^def a1_move_in
2026-09-20 01:35:21	REFUSED	STOPPED-RECIPE cd "/g/Codes/LabVIEW_Codes/MinLab/zz_LabView VI/AAA_UNIST/2. Tracking/V6_ParallelLoop" && tail -c 600 tools/bench/cycle_36.log; echo; echo ---; ls -t archive/peer/ | head -3; ls -lt --t
2026-09-20 01:36:21	REFUSED	STOPPED-RECIPE cd "G:/Codes/LabVIEW_Codes/MinLab/zz_LabView VI/AAA_UNIST/2. Tracking/V6_ParallelLoop" && grep -n "SCAFFOLD_STOP_CONTROL" tools/recipes/stage_d1_s2.py
2026-09-20 01:37:26	REFUSED	STOPPED-RECIPE cd "G:/Codes/LabVIEW_Codes/MinLab/zz_LabView VI/AAA_UNIST/2. Tracking/V6_ParallelLoop" && MATERIAL=1 py tools/bgrun.py --material --max-min 45 --log tools/bench/stage_d1_s2_acd.log -- p
2026-09-20 01:43:02	REFUSED	STOPPED-RECIPE cd "G:/Codes/LabVIEW_Codes/MinLab/zz_LabView VI/AAA_UNIST/2. Tracking/V6_ParallelLoop" && ls tools/prior_art_review.py tools/stop_record.py tools/recipes/stage_d1_s2.py && md5sum tools/
2026-09-20 01:57:04	MARKED	cd "G:/Codes/LabVIEW_Codes/MinLab/zz_LabView VI/AAA_UNIST/2. Tracking/V6_ParallelLoop" && py tools/stop_record.py check "MATERIAL=1 py tools/bgrun.py --material --max-min 30 --log tools/bench/stage_d1
2026-09-20 01:58:20	REFUSED	STOPPED-RECIPE cd "G:/Codes/LabVIEW_Codes/MinLab/zz_LabView VI/AAA_UNIST/2. Tracking/V6_ParallelLoop" && grep -n 'cand(op="' tools/recipes/stage_d1_s2.py | cut -c1-70
2026-09-20 01:59:16	REFUSED	STOPPED-RECIPE cd "G:/Codes/LabVIEW_Codes/MinLab/zz_LabView VI/AAA_UNIST/2. Tracking/V6_ParallelLoop" && ls -la --time-style=full-iso tools/recipes/stage_d1_s2.py STATUS.md tools/bench/c49_facts.log a
2026-09-20 02:03:06	REFUSED	STOPPED-RECIPE cd "G:/Codes/LabVIEW_Codes/MinLab/zz_LabView VI/AAA_UNIST/2. Tracking/V6_ParallelLoop" && wc -l docs/cycle27-plan.md tools/recipes/stage_d1_s2.py docs/toolkit-capabilities.md && grep -n
2026-09-20 02:59:35	MARKED	cd "G:/Codes/LabVIEW_Codes/MinLab/zz_LabView VI/AAA_UNIST/2. Tracking/V6_ParallelLoop" && MATERIAL=1 py tools/bgrun.py --max-min 3 --log tools/bench/relocate_next_c50.log -- py -u tools/bench/relocate
2026-09-20 02:59:39	MARKED	cd "G:/Codes/LabVIEW_Codes/MinLab/zz_LabView VI/AAA_UNIST/2. Tracking/V6_ParallelLoop" && MATERIAL=1 py tools/bgrun.py --max-min 3 --log tools/bench/relocate_next_c50.log -- py -u tools/bench/relocate
2026-09-20 02:59:44	MARKED	MATERIAL=1 py tools/bgrun.py --max-min 3 --log tools/bench/relocate_next_c50.log -- py -u tools/bench/relocate_next_c50.py
2026-09-20 02:59:48	MARKED	MATERIAL=1 py tools/bgrun.py --max-min 3 --log tools/bench/relocate_next_c50.log -- py -u tools/bench/relocate_next_c50.py
2026-09-20 02:59:54	MARKED	$env:MATERIAL='1'; py tools\bgrun.py --max-min 3 --log tools\bench\relocate_next_c50.log -- py -u tools\bench\relocate_next_c50.py
2026-09-20 03:00:17	MARKED	py tools/bgrun.py --material --max-min 3 --log tools/bench/relocate_next_c50.log -- py -u tools/bench/relocate_next_c50.py
2026-09-20 03:00:28	MARKED	py tools/bgrun.py --material --max-min 3 --log tools/bench/relocate_next_c50.log -- py -u tools/bench/relocate_next_c50.py
2026-09-20 03:01:47	REFUSED	STOPPED-RECIPE cd "G:/Codes/LabVIEW_Codes/MinLab/zz_LabView VI/AAA_UNIST/2. Tracking/V6_ParallelLoop" && grep -n "^def \|^ORIGINAL\|^S1_COPY\|^CLAUDEDEV\|^DIAG_686\|^OP_\|^import\|^from " tools/recipe
2026-09-20 03:07:52	MARKED	py tools/bgrun.py --material --max-min 3 --log tools/bench/diag_s2_scaffold_syntax.log -- py -u tools/bench/syntax_check_c50.py
2026-09-20 03:08:04	MARKED	py tools/bgrun.py --material --max-min 3 --log tools/bench/diag_s2_scaffold_syntax.log -- py -u tools/bench/syntax_check_c50.py
2026-09-20 03:08:07	MARKED	py tools/bgrun.py --material --max-min 30 --log tools/bench/diag_s2_scaffold.log -- py -u tools/bench/diag_s2_scaffold.py
2026-09-20 03:08:29	MARKED	py tools/bgrun.py --material --max-min 30 --log tools/bench/diag_s2_scaffold.log -- py -u tools/bench/diag_s2_scaffold.py
2026-09-20 03:09:41	MARKED	py tools/bgrun.py --material --max-min 25 --log tools/bench/wait_diag_s2.log -- py -u tools/bench/wait_bgrun_end.py tools/bench/diag_s2_scaffold.log 1400 15
2026-09-20 03:28:24	REFUSED	STOPPED-RECIPE cd "G:/Codes/LabVIEW_Codes/MinLab/zz_LabView VI/AAA_UNIST/2. Tracking/V6_ParallelLoop" && grep -n "LOOP_LOCATIONS" -A 12 tools/recipes/stage_d1_s2.py | head -40
2026-09-20 03:33:51	REFUSED	py tools\bgrun.py --max-min 22 --log tools\bench\wait_priorart_c51.log -- py -u tools/bench/wait_bgrun_end.py tools/bench/priorart_d1-s2-loops.log 1260 15
2026-09-20 03:33:54	MARKED	py tools\bgrun.py --material --max-min 22 --log tools\bench\wait_priorart_c51.log -- py -u tools/bench/wait_bgrun_end.py tools/bench/priorart_d1-s2-loops.log 1260 15
2026-09-20 03:42:22	REFUSED	STOPPED-RECIPE py tools\bgrun.py --material --max-min 30 --log tools\bench\stage_d1_s2_loops.log -- py -u tools/recipes/stage_d1_s2_loops.py
2026-09-20 03:45:54	REFUSED	STOPPED-RECIPE cd "G:/Codes/LabVIEW_Codes/MinLab/zz_LabView VI/AAA_UNIST/2. Tracking/V6_ParallelLoop" && tail -5 tools/recipes/stage_d1_s1.py && echo "---defaults---" && grep -n "__defaults__" tools/r
2026-09-20 03:50:31	MARKED	cd "G:/Codes/LabVIEW_Codes/MinLab/zz_LabView VI/AAA_UNIST/2. Tracking/V6_ParallelLoop" && MATERIAL=1 py -u tools/bench/c51m2_astcheck.py
2026-09-20 03:50:39	MARKED	cd "G:/Codes/LabVIEW_Codes/MinLab/zz_LabView VI/AAA_UNIST/2. Tracking/V6_ParallelLoop" && MATERIAL=1 py tools/bgrun.py --max-min 3 --log tools/bench/c51m2_astcheck.log -- py -u tools/bench/c51m2_astch
2026-09-20 03:50:44	MARKED	$env:MATERIAL='1'; py tools\bgrun.py --max-min 3 --log tools\bench\c51m2_astcheck.log -- py -u tools\bench\c51m2_astcheck.py
2026-09-20 03:50:47	MARKED	$env:MATERIAL='1'; py tools\bgrun.py --max-min 3 --log tools\bench\c51m2_astcheck.log -- py -u tools\bench\c51m2_astcheck.py
2026-09-20 03:51:26	MARKED	py tools/bgrun.py --material --detach --max-min 3 --log tools/bench/c51m2_astcheck.log -- py -u tools/bench/c51m2_astcheck.py
2026-09-20 03:52:01	MARKED	py tools/bgrun.py --material --detach --max-min 50 --log tools/bench/stage_d1_s2_loops.log -- py -u tools/recipes/stage_d1_s2_loops.py
2026-09-20 03:53:15	MARKED	py tools/bgrun.py --material --detach --max-min 50 --log tools/bench/stage_d1_s2_loops.log -- py -u tools/recipes/stage_d1_s2_loops.py
2026-09-20 04:06:22	MARKED	$env:MATERIAL='1'; py -u tools\bench\c52_astcheck.py tools/bench/verify_d1_s2.py
2026-09-20 04:06:36	MARKED	MATERIAL=1 py tools/bgrun.py --max-min 3 --log tools/bench/c52_astcheck.log -- py -u tools/bench/c52_astcheck.py tools/bench/verify_d1_s2.py
2026-09-20 04:06:40	MARKED	MATERIAL=1 py tools/bgrun.py --max-min 3 --log tools/bench/c52_astcheck.log -- py -u tools/bench/c52_astcheck.py tools/bench/verify_d1_s2.py
2026-09-20 04:07:14	MARKED	py tools/bgrun.py --material --max-min 3 --log tools/bench/c52_astcheck.log -- py -u tools/bench/c52_astcheck.py tools/bench/verify_d1_s2.py
2026-09-20 04:08:08	MARKED	py tools/bgrun.py --material --max-min 50 --log tools/bench/verify_d1_s2.log -- py -u tools/bench/verify_d1_s2.py
2026-09-20 04:22:19	MARKED	py tools/bgrun.py --material --max-min 3 --log tools/bench/c52_astcheck.log -- py -u tools/bench/c52_astcheck.py tools/bench/diag_queue_donor.py
2026-09-20 04:22:33	MARKED	py tools/bgrun.py --material --max-min 30 --log tools/bench/diag_queue_donor.log -- py -u tools/bench/diag_queue_donor.py
2026-09-20 04:41:05	REFUSED	py -u "tools\bench\c52r2_astcheck.py"
2026-09-20 04:41:14	MARKED	py tools\bgrun.py --material --max-min 5 --log tools\bench\c52r2_astcheck.log -- py -u tools\bench\c52r2_astcheck.py
2026-09-20 04:41:37	MARKED	py tools\bgrun.py --material --max-min 30 --log tools\bench\diag_queue_donor2.log -- py -u tools\bench\diag_queue_donor2.py
2026-09-20 04:46:30	MARKED	py tools\bgrun.py --material --max-min 5 --log tools\bench\c52r2b_astcheck.log -- py -u tools\bench\c52r2_astcheck.py tools/bench/diag_qdonor2_stage.py
2026-09-20 04:46:38	MARKED	py tools\bgrun.py --material --max-min 25 --log tools\bench\diag_qdonor2_stage.log -- py -u tools\bench\diag_qdonor2_stage.py
2026-09-20 05:00:46	MARKED	py tools\bgrun.py --material --max-min 5 --log tools\bench\c52r2c_astcheck.log -- py -u tools\bench\c52r2_astcheck.py tools/bench/diag_qdonor2_ia.py
2026-09-20 05:00:52	MARKED	py tools\bgrun.py --material --max-min 20 --log tools\bench\diag_qdonor2_ia.log -- py -u tools\bench\diag_qdonor2_ia.py
2026-09-20 05:17:08	MARKED	cd "G:/Codes/LabVIEW_Codes/MinLab/zz_LabView VI/AAA_UNIST/2. Tracking/V6_ParallelLoop" && MATERIAL=1 py -u "tools/bench/c52r3_astcheck.py" 2>&1 | tee "tools/bench/c52r3_astcheck.log"
2026-09-20 05:17:13	MARKED	cd "G:/Codes/LabVIEW_Codes/MinLab/zz_LabView VI/AAA_UNIST/2. Tracking/V6_ParallelLoop" && MATERIAL=1 py -u "tools/bench/c52r3_astcheck.py" 2>&1 | tee "tools/bench/c52r3_astcheck.log"
2026-09-20 05:17:17	MARKED	$env:MATERIAL='1'; py -u "tools\bench\c52r3_astcheck.py" 2>&1 | Tee-Object -FilePath "tools\bench\c52r3_astcheck.log"
2026-09-20 05:17:34	REFUSED	py -u "tools\bench\c52r3_astcheck.py" 2>&1
2026-09-20 05:17:44	MARKED	py tools\bgrun.py --material --max-min 3 --log tools\bench\c52r3_astcheck.log -- py -u tools\bench\c52r3_astcheck.py
2026-09-20 05:18:03	MARKED	py tools\bgrun.py --material --max-min 20 --log tools\bench\diag_movein_set.log -- py -u tools\bench\diag_movein_set.py
2026-09-20 05:20:30	MARKED	py tools\bgrun.py --material --max-min 20 --log tools\bench\diag_donor_census.log -- py -u tools\bench\diag_donor_census.py
2026-09-20 05:56:44	MARKED	cd "G:/Codes/LabVIEW_Codes/MinLab/zz_LabView VI/AAA_UNIST/2. Tracking/V6_ParallelLoop" && MATERIAL=1 py tools/bgrun.py --max-min 3 --log "tools/bench/c53_astcheck.log" -- py -u "tools/bench/c53_astche
2026-09-20 05:56:48	MARKED	cd "G:/Codes/LabVIEW_Codes/MinLab/zz_LabView VI/AAA_UNIST/2. Tracking/V6_ParallelLoop" && MATERIAL=1 py tools/bgrun.py --max-min 3 --log "tools/bench/c53_astcheck.log" -- py -u "tools/bench/c53_astche
2026-09-20 05:56:51	MARKED	MATERIAL=1 py tools/bgrun.py --max-min 3 --log "tools/bench/c53_astcheck.log" -- py -u "tools/bench/c53_astcheck.py"
2026-09-20 05:56:54	MARKED	$env:MATERIAL='1'; py tools\bgrun.py --max-min 3 --log tools\bench\c53_astcheck.log -- py -u tools\bench\c53_astcheck.py
2026-09-20 05:57:22	MARKED	py tools/bgrun.py --material --max-min 3 --log "tools/bench/c53_astcheck.log" -- py -u "tools/bench/c53_astcheck.py"
2026-09-20 05:58:18	MARKED	py tools/bgrun.py --material --max-min 3 --log "tools/bench/c53_astcheck.log" -- py -u "tools/bench/c53_astcheck.py"
2026-09-20 06:13:14	MARKED	$env:MATERIAL='1'; Set-Location "G:\Codes\LabVIEW_Codes\MinLab\zz_LabView VI\AAA_UNIST\2. Tracking\V6_ParallelLoop"; py -u tools\bench\c53_row_class.py
2026-09-20 06:13:17	MARKED	$env:MATERIAL='1'; Set-Location "G:\Codes\LabVIEW_Codes\MinLab\zz_LabView VI\AAA_UNIST\2. Tracking\V6_ParallelLoop"; py -u tools\bench\c53_row_class.py
2026-09-20 06:13:24	MARKED	MATERIAL=1 py tools/bgrun.py --max-min 3 --log tools/bench/c53_row_class.log -- py -u tools/bench/c53_row_class.py
2026-09-20 06:13:26	MARKED	MATERIAL=1 py tools/bgrun.py --max-min 3 --log tools/bench/c53_row_class.log -- py -u tools/bench/c53_row_class.py
2026-09-20 06:13:35	MARKED	py tools\bgrun.py --material --max-min 3 --log tools/bench/c53_row_class.log -- py -u tools/bench/c53_row_class.py
2026-09-20 06:14:21	MARKED	py tools\bgrun.py --material --max-min 3 --log tools/bench/c53_row_class.log -- py -u tools/bench/c53_row_class.py
2026-09-20 06:15:14	MARKED	py tools\bgrun.py --material --max-min 3 --log tools/bench/c53_row_class.log -- py -u tools/bench/c53_row_class.py
2026-09-20 06:26:00	MARKED	py tools\bgrun.py --material --max-min 3 --log tools/bench/c53_row_class.log -- py -u tools/bench/c53_row_class.py
2026-09-20 06:34:48	MARKED	py tools\bgrun.py --material --max-min 3 --log tools/bench/c53_row_class.log -- py -u tools/bench/c53_row_class.py
2026-09-20 06:43:52	MARKED	py tools\bgrun.py --material --max-min 3 --log tools/bench/c53_row_class.log -- py -u tools/bench/c53_row_class.py
2026-09-20 06:46:34	MARKED	py tools\bgrun.py --material --max-min 4 --log tools/bench/c53_row_class.log -- py -u tools/bench/c53_row_class.py
2026-09-20 06:57:29	MARKED	py tools\bgrun.py --material --max-min 15 --log tools/bench/diag_destidx_drift.log -- py -u tools/bench/diag_destidx_drift.py
2026-09-20 07:15:25	MARKED	cd "G:/Codes/LabVIEW_Codes/MinLab/zz_LabView VI/AAA_UNIST/2. Tracking/V6_ParallelLoop" && MATERIAL=1 py tools/bgrun.py --max-min 10 --log tools/bench/replay_netmap_truncation.log -- py -u tools/bench/
2026-09-20 07:15:29	MARKED	cd "G:/Codes/LabVIEW_Codes/MinLab/zz_LabView VI/AAA_UNIST/2. Tracking/V6_ParallelLoop" && MATERIAL=1 py tools/bgrun.py --max-min 10 --log tools/bench/replay_netmap_truncation.log -- py -u tools/bench/
2026-09-20 07:15:33	MARKED	$env:MATERIAL='1'; py tools\bgrun.py --max-min 10 --log tools\bench\replay_netmap_truncation.log -- py -u tools\bench\replay_netmap_truncation.py
2026-09-20 07:15:36	MARKED	MATERIAL=1 py tools/bgrun.py --max-min 10 --log tools/bench/replay_netmap_truncation.log -- py -u tools/bench/replay_netmap_truncation.py
2026-09-20 07:16:02	MARKED	py tools/bgrun.py --material --max-min 10 --log tools/bench/replay_netmap_truncation.log -- py -u tools/bench/replay_netmap_truncation.py
2026-09-20 07:17:01	MARKED	cd "G:/Codes/LabVIEW_Codes/MinLab/zz_LabView VI/AAA_UNIST/2. Tracking/V6_ParallelLoop"; MATERIAL=1 py -u tools/bench/c54_astcheck.py
2026-09-20 07:17:52	MARKED	py tools/bgrun.py --material --max-min 10 --log tools/bench/replay_netmap_truncation.log -- py -u tools/bench/replay_netmap_truncation.py
2026-09-20 07:29:25	MARKED	cd "G:/Codes/LabVIEW_Codes/MinLab/zz_LabView VI/AAA_UNIST/2. Tracking/V6_ParallelLoop"; MATERIAL=1 py -u tools/bench/c54_astcheck.py
2026-09-20 07:29:31	MARKED	cd "G:/Codes/LabVIEW_Codes/MinLab/zz_LabView VI/AAA_UNIST/2. Tracking/V6_ParallelLoop"; env MATERIAL=1 py -u tools/bench/c54_astcheck.py
2026-09-20 07:29:35	REFUSED	cd "G:/Codes/LabVIEW_Codes/MinLab/zz_LabView VI/AAA_UNIST/2. Tracking/V6_ParallelLoop"; export MATERIAL=1; py -u tools/bench/c54_astcheck.py
2026-09-20 07:29:50	MARKED	cd "G:/Codes/LabVIEW_Codes/MinLab/zz_LabView VI/AAA_UNIST/2. Tracking/V6_ParallelLoop"; py tools/bgrun.py --material --max-min 3 --log tools/bench/c54_astcheck.log -- py -u tools/bench/c54_astcheck.py
2026-09-20 07:29:57	MARKED	cd "G:/Codes/LabVIEW_Codes/MinLab/zz_LabView VI/AAA_UNIST/2. Tracking/V6_ParallelLoop"; py tools/bgrun.py --material --max-min 25 --log tools/bench/diag_s3_focus_trial.log -- py -u tools/bench/diag_s3
2026-09-20 07:32:10	MARKED	py tools/bgrun.py --material --max-min 10 --log tools/bench/replay_netmap_truncation.log -- py -u tools/bench/replay_netmap_truncation.py
2026-09-20 07:42:20	MARKED	cd "G:/Codes/LabVIEW_Codes/MinLab/zz_LabView VI/AAA_UNIST/2. Tracking/V6_ParallelLoop" && MATERIAL=1 py tools/bgrun.py --max-min 25 --log tools/bench/diag_queue_trial_census.log -- py -u tools/bench/d
2026-09-20 07:53:09	MARKED	py tools/bgrun.py --material --max-min 25 --log tools/bench/diag_queue_trial_census.log -- py -u tools/bench/diag_queue_trial_census.py
2026-09-20 08:01:19	REFUSED	cd "G:/Codes/LabVIEW_Codes/MinLab/zz_LabView VI/AAA_UNIST/2. Tracking/V6_ParallelLoop" && py tools/bench/c54_splice_next.py "C:/Users/KimLab/AppData/Local/Temp/claude/G--Codes-LabVIEW-Codes-MinLab-zz-
2026-09-20 08:16:59	MARKED	cd "G:/Codes/LabVIEW_Codes/MinLab/zz_LabView VI/AAA_UNIST/2. Tracking/V6_ParallelLoop" && MATERIAL=1 py tools/bgrun.py --max-min 20 --log tools/bench/diag_queue_typetest_control.log -- py -u tools/ben
2026-09-20 08:17:03	MARKED	MATERIAL=1 py tools/bgrun.py --max-min 20 --log tools/bench/diag_queue_typetest_control.log -- py -u tools/bench/diag_queue_typetest_control.py
2026-09-20 08:17:06	MARKED	$env:MATERIAL='1'; py tools\bgrun.py --max-min 20 --log tools\bench\diag_queue_typetest_control.log -- py -u tools\bench\diag_queue_typetest_control.py
2026-09-20 08:17:14	MARKED	py tools/bgrun.py --material --max-min 20 --log tools/bench/diag_queue_typetest_control.log -- py -u tools/bench/diag_queue_typetest_control.py
2026-09-20 08:30:38	MARKED	py tools/bgrun.py --material --max-min 20 --log tools/bench/diag_queue_typetest_control.log -- py -u tools/bench/diag_queue_typetest_control.py
2026-09-20 08:38:40	REFUSED	cd "G:/Codes/LabVIEW_Codes/MinLab/zz_LabView VI/AAA_UNIST/2. Tracking/V6_ParallelLoop" && py -m py_compile "tools/bench/diag_typectl_v2.py" && echo AST_OK
2026-09-20 08:39:11	MARKED	cd "G:/Codes/LabVIEW_Codes/MinLab/zz_LabView VI/AAA_UNIST/2. Tracking/V6_ParallelLoop" && py tools/bgrun.py --material --max-min 25 --log tools/bench/diag_typectl_v2.log -- py -u tools/bench/diag_type
2026-09-20 08:51:32	MARKED	cd "G:/Codes/LabVIEW_Codes/MinLab/zz_LabView VI/AAA_UNIST/2. Tracking/V6_ParallelLoop" && MATERIAL=1 py tools/bgrun.py --max-min 10 --log tools/bench/reverse_census_walk.log -- py -u tools/bench/rever
2026-09-20 08:51:34	MARKED	MATERIAL=1 py tools/bgrun.py --max-min 10 --log tools/bench/reverse_census_walk.log -- py -u tools/bench/reverse_census_walk.py
2026-09-20 08:51:37	MARKED	$env:MATERIAL='1'; py tools\bgrun.py --max-min 10 --log tools\bench\reverse_census_walk.log -- py -u tools\bench\reverse_census_walk.py
2026-09-20 08:51:41	MARKED	MATERIAL=1 py tools/bgrun.py --max-min 10 --log tools/bench/reverse_census_walk.log -- py -u tools/bench/reverse_census_walk.py
2026-09-20 08:52:18	MARKED	py tools/bgrun.py --material --max-min 10 --log tools/bench/reverse_census_walk.log -- py -u tools/bench/reverse_census_walk.py
2026-09-20 08:54:06	MARKED	py tools/bgrun.py --material --max-min 10 --log tools/bench/reverse_census_walk.log -- py -u tools/bench/reverse_census_walk.py
2026-09-20 09:03:15	REFUSED	py -m py_compile "tools\bench\reverse_census_walk.py"; Write-Output OK
2026-09-20 20:48:33	REFUSED	cd "G:/Codes/LabVIEW_Codes/MinLab/zz_LabView VI/AAA_UNIST/2. Tracking/V6_ParallelLoop" && py -m py_compile tools/bench/diag_s3a_ind_transport.py
2026-09-20 20:49:15	MARKED	cd "G:/Codes/LabVIEW_Codes/MinLab/zz_LabView VI/AAA_UNIST/2. Tracking/V6_ParallelLoop" && py tools/bgrun.py --material --max-min 25 --log tools/bench/diag_s3a_ind_transport.log -- py -u tools/bench/di
2026-09-20 21:14:36	MARKED	cd "G:/Codes/LabVIEW_Codes/MinLab/zz_LabView VI/AAA_UNIST/2. Tracking/V6_ParallelLoop" && py tools/bgrun.py --material --max-min 30 --log tools/bench/diag_s3a_ind_transport2.log -- py -u tools/bench/d
2026-09-20 21:44:22	MARKED	cd "G:/Codes/LabVIEW_Codes/MinLab/zz_LabView VI/AAA_UNIST/2. Tracking/V6_ParallelLoop" && MATERIAL=1 py tools/bgrun.py --material --max-min 20 --log tools/bench/diag_s56_transport2.log -- py -u tools/
2026-09-20 21:44:27	MARKED	$env:MATERIAL='1'; py tools\bgrun.py --material --max-min 20 --log tools\bench\diag_s56_transport2.log -- py -u tools\bench\diag_s56_transport2.py
2026-09-20 21:44:54	MARKED	py tools/bgrun.py --material --max-min 20 --log tools/bench/diag_s56_transport2.log -- py -u tools/bench/diag_s56_transport2.py
2026-09-20 21:56:32	MARKED	cd "G:/Codes/LabVIEW_Codes/MinLab/zz_LabView VI/AAA_UNIST/2. Tracking/V6_ParallelLoop" && py tools/bgrun.py --material --max-min 4 --log tools/bench/diag_c56_topdiagram_files.log -- py -u tools/bench/
2026-09-20 22:03:30	MARKED	cd "G:/Codes/LabVIEW_Codes/MinLab/zz_LabView VI/AAA_UNIST/2. Tracking/V6_ParallelLoop" && py tools/bgrun.py --material --max-min 4 --log tools/bench/diag_c56_topdiagram_files.log -- py -u tools/bench/
2026-09-20 22:18:04	MARKED	cd "G:/Codes/LabVIEW_Codes/MinLab/zz_LabView VI/AAA_UNIST/2. Tracking/V6_ParallelLoop" && MATERIAL=1 py tools/bgrun.py --material --max-min 3 --log tools/bench/c56m5_astcheck.log -- py -u tools/bench/
2026-09-20 22:18:08	MARKED	cd "G:/Codes/LabVIEW_Codes/MinLab/zz_LabView VI/AAA_UNIST/2. Tracking/V6_ParallelLoop" && MATERIAL=1 py tools/bgrun.py --material --max-min 3 --log tools/bench/c56m5_astcheck.log -- py -u tools/bench/
2026-09-20 22:18:14	MARKED	MATERIAL=1 py tools/bgrun.py --material --max-min 3 --log tools/bench/c56m5_astcheck.log -- py -u tools/bench/c56m5_astcheck.py
2026-09-20 22:18:17	MARKED	MATERIAL=1 py tools/bgrun.py --material --max-min 3 --log tools/bench/c56m5_astcheck.log -- py -u tools/bench/c56m5_astcheck.py
2026-09-20 22:18:44	MARKED	$env:MATERIAL='1'; py tools\bgrun.py --material --max-min 3 --log tools\bench\c56m5_astcheck.log -- py -u tools\bench\c56m5_astcheck.py
2026-09-20 22:18:54	MARKED	py tools/bgrun.py --material --max-min 3 --log tools/bench/c56m5_astcheck.log -- py -u tools/bench/c56m5_astcheck.py
2026-09-20 22:19:00	MARKED	py tools/bgrun.py --material --max-min 18 --log tools/bench/diag_s56_transport3.log -- py -u tools/bench/diag_s56_transport3.py
2026-09-20 22:27:41	MARKED	py tools/bgrun.py --material --max-min 2 --log tools/bench/c56m5b_astcheck.log -- py -u tools/bench/c56m5b_astcheck.py
2026-09-20 22:38:11	MARKED	py tools/bgrun.py --material --max-min 2 --log tools/bench/c56m5b_astcheck.log -- py -u tools/bench/c56m5b_astcheck.py
2026-09-20 22:38:16	MARKED	py tools/bgrun.py --material --max-min 10 --log tools/bench/diag_s56_transport3b.log -- py -u tools/bench/diag_s56_transport3b.py
2026-09-20 23:16:12	REFUSED	py tools\bench\c57_astcheck.py
2026-09-20 23:16:18	MARKED	py tools\bgrun.py --material --max-min 2 --log tools\bench\c57_astcheck.log -- py -u tools\bench\c57_astcheck.py
2026-09-20 23:16:27	MARKED	py tools\bgrun.py --material --max-min 25 --log tools\bench\diag_s57_ctmove_wire.log -- py -u tools\bench\diag_s57_ctmove_wire.py
2026-09-20 23:41:28	MARKED	cd "G:/Codes/LabVIEW_Codes/MinLab/zz_LabView VI/AAA_UNIST/2. Tracking/V6_ParallelLoop" && MATERIAL=1 py -u tools/bench/c57d4_astcheck.py 2>&1 | tee tools/bench/c57d4_astcheck.log
2026-09-20 23:41:33	MARKED	$env:MATERIAL='1'; py -u "tools\bench\c57d4_astcheck.py" | Tee-Object -FilePath "tools\bench\c57d4_astcheck.log"
2026-09-20 23:41:41	MARKED	cd "G:/Codes/LabVIEW_Codes/MinLab/zz_LabView VI/AAA_UNIST/2. Tracking/V6_ParallelLoop" && MATERIAL=1 py tools/bgrun.py --max-min 3 --log tools/bench/c57d4_astcheck.log -- py -u tools/bench/c57d4_astch
2026-09-20 23:41:44	MARKED	cd "G:/Codes/LabVIEW_Codes/MinLab/zz_LabView VI/AAA_UNIST/2. Tracking/V6_ParallelLoop" && MATERIAL=1 py tools/bgrun.py --max-min 3 --log tools/bench/c57d4_astcheck.log -- py -u tools/bench/c57d4_astch
2026-09-20 23:41:50	MARKED	MATERIAL=1 py tools/bgrun.py --max-min 3 --log tools/bench/c57d4_astcheck.log -- py -u tools/bench/c57d4_astcheck.py
2026-09-20 23:42:08	MARKED	py tools/bgrun.py --material --max-min 3 --log tools/bench/c57d4_astcheck.log -- py -u tools/bench/c57d4_astcheck.py
2026-09-20 23:42:25	MARKED	py tools/bgrun.py --material --max-min 25 --log tools/bench/diag_s57_typepair.log -- py -u tools/bench/diag_s57_typepair.py
2026-09-20 23:43:41	MARKED	py tools/bgrun.py --material --max-min 25 --log tools/bench/diag_s57_typepair.log -- py -u tools/bench/diag_s57_typepair.py
2026-09-21 00:13:56	REFUSED	cd "G:/Codes/LabVIEW_Codes/MinLab/zz_LabView VI/AAA_UNIST/2. Tracking/V6_ParallelLoop" && py tools/bench/c58_astcheck.py 2>&1 | tee tools/bench/c58_astcheck.log
2026-09-21 00:14:05	MARKED	cd "G:/Codes/LabVIEW_Codes/MinLab/zz_LabView VI/AAA_UNIST/2. Tracking/V6_ParallelLoop" && py tools/bgrun.py --material --max-min 3 --log tools/bench/c58_astcheck.log -- py -u tools/bench/c58_astcheck.
2026-09-21 00:14:40	MARKED	cd "G:/Codes/LabVIEW_Codes/MinLab/zz_LabView VI/AAA_UNIST/2. Tracking/V6_ParallelLoop" && py tools/bgrun.py --material --max-min 3 --log tools/bench/c58_astcheck.log -- py -u tools/bench/c58_astcheck.
2026-09-21 00:14:47	MARKED	cd "G:/Codes/LabVIEW_Codes/MinLab/zz_LabView VI/AAA_UNIST/2. Tracking/V6_ParallelLoop" && py tools/bgrun.py --material --max-min 25 --log tools/bench/diag_s58_boolcarrier.log -- py -u tools/bench/diag
2026-09-21 00:20:18	MARKED	cd "G:/Codes/LabVIEW_Codes/MinLab/zz_LabView VI/AAA_UNIST/2. Tracking/V6_ParallelLoop" && py tools/bgrun.py --material --max-min 3 --log tools/bench/c58_astcheck2.log -- py -u tools/bench/c58_astcheck
2026-09-21 00:29:55	MARKED	cd "G:/Codes/LabVIEW_Codes/MinLab/zz_LabView VI/AAA_UNIST/2. Tracking/V6_ParallelLoop" && py tools/bgrun.py --material --max-min 3 --log tools/bench/c58_astcheck2.log -- py -u tools/bench/c58_astcheck
2026-09-21 00:30:00	MARKED	cd "G:/Codes/LabVIEW_Codes/MinLab/zz_LabView VI/AAA_UNIST/2. Tracking/V6_ParallelLoop" && py tools/bgrun.py --material --max-min 25 --log tools/bench/diag_s58_boolcarrier_run2.log -- py -u tools/bench
2026-09-21 00:40:38	REFUSED	STOPPED-RECIPE cd "G:/Codes/LabVIEW_Codes/MinLab/zz_LabView VI/AAA_UNIST/2. Tracking/V6_ParallelLoop" && tasklist 2>/dev/null | grep -i labview; echo "--- recipes check"; ls tools/recipes/stage_d1_s3a
2026-09-21 00:48:09	REFUSED	cd "G:/Codes/LabVIEW_Codes/MinLab/zz_LabView VI/AAA_UNIST/2. Tracking/V6_ParallelLoop" && py -u tools/bench/c58b_astcheck.py 2>&1 | tee tools/bench/c58b_astcheck.log
2026-09-21 01:00:22	MARKED	py tools/bgrun.py --material --max-min 2 --log tools/bench/c58b_astcheck.log -- py -u tools/bench/c58b_astcheck.py
2026-09-21 01:00:26	MARKED	py tools/bgrun.py --material --max-min 2 --log tools/bench/c58b_astcheck.log -- py -u tools/bench/c58b_astcheck.py
2026-09-21 01:00:34	MARKED	py tools/bgrun.py --material --max-min 25 --log tools/bench/diag_s58_boolwire.log -- py -u tools/bench/diag_s58_boolwire.py
2026-09-21 01:09:55	REFUSED	STOPPED-RECIPE cd "G:/Codes/LabVIEW_Codes/MinLab/zz_LabView VI/AAA_UNIST/2. Tracking/V6_ParallelLoop" && ls tools/recipes/ | head -60; echo "=== bench diag s57/s58 ==="; ls -la tools/bench/diag_s57_ty
2026-09-21 01:19:47	MARKED	cd "G:/Codes/LabVIEW_Codes/MinLab/zz_LabView VI/AAA_UNIST/2. Tracking/V6_ParallelLoop" && MATERIAL=1 py tools/bench/c58c_astcheck.py 2>&1 | tee tools/bench/c58c_astcheck.log
2026-09-21 01:19:57	MARKED	$env:MATERIAL='1'; py "tools\bench\c58c_astcheck.py" 2>&1 | Tee-Object -FilePath "tools\bench\c58c_astcheck.log"
2026-09-21 01:20:07	MARKED	cd "G:/Codes/LabVIEW_Codes/MinLab/zz_LabView VI/AAA_UNIST/2. Tracking/V6_ParallelLoop" && MATERIAL=1 py tools/bench/c58c_astcheck.py
2026-09-21 01:20:14	REFUSED	cd "G:/Codes/LabVIEW_Codes/MinLab/zz_LabView VI/AAA_UNIST/2. Tracking/V6_ParallelLoop" && py tools/bench/c58c_astcheck.py
2026-09-21 01:20:20	MARKED	cd "G:/Codes/LabVIEW_Codes/MinLab/zz_LabView VI/AAA_UNIST/2. Tracking/V6_ParallelLoop" && py tools/bgrun.py --material --max-min 2 --log tools/bench/c58c_astcheck.log -- py -u tools/bench/c58c_astchec
2026-09-21 01:21:01	MARKED	cd "G:/Codes/LabVIEW_Codes/MinLab/zz_LabView VI/AAA_UNIST/2. Tracking/V6_ParallelLoop" && py tools/bgrun.py --material --max-min 5 --log tools/bench/c58c_gatecheck.log -- py -u tools/bench/c58c_gatech
2026-09-21 01:24:30	MARKED	cd "G:/Codes/LabVIEW_Codes/MinLab/zz_LabView VI/AAA_UNIST/2. Tracking/V6_ParallelLoop" && py tools/bgrun.py --material --max-min 5 --log tools/bench/c58c_gatecheck2.log -- py -u tools/bench/c58c_gatec
2026-09-21 01:26:19	MARKED	cd "G:/Codes/LabVIEW_Codes/MinLab/zz_LabView VI/AAA_UNIST/2. Tracking/V6_ParallelLoop" && py tools/bgrun.py --material --max-min 5 --log tools/bench/c58c_gatecheck3.log -- py -u tools/bench/c58c_gatec
2026-09-21 01:37:13	REFUSED	STOPPED-RECIPE cd "G:/Codes/LabVIEW_Codes/MinLab/zz_LabView VI/AAA_UNIST/2. Tracking/V6_ParallelLoop" && grep -n "cost\|\$\|turns\|cache" tools/bench/priorart_d1_s3a_recipe.log | head -8; echo "=== re
2026-09-21 02:01:21	MARKED	cd "G:/Codes/LabVIEW_Codes/MinLab/zz_LabView VI/AAA_UNIST/2. Tracking/V6_ParallelLoop" && py tools/bgrun.py --material --max-min 45 --log tools/bench/cycle59_s3a_recipe.log -- py -u tools/recipes/stag
2026-09-21 02:50:28	MARKED	cd "G:/Codes/LabVIEW_Codes/MinLab/zz_LabView VI/AAA_UNIST/2. Tracking/V6_ParallelLoop" && MATERIAL=1 py tools/bgrun.py --material --max-min 3 --log tools/bench/c60_astcheck.log -- py -u tools/bench/c6
2026-09-21 02:50:32	MARKED	$env:MATERIAL='1'; py tools\bgrun.py --material --max-min 3 --log tools\bench\c60_astcheck.log -- py -u tools\bench\c60_astcheck.py
2026-09-21 02:50:35	MARKED	$env:MATERIAL='1'; py tools\bgrun.py --material --max-min 3 --log tools\bench\c60_astcheck.log -- py -u tools\bench\c60_astcheck.py
2026-09-21 02:50:41	MARKED	cd "G:/Codes/LabVIEW_Codes/MinLab/zz_LabView VI/AAA_UNIST/2. Tracking/V6_ParallelLoop" && MATERIAL=1 py tools/bgrun.py --material --max-min 3 --log tools/bench/c60_astcheck.log -- py -u tools/bench/c6
2026-09-21 02:50:45	MARKED	MATERIAL=1 py tools/bgrun.py --material --max-min 3 --log tools/bench/c60_astcheck.log -- py -u tools/bench/c60_astcheck.py
2026-09-21 02:51:02	MARKED	py tools/bgrun.py --material --max-min 3 --log tools/bench/c60_astcheck.log -- py -u tools/bench/c60_astcheck.py
2026-09-21 02:51:11	MARKED	py tools/bgrun.py --material --max-min 3 --log tools/bench/c60_astcheck2.log -- py -u tools/bench/c60_astcheck.py
2026-09-21 02:51:43	MARKED	py tools/bgrun.py --material --max-min 45 --log tools/bench/diag_s3b_l0_createlocal.log -- py -u tools/bench/diag_s3b_l0_createlocal.py
2026-09-21 02:54:20	MARKED	py tools/bgrun.py --material --max-min 3 --log tools/bench/c60_astcheck3.log -- py -u tools/bench/c60_astcheck.py
2026-09-21 07:20:18	MARKED	cd "G:/Codes/LabVIEW_Codes/MinLab/zz_LabView VI/AAA_UNIST/2. Tracking/V6_ParallelLoop" && MATERIAL=1 py tools/bgrun.py --max-min 3 --log tools/bench/c60b_astcheck.log -- py -u tools/bench/c60b_astchec
2026-09-21 07:20:21	MARKED	cd "G:/Codes/LabVIEW_Codes/MinLab/zz_LabView VI/AAA_UNIST/2. Tracking/V6_ParallelLoop" && MATERIAL=1 py tools/bgrun.py --max-min 3 --log tools/bench/c60b_astcheck.log -- py -u tools/bench/c60b_astchec
2026-09-21 07:20:25	MARKED	$env:MATERIAL='1'; py tools\bgrun.py --max-min 3 --log tools\bench\c60b_astcheck.log -- py -u tools\bench\c60b_astcheck.py
2026-09-21 07:20:33	MARKED	cd "G:/Codes/LabVIEW_Codes/MinLab/zz_LabView VI/AAA_UNIST/2. Tracking/V6_ParallelLoop" && MATERIAL=1 py tools/bgrun.py --max-min 3 --log tools/bench/c60b_astcheck.log -- py -u tools/bench/c60b_astchec
2026-09-21 07:20:39	MARKED	cd "G:/Codes/LabVIEW_Codes/MinLab/zz_LabView VI/AAA_UNIST/2. Tracking/V6_ParallelLoop" && py tools/bgrun.py --material --max-min 3 --log tools/bench/c60b_astcheck.log -- py -u tools/bench/c60b_astchec
2026-09-21 07:20:57	MARKED	cd "G:/Codes/LabVIEW_Codes/MinLab/zz_LabView VI/AAA_UNIST/2. Tracking/V6_ParallelLoop" && py tools/bgrun.py --material --max-min 35 --log tools/bench/diag_s3b_l0_localname.log -- py -u tools/bench/dia
2026-09-21 07:23:55	MARKED	cd "G:/Codes/LabVIEW_Codes/MinLab/zz_LabView VI/AAA_UNIST/2. Tracking/V6_ParallelLoop" && py tools/bgrun.py --material --max-min 3 --log tools/bench/c60b_astcheck2.log -- py -u tools/bench/c60b_astche
2026-09-21 07:32:55	MARKED	cd "G:/Codes/LabVIEW_Codes/MinLab/zz_LabView VI/AAA_UNIST/2. Tracking/V6_ParallelLoop" && py tools/bgrun.py --material --max-min 3 --log tools/bench/c60b_astcheck2.log -- py -u tools/bench/c60b_astche
2026-09-21 07:33:00	MARKED	cd "G:/Codes/LabVIEW_Codes/MinLab/zz_LabView VI/AAA_UNIST/2. Tracking/V6_ParallelLoop" && py tools/bgrun.py --material --max-min 35 --log tools/bench/diag_s3b_l0_localname_run2.log -- py -u tools/benc
2026-09-21 07:49:37	MARKED	cd "G:/Codes/LabVIEW_Codes/MinLab/zz_LabView VI/AAA_UNIST/2. Tracking/V6_ParallelLoop" && MATERIAL=1 py tools/bgrun.py --max-min 3 --log tools/bench/c60c_astcheck.log -- py -u tools/bench/c60c_astchec
2026-09-21 07:49:40	MARKED	cd "G:/Codes/LabVIEW_Codes/MinLab/zz_LabView VI/AAA_UNIST/2. Tracking/V6_ParallelLoop" && MATERIAL=1 py tools/bgrun.py --max-min 3 --log tools/bench/c60c_astcheck.log -- py -u tools/bench/c60c_astchec
2026-09-21 07:49:43	MARKED	$env:MATERIAL='1'; py tools\bgrun.py --max-min 3 --log tools\bench\c60c_astcheck.log -- py -u tools\bench\c60c_astcheck.py
2026-09-21 07:49:51	MARKED	cd "G:/Codes/LabVIEW_Codes/MinLab/zz_LabView VI/AAA_UNIST/2. Tracking/V6_ParallelLoop" && py tools/bgrun.py --material --max-min 3 --log tools/bench/c60c_astcheck.log -- py -u tools/bench/c60c_astchec
2026-09-21 07:50:01	MARKED	cd "G:/Codes/LabVIEW_Codes/MinLab/zz_LabView VI/AAA_UNIST/2. Tracking/V6_ParallelLoop" && py tools/bgrun.py --material --max-min 35 --log tools/bench/diag_s3b_l0_localname_v2.log -- py -u tools/bench/
2026-09-21 08:06:22	MARKED	cd "G:/Codes/LabVIEW_Codes/MinLab/zz_LabView VI/AAA_UNIST/2. Tracking/V6_ParallelLoop" && py tools/bgrun.py --material --max-min 3 --log tools/bench/c60d_astcheck.log -- py -u tools/bench/c60c_astchec
2026-09-21 08:06:32	MARKED	cd "G:/Codes/LabVIEW_Codes/MinLab/zz_LabView VI/AAA_UNIST/2. Tracking/V6_ParallelLoop" && py tools/bgrun.py --material --max-min 12 --log tools/bench/diag_c60_castseed_probe.log -- py -u tools/bench/d
2026-09-21 08:28:09	MARKED	cd "G:/Codes/LabVIEW_Codes/MinLab/zz_LabView VI/AAA_UNIST/2. Tracking/V6_ParallelLoop" && py tools/bgrun.py --material --max-min 3 --log tools/bench/c60e_astcheck.log -- py -u tools/bench/c60c_astchec
2026-09-21 08:28:14	MARKED	cd "G:/Codes/LabVIEW_Codes/MinLab/zz_LabView VI/AAA_UNIST/2. Tracking/V6_ParallelLoop" && py tools/bgrun.py --material --max-min 3 --log tools/bench/c60e_astcheck.log -- py -u tools/bench/c60c_astchec
2026-09-21 08:28:20	MARKED	cd "G:/Codes/LabVIEW_Codes/MinLab/zz_LabView VI/AAA_UNIST/2. Tracking/V6_ParallelLoop" && py tools/bgrun.py --material --max-min 20 --log tools/bench/diag_c60_n4_localbinding.log -- py -u tools/bench/
2026-09-21 08:43:44	MARKED	cd "G:/Codes/LabVIEW_Codes/MinLab/zz_LabView VI/AAA_UNIST/2. Tracking/V6_ParallelLoop" && MATERIAL=1 py tools/bgrun.py --material --max-min 3 --log tools/bench/c61_astcheck.log -- py -u tools/bench/c6
2026-09-21 08:43:48	MARKED	cd "G:/Codes/LabVIEW_Codes/MinLab/zz_LabView VI/AAA_UNIST/2. Tracking/V6_ParallelLoop" && MATERIAL=1 py tools/bgrun.py --material --max-min 3 --log tools/bench/c61_astcheck.log -- py -u tools/bench/c6
2026-09-21 08:43:54	MARKED	MATERIAL=1 py tools/bgrun.py --material --max-min 3 --log tools/bench/c61_astcheck.log -- py -u tools/bench/c60c_astcheck.py diag_c61_localdir.py
2026-09-21 08:43:57	MARKED	$env:MATERIAL='1'; py tools\bgrun.py --material --max-min 3 --log tools\bench\c61_astcheck.log -- py -u tools\bench\c60c_astcheck.py diag_c61_localdir.py
2026-09-21 08:44:00	MARKED	$env:MATERIAL='1'; py tools\bgrun.py --material --max-min 3 --log tools\bench\c61_astcheck.log -- py -u tools\bench\c60c_astcheck.py diag_c61_localdir.py
2026-09-21 08:44:03	MARKED	$env:MATERIAL='1'; py tools\bgrun.py --material --max-min 3 --log tools\bench\c61_astcheck.log -- py -u tools\bench\c60c_astcheck.py diag_c61_localdir.py
2026-09-21 08:44:09	MARKED	py tools/bgrun.py --material --max-min 3 --log tools/bench/c61_astcheck.log -- py -u tools/bench/c60c_astcheck.py diag_c61_localdir.py
2026-09-21 08:44:19	MARKED	py tools/bgrun.py --material --max-min 25 --log tools/bench/diag_c61_localdir.log -- py -u tools/bench/diag_c61_localdir.py
2026-09-21 08:57:35	MARKED	cd "G:/Codes/LabVIEW_Codes/MinLab/zz_LabView VI/AAA_UNIST/2. Tracking/V6_ParallelLoop" && MATERIAL=1 py tools/bgrun.py --material --max-min 3 --log tools/bench/c61b_astcheck.log -- py -u tools/bench/c
2026-09-21 08:57:38	MARKED	cd "G:/Codes/LabVIEW_Codes/MinLab/zz_LabView VI/AAA_UNIST/2. Tracking/V6_ParallelLoop" && MATERIAL=1 py tools/bgrun.py --material --max-min 3 --log tools/bench/c61b_astcheck.log -- py -u tools/bench/c
2026-09-21 08:57:43	MARKED	MATERIAL=1 py tools/bgrun.py --material --max-min 3 --log tools/bench/c61b_astcheck.log -- py -u tools/bench/c60c_astcheck.py diag_c61_localdir_write.py
2026-09-21 08:57:47	MARKED	$env:MATERIAL='1'; py tools\bgrun.py --material --max-min 3 --log tools\bench\c61b_astcheck.log -- py -u tools\bench\c60c_astcheck.py diag_c61_localdir_write.py
2026-09-21 08:57:51	MARKED	py tools/bgrun.py --material --max-min 3 --log tools/bench/c61b_astcheck.log -- py -u tools/bench/c60c_astcheck.py diag_c61_localdir_write.py
2026-09-21 08:58:23	MARKED	py tools/bgrun.py --material --max-min 30 --log tools/bench/diag_c61_localdir_write.log -- py -u tools/bench/diag_c61_localdir_write.py
2026-09-21 09:18:06	MARKED	$env:MATERIAL='1'; py tools\bgrun.py --max-min 3 --log tools\bench\c61c_astcheck.log -- py -u tools\bench\c60c_astcheck.py diag_c61_localdir_write2.py
2026-09-21 09:18:09	MARKED	$env:MATERIAL='1'; py tools\bgrun.py --max-min 3 --log tools\bench\c61c_astcheck.log -- py -u tools\bench\c60c_astcheck.py diag_c61_localdir_write2.py
2026-09-21 09:18:15	MARKED	MATERIAL=1 py tools/bgrun.py --max-min 3 --log tools/bench/c61c_astcheck.log -- py -u tools/bench/c60c_astcheck.py diag_c61_localdir_write2.py
2026-09-21 09:18:20	MARKED	py tools/bgrun.py --material --max-min 3 --log tools/bench/c61c_astcheck.log -- py -u tools/bench/c60c_astcheck.py diag_c61_localdir_write2.py
2026-09-21 09:18:42	MARKED	py tools/bgrun.py --material --max-min 30 --log tools/bench/diag_c61_localdir_write2.log -- py -u tools/bench/diag_c61_localdir_write2.py
2026-09-21 09:41:47	MARKED	cd "G:/Codes/LabVIEW_Codes/MinLab/zz_LabView VI/AAA_UNIST/2. Tracking/V6_ParallelLoop" && MATERIAL=1 py tools/bgrun.py --max-min 3 --log tools/bench/c62_astcheck.log -- py -u tools/bench/c60c_astcheck
2026-09-21 09:41:50	MARKED	cd "G:/Codes/LabVIEW_Codes/MinLab/zz_LabView VI/AAA_UNIST/2. Tracking/V6_ParallelLoop" && MATERIAL=1 py tools/bgrun.py --max-min 3 --log tools/bench/c62_astcheck.log -- py -u tools/bench/c60c_astcheck
2026-09-21 09:41:55	MARKED	$env:MATERIAL='1'; py tools\bgrun.py --max-min 3 --log tools\bench\c62_astcheck.log -- py -u tools\bench\c60c_astcheck.py diag_c62_branch.py
2026-09-21 09:42:04	MARKED	MATERIAL=1 py tools/bgrun.py --max-min 3 --log tools/bench/c62_astcheck.log -- py -u tools/bench/c60c_astcheck.py diag_c62_branch.py
2026-09-21 09:42:37	MARKED	py tools/bgrun.py --material --max-min 3 --log tools/bench/c62_astcheck.log -- py -u tools/bench/c60c_astcheck.py diag_c62_branch.py
2026-09-21 09:42:59	MARKED	py tools/bgrun.py --material --detach --max-min 45 --log tools/bench/diag_c62_branch.log -- py -u tools/bench/diag_c62_branch.py
2026-09-21 09:48:13	MARKED	py tools/bgrun.py --material --max-min 3 --log tools/bench/c62b_astcheck.log -- py -u tools/bench/c60c_astcheck.py diag_c62_branch2.py
2026-09-21 09:54:47	MARKED	py tools/bgrun.py --material --max-min 3 --log tools/bench/c62b_astcheck.log -- py -u tools/bench/c60c_astcheck.py diag_c62_branch2.py
2026-09-21 09:54:50	MARKED	py tools/bgrun.py --material --detach --max-min 20 --log tools/bench/diag_c62_branch2.log -- py -u tools/bench/diag_c62_branch2.py
2026-09-21 10:15:27	MARKED	py tools/bgrun.py --material --max-min 3 --log tools/bench/c62c_astcheck.log -- py -u tools/bench/c60c_astcheck.py diag_c62_s3b_rows.py
2026-09-21 10:15:30	MARKED	py tools/bgrun.py --material --max-min 3 --log tools/bench/c62c_astcheck.log -- py -u tools/bench/c60c_astcheck.py diag_c62_s3b_rows.py
2026-09-21 10:16:00	MARKED	py tools/bgrun.py --material --max-min 30 --log tools/bench/diag_c62_s3b_rows.log -- py -u tools/bench/diag_c62_s3b_rows.py
2026-09-21 10:28:12	MARKED	py tools/bgrun.py --material --max-min 3 --log tools/bench/c62d_astcheck.log -- py -u tools/bench/c60c_astcheck.py diag_c62_s3b_rows_t3.py
2026-09-21 10:28:19	MARKED	py tools/bgrun.py --material --max-min 20 --log tools/bench/diag_c62_s3b_rows_t3.log -- py -u tools/bench/diag_c62_s3b_rows_t3.py
2026-09-21 10:41:15	MARKED	cd "/g/Codes/LabVIEW_Codes/MinLab/zz_LabView VI/AAA_UNIST/2. Tracking/V6_ParallelLoop" && MATERIAL=1 py tools/bgrun.py --max-min 3 --log tools/bench/c62e_astcheck.log -- py -u tools/bench/c60c_astchec
2026-09-21 10:41:18	MARKED	cd "/g/Codes/LabVIEW_Codes/MinLab/zz_LabView VI/AAA_UNIST/2. Tracking/V6_ParallelLoop" && MATERIAL=1 py tools/bgrun.py --max-min 3 --log tools/bench/c62e_astcheck.log -- py -u tools/bench/c60c_astchec
2026-09-21 10:41:23	MARKED	MATERIAL=1 py tools/bgrun.py --max-min 3 --log tools/bench/c62e_astcheck.log -- py -u tools/bench/c60c_astcheck.py diag_c62_s3b_build.py
2026-09-21 10:41:27	MARKED	$env:MATERIAL='1'; py tools\bgrun.py --max-min 3 --log tools/bench/c62e_astcheck.log -- py -u tools/bench/c60c_astcheck.py diag_c62_s3b_build.py
2026-09-21 10:41:39	MARKED	py tools/bgrun.py --material --max-min 3 --log tools/bench/c62e_astcheck.log -- py -u tools/bench/c60c_astcheck.py diag_c62_s3b_build.py
2026-09-21 10:41:44	MARKED	py tools/bgrun.py --material --max-min 30 --log tools/bench/diag_c62_s3b_build.log -- py -u tools/bench/diag_c62_s3b_build.py
2026-09-21 11:03:35	MARKED	cd "G:/Codes/LabVIEW_Codes/MinLab/zz_LabView VI/AAA_UNIST/2. Tracking/V6_ParallelLoop" && MATERIAL=1 py tools/bgrun.py --max-min 3 --log tools/bench/c62f_astcheck.log -- py -u tools/bench/c60c_astchec
2026-09-21 11:03:41	MARKED	$env:MATERIAL='1'; py tools\bgrun.py --max-min 3 --log tools\bench\c62f_astcheck.log -- py -u tools\bench\c60c_astcheck.py diag_c62_s3b_movein.py
2026-09-21 11:03:43	MARKED	$env:MATERIAL='1'; py tools\bgrun.py --max-min 3 --log tools\bench\c62f_astcheck.log -- py -u tools\bench\c60c_astcheck.py diag_c62_s3b_movein.py
2026-09-21 11:03:55	MARKED	py tools/bgrun.py --material --max-min 3 --log tools/bench/c62f_astcheck.log -- py -u tools/bench/c60c_astcheck.py diag_c62_s3b_movein.py
2026-09-21 11:04:26	MARKED	py tools/bgrun.py --material --max-min 30 --log tools/bench/diag_c62_s3b_movein.log -- py -u tools/bench/diag_c62_s3b_movein.py
2026-09-21 11:14:12	MARKED	py tools/bgrun.py --material --max-min 30 --log tools/bench/diag_c62_s3b_movein.log -- py -u tools/bench/diag_c62_s3b_movein.py
2026-09-21 11:27:37	MARKED	py tools/bgrun.py --material --max-min 3 --log tools/bench/c62g_astcheck.log -- py -u tools/bench/c60c_astcheck.py diag_c62_negctrl.py
2026-09-21 11:48:15	REFUSED	cd "G:/Codes/LabVIEW_Codes/MinLab/zz_LabView VI/AAA_UNIST/2. Tracking/V6_ParallelLoop" && py tools/bench/c60c_astcheck.py diag_c63_connect_perturb.py 2>&1 | tee tools/bench/c63_astcheck.log
2026-09-21 11:48:19	MARKED	cd "G:/Codes/LabVIEW_Codes/MinLab/zz_LabView VI/AAA_UNIST/2. Tracking/V6_ParallelLoop" && py tools/bgrun.py --material --max-min 3 --log tools/bench/c63_astcheck.log -- py -u tools/bench/c60c_astcheck
2026-09-21 11:48:23	MARKED	cd "G:/Codes/LabVIEW_Codes/MinLab/zz_LabView VI/AAA_UNIST/2. Tracking/V6_ParallelLoop" && py tools/bgrun.py --material --max-min 3 --log tools/bench/c63_astcheck.log -- py -u tools/bench/c60c_astcheck
2026-09-21 11:48:28	MARKED	cd "G:/Codes/LabVIEW_Codes/MinLab/zz_LabView VI/AAA_UNIST/2. Tracking/V6_ParallelLoop" && py tools/bgrun.py --material --max-min 25 --log tools/bench/diag_c63_connect_perturb.log -- py -u tools/bench/
2026-09-21 12:06:14	MARKED	cd "G:/Codes/LabVIEW_Codes/MinLab/zz_LabView VI/AAA_UNIST/2. Tracking/V6_ParallelLoop" && MATERIAL=1 py tools/bgrun.py --material --max-min 3 --log tools/bench/c64_astcheck.log -- py -u tools/bench/c6
2026-09-21 12:18:23	MARKED	cd "G:/Codes/LabVIEW_Codes/MinLab/zz_LabView VI/AAA_UNIST/2. Tracking/V6_ParallelLoop" && MATERIAL=1 py tools/bgrun.py --material --max-min 3 --log tools/bench/c64_astcheck.log -- py -u tools/bench/c6
2026-09-21 12:18:27	MARKED	cd "G:/Codes/LabVIEW_Codes/MinLab/zz_LabView VI/AAA_UNIST/2. Tracking/V6_ParallelLoop" && MATERIAL=1 py tools/bgrun.py --material --max-min 3 --log tools/bench/c64_astcheck.log -- py -u tools/bench/c6
2026-09-21 12:18:36	MARKED	cd "G:/Codes/LabVIEW_Codes/MinLab/zz_LabView VI/AAA_UNIST/2. Tracking/V6_ParallelLoop" && py tools/bgrun.py --material --max-min 3 --log tools/bench/c64_astcheck.log -- py -u tools/bench/c60c_astcheck
2026-09-21 12:18:43	MARKED	cd "G:/Codes/LabVIEW_Codes/MinLab/zz_LabView VI/AAA_UNIST/2. Tracking/V6_ParallelLoop" && py tools/bgrun.py --material --max-min 25 --log tools/bench/diag_c64_perturb_t1t3.log -- py -u tools/bench/dia
2026-09-21 12:37:52	REFUSED	py tools/bench/c60c_astcheck.py diag_c64_connect_v2.py > tools/bench/c64b_astcheck.log 2>&1
2026-09-21 12:37:58	MARKED	py tools/bgrun.py --material --max-min 3 --log tools/bench/c64b_astcheck.log -- py -u tools/bench/c60c_astcheck.py diag_c64_connect_v2.py
2026-09-21 12:38:06	MARKED	py tools/bgrun.py --material --max-min 30 --log tools/bench/diag_c64_connect_v2.log -- py -u tools/bench/diag_c64_connect_v2.py
2026-09-21 12:42:38	MARKED	py tools/bgrun.py --material --max-min 3 --log tools/bench/c64b_astcheck.log -- py -u tools/bench/c60c_astcheck.py diag_c64_connect_v2.py
2026-09-21 12:57:38	MARKED	py tools/bgrun.py --material --max-min 3 --log tools/bench/c64b_astcheck.log -- py -u tools/bench/c60c_astcheck.py diag_c64_connect_v2.py
2026-09-21 12:57:45	MARKED	py tools/bgrun.py --material --max-min 30 --log tools/bench/diag_c64_connect_v2.log -- py -u tools/bench/diag_c64_connect_v2.py
2026-09-21 13:16:21	MARKED	py tools/bgrun.py --material --max-min 3 --log tools/bench/c64c_astcheck.log -- py -u tools/bench/c60c_astcheck.py diag_c64_readerfree.py
2026-09-21 13:21:21	MARKED	py tools/bgrun.py --material --max-min 3 --log tools/bench/c64c_astcheck.log -- py -u tools/bench/c60c_astcheck.py diag_c64_readerfree.py
2026-09-21 13:21:28	MARKED	py tools/bgrun.py --material --max-min 30 --log tools/bench/diag_c64_readerfree.log -- py -u tools/bench/diag_c64_readerfree.py
2026-09-21 13:34:29	MARKED	cd "G:/Codes/LabVIEW_Codes/MinLab/zz_LabView VI/AAA_UNIST/2. Tracking/V6_ParallelLoop" && py tools/bgrun.py --material --max-min 3 --log tools/bench/c64d_astcheck.log -- py -u tools/bench/c60c_astchec
2026-09-21 13:34:33	MARKED	cd "G:/Codes/LabVIEW_Codes/MinLab/zz_LabView VI/AAA_UNIST/2. Tracking/V6_ParallelLoop" && py tools/bgrun.py --material --max-min 3 --log tools/bench/c64d_astcheck.log -- py -u tools/bench/c60c_astchec
2026-09-21 13:34:51	MARKED	cd "G:/Codes/LabVIEW_Codes/MinLab/zz_LabView VI/AAA_UNIST/2. Tracking/V6_ParallelLoop" && py tools/bgrun.py --material --max-min 30 --log tools/bench/diag_c64_junkpurge.log -- py -u tools/bench/diag_c
2026-09-21 13:48:55	MARKED	cd "G:/Codes/LabVIEW_Codes/MinLab/zz_LabView VI/AAA_UNIST/2. Tracking/V6_ParallelLoop" && MATERIAL=1 py tools/bgrun.py --max-min 3 --log tools/bench/c64e_astcheck.log -- py -u tools/bench/c60c_astchec
2026-09-21 13:48:58	MARKED	$env:MATERIAL='1'; py tools\bgrun.py --max-min 3 --log tools\bench\c64e_astcheck.log -- py -u tools\bench\c60c_astcheck.py diag_c64_s3b_row1.py
2026-09-21 13:49:06	MARKED	cd "G:/Codes/LabVIEW_Codes/MinLab/zz_LabView VI/AAA_UNIST/2. Tracking/V6_ParallelLoop" && MATERIAL=1 py tools/bgrun.py --max-min 3 --log tools/bench/c64e_astcheck.log -- py -u tools/bench/c60c_astchec
2026-09-21 13:49:40	MARKED	py tools/bgrun.py --material --max-min 3 --log tools/bench/c64e_astcheck.log -- py -u tools/bench/c60c_astcheck.py diag_c64_s3b_row1.py
2026-09-21 13:49:54	MARKED	py tools/bgrun.py --material --max-min 35 --log tools/bench/diag_c64_s3b_row1.log -- py -u tools/bench/diag_c64_s3b_row1.py
2026-09-21 13:59:31	MARKED	py tools/bgrun.py --material --max-min 35 --log tools/bench/diag_c64_s3b_row1.log -- py -u tools/bench/diag_c64_s3b_row1.py
2026-09-21 14:15:48	MARKED	py tools/bgrun.py --material --max-min 3 --log tools/bench/c64f_astcheck.log -- py -u tools/bench/c60c_astcheck.py diag_c64_row1_testa.py
2026-09-21 14:15:52	MARKED	py tools/bgrun.py --material --max-min 22 --log tools/bench/diag_c64_row1_testa.log -- py -u tools/bench/diag_c64_row1_testa.py
2026-09-21 14:56:35	MARKED	py tools/bgrun.py --material --max-min 3 --log tools/bench/c65_astcheck.log -- py -u tools/bench/c60c_astcheck.py diag_c65_s3b_row2.py
2026-09-21 14:56:38	MARKED	py tools/bgrun.py --material --max-min 3 --log tools/bench/c65_astcheck.log -- py -u tools/bench/c60c_astcheck.py diag_c65_s3b_row2.py
2026-09-21 14:59:15	MARKED	py tools/bgrun.py --material --max-min 3 --log tools/bench/c65_astcheck.log -- py -u tools/bench/c60c_astcheck.py diag_c65_s3b_row2.py
2026-09-21 14:59:35	MARKED	py tools/bgrun.py --material --max-min 3 --log "C:/Users/KimLab/AppData/Local/Temp/claude/G--Codes-LabVIEW-Codes-MinLab-zz-LabView-VI-AAA-UNIST-2--Tracking-V6-ParallelLoop/35a511d8-f6e5-4080-87b5-bad5
2026-09-21 15:12:05	MARKED	py tools/bgrun.py --material --max-min 3 --log "C:/Users/KimLab/AppData/Local/Temp/claude/G--Codes-LabVIEW-Codes-MinLab-zz-LabView-VI-AAA-UNIST-2--Tracking-V6-ParallelLoop/35a511d8-f6e5-4080-87b5-bad5
2026-09-21 15:12:20	MARKED	py tools/bgrun.py --material --max-min 35 --log tools/bench/diag_c65_s3b_row2.log -- py -u tools/bench/diag_c65_s3b_row2.py
2026-09-21 15:33:35	MARKED	py tools/bgrun.py --material --max-min 3 --log tools/bench/c65b_astcheck.log -- py -u tools/bench/c60c_astcheck.py diag_c65_s3b_row2b.py
2026-09-21 15:40:06	MARKED	py tools/bgrun.py --material --max-min 3 --log tools/bench/c65b_astcheck.log -- py -u tools/bench/c60c_astcheck.py diag_c65_s3b_row2b.py
2026-09-21 15:40:08	MARKED	py tools/bgrun.py --material --max-min 3 --log tools/bench/c65b_astcheck.log -- py -u tools/bench/c60c_astcheck.py diag_c65_s3b_row2b.py
2026-09-21 15:40:16	MARKED	py tools/bgrun.py --material --max-min 30 --log tools/bench/diag_c65_s3b_row2b.log -- py -u tools/bench/diag_c65_s3b_row2b.py
2026-09-21 15:56:44	REFUSED	cd "G:/Codes/LabVIEW_Codes/MinLab/zz_LabView VI/AAA_UNIST/2. Tracking/V6_ParallelLoop" && py tools/bench/c60c_astcheck.py diag_c65_s3b_row2c.py 2>&1 | tee tools/bench/c65c_astcheck.log
2026-09-21 16:02:45	REFUSED	py tools\bench\c60c_astcheck.py diag_c65_s3b_row2c.py > tools\bench\c65c_astcheck.log 2>&1; Get-Content tools\bench\c65c_astcheck.log
2026-09-21 16:02:52	MARKED	MATERIAL=1 py tools/bench/c60c_astcheck.py diag_c65_s3b_row2c.py
2026-09-21 16:02:55	MARKED	MATERIAL=1 py tools/bgrun.py --material --max-min 3 --log tools/bench/c65c_astcheck.log -- py -u tools/bench/c60c_astcheck.py diag_c65_s3b_row2c.py
2026-09-21 16:02:57	MARKED	MATERIAL=1 py tools/bgrun.py --material --max-min 3 --log tools/bench/c65c_astcheck.log -- py -u tools/bench/c60c_astcheck.py diag_c65_s3b_row2c.py
2026-09-21 16:03:01	MARKED	py tools/bgrun.py --material --max-min 3 --log tools/bench/c65c_astcheck.log -- py -u tools/bench/c60c_astcheck.py diag_c65_s3b_row2c.py
2026-09-21 16:03:10	MARKED	py tools/bgrun.py --material --max-min 30 --log tools/bench/diag_c65_s3b_row2c.log -- py -u tools/bench/diag_c65_s3b_row2c.py
2026-09-21 16:42:17	REFUSED	py tools\bgrun.py --max-min 5 --log tools\bench\selftest_c60c_route.log -- py -u tools\bench\selftest_c60c_route.py
2026-09-21 16:42:20	MARKED	py tools\bgrun.py --material --max-min 5 --log tools\bench\selftest_c60c_route.log -- py -u tools\bench\selftest_c60c_route.py
2026-09-21 16:42:32	MARKED	py tools\bgrun.py --material --max-min 5 --log tools\bench\c66_astcheck_regress.log -- py -u tools\bench\c60c_astcheck.py diag_c65_s3b_row2c.py
2026-09-21 16:56:00	REFUSED	cd "G:/Codes/LabVIEW_Codes/MinLab/zz_LabView VI/AAA_UNIST/2. Tracking/V6_ParallelLoop" && py tools/bench/c60c_astcheck.py --route movein diag_c66_s3b_m3.py 2>&1 | tee tools/bench/c66_astcheck.log
2026-09-21 16:56:09	MARKED	cd "G:/Codes/LabVIEW_Codes/MinLab/zz_LabView VI/AAA_UNIST/2. Tracking/V6_ParallelLoop" && py tools/bgrun.py --material --max-min 2 --log tools/bench/c66_astcheck.log -- py -u tools/bench/c60c_astcheck
2026-09-21 16:56:15	MARKED	cd "G:/Codes/LabVIEW_Codes/MinLab/zz_LabView VI/AAA_UNIST/2. Tracking/V6_ParallelLoop" && py tools/bgrun.py --material --max-min 40 --log tools/bench/diag_c66_s3b_m3.log -- py -u tools/bench/diag_c66_
2026-09-21 17:19:09	MARKED	py tools/bgrun.py --material --max-min 3 --log tools/bench/c66b_astcheck.log -- py -u tools/bench/c60c_astcheck.py --route movein tools/bench/diag_c66b_s3b_m3.py
2026-09-21 17:19:15	MARKED	py tools/bgrun.py --material --max-min 3 --log tools/bench/c66b_astcheck.log -- py -u tools/bench/c60c_astcheck.py --route movein diag_c66b_s3b_m3.py
2026-09-21 17:19:39	MARKED	py tools/bgrun.py --material --max-min 40 --log tools/bench/diag_c66b_s3b_m3.log -- py -u tools/bench/diag_c66b_s3b_m3.py
2026-09-21 17:44:31	MARKED	py tools/bgrun.py --material --max-min 25 --log tools/bench/diag_c66c_coercion.log -- py -u tools/bench/diag_c66c_coercion.py
2026-09-21 18:14:02	REFUSED	py tools\bench\c60c_astcheck.py --route movein diag_c67_m3a.py 2>&1 | Tee-Object -FilePath tools\bench\c67_astcheck.log
2026-09-21 18:17:59	REFUSED	py tools\bench\c60c_astcheck.py --route movein diag_c67_m3a.py 2>&1 | Tee-Object -FilePath tools\bench\c67_astcheck.log
2026-09-21 18:18:03	MARKED	py tools\bgrun.py --material --max-min 4 --log tools\bench\c67_astcheck.log -- py -u tools\bench\c60c_astcheck.py --route movein diag_c67_m3a.py
2026-09-21 18:18:06	MARKED	py tools\bgrun.py --material --max-min 4 --log tools\bench\c67_astcheck.log -- py -u tools\bench\c60c_astcheck.py --route movein diag_c67_m3a.py
2026-09-21 18:18:14	MARKED	py tools\bgrun.py --material --max-min 40 --log tools\bench\diag_c67_m3a.log -- py -u tools\bench\diag_c67_m3a.py
2026-09-21 18:47:19	MARKED	py tools/bgrun.py --material --max-min 35 --log tools/bench/diag_c67_addsr.log -- py -u tools/bench/diag_c67_addsr.py
2026-09-21 19:38:12	MARKED	py tools/bgrun.py --material --max-min 4 --log tools/bench/c67c_astcheck.log -- py -u tools/bench/c60c_astcheck.py diag_c67_opvi.py --route movein
2026-09-21 19:38:15	MARKED	py tools/bgrun.py --material --max-min 4 --log tools/bench/c67c_astcheck.log -- py -u tools/bench/c60c_astcheck.py diag_c67_opvi.py --route movein
2026-09-21 19:38:26	MARKED	py tools/bgrun.py --material --max-min 35 --log tools/bench/diag_c67_opvi.log -- py -u tools/bench/diag_c67_opvi.py
2026-09-21 19:41:42	MARKED	py tools/bgrun.py --material --max-min 4 --log tools/bench/c67c_astcheck.log -- py -u tools/bench/c60c_astcheck.py diag_c67_opvi.py --route movein
2026-09-21 19:41:59	MARKED	py tools/bgrun.py --material --max-min 4 --log tools/bench/c67c_astcheck.log -- py -u tools/bench/c60c_astcheck.py diag_c67_opvi.py --route movein
2026-09-21 19:50:43	MARKED	py tools/bgrun.py --material --max-min 4 --log tools/bench/c67c_astcheck.log -- py -u tools/bench/c60c_astcheck.py diag_c67_opvi.py --route movein
2026-09-21 19:50:51	MARKED	py tools/bgrun.py --material --max-min 35 --log tools/bench/diag_c67_opvi.log -- py -u tools/bench/diag_c67_opvi.py
2026-09-21 20:06:21	REFUSED	py tools\bench\c60c_astcheck.py selftest_c67_ensureloaded.py --route movein 2>&1 | Tee-Object -FilePath tools\bench\c67d_astcheck.log
2026-09-21 20:06:29	MARKED	py tools\bgrun.py --material --max-min 3 --log tools\bench\c67d_astcheck.log -- py -u tools\bench\c60c_astcheck.py selftest_c67_ensureloaded.py --route movein
2026-09-21 20:06:34	MARKED	py tools\bgrun.py --material --max-min 3 --log tools\bench\c67d_astcheck_owner.log -- py -u tools\bench\c60c_astcheck.py selftest_c67_ensureloaded.py --route owner
2026-09-21 20:07:12	MARKED	cd "G:/Codes/LabVIEW_Codes/MinLab/zz_LabView VI/AAA_UNIST/2. Tracking/V6_ParallelLoop" && py tools/bgrun.py --material --max-min 25 --log tools/bench/selftest_c67_ensureloaded.log -- py -u tools/bench
2026-09-21 20:36:12	MARKED	cd "G:/Codes/LabVIEW_Codes/MinLab/zz_LabView VI/AAA_UNIST/2. Tracking/V6_ParallelLoop" && MATERIAL=1 py tools/bench/c60c_astcheck.py tools/recipes/build_d1_m3a1.py --route movein > tools/bench/c68_ast
2026-09-21 20:36:43	MARKED	cd "G:/Codes/LabVIEW_Codes/MinLab/zz_LabView VI/AAA_UNIST/2. Tracking/V6_ParallelLoop" && MATERIAL=1 py "tools/bench/c60c_astcheck.py" "tools/recipes/build_d1_m3a1.py" --route movein > "tools/bench/c6
2026-09-21 20:36:52	MARKED	$env:MATERIAL='1'; py "tools\bench\c60c_astcheck.py" "tools\recipes\build_d1_m3a1.py" --route movein | Tee-Object -FilePath "tools\bench\c68_astcheck.log"
2026-09-21 20:36:56	MARKED	$env:MATERIAL='1'; py "tools\bench\c60c_astcheck.py" "tools\recipes\build_d1_m3a1.py" --route movein | Tee-Object -FilePath "tools\bench\c68_astcheck.log"
2026-09-21 20:37:11	MARKED	cd "G:/Codes/LabVIEW_Codes/MinLab/zz_LabView VI/AAA_UNIST/2. Tracking/V6_ParallelLoop" && py tools/bgrun.py --material --max-min 2 --log tools/bench/c68_astcheck.log -- py -u "tools/bench/c60c_astchec
2026-09-21 20:37:22	MARKED	cd "G:/Codes/LabVIEW_Codes/MinLab/zz_LabView VI/AAA_UNIST/2. Tracking/V6_ParallelLoop" && py tools/bgrun.py --material --max-min 2 --log tools/bench/c68_astcheck.log -- py -u "tools/bench/c60c_astchec
2026-09-21 20:37:31	MARKED	cd "G:/Codes/LabVIEW_Codes/MinLab/zz_LabView VI/AAA_UNIST/2. Tracking/V6_ParallelLoop" && py tools/bgrun.py --material --max-min 45 --log tools/bench/build_d1_m3a1.log -- py -u tools/recipes/build_d1_
2026-09-21 20:37:59	REFUSED	cd "G:/Codes/LabVIEW_Codes/MinLab/zz_LabView VI/AAA_UNIST/2. Tracking/V6_ParallelLoop" && py tools/hash_probe.py "C:/Program Files/National Instruments/LabVIEW 2026/user.lib/claudeDev/D1_s3b_row2_2026
2026-09-21 21:02:53	REFUSED	STOPPED-RECIPE cd "G:/Codes/LabVIEW_Codes/MinLab/zz_LabView VI/AAA_UNIST/2. Tracking/V6_ParallelLoop" && python - <<'EOF' import os spec = {  "tools/recipes/build_d1_m3a1.py":[6,7,8,9,10,11,12,13,14,1
2026-09-21 21:09:13	REFUSED	STOPPED-RECIPE cd "G:/Codes/LabVIEW_Codes/MinLab/zz_LabView VI/AAA_UNIST/2. Tracking/V6_ParallelLoop" && grep -n "^# ==========\|^def step_1_probe\|^def step_2_baseline\|SCRATCH" tools/recipes/build_d
2026-09-21 21:13:00	MARKED	cd "G:/Codes/LabVIEW_Codes/MinLab/zz_LabView VI/AAA_UNIST/2. Tracking/V6_ParallelLoop" && MATERIAL=1 py tools/bgrun.py --max-min 2 --log tools/bench/c69_astcheck.log -- py -u tools/bench/c60c_astcheck
2026-09-21 21:13:06	MARKED	cd "G:/Codes/LabVIEW_Codes/MinLab/zz_LabView VI/AAA_UNIST/2. Tracking/V6_ParallelLoop" && MATERIAL=1 py tools/bgrun.py --max-min 2 --log tools/bench/c69_astcheck.log -- py -u tools/bench/c60c_astcheck
2026-09-21 21:13:13	MARKED	MATERIAL=1 py tools/bgrun.py --max-min 2 --log tools/bench/c69_astcheck.log -- py -u tools/bench/c60c_astcheck.py "G:/Codes/LabVIEW_Codes/MinLab/zz_LabView VI/AAA_UNIST/2. Tracking/V6_ParallelLoop/too
2026-09-21 21:13:17	MARKED	$env:MATERIAL='1'; py tools\bgrun.py --max-min 2 --log tools\bench\c69_astcheck.log -- py -u tools\bench\c60c_astcheck.py "G:/Codes/LabVIEW_Codes/MinLab/zz_LabView VI/AAA_UNIST/2. Tracking/V6_Parallel
2026-09-21 21:13:20	MARKED	MATERIAL=1 py tools/bgrun.py --max-min 2 --log tools/bench/c69_astcheck.log -- py -u tools/bench/c60c_astcheck.py tools/recipes/build_d1_m3a1.py --route movein
2026-09-21 21:17:18	MARKED	cd "G:/Codes/LabVIEW_Codes/MinLab/zz_LabView VI/AAA_UNIST/2. Tracking/V6_ParallelLoop" && MATERIAL=1 py tools/bgrun.py --max-min 2 --log tools/bench/c69_astcheck.log -- py -u tools/bench/c60c_astcheck
2026-09-21 21:17:24	MARKED	cd "G:/Codes/LabVIEW_Codes/MinLab/zz_LabView VI/AAA_UNIST/2. Tracking/V6_ParallelLoop" && MATERIAL=1 py tools/bgrun.py --max-min 2 --log tools/bench/c69_astcheck.log -- py -u tools/bench/c60c_astcheck
2026-09-21 21:17:29	MARKED	MATERIAL=1 py tools/bgrun.py --max-min 2 --log tools/bench/c69_astcheck.log -- py -u tools/bench/c60c_astcheck.py "G:/Codes/LabVIEW_Codes/MinLab/zz_LabView VI/AAA_UNIST/2. Tracking/V6_ParallelLoop/too
2026-09-21 21:17:46	MARKED	py tools/bgrun.py --material --max-min 2 --log tools/bench/c69_astcheck.log -- py -u tools/bench/c60c_astcheck.py "G:/Codes/LabVIEW_Codes/MinLab/zz_LabView VI/AAA_UNIST/2. Tracking/V6_ParallelLoop/too
2026-09-21 21:20:10	MARKED	py tools/bgrun.py --material --max-min 45 --log tools/bench/build_d1_m3a1.log -- py -u tools/recipes/build_d1_m3a1.py
2026-09-21 22:02:40	REFUSED	STOPPED-RECIPE cd "G:/Codes/LabVIEW_Codes/MinLab/zz_LabView VI/AAA_UNIST/2. Tracking/V6_ParallelLoop" && py -m py_compile tools/recipes/build_d1_m3a1.py && echo "COMPILE OK" && sha256sum tools/recipes
2026-09-21 22:05:25	REFUSED	STOPPED-RECIPE cd "G:/Codes/LabVIEW_Codes/MinLab/zz_LabView VI/AAA_UNIST/2. Tracking/V6_ParallelLoop" && grep -n "5b\]\|IDENTITY\|identity_gate\|def border_identity\|Q_focusback\|wire_source_v5\|OpWir
2026-09-21 22:21:00	REFUSED	STOPPED-RECIPE cd "G:/Codes/LabVIEW_Codes/MinLab/zz_LabView VI/AAA_UNIST/2. Tracking/V6_ParallelLoop" && tasklist | grep -i labview; echo "---"; py -c "import hashlib;print(hashlib.sha256(open('tools/
2026-09-21 22:30:15	REFUSED	STOPPED-RECIPE cd "G:/Codes/LabVIEW_Codes/MinLab/zz_LabView VI/AAA_UNIST/2. Tracking/V6_ParallelLoop" && grep -n "FIX 1 (c)\|FIX 4: the SINK side\|FIX 2, BRANCH 2\|FIX 1 (b)\|FIX 1 (d)" "tools/recipes
2026-09-21 22:30:35	REFUSED	cd "G:\Codes\LabVIEW_Codes\MinLab\zz_LabView VI\AAA_UNIST\2. Tracking\V6_ParallelLoop"; py tools\stop_record.py check py -u tools/recipes/build_d1_m3a1.py
2026-09-21 22:37:23	MARKED	cd "G:/Codes/LabVIEW_Codes/MinLab/zz_LabView VI/AAA_UNIST/2. Tracking/V6_ParallelLoop" && py tools/bgrun.py --material --max-min 2 --log tools/bench/c70_astcheck.log -- py -u tools/bench/c60c_astcheck
2026-09-21 22:37:26	MARKED	cd "G:/Codes/LabVIEW_Codes/MinLab/zz_LabView VI/AAA_UNIST/2. Tracking/V6_ParallelLoop" && py tools/bgrun.py --material --max-min 2 --log tools/bench/c70_astcheck.log -- py -u tools/bench/c60c_astcheck
2026-09-21 22:37:40	MARKED	cd "G:/Codes/LabVIEW_Codes/MinLab/zz_LabView VI/AAA_UNIST/2. Tracking/V6_ParallelLoop" && py tools/bgrun.py --material --max-min 2 --log tools/bench/c70_astcheck.log -- py -u tools/bench/c60c_astcheck
2026-09-21 22:38:08	MARKED	cd "G:/Codes/LabVIEW_Codes/MinLab/zz_LabView VI/AAA_UNIST/2. Tracking/V6_ParallelLoop" && py tools/bgrun.py --material --max-min 45 --log tools/bench/build_d1_m3a1.log -- py -u tools/recipes/build_d1_
2026-09-21 23:19:25	REFUSED	cd "G:\Codes\LabVIEW_Codes\MinLab\zz_LabView VI\AAA_UNIST\2. Tracking\V6_ParallelLoop" && py -m py_compile tools/bench/diag_c68_pd86.py && echo COMPILE_OK
2026-09-21 23:19:34	MARKED	cd "G:\Codes\LabVIEW_Codes\MinLab\zz_LabView VI\AAA_UNIST\2. Tracking\V6_ParallelLoop" && py tools/bgrun.py --material --max-min 15 --log tools/bench/diag_c68_pd86.log -- py -u tools/bench/diag_c68_pd
2026-09-21 23:28:32	REFUSED	cd "G:\Codes\LabVIEW_Codes\MinLab\zz_LabView VI\AAA_UNIST\2. Tracking\V6_ParallelLoop" && py tools/bgrun.py --max-min 5 --log tools/bench/c71_astcheck.log -- py -u tools/bench/c60c_astcheck.py "G:\Cod
2026-09-21 23:28:39	MARKED	cd "G:\Codes\LabVIEW_Codes\MinLab\zz_LabView VI\AAA_UNIST\2. Tracking\V6_ParallelLoop" && py tools/bgrun.py --material --max-min 5 --log tools/bench/c71_astcheck.log -- py -u tools/bench/c60c_astcheck
2026-09-21 23:29:31	MARKED	cd "G:\Codes\LabVIEW_Codes\MinLab\zz_LabView VI\AAA_UNIST\2. Tracking\V6_ParallelLoop" && py tools/bgrun.py --material --max-min 5 --log tools/bench/c71_astcheck.log -- py -u tools/bench/c60c_astcheck
2026-09-21 23:40:46	MARKED	cd "G:\Codes\LabVIEW_Codes\MinLab\zz_LabView VI\AAA_UNIST\2. Tracking\V6_ParallelLoop" && py tools/bgrun.py --material --max-min 5 --log tools/bench/c71_astcheck.log -- py -u tools/bench/c60c_astcheck
2026-09-21 23:41:44	MARKED	cd "G:\Codes\LabVIEW_Codes\MinLab\zz_LabView VI\AAA_UNIST\2. Tracking\V6_ParallelLoop" && py tools/stop_record.py write --recipe tools/recipes/build_d1_m3a1.py --review archive/peer/2026-09-21-priorar
2026-09-21 23:42:07	MARKED	cd "G:\Codes\LabVIEW_Codes\MinLab\zz_LabView VI\AAA_UNIST\2. Tracking\V6_ParallelLoop" && py tools/stop_record.py write --recipe tools/recipes/build_d1_m3a1.py --review archive/peer/2026-09-21-priorar
2026-09-21 23:42:15	MARKED	cd "G:\Codes\LabVIEW_Codes\MinLab\zz_LabView VI\AAA_UNIST\2. Tracking\V6_ParallelLoop" && py tools/bgrun.py --material --max-min 45 --log tools/bench/build_d1_m3a1.log -- py -u tools/recipes/build_d1_
2026-09-21 23:53:28	MARKED	cd "G:\Codes\LabVIEW_Codes\MinLab\zz_LabView VI\AAA_UNIST\2. Tracking\V6_ParallelLoop" && py tools/bgrun.py --material --max-min 12 --log tools/bench/diag_c68_guisave.log -- py -u tools/bench/diag_c68
2026-09-22 00:06:13	MARKED	cd "G:\Codes\LabVIEW_Codes\MinLab\zz_LabView VI\AAA_UNIST\2. Tracking\V6_ParallelLoop" && py tools/bgrun.py --material --max-min 12 --log tools/bench/diag_c68_quote_echo.log -- py -u tools/bench/diag_
2026-09-22 00:08:54	MARKED	cd "G:\Codes\LabVIEW_Codes\MinLab\zz_LabView VI\AAA_UNIST\2. Tracking\V6_ParallelLoop" && py tools/bgrun.py --material --max-min 10 --log tools/bench/diag_c68_quote2.log -- py -u tools/bench/diag_c68_
2026-09-22 00:19:19	MARKED	py tools/bgrun.py --material --max-min 20 --log tools/bench/diag_c68_echo_accept.log -- py -u tools/bench/diag_c68_quote_echo.py
2026-09-22 00:21:05	MARKED	py tools/bgrun.py --material --max-min 45 --log tools/bench/build_d1_m3a1.log -- py -u tools/recipes/build_d1_m3a1.py
2026-09-22 00:22:02	MARKED	py tools/bgrun.py --material --max-min 45 --log tools/bench/build_d1_m3a1.log -- py -u tools/recipes/build_d1_m3a1.py
2026-09-22 00:22:33	MARKED	py tools/bgrun.py --material --max-min 45 --log tools/bench/build_d1_m3a1.log -- py -u tools/recipes/build_d1_m3a1.py
2026-09-22 00:31:30	MARKED	py tools/bgrun.py --material --max-min 45 --log tools/bench/build_d1_m3a1.log -- py -u tools/recipes/build_d1_m3a1.py
2026-09-22 00:57:32	MARKED	py tools/bgrun.py --material --max-min 45 --log tools/bench/build_d1_m3a1.log -- py -u tools/recipes/build_d1_m3a1.py
2026-09-22 01:20:53	MARKED	cd "G:/Codes/LabVIEW_Codes/MinLab/zz_LabView VI/AAA_UNIST/2. Tracking/V6_ParallelLoop" && MATERIAL=1 py -m py_compile "tools/bench/diag_c73_m3a2_rows.py" && echo COMPILE_OK
2026-09-22 01:20:56	MARKED	$env:MATERIAL='1'; py -m py_compile "tools\bench\diag_c73_m3a2_rows.py"; if ($?) { "COMPILE_OK" }
2026-09-22 01:20:59	MARKED	$env:MATERIAL='1'; py -m py_compile "tools\bench\diag_c73_m3a2_rows.py"; if ($?) { "COMPILE_OK" }
2026-09-22 01:21:03	MARKED	cd "G:/Codes/LabVIEW_Codes/MinLab/zz_LabView VI/AAA_UNIST/2. Tracking/V6_ParallelLoop"; MATERIAL=1 py -m py_compile "tools/bench/diag_c73_m3a2_rows.py"
2026-09-22 01:21:52	MARKED	cd "G:/Codes/LabVIEW_Codes/MinLab/zz_LabView VI/AAA_UNIST/2. Tracking/V6_ParallelLoop" && py tools/bgrun.py --material --max-min 40 --log tools/bench/diag_c73_m3a2_rows.log -- py -u tools/bench/diag_c
2026-09-22 01:41:52	MARKED	cd "G:/Codes/LabVIEW_Codes/MinLab/zz_LabView VI/AAA_UNIST/2. Tracking/V6_ParallelLoop" && py tools/bgrun.py --material --max-min 5 --log "tools/bench/c74_astcheck_m3a2.log" -- py -u "tools/bench/c60c_
2026-09-22 01:52:05	REFUSED	STOPPED-RECIPE cd "G:/Codes/LabVIEW_Codes/MinLab/zz_LabView VI/AAA_UNIST/2. Tracking/V6_ParallelLoop" && wc -l STATUS.md && ls -la tools/bench/c74_astcheck_m3a2.log tools/bench/priorart_c74_m3a2.log "
2026-09-22 01:54:04	REFUSED	STOPPED-RECIPE cd "G:/Codes/LabVIEW_Codes/MinLab/zz_LabView VI/AAA_UNIST/2. Tracking/V6_ParallelLoop" && wc -l tools/recipes/build_d1_m3a2.py && ls -la tools/bench/c74_astcheck_m3a2.log archive/peer/2
2026-09-22 01:57:39	MARKED	cd "G:/Codes/LabVIEW_Codes/MinLab/zz_LabView VI/AAA_UNIST/2. Tracking/V6_ParallelLoop" && MATERIAL=1 py tools/bgrun.py --material --max-min 5 --log "tools/bench/c74_astcheck_m3a2_r2.log" -- py -u "too
2026-09-22 01:57:44	MARKED	cd "G:/Codes/LabVIEW_Codes/MinLab/zz_LabView VI/AAA_UNIST/2. Tracking/V6_ParallelLoop" && MATERIAL=1 py tools/bgrun.py --material --max-min 5 --log "tools/bench/c74_astcheck_m3a2_r2.log" -- py -u "too
2026-09-22 01:57:50	MARKED	MATERIAL=1 py tools/bgrun.py --material --max-min 5 --log "tools/bench/c74_astcheck_m3a2_r2.log" -- py -u "tools/bench/c60c_astcheck.py" "G:/Codes/LabVIEW_Codes/MinLab/zz_LabView VI/AAA_UNIST/2. Track
2026-09-22 01:57:55	MARKED	$env:MATERIAL='1'; py tools\bgrun.py --material --max-min 5 --log "tools/bench/c74_astcheck_m3a2_r2.log" -- py -u "tools/bench/c60c_astcheck.py" "G:/Codes/LabVIEW_Codes/MinLab/zz_LabView VI/AAA_UNIST/
2026-09-22 01:58:20	MARKED	py tools/bgrun.py --material --max-min 5 --log "tools/bench/c74_astcheck_m3a2_r2.log" -- py -u "tools/bench/c60c_astcheck.py" "G:/Codes/LabVIEW_Codes/MinLab/zz_LabView VI/AAA_UNIST/2. Tracking/V6_Para
2026-09-22 01:58:42	MARKED	py tools/bgrun.py --material --max-min 45 --log "tools/bench/build_d1_m3a2.log" -- py -u "tools/recipes/build_d1_m3a2.py"
2026-09-22 02:12:53	REFUSED	STOPPED-RECIPE cd "G:/Codes/LabVIEW_Codes/MinLab/zz_LabView VI/AAA_UNIST/2. Tracking/V6_ParallelLoop" && grep -c "move_in" tools/recipes/build_d1_m3a1.py tools/recipes/build_d1_routeb_v0.py tools/reci
2026-09-22 02:15:15	MARKED	cd "G:/Codes/LabVIEW_Codes/MinLab/zz_LabView VI/AAA_UNIST/2. Tracking/V6_ParallelLoop" && P="$(pwd)" && MATERIAL=1 py tools/bgrun.py --max-min 5 --log "tools/bench/c74_gate10_m3a2.log" -- py -u "tools
2026-09-22 02:15:20	MARKED	cd "G:/Codes/LabVIEW_Codes/MinLab/zz_LabView VI/AAA_UNIST/2. Tracking/V6_ParallelLoop" && MATERIAL=1 py tools/bgrun.py --max-min 5 --log "tools/bench/c74_gate10_m3a2.log" -- py -u "tools/bench/c60c_as
2026-09-22 02:15:26	MARKED	cd "G:/Codes/LabVIEW_Codes/MinLab/zz_LabView VI/AAA_UNIST/2. Tracking/V6_ParallelLoop" && py tools/bgrun.py --material --max-min 5 --log "tools/bench/c74_gate10_m3a2.log" -- py -u "tools/bench/c60c_as
2026-09-22 02:15:36	MARKED	cd "G:/Codes/LabVIEW_Codes/MinLab/zz_LabView VI/AAA_UNIST/2. Tracking/V6_ParallelLoop" && py tools/bgrun.py --material --max-min 5 --log "tools/bench/c74_gate10_m3a1.log" -- py -u "tools/bench/c60c_as
2026-09-22 02:30:12	MARKED	cd "G:/Codes/LabVIEW_Codes/MinLab/zz_LabView VI/AAA_UNIST/2. Tracking/V6_ParallelLoop" && py tools/bgrun.py --material --max-min 5 --log "tools/bench/c74_astcheck_m3a2_r3.log" -- py -u "tools/bench/c6
2026-09-22 02:30:29	MARKED	cd "G:/Codes/LabVIEW_Codes/MinLab/zz_LabView VI/AAA_UNIST/2. Tracking/V6_ParallelLoop" && py tools/bgrun.py --material --max-min 45 --log "tools/bench/build_d1_m3a2.log" -- py -u "tools/recipes/build_
2026-09-22 02:43:12	MARKED	$env:MATERIAL='1'; py tools\bench\c60c_astcheck.py diag_c74_m3a2_verify.py --route owner
2026-09-22 02:43:16	MARKED	cd "G:/Codes/LabVIEW_Codes/MinLab/zz_LabView VI/AAA_UNIST/2. Tracking/V6_ParallelLoop"; MATERIAL=1 py tools/bench/c60c_astcheck.py diag_c74_m3a2_verify.py --route owner
2026-09-22 02:43:43	MARKED	cd "G:/Codes/LabVIEW_Codes/MinLab/zz_LabView VI/AAA_UNIST/2. Tracking/V6_ParallelLoop" && py tools/bgrun.py --material --max-min 3 --log tools/bench/c74_astcheck_verify.log -- py -u tools/bench/c60c_a
2026-09-22 02:43:51	MARKED	cd "G:/Codes/LabVIEW_Codes/MinLab/zz_LabView VI/AAA_UNIST/2. Tracking/V6_ParallelLoop" && py tools/bgrun.py --material --max-min 30 --log tools/bench/diag_c74_m3a2_verify.log -- py -u tools/bench/diag
2026-09-22 02:45:24	MARKED	cd "G:/Codes/LabVIEW_Codes/MinLab/zz_LabView VI/AAA_UNIST/2. Tracking/V6_ParallelLoop" && py tools/bgrun.py --material --max-min 3 --log tools/bench/c74_gate10_report.log -- py -u tools/bench/c74_gate
2026-09-22 02:45:48	MARKED	cd "G:/Codes/LabVIEW_Codes/MinLab/zz_LabView VI/AAA_UNIST/2. Tracking/V6_ParallelLoop" && py tools/bgrun.py --material --max-min 3 --log tools/bench/c74_gate10_report.log -- py -u tools/bench/c74_gate
2026-09-22 03:05:11	MARKED	cd "G:/Codes/LabVIEW_Codes/MinLab/zz_LabView VI/AAA_UNIST/2. Tracking/V6_ParallelLoop" && MATERIAL=1 py tools/bgrun.py --max-min 5 --log "tools/bench/c75_astcheck.log" -- py -u "tools/bench/c60c_astch
2026-09-22 03:05:14	MARKED	cd "G:/Codes/LabVIEW_Codes/MinLab/zz_LabView VI/AAA_UNIST/2. Tracking/V6_ParallelLoop" && MATERIAL=1 py tools/bgrun.py --max-min 5 --log "tools/bench/c75_astcheck.log" -- py -u "tools/bench/c60c_astch
2026-09-22 03:05:19	MARKED	MATERIAL=1 py tools/bgrun.py --max-min 5 --log "tools/bench/c75_astcheck.log" -- py -u "tools/bench/c60c_astcheck.py" "tools/bench/diag_c75_m3a3_endpoints.py" --route owner
2026-09-22 03:05:23	MARKED	$env:MATERIAL='1'; py tools\bgrun.py --max-min 5 --log "tools/bench/c75_astcheck.log" -- py -u "tools/bench/c60c_astcheck.py" "tools/bench/diag_c75_m3a3_endpoints.py" --route owner
2026-09-22 07:35:57	MARKED	cd "G:/Codes/LabVIEW_Codes/MinLab/zz_LabView VI/AAA_UNIST/2. Tracking/V6_ParallelLoop" && MATERIAL=1 py tools/bgrun.py --max-min 3 --log "tools/bench/c75_astcheck.log" -- py -u "tools/bench/c60c_astch
2026-09-22 07:36:02	MARKED	MATERIAL=1 py tools/bgrun.py --max-min 3 --log "tools/bench/c75_astcheck.log" -- py -u "tools/bench/c60c_astcheck.py" "tools/bench/diag_c75_m3a3_rows.py" --route owner
2026-09-22 07:36:12	MARKED	$env:MATERIAL='1'; py tools\bgrun.py --max-min 3 --log tools\bench\c75_astcheck.log -- py -u tools\bench\c60c_astcheck.py diag_c75_m3a3_rows.py --route owner
2026-09-22 07:36:15	MARKED	MATERIAL=1 py tools/bgrun.py --max-min 3 --log tools/bench/c75_astcheck.log -- py -u tools/bench/c60c_astcheck.py diag_c75_m3a3_rows.py --route owner
2026-09-22 07:36:42	MARKED	py tools/bgrun.py --material --max-min 3 --log tools/bench/c75_astcheck.log -- py -u tools/bench/c60c_astcheck.py diag_c75_m3a3_rows.py --route owner
2026-09-22 07:36:53	MARKED	py tools/bgrun.py --material --max-min 20 --log tools/bench/diag_c75_m3a3_rows.log -- py -u tools/bench/diag_c75_m3a3_rows.py
2026-09-22 07:40:54	MARKED	py tools/bgrun.py --material --max-min 3 --log tools/bench/c75b_astcheck.log -- py -u tools/bench/c60c_astcheck.py diag_c75b_loopterms.py --route owner
2026-09-22 07:40:57	MARKED	py tools/bgrun.py --material --max-min 12 --log tools/bench/diag_c75b_loopterms.log -- py -u tools/bench/diag_c75b_loopterms.py
2026-09-22 07:53:50	MARKED	py tools/bgrun.py --material --max-min 5 --log tools/bench/c75_astcheck_m3a3.log -- py -u "tools/bench/c60c_astcheck.py" "tools/recipes/build_d1_m3a3.py" --route owner
2026-09-22 07:54:00	MARKED	py tools/bgrun.py --material --max-min 5 --log tools/bench/c75_astcheck_m3a3.log -- py -u "tools/bench/c60c_astcheck.py" "G:/Codes/LabVIEW_Codes/MinLab/zz_LabView VI/AAA_UNIST/2. Tracking/V6_ParallelL
2026-09-22 07:55:12	MARKED	py tools/bgrun.py --material --max-min 50 --log tools/bench/build_d1_m3a3.log -- py -u tools/recipes/build_d1_m3a3.py
2026-09-22 07:56:11	MARKED	py tools/bgrun.py --material --max-min 50 --log tools/bench/build_d1_m3a3.log -- py -u tools/recipes/build_d1_m3a3.py
2026-09-22 08:00:57	MARKED	py tools/bgrun.py --material --max-min 5 --log tools/bench/c75_astcheck_m3a3_r2.log -- py -u "tools/bench/c60c_astcheck.py" "G:/Codes/LabVIEW_Codes/MinLab/zz_LabView VI/AAA_UNIST/2. Tracking/V6_Parall
2026-09-22 08:10:48	MARKED	py tools/bgrun.py --material --max-min 5 --log tools/bench/c75_astcheck_m3a3_r2.log -- py -u "tools/bench/c60c_astcheck.py" "G:/Codes/LabVIEW_Codes/MinLab/zz_LabView VI/AAA_UNIST/2. Tracking/V6_Parall
2026-09-22 08:10:55	MARKED	py tools/bgrun.py --material --max-min 50 --log tools/bench/build_d1_m3a3_run2.log -- py -u tools/recipes/build_d1_m3a3.py
2026-09-22 08:26:42	MARKED	cd "G:/Codes/LabVIEW_Codes/MinLab/zz_LabView VI/AAA_UNIST/2. Tracking/V6_ParallelLoop" && MATERIAL=1 py tools/bgrun.py --material --max-min 25 --log tools/bench/jev_triage.log -- py -u tools/bench/jev
2026-09-22 08:31:45	MARKED	cd "G:/Codes/LabVIEW_Codes/MinLab/zz_LabView VI/AAA_UNIST/2. Tracking/V6_ParallelLoop" && py tools/bgrun.py --material --max-min 25 --log tools/bench/jev_discharge.log -- py -u tools/bench/jev_run_all
2026-09-22 08:38:21	MARKED	cd "G:/Codes/LabVIEW_Codes/MinLab/zz_LabView VI/AAA_UNIST/2. Tracking/V6_ParallelLoop" && MATERIAL=1 py tools/bgrun.py --material --max-min 25 --log tools/bench/jev_triage.log -- py -u tools/bench/jev
2026-09-22 08:39:21	MARKED	cd "G:/Codes/LabVIEW_Codes/MinLab/zz_LabView VI/AAA_UNIST/2. Tracking/V6_ParallelLoop" && MATERIAL=1 py tools/bgrun.py --material --max-min 25 --log tools/bench/jev_next.log -- py -u tools/bench/jev_n
2026-09-22 08:39:49	MARKED	cd "G:/Codes/LabVIEW_Codes/MinLab/zz_LabView VI/AAA_UNIST/2. Tracking/V6_ParallelLoop" && MATERIAL=1 py tools/bgrun.py --material --max-min 25 --log tools/bench/jev_next.log -- py -u tools/bench/jev_n
2026-09-22 08:40:26	MARKED	cd "G:/Codes/LabVIEW_Codes/MinLab/zz_LabView VI/AAA_UNIST/2. Tracking/V6_ParallelLoop" && MATERIAL=1 py tools/bgrun.py --material --max-min 5 --log tools/bench/selftest_next_gate_jev.log -- py -u tool
2026-09-22 08:41:19	MARKED	cd "G:/Codes/LabVIEW_Codes/MinLab/zz_LabView VI/AAA_UNIST/2. Tracking/V6_ParallelLoop" && MATERIAL=1 py tools/bgrun.py --material --max-min 5 --log tools/bench/selftest_next_gate_jev.log -- py -u tool
2026-09-22 08:42:12	MARKED	cd "G:/Codes/LabVIEW_Codes/MinLab/zz_LabView VI/AAA_UNIST/2. Tracking/V6_ParallelLoop" && py tools/bgrun.py --material --max-min 25 --log tools/bench/jev_discharge.log -- py -u tools/bench/jev_run_all
2026-09-22 09:03:25	MARKED	cd "G:/Codes/LabVIEW_Codes/MinLab/zz_LabView VI/AAA_UNIST/2. Tracking/V6_ParallelLoop" && MATERIAL=1 py tools/bgrun.py --max-min 5 --log tools/bench/c77_astcheck.log -- py -u tools/bench/c60c_astcheck
2026-09-22 09:08:45	MARKED	py tools/bgrun.py --material --max-min 5 --log tools/bench/c77_astcheck.log -- py -u tools/bench/c60c_astcheck.py tools/bench/diag_c77_rowd_addr.py
2026-09-22 09:08:57	MARKED	py tools/bgrun.py --material --max-min 5 --log tools/bench/c77_astcheck.log -- py -u tools/bench/c60c_astcheck.py "G:/Codes/LabVIEW_Codes/MinLab/zz_LabView VI/AAA_UNIST/2. Tracking/V6_ParallelLoop/too
2026-09-22 09:09:05	MARKED	py tools/bgrun.py --material --max-min 28 --log tools/bench/diag_c77_rowd_addr.log -- py -u tools/bench/diag_c77_rowd_addr.py
2026-09-22 09:24:16	MARKED	cd "G:/Codes/LabVIEW_Codes/MinLab/zz_LabView VI/AAA_UNIST/2. Tracking/V6_ParallelLoop" && MATERIAL=1 py tools/bgrun.py --max-min 12 --log tools/bench/c78_step1_writer.log -- py -u tools/bench/selftest
2026-09-22 09:24:25	MARKED	$env:MATERIAL='1'; py tools\bgrun.py --max-min 12 --log tools\bench\c78_step1_selftest.log -- py -u tools\bench\selftest_logclass_recipebuild.py
2026-09-22 09:24:29	MARKED	cd "G:/Codes/LabVIEW_Codes/MinLab/zz_LabView VI/AAA_UNIST/2. Tracking/V6_ParallelLoop" && MATERIAL=1 py tools/bgrun.py --max-min 12 --log tools/bench/c78_step1_selftest.log -- py -u tools/bench/selfte
2026-09-22 09:24:34	MARKED	MATERIAL=1 py tools/bgrun.py --max-min 12 --log tools/bench/c78_step1_selftest.log -- py -u tools/bench/selftest_logclass_recipebuild.py
2026-09-22 09:24:58	MARKED	py tools/bgrun.py --material --max-min 12 --log tools/bench/c78_step1_selftest.log -- py -u tools/bench/selftest_logclass_recipebuild.py
2026-09-22 09:25:12	MARKED	py tools/bgrun.py --material --max-min 10 --log tools/bench/c78_rowd_writer.log -- py -u tools/bench/diag_c78_rowd_writer.py
2026-09-22 09:33:20	REFUSED	cd "G:/Codes/LabVIEW_Codes/MinLab/zz_LabView VI/AAA_UNIST/2. Tracking/V6_ParallelLoop" && py -m py_compile tools/recipes/build_d1_m3a3.py
2026-09-22 09:33:29	MARKED	py tools/bgrun.py --material --max-min 8 --log tools/bench/c78_astcheck_m3a3b.log -- py -u tools/bench/c60c_astcheck.py "tools/recipes/build_d1_m3a3.py" --route owner
2026-09-22 09:33:45	MARKED	py tools/bgrun.py --material --max-min 8 --log tools/bench/c78_astcheck_m3a3b.log -- py -u tools/bench/c60c_astcheck.py "G:/Codes/LabVIEW_Codes/MinLab/zz_LabView VI/AAA_UNIST/2. Tracking/V6_ParallelLo
2026-09-22 10:41:26	MARKED	$env:MATERIAL='1'; py tools\bench\c60c_astcheck.py "tools/recipes/build_d1_m3a3.py" --route owner
2026-09-22 10:41:31	MARKED	$env:MATERIAL='1'; py tools\bench\c60c_astcheck.py "tools/recipes/build_d1_m3a3.py" --route owner
2026-09-22 10:41:41	MARKED	cd "G:/Codes/LabVIEW_Codes/MinLab/zz_LabView VI/AAA_UNIST/2. Tracking/V6_ParallelLoop" && MATERIAL=1 py tools/bgrun.py --max-min 4 --log tools/bench/c80_astcheck_m3a3b.log -- py -u tools/bench/c60c_as
2026-09-22 10:41:48	REFUSED	py tools\bench\c60c_astcheck.py "tools/recipes/build_d1_m3a3.py" --route owner
2026-09-22 10:41:54	MARKED	cd "G:/Codes/LabVIEW_Codes/MinLab/zz_LabView VI/AAA_UNIST/2. Tracking/V6_ParallelLoop" && py tools/bgrun.py --material --max-min 4 --log tools/bench/c80_astcheck_m3a3b.log -- py -u tools/bench/c60c_as
2026-09-22 10:42:05	MARKED	cd "G:/Codes/LabVIEW_Codes/MinLab/zz_LabView VI/AAA_UNIST/2. Tracking/V6_ParallelLoop" && py tools/bgrun.py --material --max-min 4 --log tools/bench/c80_astcheck_m3a3b.log -- py -u tools/bench/c60c_as
2026-09-22 10:43:46	MARKED	cd "G:/Codes/LabVIEW_Codes/MinLab/zz_LabView VI/AAA_UNIST/2. Tracking/V6_ParallelLoop" && py tools/bgrun.py --material --max-min 4 --log tools/bench/c80_astcheck_m3a3b_r2.log -- py -u tools/bench/c60c
2026-09-22 10:43:59	MARKED	cd "G:/Codes/LabVIEW_Codes/MinLab/zz_LabView VI/AAA_UNIST/2. Tracking/V6_ParallelLoop" && py tools/bgrun.py --material --max-min 45 --log tools/bench/c80_rowd_routeA.log -- py -u tools/recipes/build_d
2026-09-22 10:47:23	MARKED	cd "G:/Codes/LabVIEW_Codes/MinLab/zz_LabView VI/AAA_UNIST/2. Tracking/V6_ParallelLoop" && py tools/bgrun.py --material --max-min 4 --log tools/bench/c80_astcheck_m3a3b_r3.log -- py -u tools/bench/c60c
2026-09-22 11:16:08	MARKED	cd "G:/Codes/LabVIEW_Codes/MinLab/zz_LabView VI/AAA_UNIST/2. Tracking/V6_ParallelLoop" && py tools/bgrun.py --material --max-min 4 --log tools/bench/c80_astcheck_m3a3b_r3.log -- py -u tools/bench/c60c
2026-09-22 11:16:19	MARKED	cd "G:/Codes/LabVIEW_Codes/MinLab/zz_LabView VI/AAA_UNIST/2. Tracking/V6_ParallelLoop" && py tools/bgrun.py --material --max-min 45 --log tools/bench/c80_rowd_routeA_r2.log -- py -u tools/recipes/buil
2026-09-22 11:43:39	MARKED	cd "G:/Codes/LabVIEW_Codes/MinLab/zz_LabView VI/AAA_UNIST/2. Tracking/V6_ParallelLoop" && MATERIAL=1 py tools/bgrun.py --max-min 25 --log tools/bench/diag_c81_uidref.log -- py -u tools/bench/diag_c81_
2026-09-22 11:43:45	MARKED	$env:MATERIAL='1'; py tools\bgrun.py --max-min 25 --log tools\bench\diag_c81_uidref.log -- py -u tools\bench\diag_c81_uidref.py
2026-09-22 11:46:31	MARKED	py tools\bgrun.py --material --max-min 15 --log tools\bench\selftest_audit_c4c_split.log -- py -u tools\bench\selftest_audit_c4c_split.py
2026-09-22 11:48:48	MARKED	py tools\bgrun.py --material --max-min 15 --log tools\bench\selftest_audit_c4c_split_r2.log -- py -u tools\bench\selftest_audit_c4c_split.py
2026-09-22 11:56:04	MARKED	$env:MATERIAL='1'; py tools\bgrun.py --max-min 25 --log tools\bench\diag_c81_uidref.log -- py -u tools\bench\diag_c81_uidref.py
2026-09-22 11:56:08	MARKED	cd "G:/Codes/LabVIEW_Codes/MinLab/zz_LabView VI/AAA_UNIST/2. Tracking/V6_ParallelLoop"; MATERIAL=1 py tools/bgrun.py --max-min 25 --log tools/bench/diag_c81_uidref.log -- py -u tools/bench/diag_c81_ui
2026-09-22 11:56:24	MARKED	$env:MATERIAL='1'; py tools\bgrun.py --max-min 25 --log tools\bench\diag_c81_uidref.log -- py -u tools\bench\diag_c81_uidref.py
2026-09-22 11:56:44	MARKED	py tools/bgrun.py --material --max-min 25 --log tools/bench/diag_c81_uidref.log -- py -u tools/bench/diag_c81_uidref.py
2026-09-22 12:00:15	MARKED	py tools/bgrun.py --material --max-min 25 --log tools/bench/diag_c81_uidref_r2.log -- py -u tools/bench/diag_c81_uidref.py
2026-09-22 12:17:38	MARKED	cd "G:/Codes/LabVIEW_Codes/MinLab/zz_LabView VI/AAA_UNIST/2. Tracking/V6_ParallelLoop" && MATERIAL=1 py tools/bgrun.py --max-min 58 --log tools/bench/build_opfsinnertunnelconnect_v0.log -- py -u tools
2026-09-22 12:32:22	MARKED	cd "G:/Codes/LabVIEW_Codes/MinLab/zz_LabView VI/AAA_UNIST/2. Tracking/V6_ParallelLoop" && MATERIAL=1 py tools/bgrun.py --max-min 58 --log tools/bench/build_opfsinnertunnelconnect_v0.log -- py -u tools
2026-09-22 12:32:28	MARKED	MATERIAL=1 py tools/bgrun.py --max-min 58 --log tools/bench/build_opfsinnertunnelconnect_v0.log -- py -u tools/recipes/build_opfsinnertunnelconnect_v0.py
2026-09-22 12:32:31	MARKED	cd "G:/Codes/LabVIEW_Codes/MinLab/zz_LabView VI/AAA_UNIST/2. Tracking/V6_ParallelLoop" && MATERIAL=1 py tools/bgrun.py --max-min 58 --log tools/bench/build_opfsinnertunnelconnect_v0.log -- py -u tools
2026-09-22 12:32:48	MARKED	cd "G:/Codes/LabVIEW_Codes/MinLab/zz_LabView VI/AAA_UNIST/2. Tracking/V6_ParallelLoop" && py tools/bgrun.py --material --max-min 58 --log tools/bench/build_opfsinnertunnelconnect_v0.log -- py -u tools
2026-09-22 13:01:17	REFUSED	cd "G:/Codes/LabVIEW_Codes/MinLab/zz_LabView VI/AAA_UNIST/2. Tracking/V6_ParallelLoop" && py -m py_compile "tools/bench/diag_c83_connect2x2.py" && echo COMPILE_OK
2026-09-22 13:01:24	MARKED	cd "G:/Codes/LabVIEW_Codes/MinLab/zz_LabView VI/AAA_UNIST/2. Tracking/V6_ParallelLoop" && py tools/bgrun.py --material --max-min 3 --log tools/bench/c83_astcheck.log -- py -u -m py_compile "tools/benc
2026-09-22 13:01:33	MARKED	cd "G:/Codes/LabVIEW_Codes/MinLab/zz_LabView VI/AAA_UNIST/2. Tracking/V6_ParallelLoop" && py tools/bgrun.py --material --max-min 75 --log tools/bench/diag_c83_connect2x2.log -- py -u tools/bench/diag_
2026-09-22 13:10:16	MARKED	cd "G:/Codes/LabVIEW_Codes/MinLab/zz_LabView VI/AAA_UNIST/2. Tracking/V6_ParallelLoop" && py tools/bgrun.py --material --max-min 3 --log tools/bench/c83_astcheck_r2.log -- py -u -m py_compile "tools/b
2026-09-22 13:35:18	MARKED	cd "G:/Codes/LabVIEW_Codes/MinLab/zz_LabView VI/AAA_UNIST/2. Tracking/V6_ParallelLoop" && py tools/bgrun.py --material --max-min 3 --log tools/bench/c83_astcheck_r2.log -- py -u -m py_compile "tools/b
2026-09-22 13:35:23	MARKED	cd "G:/Codes/LabVIEW_Codes/MinLab/zz_LabView VI/AAA_UNIST/2. Tracking/V6_ParallelLoop" && py tools/bgrun.py --material --max-min 40 --log tools/bench/diag_c83_connect2x2_r2.log -- py -u tools/bench/di
2026-09-22 13:51:11	MARKED	MATERIAL=1 py tools/bgrun.py --max-min 75 --log tools/bench/build_d1_m3a3b_d3.log -- py -u tools/recipes/build_d1_m3a3b_d3.py
2026-09-22 14:07:28	MARKED	MATERIAL=1 py tools/bgrun.py --max-min 75 --log tools/bench/build_d1_m3a3b_d3.log -- py -u tools/recipes/build_d1_m3a3b_d3.py
2026-09-22 14:07:48	MARKED	py tools\bgrun.py --material --max-min 75 --log tools\bench\build_d1_m3a3b_d3.log -- py -u tools\recipes\build_d1_m3a3b_d3.py
2026-09-22 14:24:35	MARKED	$env:MATERIAL='1'; py tools\bgrun.py --max-min 3 --log tools/bench/c85_astcheck.log -- py -u -m py_compile tools/recipes/build_d1_m3a3b_d3b.py
2026-09-22 14:27:12	MARKED	$env:MATERIAL='1'; py tools\bgrun.py --max-min 3 --log tools/bench/c85_astcheck.log -- py -u -m py_compile tools/recipes/build_d1_m3a3b_d3b.py
2026-09-22 14:45:55	MARKED	cd "G:/Codes/LabVIEW_Codes/MinLab/zz_LabView VI/AAA_UNIST/2. Tracking/V6_ParallelLoop"; MATERIAL=1 py -m py_compile tools/bench/diag_c86_norbw.py; echo "rc=$?"
2026-09-22 14:46:15	MARKED	cd "G:/Codes/LabVIEW_Codes/MinLab/zz_LabView VI/AAA_UNIST/2. Tracking/V6_ParallelLoop" && MATERIAL=1 py tools/bgrun.py --max-min 2 --log tools/bench/c86_astcheck.log -- py -u -m py_compile tools/bench
2026-09-22 14:46:18	MARKED	cd "G:/Codes/LabVIEW_Codes/MinLab/zz_LabView VI/AAA_UNIST/2. Tracking/V6_ParallelLoop" && MATERIAL=1 py tools/bgrun.py --max-min 2 --log tools/bench/c86_astcheck.log -- py -u -m py_compile tools/bench
2026-09-22 14:46:23	MARKED	MATERIAL=1 py tools/bgrun.py --max-min 2 --log tools/bench/c86_astcheck.log -- py -u -m py_compile tools/bench/diag_c86_norbw.py
2026-09-22 14:46:45	MARKED	py tools/bgrun.py --material --max-min 2 --log tools/bench/c86_astcheck.log -- py -u -m py_compile tools/bench/diag_c86_norbw.py
2026-09-22 14:46:56	MARKED	py tools/bgrun.py --material --max-min 25 --log tools/bench/diag_c86_norbw.log -- py -u tools/bench/diag_c86_norbw.py
2026-09-22 14:57:32	MARKED	cd "G:/Codes/LabVIEW_Codes/MinLab/zz_LabView VI/AAA_UNIST/2. Tracking/V6_ParallelLoop" && MATERIAL=1 py tools/bgrun.py --max-min 5 --material --log tools/bench/selftest_stagekit.log -- py -u tools/ben
2026-09-22 14:57:58	MARKED	cd "G:/Codes/LabVIEW_Codes/MinLab/zz_LabView VI/AAA_UNIST/2. Tracking/V6_ParallelLoop" && MATERIAL=1 py tools/bgrun.py --max-min 5 --material --log tools/bench/selftest_stagekit.log -- py -u tools/ben
2026-09-22 14:58:47	MARKED	cd "G:/Codes/LabVIEW_Codes/MinLab/zz_LabView VI/AAA_UNIST/2. Tracking/V6_ParallelLoop" && MATERIAL=1 py tools/bgrun.py --max-min 5 --material --log tools/bench/selftest_stagekit.log -- py -u tools/ben
2026-09-22 14:59:04	MARKED	cd "G:/Codes/LabVIEW_Codes/MinLab/zz_LabView VI/AAA_UNIST/2. Tracking/V6_ParallelLoop" && MATERIAL=1 py tools/bgrun.py --max-min 5 --material --log tools/bench/selftest_stagekit.log -- py -u tools/ben
2026-09-22 15:01:07	MARKED	cd "G:/Codes/LabVIEW_Codes/MinLab/zz_LabView VI/AAA_UNIST/2. Tracking/V6_ParallelLoop" && MATERIAL=1 py tools/bgrun.py --max-min 35 --material --log tools/bench/diag_c83_connect2x2_kit.log -- py -u to
2026-09-22 15:03:14	MARKED	cd "G:/Codes/LabVIEW_Codes/MinLab/zz_LabView VI/AAA_UNIST/2. Tracking/V6_ParallelLoop" && MATERIAL=1 py tools/bgrun.py --max-min 35 --material --log tools/bench/diag_c83_connect2x2_kit.log -- py -u to
2026-09-22 15:11:10	MARKED	cd "G:/Codes/LabVIEW_Codes/MinLab/zz_LabView VI/AAA_UNIST/2. Tracking/V6_ParallelLoop" && MATERIAL=1 py tools/bgrun.py --max-min 5 --material --log tools/bench/selftest_stagekit.log -- py -u tools/ben
2026-09-22 15:11:23	MARKED	cd "G:/Codes/LabVIEW_Codes/MinLab/zz_LabView VI/AAA_UNIST/2. Tracking/V6_ParallelLoop" && MATERIAL=1 py tools/bgrun.py --max-min 35 --material --log tools/bench/diag_c83_connect2x2_kit.log -- py -u to
2026-09-22 15:14:46	MARKED	cd "G:/Codes/LabVIEW_Codes/MinLab/zz_LabView VI/AAA_UNIST/2. Tracking/V6_ParallelLoop" && MATERIAL=1 py tools/bgrun.py --max-min 50 --material --log tools/bench/stage_d1_m3a3_rowD.log -- py -u tools/r
2026-09-22 15:15:34	MARKED	cd "G:/Codes/LabVIEW_Codes/MinLab/zz_LabView VI/AAA_UNIST/2. Tracking/V6_ParallelLoop" && MATERIAL=1 py tools/bgrun.py --max-min 5 --material --log tools/bench/selftest_stagekit.log -- py -u tools/ben
2026-09-22 15:18:51	MARKED	cd "G:/Codes/LabVIEW_Codes/MinLab/zz_LabView VI/AAA_UNIST/2. Tracking/V6_ParallelLoop" && MATERIAL=1 py tools/bgrun.py --max-min 35 --material --log tools/bench/diag_c83_connect2x2_kit.log -- py -u to
2026-09-22 15:26:45	MARKED	MATERIAL=1 py tools/bgrun.py --max-min 50 --log tools/bench/build_d1_m3a3b_rowD.log -- py -u tools/recipes/stage_d1_m3a3_rowD.py
2026-09-22 15:34:59	REFUSED	STOPPED-RECIPE cd "G:/Codes/LabVIEW_Codes/MinLab/zz_LabView VI/AAA_UNIST/2. Tracking/V6_ParallelLoop" && grep -n "AMENDED AFTER THE PRIOR-ART\|B4, accepted" tools/bench/c87_plan.md; grep -n "D5b\|ALRE
2026-09-22 15:35:43	MARKED	MATERIAL=1 py tools/bgrun.py --max-min 50 --log tools/bench/build_d1_m3a3b_rowD.log -- py -u tools/recipes/stage_d1_m3a3_rowD.py
2026-09-22 15:36:12	MARKED	py tools/bgrun.py --material --max-min 50 --log tools/bench/build_d1_m3a3b_rowD.log -- py -u tools/recipes/stage_d1_m3a3_rowD.py
2026-09-22 15:57:11	REFUSED	STOPPED-RECIPE cd "G:/Codes/LabVIEW_Codes/MinLab/zz_LabView VI/AAA_UNIST/2. Tracking/V6_ParallelLoop" && MATERIAL=1 py tools/bgrun.py --max-min 45 --log "tools/bench/build_d1_m3a3b_rowD_clean.log" -- 
2026-09-22 15:57:53	REFUSED	STOPPED-RECIPE cd "G:/Codes/LabVIEW_Codes/MinLab/zz_LabView VI/AAA_UNIST/2. Tracking/V6_ParallelLoop" && MATERIAL=1 py tools/bgrun.py --max-min 20 --log "tools/bench/priorart_c87b_rowd_clean.log" -- p
2026-09-22 16:10:32	REFUSED	cd "G:/Codes/LabVIEW_Codes/MinLab/zz_LabView VI/AAA_UNIST/2. Tracking/V6_ParallelLoop" && py tools/stop_record.py check "py tools/bgrun.py --max-min 45 --log tools/bench/x.log -- py -u tools/recipes/s
2026-09-22 16:10:39	MARKED	cd "G:/Codes/LabVIEW_Codes/MinLab/zz_LabView VI/AAA_UNIST/2. Tracking/V6_ParallelLoop" && py tools/bgrun.py --material --max-min 45 --log "tools/bench/build_d1_m3a3b_rowD_clean.log" -- py -u "tools/re
2026-09-22 16:19:30	MARKED	cd "G:/Codes/LabVIEW_Codes/MinLab/zz_LabView VI/AAA_UNIST/2. Tracking/V6_ParallelLoop" && MATERIAL=1 py tools/bgrun.py --max-min 25 --log tools/bench/diag_c88_brokenwires.log -- py -u tools/bench/diag
2026-09-22 16:19:34	MARKED	$env:MATERIAL='1'; py tools\bgrun.py --max-min 25 --log tools\bench\diag_c88_brokenwires.log -- py -u tools\bench\diag_c88_brokenwires.py
2026-09-22 16:19:58	MARKED	py tools/bgrun.py --material --max-min 25 --log tools/bench/diag_c88_brokenwires.log -- py -u tools/bench/diag_c88_brokenwires.py
2026-09-22 16:35:29	MARKED	py tools/bgrun.py --material --max-min 30 --log tools/bench/diag_c88_nodeside.log -- py -u tools/bench/diag_c88_nodeside.py
2026-09-23 01:27:00	REFUSED	cd "G:/Codes/LabVIEW_Codes/MinLab/zz_LabView VI/AAA_UNIST/2. Tracking/V6_ParallelLoop" && py -m py_compile "tools/bench/diag_c89_execstate_factorial.py" && echo "COMPILE OK" && py -c "print(sum(1 for 
2026-09-23 01:27:07	MARKED	cd "G:/Codes/LabVIEW_Codes/MinLab/zz_LabView VI/AAA_UNIST/2. Tracking/V6_ParallelLoop" && py tools/bgrun.py --material --max-min 2 --log tools/bench/c89_compile.log -- py -m py_compile "tools/bench/di
2026-09-23 01:27:16	MARKED	cd "G:/Codes/LabVIEW_Codes/MinLab/zz_LabView VI/AAA_UNIST/2. Tracking/V6_ParallelLoop" && py tools/bgrun.py --material --max-min 25 --log tools/bench/diag_c89_execstate_factorial.log -- py -u tools/be
2026-09-23 01:30:43	MARKED	cd "G:/Codes/LabVIEW_Codes/MinLab/zz_LabView VI/AAA_UNIST/2. Tracking/V6_ParallelLoop" && py tools/bgrun.py --material --max-min 12 --log tools/bench/diag_c89_p2_all.log -- py -u tools/bench/diag_c89_
2026-09-23 01:43:14	REFUSED	py -m py_compile "tools\bench\diag_c89_bareterms.py"; if ($?) { "COMPILE_OK" }
2026-09-23 01:44:03	MARKED	py tools/bgrun.py --material --max-min 20 --log tools/bench/diag_c89_bareterms.log -- py -u tools/bench/diag_c89_bareterms.py
2026-09-23 02:00:23	MARKED	cd "G:/Codes/LabVIEW_Codes/MinLab/zz_LabView VI/AAA_UNIST/2. Tracking/V6_ParallelLoop" && MATERIAL=1 py tools/bgrun.py --max-min 25 --log tools/bench/diag_c89_wirebirth.log -- py -u tools/bench/diag_c
2026-09-23 02:00:30	MARKED	$env:MATERIAL='1'; py tools\bgrun.py --max-min 25 --log tools\bench\diag_c89_wirebirth.log -- py -u tools\bench\diag_c89_wirebirth.py
2026-09-23 02:00:34	MARKED	$env:MATERIAL='1'; py tools\bgrun.py --max-min 25 --log tools\bench\diag_c89_wirebirth.log -- py -u tools\bench\diag_c89_wirebirth.py
2026-09-23 02:00:40	MARKED	MATERIAL=1 py tools/bgrun.py --max-min 25 --log tools/bench/diag_c89_wirebirth.log -- py -u tools/bench/diag_c89_wirebirth.py
2026-09-23 02:00:43	MARKED	MATERIAL=1 py tools/bgrun.py --max-min 25 --log tools/bench/diag_c89_wirebirth.log -- py -u tools/bench/diag_c89_wirebirth.py
2026-09-23 02:01:13	MARKED	py tools/bgrun.py --material --max-min 25 --log tools/bench/diag_c89_wirebirth.log -- py -u tools/bench/diag_c89_wirebirth.py
2026-09-23 02:04:34	MARKED	py tools/bgrun.py --material --max-min 25 --log tools/bench/diag_c89_wirebirth.log -- py -u tools/bench/diag_c89_wirebirth.py
2026-09-23 02:27:15	REFUSED	cp "C:/Users/KimLab/AppData/Local/Temp/claude/G--Codes-LabVIEW-Codes-MinLab-zz-LabView-VI-AAA-UNIST-2--Tracking-V6-ParallelLoop/d2cc219b-b730-480d-9b45-7e1e6443a41f/scratchpad/next_c67.md" "tools/benc
2026-09-23 02:28:04	REFUSED	cd "G:/Codes/LabVIEW_Codes/MinLab/zz_LabView VI/AAA_UNIST/2. Tracking/V6_ParallelLoop" && py tools/bench/splice_next_c67.py
2026-09-23 02:28:08	MARKED	cd "G:/Codes/LabVIEW_Codes/MinLab/zz_LabView VI/AAA_UNIST/2. Tracking/V6_ParallelLoop" && py tools/bgrun.py --material --max-min 2 --log tools/bench/splice_next_c67.log -- py -u tools/bench/splice_nex
2026-09-23 02:28:15	MARKED	cd "G:/Codes/LabVIEW_Codes/MinLab/zz_LabView VI/AAA_UNIST/2. Tracking/V6_ParallelLoop" && py tools/bgrun.py --material --max-min 2 --log tools/bench/splice_next_c67.log -- py -u tools/bench/splice_nex
2026-09-23 02:43:43	MARKED	cd "G:/Codes/LabVIEW_Codes/MinLab/zz_LabView VI/AAA_UNIST/2. Tracking/V6_ParallelLoop" && MATERIAL=1 py tools/bgrun.py --max-min 10 --log tools/bench/diag_c90_severed_rows.log -- py -u tools/bench/dia
2026-09-23 02:45:42	MARKED	cd "G:/Codes/LabVIEW_Codes/MinLab/zz_LabView VI/AAA_UNIST/2. Tracking/V6_ParallelLoop" && MATERIAL=1 py tools/bgrun.py --max-min 10 --log tools/bench/diag_c90_severed_rows.log -- py -u tools/bench/dia
2026-09-23 02:45:52	MARKED	$env:MATERIAL='1'; py tools\bgrun.py --max-min 10 --log tools\bench\diag_c90_severed_rows.log -- py -u tools\bench\diag_c90_severed_rows.py
2026-09-23 02:45:57	MARKED	cd "G:/Codes/LabVIEW_Codes/MinLab/zz_LabView VI/AAA_UNIST/2. Tracking/V6_ParallelLoop"; MATERIAL=1 py tools/bgrun.py --max-min 10 --log tools/bench/diag_c90_severed_rows.log -- py -u tools/bench/diag_
2026-09-23 02:46:19	MARKED	cd "G:/Codes/LabVIEW_Codes/MinLab/zz_LabView VI/AAA_UNIST/2. Tracking/V6_ParallelLoop" && py tools/bgrun.py --material --max-min 10 --log tools/bench/diag_c90_severed_rows.log -- py -u tools/bench/dia
2026-09-23 02:46:38	MARKED	cd "G:/Codes/LabVIEW_Codes/MinLab/zz_LabView VI/AAA_UNIST/2. Tracking/V6_ParallelLoop" && py tools/bgrun.py --material --max-min 10 --log tools/bench/diag_c90_severed_rows.log -- py -u tools/bench/dia
2026-09-23 02:48:50	MARKED	cd "G:/Codes/LabVIEW_Codes/MinLab/zz_LabView VI/AAA_UNIST/2. Tracking/V6_ParallelLoop" && py tools/bgrun.py --material --max-min 10 --log tools/bench/diag_c90_severed_rows.log -- py -u tools/bench/dia
2026-09-23 02:53:27	MARKED	cd "G:/Codes/LabVIEW_Codes/MinLab/zz_LabView VI/AAA_UNIST/2. Tracking/V6_ParallelLoop" && MATERIAL=1 py tools/bgrun.py --max-min 25 --log tools/bench/diag_c90_live_endpoints.log -- py -u tools/bench/d
2026-09-23 02:53:38	MARKED	MATERIAL=1 py tools/bgrun.py --max-min 25 --log tools/bench/diag_c90_live_endpoints.log -- py -u tools/bench/diag_c90_live_endpoints.py
2026-09-23 02:53:44	MARKED	$env:MATERIAL='1'; py tools\bgrun.py --max-min 25 --log tools\bench\diag_c90_live_endpoints.log -- py -u tools\bench\diag_c90_live_endpoints.py
2026-09-23 02:54:04	MARKED	py tools/bgrun.py --material --max-min 25 --log tools/bench/diag_c90_live_endpoints.log -- py -u tools/bench/diag_c90_live_endpoints.py
2026-09-23 02:59:45	REFUSED	cd "G:/Codes/LabVIEW_Codes/MinLab/zz_LabView VI/AAA_UNIST/2. Tracking/V6_ParallelLoop" && py tools/bench/../../tools/bench/_x.py 2>/dev/null; py -c "import json;d=json.load(open(r'tools/bench/m3a1_sev
2026-09-23 03:01:27	REFUSED	py -m py_compile "tools\bench\diag_c90b_coverage.py"; if ($?) { Write-Output "compile OK" }; Get-Content "tools\bench\diag_c90b_coverage.py" | Measure-Object -Line
2026-09-23 03:02:18	MARKED	cd "G:/Codes/LabVIEW_Codes/MinLab/zz_LabView VI/AAA_UNIST/2. Tracking/V6_ParallelLoop" && py tools/bgrun.py --material --max-min 25 --log tools/bench/diag_c90b_coverage.log -- py -u tools/bench/diag_c
2026-09-23 03:28:06	MARKED	cd "G:/Codes/LabVIEW_Codes/MinLab/zz_LabView VI/AAA_UNIST/2. Tracking/V6_ParallelLoop" && MATERIAL=1 py tools/bgrun.py --max-min 30 --log tools/bench/diag_c90c_rowtable.log -- py -u tools/bench/diag_c
2026-09-23 03:28:19	MARKED	$env:MATERIAL='1'; py tools\bgrun.py --max-min 30 --log tools\bench\diag_c90c_rowtable.log -- py -u tools\bench\diag_c90c_rowtable.py
2026-09-23 03:28:23	MARKED	cd "G:/Codes/LabVIEW_Codes/MinLab/zz_LabView VI/AAA_UNIST/2. Tracking/V6_ParallelLoop"; MATERIAL=1 py tools/bgrun.py --max-min 30 --log tools/bench/diag_c90c_rowtable.log -- py -u tools/bench/diag_c90
2026-09-23 03:28:40	MARKED	MATERIAL=1 py tools/bgrun.py --max-min 30 --log tools/bench/diag_c90c_rowtable.log -- py -u tools/bench/diag_c90c_rowtable.py
2026-09-23 03:28:42	MARKED	env MATERIAL=1 py tools/bgrun.py --max-min 30 --log tools/bench/diag_c90c_rowtable.log -- py -u tools/bench/diag_c90c_rowtable.py
2026-09-23 03:29:08	MARKED	py tools/bgrun.py --material --max-min 30 --log tools/bench/diag_c90c_rowtable.log -- py -u tools/bench/diag_c90c_rowtable.py
2026-09-23 03:42:41	MARKED	$env:MATERIAL='1'; Set-Location "G:\Codes\LabVIEW_Codes\MinLab\zz_LabView VI\AAA_UNIST\2. Tracking\V6_ParallelLoop"; py -m py_compile tools\bench\diag_c90d_outstanding.py tools\bench\c90d_reads.py too
2026-09-23 03:42:48	MARKED	$env:MATERIAL='1'; Set-Location "G:\Codes\LabVIEW_Codes\MinLab\zz_LabView VI\AAA_UNIST\2. Tracking\V6_ParallelLoop"; py -m py_compile tools\bench\diag_c90d_outstanding.py tools\bench\c90d_reads.py too
2026-09-23 03:42:52	MARKED	cd "G:/Codes/LabVIEW_Codes/MinLab/zz_LabView VI/AAA_UNIST/2. Tracking/V6_ParallelLoop" && MATERIAL=1 py -m py_compile tools/bench/diag_c90d_outstanding.py tools/bench/c90d_reads.py tools/bench/c90d_bo
2026-09-23 03:44:13	MARKED	cd "G:/Codes/LabVIEW_Codes/MinLab/zz_LabView VI/AAA_UNIST/2. Tracking/V6_ParallelLoop" && MATERIAL=1 py tools/bgrun.py --max-min 30 --log tools/bench/diag_c90d_outstanding.log -- py -u tools/bench/dia
2026-09-23 03:44:22	MARKED	MATERIAL=1 py tools/bgrun.py --max-min 30 --log tools/bench/diag_c90d_outstanding.log -- py -u tools/bench/diag_c90d_outstanding.py
2026-09-23 03:44:44	MARKED	py tools/bgrun.py --material --max-min 30 --log tools/bench/diag_c90d_outstanding.log -- py -u tools/bench/diag_c90d_outstanding.py
2026-09-23 03:53:24	REFUSED	cd "G:/Codes/LabVIEW_Codes/MinLab/zz_LabView VI/AAA_UNIST/2. Tracking/V6_ParallelLoop" && py -m py_compile tools/bench/diag_c90_endpoints.py && echo COMPILE_OK
2026-09-23 03:53:30	MARKED	cd "G:/Codes/LabVIEW_Codes/MinLab/zz_LabView VI/AAA_UNIST/2. Tracking/V6_ParallelLoop" && py tools/bgrun.py --material --max-min 25 --log tools/bench/diag_c90_endpoints.log -- py -u tools/bench/diag_c
2026-09-23 03:56:26	MARKED	cd "G:/Codes/LabVIEW_Codes/MinLab/zz_LabView VI/AAA_UNIST/2. Tracking/V6_ParallelLoop" && MATERIAL=1 py tools/bgrun.py --max-min 10 --log tools/bench/m3a1_severed_rows.log -- py -u tools/bench/diag_c9
2026-09-23 03:56:45	MARKED	$env:MATERIAL='1'; py tools\bgrun.py --max-min 10 --log tools\bench\m3a1_severed_rows.log -- py -u tools\bench\diag_c90b_severed_arith.py
2026-09-23 03:57:09	MARKED	cd "G:/Codes/LabVIEW_Codes/MinLab/zz_LabView VI/AAA_UNIST/2. Tracking/V6_ParallelLoop" && MATERIAL=1 py tools/bgrun.py --max-min 10 --log tools/bench/m3a1_severed_rows.log -- py -u tools/bench/diag_c9
2026-09-23 04:15:53	MARKED	cd "G:/Codes/LabVIEW_Codes/MinLab/zz_LabView VI/AAA_UNIST/2. Tracking/V6_ParallelLoop" && MATERIAL=1 py tools/bgrun.py --max-min 16 --log tools/bench/diag_allwires_probe.log -- py -u tools/bench/diag_
2026-09-23 04:22:26	MARKED	cd "G:/Codes/LabVIEW_Codes/MinLab/zz_LabView VI/AAA_UNIST/2. Tracking/V6_ParallelLoop" && MATERIAL=1 py tools/bgrun.py --max-min 30 --log tools/bench/build_opallwires_v0.log -- py -u tools/recipes/bui
2026-09-23 04:34:25	REFUSED	STOPPED-RECIPE cd "G:/Codes/LabVIEW_Codes/MinLab/zz_LabView VI/AAA_UNIST/2. Tracking/V6_ParallelLoop" && py -c " import ast for f in ('tools/bench/test_opallwires_v0.py','tools/recipes/build_opallwire
2026-09-23 04:35:09	REFUSED	STOPPED-RECIPE cd "G:/Codes/LabVIEW_Codes/MinLab/zz_LabView VI/AAA_UNIST/2. Tracking/V6_ParallelLoop" && wc -l STATUS.md && git add -A && git commit -q -m "$(cat <<'EOF' OpAllWires_v0 STEP 0: Traverse
2026-09-23 04:37:52	REFUSED	STOPPED-RECIPE cd "G:/Codes/LabVIEW_Codes/MinLab/zz_LabView VI/AAA_UNIST/2. Tracking/V6_ParallelLoop" && wc -l tools/recipes/build_opreportall_v1.py tools/recipes/build_optunnels_v0.py tools/recipes/b
2026-09-23 04:44:20	MARKED	cd "G:/Codes/LabVIEW_Codes/MinLab/zz_LabView VI/AAA_UNIST/2. Tracking/V6_ParallelLoop" && MATERIAL=1 py tools/bgrun.py --max-min 22 --log tools/bench/diag_allterms_cast.log -- py -u tools/bench/diag_a
2026-09-23 04:49:27	REFUSED	STOPPED-RECIPE cd "G:/Codes/LabVIEW_Codes/MinLab/zz_LabView VI/AAA_UNIST/2. Tracking/V6_ParallelLoop" && ls -la tools/recipes/build_opallwires_v0.py
2026-09-23 05:31:38	MARKED	cd "G:/Codes/LabVIEW_Codes/MinLab/zz_LabView VI/AAA_UNIST/2. Tracking/V6_ParallelLoop" && MATERIAL=1 py tools/bgrun.py --max-min 24 --log tools/bench/diag_allterms_donor.log -- py -u tools/bench/diag_
2026-09-23 05:32:52	REFUSED	cd "G:/Codes/LabVIEW_Codes/MinLab/zz_LabView VI/AAA_UNIST/2. Tracking/V6_ParallelLoop" && py -m py_compile tools/lv_errorlist.py "tools/bench/diag_errorlist_v0.py" && echo COMPILE_OK
2026-09-23 05:34:19	MARKED	cd "G:/Codes/LabVIEW_Codes/MinLab/zz_LabView VI/AAA_UNIST/2. Tracking/V6_ParallelLoop" && py tools/bgrun.py --material --max-min 20 --log tools/bench/errorlist_test.log -- py -u "tools/bench/diag_erro
2026-09-23 05:36:32	MARKED	cd "G:/Codes/LabVIEW_Codes/MinLab/zz_LabView VI/AAA_UNIST/2. Tracking/V6_ParallelLoop" && MATERIAL=1 py tools/bgrun.py --max-min 20 --log tools/bench/diag_allterms_donor2.log -- py -u tools/bench/diag
2026-09-23 05:40:52	MARKED	cd "G:/Codes/LabVIEW_Codes/MinLab/zz_LabView VI/AAA_UNIST/2. Tracking/V6_ParallelLoop" && MATERIAL=1 py tools/bgrun.py --max-min 20 --log tools/bench/diag_allterms_retarget.log -- py -u tools/bench/di
2026-09-23 05:43:42	MARKED	cd "G:/Codes/LabVIEW_Codes/MinLab/zz_LabView VI/AAA_UNIST/2. Tracking/V6_ParallelLoop" && MATERIAL=1 py tools/bgrun.py --max-min 20 --log tools/bench/diag_allterms_retarget2.log -- py -u tools/bench/d
2026-09-23 05:45:48	MARKED	cd "G:/Codes/LabVIEW_Codes/MinLab/zz_LabView VI/AAA_UNIST/2. Tracking/V6_ParallelLoop" && py tools/bgrun.py --material --max-min 28 --log tools/bench/errorlist_test.log -- py -u "tools/bench/diag_erro
2026-09-23 05:52:06	MARKED	cd "G:/Codes/LabVIEW_Codes/MinLab/zz_LabView VI/AAA_UNIST/2. Tracking/V6_ParallelLoop" && py tools/bgrun.py --material --max-min 28 --log tools/bench/errorlist_test.log -- py -u "tools/bench/diag_erro
2026-09-23 05:56:17	MARKED	cd "G:/Codes/LabVIEW_Codes/MinLab/zz_LabView VI/AAA_UNIST/2. Tracking/V6_ParallelLoop" && py tools/bgrun.py --material --max-min 28 --log tools/bench/errorlist_test.log -- py -u "tools/bench/diag_erro
2026-09-23 06:00:44	REFUSED	cd "G:/Codes/LabVIEW_Codes/MinLab/zz_LabView VI/AAA_UNIST/2. Tracking/V6_ParallelLoop" && git add tools/lv_errorlist.py tools/bench/diag_errorlist_v0.py tools/bench/diag_errorlist_v0.json tools/bench/
2026-09-23 06:05:43	MARKED	cd "G:/Codes/LabVIEW_Codes/MinLab/zz_LabView VI/AAA_UNIST/2. Tracking/V6_ParallelLoop" && py tools/bgrun.py --material --max-min 28 --log tools/bench/errorlist_test.log -- py -u "tools/bench/diag_erro
2026-09-23 06:09:03	MARKED	cd "G:/Codes/LabVIEW_Codes/MinLab/zz_LabView VI/AAA_UNIST/2. Tracking/V6_ParallelLoop" && MATERIAL=1 py tools/bgrun.py --max-min 15 --log tools/bench/allterms_s1.log -- py -u tools/bench/allterms_s1.p
2026-09-23 06:15:13	REFUSED	cd "G:/Codes/LabVIEW_Codes/MinLab/zz_LabView VI/AAA_UNIST/2. Tracking/V6_ParallelLoop" && py -m py_compile tools/bench/allterms_s2.py && echo COMPILE_OK && py -c " import re t=open('tools/bench/allter
2026-09-23 06:15:47	MARKED	cd "G:/Codes/LabVIEW_Codes/MinLab/zz_LabView VI/AAA_UNIST/2. Tracking/V6_ParallelLoop" && py tools/bgrun.py --material --max-min 25 --log tools/bench/allterms_s2.log -- py -u tools/bench/allterms_s2.p
2026-09-23 06:22:10	MARKED	cd "G:/Codes/LabVIEW_Codes/MinLab/zz_LabView VI/AAA_UNIST/2. Tracking/V6_ParallelLoop" && py tools/bgrun.py --material --max-min 25 --log tools/bench/allterms_s2.log -- py -u tools/bench/allterms_s2.p
2026-09-23 06:25:55	MARKED	cd "G:/Codes/LabVIEW_Codes/MinLab/zz_LabView VI/AAA_UNIST/2. Tracking/V6_ParallelLoop" && py tools/bgrun.py --material --max-min 10 --log tools/bench/allterms_tmscclass.log -- py -u tools/bench/allter
2026-09-23 06:45:14	MARKED	cd "G:/Codes/LabVIEW_Codes/MinLab/zz_LabView VI/AAA_UNIST/2. Tracking/V6_ParallelLoop" && py tools/bgrun.py --material --max-min 40 --log tools/bench/allterms_s2.log -- py -u tools/bench/allterms_s2.p
2026-09-23 06:47:41	MARKED	cd "G:/Codes/LabVIEW_Codes/MinLab/zz_LabView VI/AAA_UNIST/2. Tracking/V6_ParallelLoop" && py -c "import ast,io; ast.parse(io.open('tools/bench/allterms_s2.py',encoding='utf-8').read()); print('AST OK'
2026-09-23 06:54:55	MARKED	cd "G:/Codes/LabVIEW_Codes/MinLab/zz_LabView VI/AAA_UNIST/2. Tracking/V6_ParallelLoop" && py tools/bgrun.py --material --max-min 40 --log tools/bench/allterms_s3.log -- py -u tools/bench/allterms_s3.p
2026-09-23 06:59:32	MARKED	cd "G:/Codes/LabVIEW_Codes/MinLab/zz_LabView VI/AAA_UNIST/2. Tracking/V6_ParallelLoop" && py tools/bgrun.py --material --max-min 40 --log tools/bench/allterms_s3.log -- py -u tools/bench/allterms_s3.p
2026-09-23 07:04:06	MARKED	cd "G:/Codes/LabVIEW_Codes/MinLab/zz_LabView VI/AAA_UNIST/2. Tracking/V6_ParallelLoop" && py -c "import ast,io; ast.parse(io.open('tools/bench/allterms_s4.py',encoding='utf-8').read()); print('AST OK'
2026-09-23 07:22:32	MARKED	cd "G:/Codes/LabVIEW_Codes/MinLab/zz_LabView VI/AAA_UNIST/2. Tracking/V6_ParallelLoop" && MATERIAL=1 py tools/bgrun.py --max-min 20 --log tools/bench/diag_wiki_probe.log -- py -u tools/bench/diag_wiki
2026-09-23 07:24:54	MARKED	cd "G:/Codes/LabVIEW_Codes/MinLab/zz_LabView VI/AAA_UNIST/2. Tracking/V6_ParallelLoop" && MATERIAL=1 py tools/bgrun.py --max-min 10 --log tools/bench/diag_wiki_probe2.log -- py -u tools/bench/diag_wik
2026-09-23 07:47:33	MARKED	cd "G:/Codes/LabVIEW_Codes/MinLab/zz_LabView VI/AAA_UNIST/2. Tracking/V6_ParallelLoop" && MATERIAL=1 py tools/bgrun.py --max-min 30 --log tools/bench/wiki_gate.log -- py -u tools/bench/wiki_gate.py
2026-09-23 07:51:12	MARKED	cd "G:/Codes/LabVIEW_Codes/MinLab/zz_LabView VI/AAA_UNIST/2. Tracking/V6_ParallelLoop" && MATERIAL=1 py tools/bgrun.py --max-min 40 --log tools/bench/allterms_v1.log -- py -u tools/bench/allterms_v1.p
2026-09-23 07:55:03	MARKED	cd "G:/Codes/LabVIEW_Codes/MinLab/zz_LabView VI/AAA_UNIST/2. Tracking/V6_ParallelLoop" && MATERIAL=1 py tools/bgrun.py --max-min 20 --log tools/bench/allterms_v1_check.log -- py -u tools/bench/allterm
2026-09-23 08:04:10	MARKED	cd "G:/Codes/LabVIEW_Codes/MinLab/zz_LabView VI/AAA_UNIST/2. Tracking/V6_ParallelLoop" && MATERIAL=1 py tools/bgrun.py --max-min 40 --log tools/bench/step4a_v1wiki.log -- py -u tools/bench/diag_step4a
2026-09-23 08:20:03	MARKED	cd "G:/Codes/LabVIEW_Codes/MinLab/zz_LabView VI/AAA_UNIST/2. Tracking/V6_ParallelLoop" && MATERIAL=1 py tools/bgrun.py --max-min 10 --log tools/bench/vigraph_check.log -- py -u tools/bench/diag_vigrap
2026-09-23 08:20:30	MARKED	cd "G:/Codes/LabVIEW_Codes/MinLab/zz_LabView VI/AAA_UNIST/2. Tracking/V6_ParallelLoop" && MATERIAL=1 py tools/bgrun.py --max-min 10 --log tools/bench/vigraph_check.log -- py -u tools/bench/diag_vigrap
2026-09-23 08:23:57	MARKED	cd "G:/Codes/LabVIEW_Codes/MinLab/zz_LabView VI/AAA_UNIST/2. Tracking/V6_ParallelLoop" && MATERIAL=1 py tools/bgrun.py --max-min 10 --log tools/bench/vigraph_check.log -- py -u tools/bench/diag_vigrap
2026-09-23 08:24:54	MARKED	cd "G:/Codes/LabVIEW_Codes/MinLab/zz_LabView VI/AAA_UNIST/2. Tracking/V6_ParallelLoop" && MATERIAL=1 py tools/bgrun.py --max-min 10 --log tools/bench/vigraph_check.log -- py -u tools/bench/diag_vigrap
2026-09-23 08:26:01	MARKED	cd "G:/Codes/LabVIEW_Codes/MinLab/zz_LabView VI/AAA_UNIST/2. Tracking/V6_ParallelLoop" && MATERIAL=1 py tools/bgrun.py --max-min 10 --log tools/bench/vigraph_check.log -- py -u tools/bench/diag_vigrap
2026-09-23 13:15:46	REFUSED	MOTOR $p = Get-CimInstance Win32_Process -Filter "ProcessId=19452"; if ($p) { $par = Get-CimInstance Win32_Process -Filter ("ProcessId=" + $p.ParentProcessId); Write-Output ("pid 19452 start=" + $p.Cr
2026-09-23 13:33:14	REFUSED	MOTOR cd "G:/Codes/LabVIEW_Codes/MinLab/zz_LabView VI/AAA_UNIST/2. Tracking/V6_ParallelLoop" && ls tools/*.ps1 | grep -i "serial\|anchor\|motor\|pi_" ; grep -n "Mode.*read\|'read'\|-Mode" tools/motor_
2026-09-23 13:33:23	REFUSED	MOTOR cd "G:/Codes/LabVIEW_Codes/MinLab/zz_LabView VI/AAA_UNIST/2. Tracking/V6_ParallelLoop" && ls tools/bench/ | grep -i "serial_roundtrip\|read_motor_anchor\|probe_pi\|hw_rotor" | head; grep -n "'li
2026-09-23 16:33:01	MARKED	cd "/g/Codes/LabVIEW_Codes/MinLab/zz_LabView VI/AAA_UNIST/2. Tracking/V6_ParallelLoop"; MATERIAL=1 py tools/bgrun.py --max-min 30 --log tools/bench/diag_fstunnel_pairs.log -- py -u tools/bench/diag_fs
2026-09-23 17:06:13	MARKED	cd "/g/Codes/LabVIEW_Codes/MinLab/zz_LabView VI/AAA_UNIST/2. Tracking/V6_ParallelLoop"; py "$TEMP/cmp.py"; MATERIAL=1 py tools/bgrun.py --max-min 5 --log tools/bench/vigraph_check.log -- py -u tools/b
2026-09-23 17:06:57	MARKED	cd "/g/Codes/LabVIEW_Codes/MinLab/zz_LabView VI/AAA_UNIST/2. Tracking/V6_ParallelLoop"; MATERIAL=1 py tools/bgrun.py --max-min 5 --log tools/bench/vigraph_check.log -- py -u tools/bench/diag_vigraph_c
2026-09-23 17:25:33	MARKED	cd "/g/Codes/LabVIEW_Codes/MinLab/zz_LabView VI/AAA_UNIST/2. Tracking/V6_ParallelLoop" && MATERIAL=1 py tools/bgrun.py --max-min 30 --log tools/bench/bench_map_a1.log -- py -u tools/bench/bench_map_20
2026-09-23 17:36:02	MARKED	cd "/g/Codes/LabVIEW_Codes/MinLab/zz_LabView VI/AAA_UNIST/2. Tracking/V6_ParallelLoop" && MATERIAL=1 py tools/bgrun.py --max-min 45 --log tools/bench/bench_map_b.log -- py -u tools/bench/bench_map_202
2026-09-23 17:50:46	MARKED	cd "/g/Codes/LabVIEW_Codes/MinLab/zz_LabView VI/AAA_UNIST/2. Tracking/V6_ParallelLoop" && MATERIAL=1 py tools/bgrun.py --max-min 45 --log tools/bench/bench_map_b.log -- py -u tools/bench/bench_map_202
2026-09-23 18:07:31	MARKED	cd "G:/Codes/LabVIEW_Codes/MinLab/zz_LabView VI/AAA_UNIST/2. Tracking/V6_ParallelLoop"; MATERIAL=1 py tools/bgrun.py --max-min 30 --log tools/bench/bench_map_w9635.log -- py -u tools/bench/bench_map_2
2026-09-23 18:10:50	MARKED	cd "G:/Codes/LabVIEW_Codes/MinLab/zz_LabView VI/AAA_UNIST/2. Tracking/V6_ParallelLoop"; MATERIAL=1 py tools/bgrun.py --max-min 45 --log tools/bench/bench_map_b3.log -- py -u tools/bench/bench_map_2026
2026-09-23 18:31:40	MARKED	cd "G:/Codes/LabVIEW_Codes/MinLab/zz_LabView VI/AAA_UNIST/2. Tracking/V6_ParallelLoop"; py -c "import py_compile; py_compile.compile('tools/stagekit.py',doraise=True)" && MATERIAL=1 py tools/bgrun.py 
2026-09-23 18:47:59	MARKED	cd "G:/Codes/LabVIEW_Codes/MinLab/zz_LabView VI/AAA_UNIST/2. Tracking/V6_ParallelLoop"; MATERIAL=1 py tools/bgrun.py --max-min 3 --log tools/bench/m3a4_reverify.log -- py -u tools/bench/m3a4_reverify.
2026-09-23 18:48:12	MARKED	cd "G:/Codes/LabVIEW_Codes/MinLab/zz_LabView VI/AAA_UNIST/2. Tracking/V6_ParallelLoop"; MATERIAL=1 py tools/bgrun.py --max-min 3 --log tools/bench/m3a4_reverify.log -- py -u tools/bench/m3a4_reverify.
2026-09-23 18:49:33	MARKED	cd "G:/Codes/LabVIEW_Codes/MinLab/zz_LabView VI/AAA_UNIST/2. Tracking/V6_ParallelLoop"; MATERIAL=1 py tools/bgrun.py --max-min 45 --log tools/bench/stage_d1_m3a4.log -- py -u tools/recipes/stage_d1_m3
2026-09-23 18:52:34	MARKED	cd "G:/Codes/LabVIEW_Codes/MinLab/zz_LabView VI/AAA_UNIST/2. Tracking/V6_ParallelLoop"; MATERIAL=1 py tools/bgrun.py --max-min 3 --log tools/bench/m3a4_reverify.log -- py -u tools/bench/m3a4_reverify.
2026-09-23 18:52:50	REFUSED	STOPPED-RECIPE cd "G:/Codes/LabVIEW_Codes/MinLab/zz_LabView VI/AAA_UNIST/2. Tracking/V6_ParallelLoop"; until grep -q "BGRUN END\|BGRUN TIMEOUT" tools/bench/m3a4_reverify.log 2>/dev/null; do sleep 3; d
2026-09-23 18:53:03	REFUSED	STOPPED-RECIPE cd "G:/Codes/LabVIEW_Codes/MinLab/zz_LabView VI/AAA_UNIST/2. Tracking/V6_ParallelLoop"; sed -n 267,290p archive/peer/2026-09-23-priorart-m3a4-step6.md; grep -n "^CR = \|^CLS = \|P2b eve
2026-09-23 18:53:34	MARKED	cd "G:/Codes/LabVIEW_Codes/MinLab/zz_LabView VI/AAA_UNIST/2. Tracking/V6_ParallelLoop"; MATERIAL=1 py tools/bgrun.py --max-min 45 --log tools/bench/stage_d1_m3a4.log -- py -u tools/recipes/stage_d1_m3
2026-09-23 23:37:29	MARKED	cd "G:/Codes/LabVIEW_Codes/MinLab/zz_LabView VI/AAA_UNIST/2. Tracking/V6_ParallelLoop"; cp "C:/Users/KimLab/AppData/Local/Temp/claude/G--Codes-LabVIEW-Codes-MinLab-zz-LabView-VI-AAA-UNIST-2--Tracking-
2026-09-23 23:37:41	MARKED	cd "G:/Codes/LabVIEW_Codes/MinLab/zz_LabView VI/AAA_UNIST/2. Tracking/V6_ParallelLoop"; MATERIAL=1 py tools/bench/q_m4_offline.py
2026-09-23 23:37:57	MARKED	$env:MATERIAL='1'; py tools\bench\q_m4_offline.py
2026-09-23 23:38:10	REFUSED	py tools\bench\q_m4_offline.py
2026-09-23 23:46:25	MARKED	py tools/bgrun.py --material --max-min 2 --log tools/bench/relocate_status_c68.log -- py -u tools/bench/relocate_status_c68.py; Get-Content tools/bench/relocate_status_c68.log
2026-09-23 23:48:29	MARKED	cd "G:/Codes/LabVIEW_Codes/MinLab/zz_LabView VI/AAA_UNIST/2. Tracking/V6_ParallelLoop"; MATERIAL=1 py tools/bgrun.py --max-min 3 --log tools/bench/q_m4_iter_indicator.log -- py -u tools/bench/q_m4_ite
2026-09-23 23:48:41	MARKED	$env:MATERIAL='1'; py tools\bgrun.py --max-min 3 --log tools\bench\q_m4_iter_indicator.log -- py -u tools\bench\q_m4_iter_indicator.py
2026-09-23 23:48:54	MARKED	MATERIAL=1 py tools/bgrun.py --max-min 3 --log tools/bench/q_m4_iter_indicator.log -- py -u tools/bench/q_m4_iter_indicator.py
2026-09-23 23:49:20	MARKED	py tools/bgrun.py --material --max-min 3 --log tools/bench/q_m4_iter_indicator.log -- py -u tools/bench/q_m4_iter_indicator.py
2026-09-23 23:51:49	MARKED	py tools/bgrun.py --material --max-min 3 --log tools/bench/q_m4_iter_indicator.log -- py -u tools/bench/q_m4_iter_indicator.py
2026-09-23 23:55:24	MARKED	py tools/bgrun.py --material --max-min 20 --log tools/bench/q_m4_iterlocal.log -- py -u tools/bench/q_m4_iterlocal.py
2026-09-23 23:58:31	MARKED	py tools/bgrun.py --material --max-min 20 --log tools/bench/q_m4_iterlocal_run2.log -- py -u tools/bench/q_m4_iterlocal.py
2026-09-24 00:08:19	MARKED	cd "/g/Codes/LabVIEW_Codes/MinLab/zz_LabView VI/AAA_UNIST/2. Tracking/V6_ParallelLoop"; MATERIAL=1 py tools/bgrun.py --max-min 22 --log tools/bench/q_m4_probe.log -- py -u tools/bench/q_m4_probe.py
2026-09-24 00:08:26	MARKED	MATERIAL=1 py tools/bgrun.py --max-min 22 --log tools/bench/q_m4_probe.log -- py -u tools/bench/q_m4_probe.py
2026-09-24 00:08:30	MARKED	$env:MATERIAL='1'; py tools\bgrun.py --max-min 22 --log tools/bench/q_m4_probe.log -- py -u tools/bench/q_m4_probe.py
2026-09-24 00:08:46	MARKED	py tools/bgrun.py --material --max-min 22 --log tools/bench/q_m4_probe.log -- py -u tools/bench/q_m4_probe.py
2026-09-24 00:11:11	MARKED	py tools/bgrun.py --material --max-min 2 --log tools/bench/q_m4_wires_offline.log -- py -u tools/bench/q_m4_wires_offline.py
2026-09-24 00:11:19	MARKED	py tools/bgrun.py --material --max-min 2 --log tools/bench/q_m4_wires_offline.log -- py -u tools/bench/q_m4_wires_offline.py
2026-09-24 00:11:51	REFUSED	STOPPED-RECIPE grep -n "OP_CREATE_CONST\|def .*const" -A22 tools/recipes/stage_d1_s2.py | sed -n 1,80p; grep -n "def create_const_on_term" -A30 tools/recipes/build_opcreateconstonterm_v0.py
2026-09-24 00:20:54	REFUSED	py tools/bench/wait_log.py tools/bench/priorart_c68_m4a.log
2026-09-24 00:20:57	MARKED	py tools/bgrun.py --material --max-min 1 --log tools/bench/wait_log.log -- py -u tools/bench/wait_log.py tools/bench/priorart_c68_m4a.log
2026-09-24 00:22:05	MARKED	py tools/bgrun.py --material --max-min 16 --log tools/bench/q_m4_copy_probe.log -- py -u tools/bench/q_m4_copy_probe.py
2026-09-24 00:22:14	MARKED	py tools/bgrun.py --material --max-min 1 --log tools/bench/wait_log.log -- py -u tools/bench/wait_log.py tools/bench/q_m4_copy_probe.log
2026-09-24 00:22:45	MARKED	py tools/bgrun.py --material --max-min 1 --log tools/bench/wait_log.log -- py -u tools/bench/wait_log.py tools/bench/q_m4_copy_probe.log
2026-09-24 00:23:15	MARKED	py tools/bgrun.py --material --max-min 1 --log tools/bench/wait_log.log -- py -u tools/bench/wait_log.py tools/bench/q_m4_copy_probe.log
2026-09-24 00:25:07	MARKED	py tools/bgrun.py --material --max-min 1 --log tools/bench/wait_log.log -- py -u tools/bench/wait_log.py tools/bench/peer_c68_h6.log
2026-09-24 00:25:53	MARKED	py tools/bgrun.py --material --max-min 1 --log tools/bench/wait_log.log -- py -u tools/bench/wait_log.py tools/bench/peer_c68_h6.log
2026-09-24 00:26:22	MARKED	py tools/bgrun.py --material --max-min 1 --log tools/bench/q_fixture_check.log -- py -u tools/bench/q_fixture_check.py
2026-09-24 00:26:55	REFUSED	STOPPED-RECIPE py tools/bgrun.py --material --max-min 45 --log tools/bench/stage_d1_m4a.log -- py -u tools/recipes/stage_d1_m4a.py
2026-09-24 00:27:04	MARKED	py tools/bgrun.py --material --max-min 45 --log tools/bench/stage_d1_m4a.log -- py -u tools/recipes/stage_d1_m4a.py
2026-09-24 00:27:29	MARKED	py tools/bgrun.py --material --max-min 1 --log tools/bench/wait_log.log -- py -u tools/bench/wait_log.py tools/bench/stage_d1_m4a.log
2026-09-24 00:28:01	MARKED	py tools/bgrun.py --material --max-min 1 --log tools/bench/wait_log.log -- py -u tools/bench/wait_log.py tools/bench/stage_d1_m4a.log
2026-09-24 00:28:32	MARKED	py tools/bgrun.py --material --max-min 1 --log tools/bench/wait_log.log -- py -u tools/bench/wait_log.py tools/bench/stage_d1_m4a.log
2026-09-24 00:29:07	MARKED	py tools/bgrun.py --material --max-min 1 --log tools/bench/wait_log.log -- py -u tools/bench/wait_log.py tools/bench/stage_d1_m4a.log
2026-09-24 00:29:43	MARKED	py tools/bgrun.py --material --max-min 1 --log tools/bench/wait_log.log -- py -u tools/bench/wait_log.py tools/bench/stage_d1_m4a.log
2026-09-24 00:30:18	MARKED	py tools/bgrun.py --material --max-min 1 --log tools/bench/wait_log.log -- py -u tools/bench/wait_log.py tools/bench/stage_d1_m4a.log
2026-09-24 00:32:22	MARKED	py tools/bgrun.py --material --max-min 15 --log tools/bench/q_m4a_diffuid.log -- py -u tools/bench/q_m4a_diffuid.py
2026-09-24 00:32:54	MARKED	py tools/bgrun.py --material --max-min 1 --log tools/bench/wait_log.log -- py -u tools/bench/wait_log.py tools/bench/q_m4a_diffuid.log
2026-09-24 00:33:40	MARKED	py tools/bgrun.py --material --max-min 1 --log tools/bench/wait_log.log -- py -u tools/bench/wait_log.py tools/bench/q_m4a_diffuid.log
2026-09-24 00:34:25	MARKED	py tools/bgrun.py --material --max-min 1 --log tools/bench/wait_log.log -- py -u tools/bench/wait_log.py tools/bench/q_m4a_diffuid.log
2026-09-24 00:35:52	MARKED	py tools/bgrun.py --material --max-min 15 --log tools/bench/q_m4a_diffuid.log -- py -u tools/bench/q_m4a_diffuid.py
2026-09-24 00:36:12	MARKED	py tools/bgrun.py --material --max-min 1 --log tools/bench/wait_log.log -- py -u tools/bench/wait_log.py tools/bench/q_m4a_diffuid.log
2026-09-24 00:36:22	MARKED	py tools/bgrun.py --material --max-min 1 --log tools/bench/wait_log.log -- py -u tools/bench/wait_log.py tools/bench/q_m4a_diffuid.log
2026-09-24 00:36:53	MARKED	py tools/bgrun.py --material --max-min 1 --log tools/bench/wait_log.log -- py -u tools/bench/wait_log.py tools/bench/q_m4a_diffuid.log
2026-09-24 00:37:29	MARKED	py tools/bgrun.py --material --max-min 1 --log tools/bench/wait_log.log -- py -u tools/bench/wait_log.py tools/bench/q_m4a_diffuid.log
2026-09-24 00:38:45	MARKED	py tools/bgrun.py --material --max-min 1 --log tools/bench/wait_log.log -- py -u tools/bench/wait_log.py tools/bench/q_m4a_diffuid.log
2026-09-24 00:38:54	REFUSED	STOPPED-RECIPE py tools/bgrun.py --material --max-min 45 --log tools/bench/stage_d1_m4b.log -- py -u tools/recipes/stage_d1_m4b.py
2026-09-24 00:39:01	MARKED	py tools/bgrun.py --material --max-min 45 --log tools/bench/stage_d1_m4b.log -- py -u tools/recipes/stage_d1_m4b.py
2026-09-24 00:39:19	MARKED	py tools/bgrun.py --material --max-min 1 --log tools/bench/wait_log.log -- py -u tools/bench/wait_log.py tools/bench/priorart_c68_m4b_r2.log
2026-09-24 00:39:50	MARKED	py tools/bgrun.py --material --max-min 1 --log tools/bench/wait_log.log -- py -u tools/bench/wait_log.py tools/bench/priorart_c68_m4b_r2.log
2026-09-24 00:40:26	MARKED	py tools/bgrun.py --material --max-min 1 --log tools/bench/wait_log.log -- py -u tools/bench/wait_log.py tools/bench/priorart_c68_m4b_r2.log
2026-09-24 00:40:57	MARKED	py tools/bgrun.py --material --max-min 1 --log tools/bench/wait_log.log -- py -u tools/bench/wait_log.py tools/bench/priorart_c68_m4b_r2.log
2026-09-24 00:42:09	MARKED	py tools/bgrun.py --material --max-min 45 --log tools/bench/stage_d1_m4b.log -- py -u tools/recipes/stage_d1_m4b.py
2026-09-24 00:42:17	MARKED	py tools/bgrun.py --material --max-min 1 --log tools/bench/wait_log.log -- py -u tools/bench/wait_log.py tools/bench/stage_d1_m4b.log
2026-09-24 00:42:48	MARKED	py tools/bgrun.py --material --max-min 1 --log tools/bench/wait_log.log -- py -u tools/bench/wait_log.py tools/bench/stage_d1_m4b.log
2026-09-24 00:43:18	MARKED	py tools/bgrun.py --material --max-min 1 --log tools/bench/wait_log.log -- py -u tools/bench/wait_log.py tools/bench/stage_d1_m4b.log
2026-09-24 00:43:54	MARKED	py tools/bgrun.py --material --max-min 1 --log tools/bench/wait_log.log -- py -u tools/bench/wait_log.py tools/bench/stage_d1_m4b.log
2026-09-24 00:44:25	MARKED	py tools/bgrun.py --material --max-min 1 --log tools/bench/wait_log.log -- py -u tools/bench/wait_log.py tools/bench/stage_d1_m4b.log
2026-09-24 00:45:01	MARKED	py tools/bgrun.py --material --max-min 1 --log tools/bench/wait_log.log -- py -u tools/bench/wait_log.py tools/bench/stage_d1_m4b.log
2026-09-24 00:45:32	MARKED	py tools/bgrun.py --material --max-min 1 --log tools/bench/wait_log.log -- py -u tools/bench/wait_log.py tools/bench/stage_d1_m4b.log
2026-09-24 00:50:49	MARKED	cd "G:/Codes/LabVIEW_Codes/MinLab/zz_LabView VI/AAA_UNIST/2. Tracking/V6_ParallelLoop" && MATERIAL=1 py tools/bgrun.py --max-min 5 --log tools/bench/vigraph_check_c68_pre.log -- py -u tools/bench/diag
2026-09-24 00:50:57	MARKED	$env:MATERIAL='1'; py tools\bgrun.py --max-min 5 --log tools\bench\vigraph_check_c68_pre.log -- py -u tools\bench\diag_vigraph_check.py
2026-09-24 00:51:00	MARKED	py tools/bgrun.py --material --max-min 5 --log tools/bench/vigraph_check_c68_pre.log -- py -u tools/bench/diag_vigraph_check.py
2026-09-24 00:53:17	MARKED	py tools/bgrun.py --material --max-min 45 --log tools/bench/q_c68_srpair.log -- py -u tools/bench/q_c68_srpair.py
2026-09-24 00:59:35	MARKED	py tools/bgrun.py --material --max-min 5 --log tools/bench/vigraph_check_c68.log -- py -u tools/bench/diag_vigraph_check.py
2026-09-24 01:01:38	MARKED	$env:MATERIAL='1'; py tools\bgrun.py --max-min 1 --log tools\bench\promote_d1_s3_loop15.log -- py -u tools\bench\promote_d1_s3_loop15.py
2026-09-24 01:02:00	MARKED	py tools/bgrun.py --material --max-min 1 --log tools/bench/promote_d1_s3_loop15.log -- py -u tools/bench/promote_d1_s3_loop15.py
2026-09-24 01:03:26	MARKED	py tools/bgrun.py --material --max-min 1 --log tools/bench/relocate_status_c68b.log -- py -u tools/bench/relocate_status_c68b.py
2026-09-24 01:15:02	REFUSED	MOTOR cd "G:/Codes/LabVIEW_Codes/MinLab/zz_LabView VI/AAA_UNIST/2. Tracking/V6_ParallelLoop"; grep -n "exit\|Write-Output" tools/motor_asi_io.ps1 | head -60
2026-09-24 01:17:29	MARKED	cd "G:/Codes/LabVIEW_Codes/MinLab/zz_LabView VI/AAA_UNIST/2. Tracking/V6_ParallelLoop"; MATERIAL=1 py tools/bgrun.py --max-min 5 --log tools/bench/selftest_motor_fail_exit.log -- py -u tools/bench/sel
2026-09-24 01:17:30	REFUSED	STOPPED-RECIPE cd "G:/Codes/LabVIEW_Codes/MinLab/zz_LabView VI/AAA_UNIST/2. Tracking/V6_ParallelLoop"; grep -il "queue" tools/recipes/stage_d1_*.py; grep -n -i "queue\|Q_res\|Q_work" tools/recipes/sta
2026-09-24 01:17:38	MARKED	py tools/bgrun.py --material --max-min 5 --log tools/bench/selftest_motor_fail_exit.log -- py -u tools/bench/selftest_motor_fail_exit.py
2026-09-24 01:17:50	MARKED	py tools/bgrun.py --material --max-min 5 --log tools/bench/selftest_motor_gate2.log -- py -u tools/bench/selftest_motor_gate2.py
2026-09-24 01:29:52	MARKED	cd "G:/Codes/LabVIEW_Codes/MinLab/zz_LabView VI/AAA_UNIST/2. Tracking/V6_ParallelLoop" && py tools/bgrun.py --material --max-min 5 --log tools/bench/selftest_motor_gate2.log -- py -u tools/bench/selft
2026-09-24 01:29:57	REFUSED	MOTOR powershell -c "$sp = New-Object System.IO.Ports.SerialPort COM3,115200"
2026-09-24 01:29:57	REFUSED	MOTOR powershell -File tools/motor_send_pi.ps1 -Command "MOV 1 5" -TokenFile t.tok
2026-09-24 01:29:58	REFUSED	MOTOR powershell -File tools/motor_asi_io.ps1 -Mode send
2026-09-24 01:29:58	REFUSED	MOTOR echo MOV 1 40 > COM3
2026-09-24 01:29:58	MARKED	MATERIAL=1 py tools/bgrun.py --max-min 5 --log tools/bench/selftest_motor_gate2.log -- py -u tools/bench/selftest_motor_gate2.py
2026-09-24 01:31:05	MARKED	$env:MATERIAL='1'; py tools\bgrun.py --max-min 1 --log tools/bench/chk_fixed_c69.log -- py -u tools/bench/chk_fixed_c69.py; Get-Content tools/bench/chk_fixed_c69.log
2026-09-24 01:31:14	MARKED	cd "/g/Codes/LabVIEW_Codes/MinLab/zz_LabView VI/AAA_UNIST/2. Tracking/V6_ParallelLoop" && MATERIAL=1 py tools/bgrun.py --max-min 1 --log tools/bench/chk_fixed_c69.log -- py -u tools/bench/chk_fixed_c6
2026-09-24 01:31:17	MARKED	MATERIAL=1 py tools/bgrun.py --max-min 1 --log tools/bench/chk_fixed_c69.log -- py -u tools/bench/chk_fixed_c69.py
2026-09-24 01:31:21	MARKED	MATERIAL=1 py tools/bgrun.py --max-min 1 --log tools/bench/chk_fixed_c69.log -- py -u tools/bench/chk_fixed_c69.py
2026-09-24 01:31:33	MARKED	py tools/bgrun.py --material --max-min 1 --log tools/bench/chk_fixed_c69.log -- py -u tools/bench/chk_fixed_c69.py
2026-09-24 01:31:38	MARKED	py tools/bgrun.py --material --max-min 1 --log tools/bench/chk_fixed_c69.log -- py -u tools/bench/chk_fixed_c69.py
2026-09-24 01:32:41	MARKED	py tools/bgrun.py --material --max-min 1 --log tools/bench/q_c69_peek.log -- py -u tools/bench/q_c69_peek.py
2026-09-24 01:34:35	MARKED	py tools/bgrun.py --material --max-min 30 --log tools/bench/p0_c69_census.log -- py -u tools/bench/p0_c69_census.py
2026-09-24 01:40:32	MARKED	py tools/bgrun.py --material --max-min 1 --log tools/bench/chk_fixed_c69.log -- py -u tools/bench/chk_fixed_c69.py
2026-09-24 01:42:06	MARKED	cd "G:/Codes/LabVIEW_Codes/MinLab/zz_LabView VI/AAA_UNIST/2. Tracking/V6_ParallelLoop" && py tools/bgrun.py --material --max-min 5 --log tools/bench/selftest_motor_gate2.log -- py -u tools/bench/selft
2026-09-24 01:42:12	REFUSED	MOTOR powershell -c "$sp = New-Object System.IO.Ports.SerialPort COM3,115200"
2026-09-24 01:42:12	REFUSED	MOTOR powershell -File tools/motor_send_pi.ps1 -Command "MOV 1 5" -TokenFile t.tok
2026-09-24 01:42:12	REFUSED	MOTOR powershell -File tools/motor_asi_io.ps1 -Mode send
2026-09-24 01:42:12	REFUSED	MOTOR echo MOV 1 40 > COM3
2026-09-24 01:42:12	MARKED	MATERIAL=1 py tools/bgrun.py --max-min 5 --log tools/bench/selftest_motor_gate2.log -- py -u tools/bench/selftest_motor_gate2.py
2026-09-24 02:41:54	MARKED	$env:MATERIAL='1'; py tools\bgrun.py --max-min 10 --log tools/bench/p1_c70_resolve.log -- py -u tools/bench/p1_c70_resolve.py; Get-Content tools\bench\p1_c70_resolve.log
2026-09-24 02:42:02	MARKED	$env:MATERIAL='1'; py tools\bgrun.py --max-min 10 --log tools/bench/p1_c70_resolve.log -- py -u tools/bench/p1_c70_resolve.py
2026-09-24 02:42:06	MARKED	cd "/g/Codes/LabVIEW_Codes/MinLab/zz_LabView VI/AAA_UNIST/2. Tracking/V6_ParallelLoop" && MATERIAL=1 py tools/bgrun.py --max-min 10 --log tools/bench/p1_c70_resolve.log -- py -u tools/bench/p1_c70_res
2026-09-24 02:42:09	MARKED	MATERIAL=1 py tools/bgrun.py --max-min 10 --log tools/bench/p1_c70_resolve.log -- py -u tools/bench/p1_c70_resolve.py
2026-09-24 02:42:12	MARKED	py tools/bgrun.py --material --max-min 10 --log tools/bench/p1_c70_resolve.log -- py -u tools/bench/p1_c70_resolve.py
2026-09-24 02:42:53	MARKED	py tools/bgrun.py --material --max-min 10 --log tools/bench/p1_c70_resolve.log -- py -u tools/bench/p1_c70_resolve.py
2026-09-24 02:44:36	MARKED	py tools/bgrun.py --material --max-min 10 --log tools/bench/p1_c70_f3a.log -- py -u tools/bench/p1_c70_f3a.py
2026-09-24 02:45:44	MARKED	py tools/bgrun.py --material --max-min 10 --log tools/bench/p1_c70_f3a.log -- py -u tools/bench/p1_c70_f3a.py
2026-09-24 02:47:23	MARKED	py tools/bgrun.py --material --max-min 5 --log tools/bench/selftest_motor_fail_exit.log -- py -u tools/bench/selftest_motor_fail_exit.py
2026-09-24 02:53:09	REFUSED	STOPPED-RECIPE py "C:\Users\KimLab\AppData\Local\Temp\claude\G--Codes-LabVIEW-Codes-MinLab-zz-LabView-VI-AAA-UNIST-2--Tracking-V6-ParallelLoop\a823b4dc-5761-4838-96af-459b2b5f4178\scratchpad\peek2.py"
2026-09-24 02:57:17	MARKED	cd "/g/Codes/LabVIEW_Codes/MinLab/zz_LabView VI/AAA_UNIST/2. Tracking/V6_ParallelLoop" && MATERIAL=1 py tools/bgrun.py --max-min 5 --log tools/bench/l7_1_predict.log -- py -u tools/bench/l7_1_predict.
2026-09-24 02:57:27	MARKED	$env:MATERIAL='1'; py tools\bgrun.py --max-min 5 --log tools/bench/l7_1_predict.log -- py -u tools/bench/l7_1_predict.py
2026-09-24 02:57:31	MARKED	py tools\bgrun.py --material --max-min 5 --log tools/bench/l7_1_predict.log -- py -u tools/bench/l7_1_predict.py
2026-09-24 03:04:07	MARKED	py tools\bgrun.py --material --max-min 45 --log tools/bench/stage_d1_l7_1.log -- py -u tools/recipes/stage_d1_l7_1.py
2026-09-24 03:04:46	MARKED	py tools\bgrun.py --material --max-min 45 --log tools/bench/stage_d1_l7_1.log -- py -u tools/recipes/stage_d1_l7_1.py
2026-09-24 03:04:58	MARKED	py tools\bgrun.py --material --max-min 45 --log tools/bench/stage_d1_l7_1.log -- py -u tools/recipes/stage_d1_l7_1.py
2026-09-24 03:08:07	MARKED	py tools\bgrun.py --material --max-min 45 --log tools/bench/stage_d1_l7_1.log -- py -u tools/recipes/stage_d1_l7_1.py
2026-09-24 03:10:27	MARKED	py tools\bgrun.py --material --max-min 45 --log tools/bench/stage_d1_l7_1.log -- py -u tools/recipes/stage_d1_l7_1.py
2026-09-24 03:19:16	MARKED	py tools\bgrun.py --material --max-min 5 --log tools/bench/l7_1_predict_r2.log -- py -u tools/bench/l7_1_predict.py
2026-09-24 03:21:38	REFUSED	STOPPED-RECIPE py tools\bgrun.py --material --max-min 45 --log tools/bench/stage_d1_l7_1_r2.log -- py -u tools/recipes/stage_d1_l7_1.py
2026-09-24 03:21:57	REFUSED	STOPPED-RECIPE py tools\bgrun.py --material --max-min 20 --log tools/bench/priorart_c70_l7_1_r2.log -- py tools/prior_art_review.py --plan-file docs/d1-loop12-17-split-plan.md --slug c70-l7-1-r2 --tri
2026-09-24 03:25:55	MARKED	py tools\bgrun.py --material --max-min 45 --log tools/bench/stage_d1_l7_1_r2.log -- py -u tools/recipes/stage_d1_l7_1.py
2026-09-24 03:50:46	MARKED	py tools/bgrun.py --material --max-min 30 --log tools/bench/stage_d1_l7_1a.log -- py -u tools/recipes/stage_d1_l7_1a.py
2026-09-24 03:53:56	MARKED	py tools/bgrun.py --material --max-min 30 --log tools/bench/stage_d1_l7_1a.log -- py -u tools/recipes/stage_d1_l7_1a.py
2026-09-24 03:56:53	MARKED	py tools/bgrun.py --material --max-min 30 --log tools/bench/stage_d1_l7_1a.log -- py -u tools/recipes/stage_d1_l7_1a.py
2026-09-24 04:04:25	MARKED	py tools/bgrun.py --material --max-min 20 --log tools/bench/diag_c71_l7_1a_tunnels.log -- py -u tools/bench/diag_c71_l7_1a_tunnels.py
2026-09-24 04:10:48	REFUSED	STOPPED-RECIPE (Get-Content tools\recipes\stage_d1_l7_1b.py | Measure-Object -Line).Lines; py -c "import ast,sys;ast.parse(open(sys.argv[1],encoding='utf-8').read());print('ok')" tools\recipes\stage_d
2026-09-24 04:14:10	MARKED	py tools/bgrun.py --material --max-min 45 --log tools/bench/stage_d1_l7_1b.log -- py -u tools/recipes/stage_d1_l7_1b.py
2026-09-24 04:22:33	MARKED	py tools\bgrun.py --material --max-min 6 --log tools/bench/selftest_stoprecord_eqform.log -- py -u tools/bench/selftest_stoprecord_eqform.py stop_record_new
2026-09-24 04:22:53	MARKED	py tools\bgrun.py --material --max-min 6 --log tools/bench/selftest_stoprecord_eqform_pre.log -- py -u tools/bench/selftest_stoprecord_eqform.py stop_record
2026-09-24 04:23:42	MARKED	py tools\bgrun.py --material --max-min 6 --log tools/bench/selftest_stoprecord_eqform.log -- py -u tools/bench/selftest_stoprecord_eqform.py
2026-09-24 04:24:17	MARKED	py tools\bgrun.py --material --max-min 6 --log tools/bench/stop_record_selftest_eqform.log -- py -u tools/bench/stop_record_selftest.py
2026-09-24 04:29:18	MARKED	py tools/bgrun.py --material --max-min 3 --log tools/bench/selftest_stagekit.log -- py -u tools/bench/selftest_stagekit.py
2026-09-24 04:29:40	REFUSED	STOPPED-RECIPE wc -l tools/recipes/stage_d1_l7_1b.py
2026-09-24 04:29:51	REFUSED	STOPPED-RECIPE py tools/bgrun.py --material --max-min 20 --log tools/bench/priorart_c71_l7_1b_r3.log -- py tools/prior_art_review.py --plan-file docs/d1-loop12-17-split-plan.md --slug c71-l7-1b-r3 --t
2026-09-24 05:29:22	MARKED	cd "/g/Codes/LabVIEW_Codes/MinLab/zz_LabView VI/AAA_UNIST/2. Tracking/V6_ParallelLoop" && MATERIAL=1 py tools/bgrun.py --material --max-min 5 --log tools/bench/selftest_stoprecord_bgrun_pre.log -- py 
2026-09-24 05:29:41	MARKED	$env:MATERIAL='1'; py tools\bgrun.py --material --max-min 5 --log tools/bench/selftest_stoprecord_bgrun_pre.log -- py -u tools/bench/selftest_stoprecord_bgrun.py stop_record_new; py tools\bgrun.py --m
2026-09-24 05:29:52	MARKED	MATERIAL=1 py tools/bgrun.py --material --max-min 5 --log tools/bench/selftest_stoprecord_bgrun_pre.log -- py -u tools/bench/selftest_stoprecord_bgrun.py stop_record_new
2026-09-24 05:30:03	MARKED	py tools/bgrun.py --material --max-min 5 --log tools/bench/selftest_stoprecord_bgrun_pre.log -- py -u tools/bench/selftest_stoprecord_bgrun.py stop_record_new
2026-09-24 05:30:06	MARKED	py tools/bgrun.py --material --max-min 5 --log tools/bench/selftest_stoprecord_eqform_c71pre.log -- py -u tools/bench/selftest_stoprecord_eqform.py stop_record_new
2026-09-24 05:30:11	MARKED	py tools/bgrun.py --material --max-min 5 --log tools/bench/selftest_stoprecord_bgrun_oldmod.log -- py -u tools/bench/selftest_stoprecord_bgrun.py stop_record
2026-09-24 05:30:28	REFUSED	cp tools/stop_record.py tools/bench/stop_record_pre_c71.py.bak && cp tools/stop_record_new.py tools/stop_record.py && rm tools/stop_record_new.py && echo swapped
2026-09-24 05:30:44	MARKED	py tools/bgrun.py --material --max-min 6 --log tools/bench/stop_record_selftest_c71.log -- py -u tools/bench/stop_record_selftest.py
2026-09-24 05:30:59	MARKED	py tools/bgrun.py --material --max-min 5 --log tools/bench/selftest_stoprecord_bgrun.log -- py -u tools/bench/selftest_stoprecord_bgrun.py
2026-09-24 05:31:31	REFUSED	STOPPED-RECIPE grep -n "labview-lock" -A5 STATUS.md | head -8; sed -n 1,40p tools/recipes/stage_d1_l7_1b.py
2026-09-24 05:33:41	MARKED	date +%T; py tools/bgrun.py --material --max-min 28 --log tools/bench/stage_d1_l7_1b_r2.log -- py -u tools/recipes/stage_d1_l7_1b.py
2026-09-24 05:57:24	REFUSED	cd "G:/Codes/LabVIEW_Codes/MinLab/zz_LabView VI/AAA_UNIST/2. Tracking/V6_ParallelLoop" && py tools/bgrun.py --max-min 5 --log tools/bench/selftest_stagekit.log -- py -u tools/bench/selftest_stagekit.p
2026-09-24 05:57:30	MARKED	cd "G:/Codes/LabVIEW_Codes/MinLab/zz_LabView VI/AAA_UNIST/2. Tracking/V6_ParallelLoop" && py tools/bgrun.py --material --max-min 5 --log tools/bench/selftest_stagekit.log -- py -u tools/bench/selftest
2026-09-24 05:58:29	MARKED	cd "G:/Codes/LabVIEW_Codes/MinLab/zz_LabView VI/AAA_UNIST/2. Tracking/V6_ParallelLoop" && py tools/bgrun.py --material --max-min 5 --log tools/bench/dryrun_l7_1b_address.log -- py -u tools/bench/dryru
2026-09-24 06:01:26	REFUSED	STOPPED-RECIPE cd "G:/Codes/LabVIEW_Codes/MinLab/zz_LabView VI/AAA_UNIST/2. Tracking/V6_ParallelLoop" && py tools/bgrun.py --material --max-min 45 --log tools/bench/stage_d1_l7_1b_r3.log -- py -u tool
2026-09-24 06:01:49	REFUSED	STOPPED-RECIPE cd "G:/Codes/LabVIEW_Codes/MinLab/zz_LabView VI/AAA_UNIST/2. Tracking/V6_ParallelLoop" && py tools/bgrun.py --material --max-min 45 --log tools/bench/stage_d1_l7_1b_r3.log -- py -u tool
2026-09-24 06:03:42	MARKED	cd "G:/Codes/LabVIEW_Codes/MinLab/zz_LabView VI/AAA_UNIST/2. Tracking/V6_ParallelLoop" && py tools/bgrun.py --material --max-min 8 --log tools/bench/selftest_stoprecord_supersession.log -- py -u tools
2026-09-24 06:04:04	MARKED	cd "G:/Codes/LabVIEW_Codes/MinLab/zz_LabView VI/AAA_UNIST/2. Tracking/V6_ParallelLoop" && py tools/bgrun.py --material --max-min 8 --log tools/bench/selftest_stoprecord_bgrun_c72.log -- py -u tools/be
2026-09-24 06:04:13	MARKED	cd "G:/Codes/LabVIEW_Codes/MinLab/zz_LabView VI/AAA_UNIST/2. Tracking/V6_ParallelLoop" && py tools/bgrun.py --material --max-min 8 --log tools/bench/selftest_stoprecord_eqform_c72.log -- py -u tools/b
2026-09-24 06:04:30	MARKED	cd "G:/Codes/LabVIEW_Codes/MinLab/zz_LabView VI/AAA_UNIST/2. Tracking/V6_ParallelLoop" && py tools/bgrun.py --material --max-min 45 --log tools/bench/stage_d1_l7_1b_r3.log -- py -u tools/recipes/stage
2026-09-24 06:05:04	MARKED	cd "G:/Codes/LabVIEW_Codes/MinLab/zz_LabView VI/AAA_UNIST/2. Tracking/V6_ParallelLoop" && py tools/bgrun.py --material --max-min 8 --log tools/bench/selftest_stoprecord_eqform_c72b.log -- py -u tools/
2026-09-24 06:25:18	MARKED	$env:MATERIAL='1'; py tools\bgrun.py --max-min 10 --log tools/bench/c73_l7r_probe0.log -- py -u tools/bench/c73_l7r_probe0.py
2026-09-24 06:25:25	MARKED	MATERIAL=1 py "G:/Codes/LabVIEW_Codes/MinLab/zz_LabView VI/AAA_UNIST/2. Tracking/V6_ParallelLoop/tools/bgrun.py" --max-min 10 --log tools/bench/c73_l7r_probe0.log -- py -u tools/bench/c73_l7r_probe0.p
2026-09-24 06:25:28	MARKED	MATERIAL=1 py tools/bgrun.py --max-min 10 --log tools/bench/c73_l7r_probe0.log -- py -u tools/bench/c73_l7r_probe0.py
2026-09-24 06:25:38	REFUSED	py tools\bgrun.py --max-min 10 --log tools/bench/c73_l7r_probe0.log -- py -u tools/bench/c73_l7r_probe0.py
2026-09-24 06:25:41	MARKED	py tools\bgrun.py --material --max-min 10 --log tools/bench/c73_l7r_probe0.log -- py -u tools/bench/c73_l7r_probe0.py; Get-Content tools/bench/c73_l7r_probe0.log
2026-09-24 06:26:41	MARKED	py tools\bgrun.py --material --max-min 10 --log tools/bench/c73_l7r_facts.log -- py -u tools/bench/c73_l7r_facts.py | Out-Null; Get-Content tools/bench/c73_l7r_facts.log
2026-09-24 06:26:48	MARKED	py tools\bgrun.py --material --max-min 10 --log tools/bench/c73_l7r_facts.log -- py -u tools/bench/c73_l7r_facts.py | Out-Null; Get-Content tools/bench/c73_l7r_facts.log
2026-09-24 06:30:28	MARKED	py tools/bgrun.py --material --max-min 5 --log tools/bench/relocate_status_c72.log -- py -u tools/bench/relocate_status_c72.py
2026-09-24 06:30:55	MARKED	py tools/bgrun.py --material --max-min 5 --log tools/bench/relocate_status_c72b.log -- py -u tools/bench/relocate_status_c72b.py
2026-09-24 06:37:25	MARKED	cd "G:/Codes/LabVIEW_Codes/MinLab/zz_LabView VI/AAA_UNIST/2. Tracking/V6_ParallelLoop"; MATERIAL=1 py tools/bgrun.py --max-min 20 --log tools/bench/c73_l7r_live.log -- py -u tools/bench/c73_l7r_live.p
2026-09-24 06:37:33	MARKED	$env:MATERIAL='1'; py tools\bgrun.py --max-min 20 --log tools\bench\c73_l7r_live.log -- py -u tools\bench\c73_l7r_live.py
2026-09-24 06:37:36	MARKED	MATERIAL=1 py tools/bgrun.py --max-min 20 --log tools/bench/c73_l7r_live.log -- py -u tools/bench/c73_l7r_live.py
2026-09-24 06:37:39	MARKED	py tools/bgrun.py --material --max-min 20 --log tools/bench/c73_l7r_live.log -- py -u tools/bench/c73_l7r_live.py
2026-09-24 06:45:12	MARKED	py tools/bgrun.py --material --max-min 5 --log tools/bench/l7_r_predict.log -- py -u tools/bench/l7_r_predict.py
2026-09-24 06:48:24	MARKED	py tools/bgrun.py --material --max-min 5 --log tools/bench/dryrun_l7_r_address.log -- py -u tools/bench/dryrun_l7_r_address.py
2026-09-24 06:48:48	MARKED	py tools/bgrun.py --material --max-min 5 --log tools/bench/dryrun_l7_r_address.log -- py -u tools/bench/dryrun_l7_r_address.py
2026-09-24 06:56:06	MARKED	py tools/bgrun.py --material --max-min 5 --log tools/bench/l7_r_predict.log -- py -u tools/bench/l7_r_predict.py
2026-09-24 06:56:14	MARKED	py tools/bgrun.py --material --max-min 5 --log tools/bench/dryrun_l7_r_address.log -- py -u tools/bench/dryrun_l7_r_address.py
2026-09-24 06:56:50	MARKED	py tools/bgrun.py --material --max-min 40 --log tools/bench/stage_d1_l7_r.log -- py -u tools/recipes/stage_d1_l7_r.py
2026-09-24 07:08:19	REFUSED	py -c "import sys; sys.path.insert(0,'tools'); import stop_record as S; print(S.check_command('py -u tools/recipes/stage_d1_l7_r.py'))"
2026-09-24 07:08:24	REFUSED	STOPPED-RECIPE py tools/bgrun.py --material --max-min 40 --log tools/bench/stage_d1_l7_r_r2.log -- py -u tools/recipes/stage_d1_l7_r.py
2026-09-24 07:12:14	MARKED	py tools/bgrun.py --material --max-min 5 --log tools/bench/l7_r_predict.log -- py -u tools/bench/l7_r_predict.py
2026-09-24 07:12:47	MARKED	py tools/bgrun.py --material --max-min 5 --log tools/bench/l7_r_predict.log -- py -u tools/bench/l7_r_predict.py
2026-09-24 07:13:00	MARKED	py tools/bgrun.py --material --max-min 5 --log tools/bench/l7_r_predict.log -- py -u tools/bench/l7_r_predict.py
2026-09-24 07:13:15	MARKED	py tools/bgrun.py --material --max-min 40 --log tools/bench/stage_d1_l7_r_r2.log -- py -u tools/recipes/stage_d1_l7_r.py
2026-09-24 18:29:10	MARKED	cd "/g/Codes/LabVIEW_Codes/MinLab/zz_LabView VI/AAA_UNIST/2. Tracking/V6_ParallelLoop" && MATERIAL=1 py tools/bgrun.py --max-min 5 --log tools/bench/selftest_protocol.log -- py -u tools/bench/selftest
2026-09-24 18:30:10	MARKED	cd "/g/Codes/LabVIEW_Codes/MinLab/zz_LabView VI/AAA_UNIST/2. Tracking/V6_ParallelLoop" && MATERIAL=1 py tools/bgrun.py --max-min 5 --log tools/bench/selftest_protocol.log -- py -u tools/bench/selftest
2026-09-24 18:31:42	REFUSED	MOTOR powershell -c "$sp = New-Object System.IO.Ports.SerialPort COM3,115200"
2026-09-24 18:31:42	REFUSED	MOTOR powershell -File tools/motor_send_pi.ps1 -Command "MOV 1 5" -TokenFile t.tok
2026-09-24 18:31:42	REFUSED	MOTOR powershell -File tools/motor_asi_io.ps1 -Mode send
2026-09-24 18:31:42	REFUSED	MOTOR echo MOV 1 40 > COM3
2026-09-24 18:31:42	MARKED	MATERIAL=1 py tools/bgrun.py --max-min 5 --log tools/bench/selftest_motor_gate2.log -- py -u tools/bench/selftest_motor_gate2.py
2026-09-24 18:50:36	MARKED	cd "/g/Codes/LabVIEW_Codes/MinLab/zz_LabView VI/AAA_UNIST/2. Tracking/V6_ParallelLoop" && py tools/bgrun.py --material --max-min 10 --log tools/bench/selftest_protocol_wiring.log -- py -u tools/bench/
2026-09-24 18:51:34	MARKED	cd "/g/Codes/LabVIEW_Codes/MinLab/zz_LabView VI/AAA_UNIST/2. Tracking/V6_ParallelLoop" && py tools/bgrun.py --material --max-min 10 --log tools/bench/selftest_protocol_wiring.log -- py -u tools/bench/
2026-09-24 18:54:04	REFUSED	cd "/g/Codes/LabVIEW_Codes/MinLab/zz_LabView VI/AAA_UNIST/2. Tracking/V6_ParallelLoop/tools" && py -c " import protocol as P,re s=P.code_only(open('recipes/build_d1_m3a1.py',encoding='utf-8').read()) 
2026-09-24 18:54:08	MARKED	cd "/g/Codes/LabVIEW_Codes/MinLab/zz_LabView VI/AAA_UNIST/2. Tracking/V6_ParallelLoop" && py tools/bgrun.py --material --max-min 10 --log tools/bench/selftest_protocol_wiring.log -- py -u tools/bench/
2026-09-24 18:55:32	MARKED	cd "/g/Codes/LabVIEW_Codes/MinLab/zz_LabView VI/AAA_UNIST/2. Tracking/V6_ParallelLoop" && py tools/bgrun.py --material --max-min 25 --log tools/bench/run_selftests_chat_b2.log -- py -u tools/bench/run
2026-09-24 19:02:25	MARKED	cd "/g/Codes/LabVIEW_Codes/MinLab/zz_LabView VI/AAA_UNIST/2. Tracking/V6_ParallelLoop" && py tools/bgrun.py --material --max-min 25 --log tools/bench/run_selftests_chat_b2.log -- py -u tools/bench/run
2026-09-24 19:04:42	MARKED	cd "/g/Codes/LabVIEW_Codes/MinLab/zz_LabView VI/AAA_UNIST/2. Tracking/V6_ParallelLoop" && py tools/bgrun.py --material --max-min 25 --log tools/bench/run_selftests_chat_b2.log -- py -u tools/bench/run
2026-09-24 19:10:20	MARKED	cd "/g/Codes/LabVIEW_Codes/MinLab/zz_LabView VI/AAA_UNIST/2. Tracking/V6_ParallelLoop" && py tools/bgrun.py --material --max-min 10 --log tools/bench/selftest_protocol_wiring.log -- py -u tools/bench/
2026-09-24 19:10:44	MARKED	cd "/g/Codes/LabVIEW_Codes/MinLab/zz_LabView VI/AAA_UNIST/2. Tracking/V6_ParallelLoop" && py tools/bgrun.py --material --max-min 25 --log tools/bench/run_selftests_chat_b2.log -- py -u tools/bench/run
2026-09-24 19:28:47	MARKED	cd "G:/Codes/LabVIEW_Codes/MinLab/zz_LabView VI/AAA_UNIST/2. Tracking/V6_ParallelLoop" && MATERIAL=1 py tools/bgrun.py --max-min 5 --log tools/bench/selftest_cycle_runner_ff_c2.log -- py -u tools/benc
2026-09-24 19:29:23	MARKED	cd "G:/Codes/LabVIEW_Codes/MinLab/zz_LabView VI/AAA_UNIST/2. Tracking/V6_ParallelLoop" && py tools/bgrun.py --material --max-min 5 --log tools/bench/dev_prerun_l7_1a.log -- py -u tools/stage_prerun.py
2026-09-24 19:29:45	MARKED	cd "G:/Codes/LabVIEW_Codes/MinLab/zz_LabView VI/AAA_UNIST/2. Tracking/V6_ParallelLoop" && for r in stage_d1_l7_1a stage_d1_l7_1 stage_d1_l7_1b stage_d1_l7_r; do py tools/bgrun.py --material --max-min 
2026-09-24 19:30:08	MARKED	cd "G:/Codes/LabVIEW_Codes/MinLab/zz_LabView VI/AAA_UNIST/2. Tracking/V6_ParallelLoop" && for r in stage_d1_l7_1a stage_d1_l7_1b; do py tools/bgrun.py --material --max-min 5 --log tools/bench/dev_prer
2026-09-24 19:31:07	MARKED	cd "G:/Codes/LabVIEW_Codes/MinLab/zz_LabView VI/AAA_UNIST/2. Tracking/V6_ParallelLoop" && rm -f tools/bench/dev_prerun_*.log; for r in stage_d1_l7_1a stage_d1_l7_1 stage_d1_l7_1b stage_d1_l7_r; do py 
2026-09-24 19:32:11	MARKED	cd "G:/Codes/LabVIEW_Codes/MinLab/zz_LabView VI/AAA_UNIST/2. Tracking/V6_ParallelLoop" && rm -f tools/bench/dev_prerun_*.log; for r in stage_d1_l7_1a stage_d1_l7_1 stage_d1_l7_1b stage_d1_l7_r; do py 
2026-09-24 19:33:08	MARKED	cd "G:/Codes/LabVIEW_Codes/MinLab/zz_LabView VI/AAA_UNIST/2. Tracking/V6_ParallelLoop" && py tools/bgrun.py --material --max-min 3 --log tools/bench/selftest_launch_gate.log -- py -u tools/bench/selft
2026-09-24 19:33:39	MARKED	cd "G:/Codes/LabVIEW_Codes/MinLab/zz_LabView VI/AAA_UNIST/2. Tracking/V6_ParallelLoop" && py tools/bgrun.py --material --max-min 3 --log tools/bench/selftest_launch_gate.log -- py -u tools/bench/selft
2026-09-24 19:34:12	MARKED	cd "G:/Codes/LabVIEW_Codes/MinLab/zz_LabView VI/AAA_UNIST/2. Tracking/V6_ParallelLoop" && py tools/bgrun.py --material --max-min 3 --log tools/bench/prerun_records_demo.log -- py -u tools/stage_prerun
2026-09-24 21:25:15	MARKED	MATERIAL=1 py tools/bgrun.py --max-min 15 --log tools/bench/selftest_item34.log -- py -u tools/bench/selftest_item34.py
2026-09-24 21:53:33	MARKED	MATERIAL=1 py tools/bgrun.py --max-min 20 --log tools/bench/opmodels_read_bed.log -- py -u tools/bench/opmodels_read_bed.py
2026-09-24 21:59:55	MARKED	MATERIAL=1 py tools/bgrun.py --max-min 25 --log tools/bench/opmodels_read_map.log -- py -u tools/bench/opmodels_read_map.py
2026-09-24 22:06:52	MARKED	MATERIAL=1 py tools/bgrun.py --max-min 45 --log tools/bench/opmodels_measure_B1.log -- py -u tools/bench/opmodels_measure.py B1
2026-09-24 22:21:03	MARKED	MATERIAL=1 py tools/bgrun.py --max-min 45 --log tools/bench/opmodels_measure_B1.log -- py -u tools/bench/opmodels_measure.py B1
2026-09-24 22:21:39	MARKED	MATERIAL=1 py tools/bgrun.py --max-min 3 --log tools/bench/opmodels_check_move.log -- py -u tools/bench/opmodels_check_move.py
2026-09-24 22:22:41	REFUSED	cd "/g/Codes/LabVIEW_Codes/MinLab/zz_LabView VI/AAA_UNIST/2. Tracking/V6_ParallelLoop" && export MATERIAL=1; py tools/bgrun.py --max-min 10 --log tools/bench/dedupe_check_s2b.log -- py -u tools/bench/
2026-09-24 22:22:46	MARKED	cd "/g/Codes/LabVIEW_Codes/MinLab/zz_LabView VI/AAA_UNIST/2. Tracking/V6_ParallelLoop" && py tools/bgrun.py --material --max-min 10 --log tools/bench/dedupe_check_s2b.log -- py -u tools/bench/dedupe_c
2026-09-24 22:25:41	REFUSED	cd "/g/Codes/LabVIEW_Codes/MinLab/zz_LabView VI/AAA_UNIST/2. Tracking/V6_ParallelLoop" && git add tools/vigraph.py tools/stagesim.py tools/bench/dedupe_check_s2b.py tools/bench/dedupe_check_s2b.log to
2026-09-24 22:32:01	MARKED	MATERIAL=1 py tools/bgrun.py --max-min 45 --log tools/bench/opmodels_measure_B2.log -- py -u tools/bench/opmodels_measure.py B2
2026-09-24 22:47:02	MARKED	MATERIAL=1 py tools/bgrun.py --max-min 45 --log tools/bench/opmodels_measure_B2.log -- py -u tools/bench/opmodels_measure.py B2
2026-09-24 22:57:46	MARKED	MATERIAL=1 py tools/bgrun.py --max-min 3 --log tools/bench/opmodels_fit.log -- py -u tools/bench/opmodels_fit.py
2026-09-24 22:58:11	MARKED	MATERIAL=1 py tools/bgrun.py --max-min 3 --log tools/bench/opmodels_fit.log -- py -u tools/bench/opmodels_fit.py
2026-09-24 22:58:23	MARKED	MATERIAL=1 py tools/bgrun.py --max-min 3 --log tools/bench/opmodels_check_move.log -- py -u tools/bench/opmodels_check_move.py
2026-09-24 23:09:31	MARKED	cd "G:/Codes/LabVIEW_Codes/MinLab/zz_LabView VI/AAA_UNIST/2. Tracking/V6_ParallelLoop" && MATERIAL=1 py tools/bgrun.py --max-min 30 --log tools/bench/opmodels_onlysink.log -- py -u tools/bench/opmodel
2026-09-24 23:19:04	MARKED	cd "G:/Codes/LabVIEW_Codes/MinLab/zz_LabView VI/AAA_UNIST/2. Tracking/V6_ParallelLoop" && MATERIAL=1 py tools/bgrun.py --max-min 10 --log tools/bench/sim_l7_split.log -- py -u tools/bench/sim_l7_split
2026-09-25 01:05:39	MARKED	cd "G:/Codes/LabVIEW_Codes/MinLab/zz_LabView VI/AAA_UNIST/2. Tracking/V6_ParallelLoop" && MATERIAL=1 py tools/bgrun.py --max-min 5 --log tools/bench/selftest_cycle_runner_ff_e1.log -- py -u tools/benc
2026-09-25 01:13:44	REFUSED	cp "C:/Users/KimLab/AppData/Local/Temp/claude/G--Codes-LabVIEW-Codes-MinLab-zz-LabView-VI-AAA-UNIST-2--Tracking-V6-ParallelLoop/d7c00fe6-9e75-40c0-b72e-4bb56f84809d/scratchpad/probe1.py" "G:/Codes/Lab
2026-09-25 01:16:52	MARKED	cd "G:/Codes/LabVIEW_Codes/MinLab/zz_LabView VI/AAA_UNIST/2. Tracking/V6_ParallelLoop" && MATERIAL=1 py tools/bgrun.py --max-min 5 --log tools/bench/m8_dry.log -- py -u tools/bench/drive_m8.py --leg b
2026-09-25 01:17:01	MARKED	cd "G:/Codes/LabVIEW_Codes/MinLab/zz_LabView VI/AAA_UNIST/2. Tracking/V6_ParallelLoop" && MATERIAL=1 py tools/bgrun.py --max-min 5 --log tools/bench/m8_dry.log -- py -u tools/bench/drive_m8.py --leg b
2026-09-25 01:17:04	MARKED	MATERIAL=1 py tools/bgrun.py --max-min 5 --log tools/bench/m8_dry.log -- py -u tools/bench/drive_m8.py --leg bed --dry
2026-09-25 01:17:07	MARKED	$env:MATERIAL='1'; py tools\bgrun.py --max-min 5 --log tools\bench\m8_dry.log -- py -u tools\bench\drive_m8.py --leg bed --dry
2026-09-25 01:17:17	MARKED	py tools/bgrun.py --material --max-min 5 --log tools/bench/m8_dry.log -- py -u tools/bench/drive_m8.py --leg bed --dry
2026-09-25 01:17:41	MARKED	py tools/bgrun.py --material --max-min 5 --log tools/bench/m8_dry.log -- py -u tools/bench/drive_m8.py --leg bed --dry
2026-09-25 01:18:40	REFUSED	py tools/bench/m8_wait.py tools/bench/vigraph_check.log 540
2026-09-25 01:40:08	MARKED	py tools/bgrun.py --material --max-min 5 --log tools/bench/m8_dry.log -- py -u tools/bench/drive_m8.py --leg bed --dry
2026-09-25 01:47:09	MARKED	py tools/bgrun.py --material --max-min 30 --log tools/bench/m8_run1.log -- py -u tools/bench/drive_m8.py --leg bed
2026-09-25 02:00:10	MARKED	py tools/bgrun.py --material --max-min 30 --log tools/bench/m8_baseline.log -- py -u tools/bench/drive_m8.py --leg base
2026-09-25 02:10:33	MARKED	py tools/bgrun.py --material --max-min 2 --log tools/bench/m8_table.log -- py -u tools/bench/drive_m8.py --table
2026-09-25 02:13:57	MARKED	cd "G:/Codes/LabVIEW_Codes/MinLab/zz_LabView VI/AAA_UNIST/2. Tracking/V6_ParallelLoop" && MATERIAL=1 py tools/bgrun.py --max-min 5 --log tools/bench/m8s3_dry.log -- py -u tools/bench/drive_m8.py --leg
2026-09-25 02:14:05	MARKED	cd "G:/Codes/LabVIEW_Codes/MinLab/zz_LabView VI/AAA_UNIST/2. Tracking/V6_ParallelLoop" && MATERIAL=1 py tools/bgrun.py --max-min 5 --log tools/bench/m8s3_dry.log -- py -u tools/bench/drive_m8.py --leg
2026-09-25 02:14:08	MARKED	$env:MATERIAL='1'; py tools\bgrun.py --max-min 5 --log tools\bench\m8s3_dry.log -- py -u tools\bench\drive_m8.py --leg s3 --dry
2026-09-25 02:14:11	MARKED	MATERIAL=1 py "G:/Codes/LabVIEW_Codes/MinLab/zz_LabView VI/AAA_UNIST/2. Tracking/V6_ParallelLoop/tools/bgrun.py" --max-min 5 --log tools/bench/m8s3_dry.log -- py -u tools/bench/drive_m8.py --leg s3 --
2026-09-25 02:14:14	MARKED	MATERIAL=1 py tools/bgrun.py --max-min 5 --log tools/bench/m8s3_dry.log -- py -u tools/bench/drive_m8.py --leg s3 --dry
2026-09-25 02:14:23	MARKED	MATERIAL=1 py tools/bgrun.py --max-min 5 --log tools/bench/m8s3_dry.log -- py -u tools/bench/drive_m8.py --leg s3 --dry
2026-09-25 02:14:28	MARKED	cd "G:/Codes/LabVIEW_Codes/MinLab/zz_LabView VI/AAA_UNIST/2. Tracking/V6_ParallelLoop"; MATERIAL=1 py tools/bgrun.py --max-min 5 --log tools/bench/vigraph_g8_edges_74.log -- py -u tools/bench/vigraph_
2026-09-25 02:14:29	MARKED	cd "G:/Codes/LabVIEW_Codes/MinLab/zz_LabView VI/AAA_UNIST/2. Tracking/V6_ParallelLoop"; MATERIAL=1 py tools/bgrun.py --max-min 5 --log tools/bench/cdiff_blindspot_74.log -- py -u tools/bench/cdiff_bli
2026-09-25 02:14:33	MARKED	MATERIAL=1 py tools/bgrun.py --max-min 5 --log tools/bench/vigraph_g8_edges_74.log -- py -u tools/bench/vigraph_g8_edges_74.py
2026-09-25 02:14:33	MARKED	MATERIAL=1 py tools/bgrun.py --max-min 5 --log tools/bench/cdiff_blindspot_74.log -- py -u tools/bench/cdiff_blindspot_74.py
2026-09-25 02:14:36	MARKED	$env:MATERIAL='1'; py tools\bgrun.py --max-min 5 --log tools\bench\vigraph_g8_edges_74.log -- py -u tools\bench\vigraph_g8_edges_74.py
2026-09-25 02:14:36	REFUSED	py tools/bgrun.py --max-min 5 --log tools/bench/m8s3_dry.log -- py -u tools/bench/drive_m8.py --leg s3 --dry
2026-09-25 02:14:39	MARKED	py tools/bgrun.py --material --max-min 5 --log tools/bench/m8s3_dry.log -- py -u tools/bench/drive_m8.py --leg s3 --dry
2026-09-25 02:14:40	MARKED	py tools/bgrun.py --material --max-min 5 --log tools/bench/vigraph_g8_edges_74.log -- py -u tools/bench/vigraph_g8_edges_74.py
2026-09-25 02:14:43	MARKED	py tools/bgrun.py --material --max-min 5 --log tools/bench/cdiff_blindspot_74.log -- py -u tools/bench/cdiff_blindspot_74.py
2026-09-25 02:14:46	MARKED	py tools/bgrun.py --material --max-min 30 --log tools/bench/m8s3_run.log -- py -u tools/bench/drive_m8.py --leg s3
2026-09-25 02:17:23	MARKED	py tools/bgrun.py --material --max-min 30 --log tools/bench/m8s3_run.log -- py -u tools/bench/drive_m8.py --leg s3
2026-09-25 02:17:44	MARKED	py tools/bgrun.py --material --max-min 5 --log tools/bench/vigraph_g8_edges_74.log -- py -u tools/bench/vigraph_g8_edges_74.py
2026-09-25 02:17:55	MARKED	py tools/bgrun.py --material --max-min 5 --log tools/bench/cdiff_blindspot_74.log -- py -u tools/bench/cdiff_blindspot_74.py
2026-09-25 02:20:43	MARKED	py tools/bgrun.py --material --max-min 2 --log tools/bench/m8s3_table.log -- py -u tools/bench/drive_m8.py --table --s3
2026-09-25 02:23:03	MARKED	cd "G:/Codes/LabVIEW_Codes/MinLab/zz_LabView VI/AAA_UNIST/2. Tracking/V6_ParallelLoop" && MATERIAL=1 py tools/bgrun.py --max-min 1 --log tools/bench/vigraph_check.log -- py -u tools/bench/diag_vigraph
2026-09-25 02:23:09	MARKED	$env:MATERIAL='1'; py tools\bgrun.py --max-min 1 --log tools/bench/vigraph_check.log -- py -u tools/bench/diag_vigraph_check.py --no-dump
2026-09-25 02:23:13	MARKED	MATERIAL=1 py tools/bgrun.py --max-min 1 --log tools/bench/vigraph_check.log -- py -u tools/bench/diag_vigraph_check.py --no-dump
2026-09-25 02:23:24	MARKED	MATERIAL=1 py tools/bgrun.py --max-min 1 --log tools/bench/vigraph_check.log -- py -u tools/bench/diag_vigraph_check.py --no-dump
2026-09-25 02:37:28	MARKED	cd "G:/Codes/LabVIEW_Codes/MinLab/zz_LabView VI/AAA_UNIST/2. Tracking/V6_ParallelLoop"; MATERIAL=1 py tools/bgrun.py --max-min 10 --log tools/bench/vigraph_check.log -- py -u tools/bench/diag_vigraph_
2026-09-25 02:37:34	MARKED	MATERIAL=1 py tools/bgrun.py --max-min 10 --log tools/bench/vigraph_check.log -- py -u tools/bench/diag_vigraph_check.py --no-dump
2026-09-25 02:37:36	MARKED	$env:MATERIAL='1'; py tools\bgrun.py --max-min 10 --log tools\bench\vigraph_check.log -- py -u tools\bench\diag_vigraph_check.py --no-dump
2026-09-25 02:37:47	REFUSED	py tools/bgrun.py --max-min 10 --log tools/bench/vigraph_check.log -- py -u tools/bench/diag_vigraph_check.py --no-dump
2026-09-25 02:37:50	MARKED	py tools/bgrun.py --material --max-min 10 --log tools/bench/vigraph_check.log -- py -u tools/bench/diag_vigraph_check.py --no-dump
2026-09-25 02:40:15	MARKED	py tools/bgrun.py --material --max-min 5 --log tools/bench/m8b_grab_consumers_75.log -- py -u tools/bench/diag_m8b_grab_consumers.py
2026-09-25 02:41:25	MARKED	py tools/bgrun.py --material --max-min 5 --log tools/bench/m8b_grab_consumers_75.log -- py -u tools/bench/diag_m8b_grab_consumers.py
2026-09-25 02:41:54	MARKED	py tools/bgrun.py --material --max-min 5 --log tools/bench/m8b_grab_consumers_75.log -- py -u tools/bench/diag_m8b_grab_consumers.py
2026-09-25 02:44:18	MARKED	py tools/bgrun.py --material --max-min 5 --log tools/bench/m8b_grab_consumers_75.log -- py -u tools/bench/diag_m8b_grab_consumers.py
2026-09-25 02:48:54	MARKED	MATERIAL=1 py tools/bgrun.py --max-min 5 --log tools/bench/m8b_frame_source_75.log -- py -u tools/bench/diag_m8b_frame_source.py
2026-09-25 02:49:00	MARKED	py tools/bgrun.py --material --max-min 5 --log tools/bench/m8b_frame_source_75.log -- py -u tools/bench/diag_m8b_frame_source.py
2026-09-25 02:56:31	MARKED	MATERIAL=1 py tools/bgrun.py --max-min 15 --log tools/bench/m8b_replay_prep_75.log -- py -u tools/bench/diag_m8b_replay_prep.py
2026-09-25 02:56:36	REFUSED	py tools\bgrun.py --max-min 15 --log tools\bench\m8b_replay_prep_75.log -- py -u tools\bench\diag_m8b_replay_prep.py
2026-09-25 02:56:38	MARKED	py tools\bgrun.py --material --max-min 15 --log tools\bench\m8b_replay_prep_75.log -- py -u tools\bench\diag_m8b_replay_prep.py
2026-09-25 02:56:59	MARKED	py tools\bgrun.py --material --max-min 15 --log tools\bench\m8b_replay_prep_75.log -- py -u tools\bench\diag_m8b_replay_prep.py
2026-09-25 03:04:57	REFUSED	cp "C:/Users/KimLab/AppData/Local/Temp/claude/G--Codes-LabVIEW-Codes-MinLab-zz-LabView-VI-AAA-UNIST-2--Tracking-V6-ParallelLoop/aa0b3776-fadf-4bfe-b190-5674afeda919/scratchpad/q1.py" tools/bench/diag_
2026-09-25 03:07:37	MARKED	py tools/bgrun.py --material --max-min 25 --log tools/bench/swap_verb_75_build.log -- py -u tools/bench/diag_swap_build.py
2026-09-25 03:13:24	MARKED	py tools/bgrun.py --material --max-min 30 --log tools/bench/swap_verb_75.log -- py -u tools/bench/diag_swap_measure.py
2026-09-25 03:29:45	MARKED	cd "G:/Codes/LabVIEW_Codes/MinLab/zz_LabView VI/AAA_UNIST/2. Tracking/V6_ParallelLoop" && for s in selftest_audit_c4c_split selftest_bgrun_fail_scan selftest_stamp_window; do MATERIAL=1 py tools/bgrun
2026-09-25 03:29:54	MARKED	cd "G:/Codes/LabVIEW_Codes/MinLab/zz_LabView VI/AAA_UNIST/2. Tracking/V6_ParallelLoop" && MATERIAL=1 py tools/bgrun.py --max-min 10 --log C:/Users/KimLab/AppData/Local/Temp/base_c4c.log -- py -u tools
2026-09-25 03:30:00	MARKED	cd "G:/Codes/LabVIEW_Codes/MinLab/zz_LabView VI/AAA_UNIST/2. Tracking/V6_ParallelLoop" && MATERIAL=1 py tools/bgrun.py --max-min 10 --log tools/bench/selftest_logclass_base_c4c.log -- py -u tools/benc
2026-09-25 03:30:01	MARKED	cd "G:/Codes/LabVIEW_Codes/MinLab/zz_LabView VI/AAA_UNIST/2. Tracking/V6_ParallelLoop" && MATERIAL=1 py tools/bgrun.py --max-min 10 --log tools/bench/selftest_logclass_base_failscan.log -- py -u tools
2026-09-25 03:30:03	MARKED	cd "G:/Codes/LabVIEW_Codes/MinLab/zz_LabView VI/AAA_UNIST/2. Tracking/V6_ParallelLoop" && MATERIAL=1 py tools/bgrun.py --max-min 10 --log tools/bench/selftest_logclass_base_stamp.log -- py -u tools/be
2026-09-25 03:30:08	MARKED	py tools/bgrun.py --material --max-min 10 --log tools/bench/selftest_logclass_base_c4c.log -- py -u tools/bench/selftest_audit_c4c_split.py
2026-09-25 03:30:08	MARKED	py tools/bgrun.py --material --max-min 10 --log tools/bench/selftest_logclass_base_failscan.log -- py -u tools/bench/selftest_bgrun_fail_scan.py
2026-09-25 03:30:09	MARKED	py tools/bgrun.py --material --max-min 10 --log tools/bench/selftest_logclass_base_stamp.log -- py -u tools/bench/selftest_stamp_window.py
2026-09-25 03:32:10	MARKED	py tools/bgrun.py --material --max-min 15 --log tools/bench/selftest_logclass_cmd.log -- py -u tools/bench/selftest_logclass_cmd.py
2026-09-25 03:32:45	MARKED	cd "G:/Codes/LabVIEW_Codes/MinLab/zz_LabView VI/AAA_UNIST/2. Tracking/V6_ParallelLoop" && MATERIAL=1 py tools/bgrun.py --max-min 15 --log tools/bench/replay_vis_76_measure.log -- py -u tools/bench/dia
2026-09-25 03:32:49	MARKED	MATERIAL=1 py tools/bgrun.py --max-min 15 --log tools/bench/replay_vis_76_measure.log -- py -u tools/bench/diag_replay_measure.py
2026-09-25 03:32:53	MARKED	$env:MATERIAL='1'; py tools\bgrun.py --max-min 15 --log tools\bench\replay_vis_76_measure.log -- py -u tools\bench\diag_replay_measure.py
2026-09-25 03:33:13	MARKED	py tools/bgrun.py --material --max-min 15 --log tools/bench/replay_vis_76_measure.log -- py -u tools/bench/diag_replay_measure.py
2026-09-25 03:33:44	MARKED	py tools/bgrun.py --material --max-min 15 --log tools/bench/selftest_logclass_cmd.log -- py -u tools/bench/selftest_logclass_cmd.py
2026-09-25 03:33:46	MARKED	py tools/bgrun.py --material --max-min 15 --log tools/bench/replay_vis_76_measure.log -- py -u tools/bench/diag_replay_measure.py
2026-09-25 03:35:00	REFUSED	md5sum tools/logclass.py tools/bench/selftest_logclass_cmd.py tools/bench/selftest_logclass_cmd.log archive/peer/2026-09-25-m8b-replay-prep-75-fact.md
2026-09-25 03:37:26	MARKED	py tools/bgrun.py --material --max-min 3 --log tools/bench/replay_vis_76_cleanup.log -- py -u tools/bench/diag_replay_cleanup.py
2026-09-25 03:54:15	MARKED	cd "G:/Codes/LabVIEW_Codes/MinLab/zz_LabView VI/AAA_UNIST/2. Tracking/V6_ParallelLoop"; MATERIAL=1 py tools/bgrun.py --max-min 30 --log tools/bench/replay_vis_76c_frames.log -- py -u tools/bench/diag_
2026-09-25 03:54:22	MARKED	MATERIAL=1 py tools/bgrun.py --max-min 30 --log tools/bench/replay_vis_76c_frames.log -- py -u tools/bench/diag_replay_frames.py
2026-09-25 03:54:26	MARKED	$env:MATERIAL='1'; py tools\bgrun.py --max-min 30 --log tools\bench\replay_vis_76c_frames.log -- py -u tools\bench\diag_replay_frames.py
2026-09-25 03:54:37	MARKED	py tools/bgrun.py --material --max-min 30 --log tools/bench/replay_vis_76c_frames.log -- py -u tools/bench/diag_replay_frames.py
2026-09-25 03:58:37	REFUSED	py -m py_compile tools/bench/diag_replay_skeleton.py
2026-09-25 03:58:44	MARKED	py tools/bgrun.py --material --max-min 45 --log tools/bench/replay_vis_76c_skeleton.log -- py -u tools/bench/diag_replay_skeleton.py
2026-09-25 04:02:34	MARKED	py tools/bgrun.py --material --max-min 45 --log tools/bench/replay_vis_76c_skeleton.log -- py -u tools/bench/diag_replay_skeleton.py
2026-09-25 04:14:04	REFUSED	md5sum tools/bench/replay_vis_76c_frames.log tools/bench/replay_vis_76c_skeleton.log tools/bench/diag_replay_frames.py tools/bench/diag_replay_skeleton.py "C:/Program Files/National Instruments/LabVIE
2026-09-25 04:29:50	MARKED	cd "G:/Codes/LabVIEW_Codes/MinLab/zz_LabView VI/AAA_UNIST/2. Tracking/V6_ParallelLoop" && MATERIAL=1 py tools/bgrun.py --max-min 50 --log tools/bench/replay_vis_76d.log -- py -u tools/bench/diag_repla
2026-09-25 04:29:57	MARKED	MATERIAL=1 py tools/bgrun.py --max-min 50 --log tools/bench/replay_vis_76d.log -- py -u tools/bench/diag_replay_standins.py
2026-09-25 04:30:01	MARKED	$env:MATERIAL='1'; py tools\bgrun.py --max-min 50 --log tools\bench\replay_vis_76d.log -- py -u tools\bench\diag_replay_standins.py
2026-09-25 04:30:11	MARKED	py tools/bgrun.py --material --max-min 50 --log tools/bench/replay_vis_76d.log -- py -u tools/bench/diag_replay_standins.py
2026-09-25 04:37:39	MARKED	py tools/bgrun.py --material --max-min 50 --log tools/bench/replay_vis_76d.log -- py -u tools/bench/diag_replay_standins.py
2026-09-25 04:40:00	MARKED	py tools/bgrun.py --material --max-min 50 --log tools/bench/replay_vis_76d.log -- py -u tools/bench/diag_replay_standins.py
2026-09-25 04:47:32	MARKED	py tools/bgrun.py --material --max-min 45 --log tools/bench/replay_vis_76d_test.log -- py -u tools/bench/diag_replay_gbtest.py
2026-09-25 04:52:10	MARKED	py tools/bgrun.py --material --max-min 45 --log tools/bench/replay_vis_76d_test.log -- py -u tools/bench/diag_replay_gbtest.py
2026-09-25 05:04:26	MARKED	py tools/bgrun.py --material --max-min 10 --log tools/bench/replay_vis_76d_defaults.log -- py -u tools/bench/diag_replay_defaults.py
2026-09-25 05:08:53	MARKED	py tools/bgrun.py --material --max-min 10 --log tools/bench/replay_vis_76d_defaults.log -- py -u tools/bench/diag_replay_defaults.py
2026-09-25 05:14:44	MARKED	cd "G:/Codes/LabVIEW_Codes/MinLab/zz_LabView VI/AAA_UNIST/2. Tracking/V6_ParallelLoop" && MATERIAL=1 py tools/bgrun.py --max-min 12 --log tools/bench/selftest_make_default.log -- py -u tools/bench/sel
2026-09-25 05:14:59	MARKED	$env:MATERIAL='1'; py tools\bgrun.py --max-min 12 --log tools\bench\selftest_make_default.log -- py -u tools\bench\selftest_make_default.py
2026-09-25 05:15:04	MARKED	cd "G:/Codes/LabVIEW_Codes/MinLab/zz_LabView VI/AAA_UNIST/2. Tracking/V6_ParallelLoop" && py tools/bgrun.py --material --max-min 12 --log tools/bench/selftest_make_default.log -- py -u tools/bench/sel
2026-09-25 05:17:46	MARKED	cd "G:/Codes/LabVIEW_Codes/MinLab/zz_LabView VI/AAA_UNIST/2. Tracking/V6_ParallelLoop" && py tools/bgrun.py --material --max-min 12 --log tools/bench/selftest_make_default.log -- py -u tools/bench/sel
2026-09-25 05:57:30	MARKED	MATERIAL=1 py tools/bgrun.py --max-min 25 --log tools/bench/const_loopterm_77.log -- py -u tools/bench/build_op_const_loopterm_77.py
2026-09-25 05:57:45	REFUSED	py -m py_compile tools/bench/build_op_const_loopterm_77.py tools/gscript.py && echo OK
2026-09-25 05:57:52	MARKED	py tools/bgrun.py --material --max-min 25 --log tools/bench/const_loopterm_77.log -- py -u tools/bench/build_op_const_loopterm_77.py
2026-09-25 05:58:48	MARKED	py tools/bgrun.py --material --max-min 25 --log tools/bench/const_loopterm_77.log -- py -u tools/bench/build_op_const_loopterm_77.py
2026-09-25 06:02:55	REFUSED	py -m py_compile tools\bench\build_op_const_loopterm_77.py; if ($?) { "COMPILED" }; tasklist | Select-String -Pattern labview
2026-09-25 06:03:09	MARKED	cd "G:/Codes/LabVIEW_Codes/MinLab/zz_LabView VI/AAA_UNIST/2. Tracking/V6_ParallelLoop" && py tools/bgrun.py --material --max-min 25 --log tools/bench/const_loopterm_77c.log -- py -u tools/bench/build_
2026-09-25 06:09:29	MARKED	py tools/bgrun.py --material --max-min 25 --log tools/bench/const_loopterm_77d.log -- py -u tools/bench/build_op_const_loopterm_77.py
2026-09-25 06:11:05	MARKED	py tools/bgrun.py --material --max-min 12 --log tools/bench/replay_graph77.log -- py -u tools/bench/diag_replay_graph77.py
2026-09-25 06:19:17	REFUSED	STOPPED-RECIPE cd "G:/Codes/LabVIEW_Codes/MinLab/zz_LabView VI/AAA_UNIST/2. Tracking/V6_ParallelLoop" && wc -l tools/recipes/stage_replay_standins.py; grep -n "MODE #\|NOT measured" tools/recipes/stag
2026-09-25 06:22:18	MARKED	py tools/bgrun.py --material --max-min 40 --log tools/bench/stage_replay_77.log -- py -u tools/recipes/stage_replay_standins.py
2026-09-25 06:25:59	REFUSED	md5sum tools/recipes/stage_replay_standins.py tools/bench/plans/plan_replay_77.json tools/bench/diag_replay_test77.py tools/bench/diag_replay_lib.py "C:/Program Files/National Instruments/LabVIEW 2026
2026-09-25 06:26:04	MARKED	py tools/bgrun.py --material --max-min 40 --log tools/bench/stage_replay_77.log -- py -u tools/recipes/stage_replay_standins.py
2026-09-25 06:33:30	MARKED	cd "G:/Codes/LabVIEW_Codes/MinLab/zz_LabView VI/AAA_UNIST/2. Tracking/V6_ParallelLoop" && MATERIAL=1 py tools/bgrun.py --max-min 5 --log tools/bench/m8_s1s3_77_dry.log -- py -u tools/bench/drive_m8.py
2026-09-25 06:33:36	MARKED	MATERIAL=1 py tools/bgrun.py --max-min 5 --log tools/bench/m8_s1s3_77_dry.log -- py -u tools/bench/drive_m8.py --dry --leg s1 --picks 6
2026-09-25 06:33:39	MARKED	$env:MATERIAL='1'; py tools\bgrun.py --max-min 5 --log tools/bench/m8_s1s3_77_dry.log -- py -u tools/bench/drive_m8.py --dry --leg s1 --picks 6
2026-09-25 06:33:50	REFUSED	py tools/bgrun.py --max-min 5 --log tools/bench/m8_s1s3_77_dry.log -- py -u tools/bench/drive_m8.py --dry --leg s1 --picks 6
2026-09-25 06:33:53	MARKED	py tools/bgrun.py --material --max-min 5 --log tools/bench/m8_s1s3_77_dry.log -- py -u tools/bench/drive_m8.py --dry --leg s1 --picks 6
2026-09-25 06:34:00	MARKED	py tools/bgrun.py --material --max-min 58 --log tools/bench/m8_s1s3_77.log -- py -u tools/bench/drive_m8_s1s3.py
2026-09-25 06:55:21	REFUSED	md5sum tools/recipes/stage_replay_standins.py tools/bench/plans/plan_replay_77.json tools/bench/diag_replay_test77.py tools/bench/diag_replay_lib.py "/c/Program Files/National Instruments/LabVIEW 2026
2026-09-25 06:55:36	REFUSED	PRERUN-GATE py tools/bgrun.py --material --max-min 40 --log tools/bench/stage_replay_77.log -- py -u tools/recipes/stage_replay_standins.py
2026-09-25 06:56:53	MARKED	cd "G:/Codes/LabVIEW_Codes/MinLab/zz_LabView VI/AAA_UNIST/2. Tracking/V6_ParallelLoop"; RETRY_CARD=tools/bench/cards/task_77-8.json MATERIAL=1 py tools/bgrun.py --material --max-min 40 --log tools/ben
2026-09-25 06:57:00	REFUSED	PRERUN-GATE $env:RETRY_CARD='tools/bench/cards/task_77-8.json'; $env:MATERIAL='1'; py tools\bgrun.py --material --max-min 40 --log tools\bench\stage_replay_77.log -- py -u tools\recipes\stage_replay_s
2026-09-25 07:07:43	MARKED	$env:MATERIAL='1'; py tools\bgrun.py --material --max-min 40 --log tools\bench\stage_replay_78.log -- py -u tools\recipes\stage_replay_standins.py
2026-09-25 07:07:51	MARKED	cd "G:/Codes/LabVIEW_Codes/MinLab/zz_LabView VI/AAA_UNIST/2. Tracking/V6_ParallelLoop" && MATERIAL=1 py tools/bgrun.py --material --max-min 40 --log tools/bench/stage_replay_78.log -- py -u tools/reci
2026-09-25 07:07:55	REFUSED	PRERUN-GATE MATERIAL=1 py tools/bgrun.py --material --max-min 40 --log tools/bench/stage_replay_78.log -- py -u tools/recipes/stage_replay_standins.py
2026-09-25 07:11:38	MARKED	py tools/bgrun.py --material --max-min 5 --log tools/bench/selftest_retry_cap.log -- py -u tools/bench/selftest_retry_cap.py
2026-09-25 07:11:45	MARKED	py tools/bgrun.py --material --max-min 5 --log tools/bench/selftest_retry_cap.log -- py -u tools/bench/selftest_retry_cap.py
2026-09-25 07:11:46	MARKED	py tools/bgrun.py --material --max-min 40 --log tools/bench/stage_replay_78.log -- py -u tools/recipes/stage_replay_standins.py
2026-09-25 07:12:05	MARKED	py tools/bgrun.py --material --max-min 5 --log tools/bench/selftest_retry_cap.log -- py -u tools/bench/selftest_retry_cap.py
2026-09-25 07:12:09	MARKED	py tools/bgrun.py --material --max-min 40 --log tools/bench/stage_replay_78.log -- py -u tools/recipes/stage_replay_standins.py
2026-09-25 07:12:32	MARKED	py tools/bgrun.py --material --max-min 40 --log tools/bench/stage_replay_78.log -- py -u tools/recipes/stage_replay_standins.py
2026-09-25 07:21:10	MARKED	py tools/bgrun.py --material --max-min 30 --log tools/bench/replay_test78.log -- py -u tools/bench/diag_replay_test77.py
2026-09-25 07:31:44	MARKED	py tools/bgrun.py --material --max-min 5 --log tools/bench/diag_replay_slice78.log -- py -u tools/bench/diag_replay_slice78.py
2026-09-25 07:32:07	MARKED	py tools/bgrun.py --material --max-min 30 --log tools/bench/replay_test78b.log -- py -u tools/bench/diag_replay_test77.py
2026-09-25 07:46:50	MARKED	cd "G:/Codes/LabVIEW_Codes/MinLab/zz_LabView VI/AAA_UNIST/2. Tracking/V6_ParallelLoop" && py tools/bgrun.py --material --max-min 5 --log tools/bench/stage_replay_swap_dry78.log -- py -u tools/stage_pr
2026-09-25 07:49:21	MARKED	cd "G:/Codes/LabVIEW_Codes/MinLab/zz_LabView VI/AAA_UNIST/2. Tracking/V6_ParallelLoop" && MATERIAL=1 py tools/bench/m8b_replay_compare.py tools/bench/m8_out/s1_20260925_063401 tools/bench/m8_out/s1_20
2026-09-25 07:49:29	MARKED	$env:MATERIAL='1'; py tools\bench\m8b_replay_compare.py tools\bench\m8_out\s1_20260925_063401 tools\bench\m8_out\s1_20260925_063401 --out "$env:TEMP\cmp_selftest.json"
2026-09-25 07:49:32	MARKED	$env:MATERIAL='1'; py tools\bench\m8b_replay_compare.py tools\bench\m8_out\s1_20260925_063401 tools\bench\m8_out\s1_20260925_063401 --out C:\Users\KimLab\AppData\Local\Temp\cmp_selftest.json
2026-09-25 07:49:42	REFUSED	cd "G:/Codes/LabVIEW_Codes/MinLab/zz_LabView VI/AAA_UNIST/2. Tracking/V6_ParallelLoop" && py tools/bench/m8b_replay_compare.py tools/bench/m8_out/s1_20260925_063401 tools/bench/m8_out/s1_20260925_0634
2026-09-25 07:49:46	MARKED	cd "G:/Codes/LabVIEW_Codes/MinLab/zz_LabView VI/AAA_UNIST/2. Tracking/V6_ParallelLoop" && py tools/bgrun.py --material --max-min 3 --log tools/bench/m8b_replay_selftest78.log -- py -u tools/bench/m8b_
2026-09-25 07:50:04	MARKED	cd "G:/Codes/LabVIEW_Codes/MinLab/zz_LabView VI/AAA_UNIST/2. Tracking/V6_ParallelLoop" && py tools/bgrun.py --material --max-min 3 --log tools/bench/m8b_replay_selftest78.log -- py -u tools/bench/m8b_
2026-09-25 07:53:48	MARKED	cd "G:/Codes/LabVIEW_Codes/MinLab/zz_LabView VI/AAA_UNIST/2. Tracking/V6_ParallelLoop" && py tools/bgrun.py --material --max-min 3 --log tools/bench/m8b_replay_selftest78b.log -- py -u tools/bench/m8b
2026-09-25 07:54:05	MARKED	cd "G:/Codes/LabVIEW_Codes/MinLab/zz_LabView VI/AAA_UNIST/2. Tracking/V6_ParallelLoop" && py tools/bgrun.py --material --max-min 3 --log tools/bench/m8b_replay_selftest78c.log -- py -u tools/bench/m8b
2026-09-25 07:54:21	MARKED	cd "G:/Codes/LabVIEW_Codes/MinLab/zz_LabView VI/AAA_UNIST/2. Tracking/V6_ParallelLoop" && py tools/bgrun.py --material --max-min 45 --log tools/bench/stage_replay_swap_78.log -- py -u tools/recipes/st
2026-09-25 08:05:20	MARKED	cd "G:/Codes/LabVIEW_Codes/MinLab/zz_LabView VI/AAA_UNIST/2. Tracking/V6_ParallelLoop" && py tools/bgrun.py --material --max-min 5 --log tools/bench/drive_m8_replay_dry78.log -- py -u tools/bench/driv
2026-09-25 08:05:33	MARKED	cd "G:/Codes/LabVIEW_Codes/MinLab/zz_LabView VI/AAA_UNIST/2. Tracking/V6_ParallelLoop" && py tools/bgrun.py --material --max-min 30 --log tools/bench/drive_m8_replay_s1_78.log -- py -u tools/bench/dri
2026-09-25 08:10:42	MARKED	cd "G:/Codes/LabVIEW_Codes/MinLab/zz_LabView VI/AAA_UNIST/2. Tracking/V6_ParallelLoop" && py tools/bgrun.py --material --max-min 30 --log tools/bench/drive_m8_replay_s1_78b.log -- py -u tools/bench/dr
2026-09-25 08:13:47	MARKED	cd "G:/Codes/LabVIEW_Codes/MinLab/zz_LabView VI/AAA_UNIST/2. Tracking/V6_ParallelLoop" && py tools/bgrun.py --material --max-min 30 --log tools/bench/drive_m8_replay_s3_78.log -- py -u tools/bench/dri
2026-09-25 08:17:01	MARKED	cd "G:/Codes/LabVIEW_Codes/MinLab/zz_LabView VI/AAA_UNIST/2. Tracking/V6_ParallelLoop" && py tools/bgrun.py --material --max-min 3 --log tools/bench/m8b_replay_78.log -- py -u tools/bench/m8b_replay_c
2026-09-25 08:18:43	MARKED	cd "G:/Codes/LabVIEW_Codes/MinLab/zz_LabView VI/AAA_UNIST/2. Tracking/V6_ParallelLoop" && py tools/bgrun.py --material --max-min 2 --log tools/bench/m8b_replay_md5_78.log -- py -u tools/bench/m8b_repl
2026-09-25 08:36:32	MARKED	MATERIAL=1 py tools/bgrun.py --max-min 3 --log tools/bench/k_facts_79_probe.log -- py -u tools/bench/k_facts_79_probe.py
2026-09-25 08:36:37	MARKED	cd "G:/Codes/LabVIEW_Codes/MinLab/zz_LabView VI/AAA_UNIST/2. Tracking/V6_ParallelLoop" && MATERIAL=1 py tools/bgrun.py --max-min 3 --log tools/bench/k_facts_79_probe.log -- py -u tools/bench/k_facts_7
2026-09-25 08:36:40	MARKED	$env:MATERIAL='1'; py tools\bgrun.py --max-min 3 --log tools\bench\k_facts_79_probe.log -- py -u tools\bench\k_facts_79_probe.py
2026-09-25 08:36:43	MARKED	MATERIAL=1 py tools/bgrun.py --max-min 3 --log tools/bench/k_facts_79_probe.log -- py -u tools/bench/k_facts_79_probe.py
2026-09-25 08:36:56	MARKED	py tools/bgrun.py --material --max-min 3 --log tools/bench/k_facts_79_probe.log -- py -u tools/bench/k_facts_79_probe.py
2026-09-25 08:37:30	MARKED	py tools/bgrun.py --material --max-min 3 --log tools/bench/k_facts_79_probe.log -- py -u tools/bench/k_facts_79_probe.py
2026-09-25 08:38:35	MARKED	py tools/bgrun.py --material --max-min 3 --log tools/bench/k_facts_79.log -- py -u tools/bench/k_facts_79.py
2026-09-25 08:38:51	MARKED	py tools/bgrun.py --material --max-min 3 --log tools/bench/k_facts_79.log -- py -u tools/bench/k_facts_79.py
2026-09-25 08:39:14	MARKED	py tools/bgrun.py --material --max-min 3 --log tools/bench/k_facts_79.log -- py -u tools/bench/k_facts_79.py
2026-09-25 08:48:57	MARKED	py tools/bgrun.py --material --max-min 30 --log tools/bench/k_contract_79.log -- py -u tools/bench/k_contract_79.py
2026-09-25 08:53:21	MARKED	py tools/bgrun.py --material --max-min 10 --log tools/bench/sim_k_split.log -- py -u tools/bench/sim_k_split.py
2026-09-25 08:53:28	MARKED	py tools/bgrun.py --material --max-min 10 --log tools/bench/sim_k_split.log -- py -u tools/bench/sim_k_split.py
2026-09-25 08:53:49	MARKED	py tools/bgrun.py --material --max-min 30 --log tools/bench/k_contract_79.log -- py -u tools/bench/k_contract_79.py
2026-09-25 08:56:18	MARKED	py tools/bgrun.py --material --max-min 10 --log tools/bench/sim_k_split.log -- py -u tools/bench/sim_k_split.py
2026-09-25 08:57:55	MARKED	py tools/bgrun.py --material --max-min 10 --log tools/bench/sim_k_split.log -- py -u tools/bench/sim_k_split.py
2026-09-25 09:02:19	REFUSED	py tools/bench/../protocol.py md5 2>$null; Get-FileHash -Algorithm MD5 "C:\Program Files\National Instruments\LabVIEW 2026\user.lib\claudeDev\D1_s4_loop17.vi", tools\bench\plan_k_split.json, tools\ben
2026-09-25 09:02:27	REFUSED	md5sum "C:/Program Files/National Instruments/LabVIEW 2026/user.lib/claudeDev/D1_s4_loop17.vi" tools/bench/plan_k_split.json tools/bench/plan_k_rows.json tools/bench/graph_k_s4_20260925.json tools/ben
2026-09-25 09:06:06	MARKED	cd "G:/Codes/LabVIEW_Codes/MinLab/zz_LabView VI/AAA_UNIST/2. Tracking/V6_ParallelLoop" && MATERIAL=1 py tools/bgrun.py --material --max-min 5 --log tools/bench/sim_k_probe_79.log -- py -u tools/bench/
2026-09-25 09:06:13	MARKED	cd "G:/Codes/LabVIEW_Codes/MinLab/zz_LabView VI/AAA_UNIST/2. Tracking/V6_ParallelLoop" && MATERIAL=1 py tools/bgrun.py --material --max-min 5 --log tools/bench/sim_k_probe_79.log -- py -u tools/bench/
2026-09-25 09:06:18	MARKED	MATERIAL=1 py tools/bgrun.py --material --max-min 5 --log tools/bench/sim_k_probe_79.log -- py -u tools/bench/sim_k_probe_79.py
2026-09-25 09:06:22	MARKED	py tools/bgrun.py --material --max-min 5 --log tools/bench/sim_k_probe_79.log -- py -u tools/bench/sim_k_probe_79.py
2026-09-25 09:07:11	MARKED	py tools/bgrun.py --material --max-min 5 --log tools/bench/sim_k_probe_79.log -- py -u tools/bench/sim_k_probe_79.py
2026-09-25 09:08:53	REFUSED	py -m py_compile tools/bench/sim_k_split.py
2026-09-25 09:08:57	MARKED	py tools/bgrun.py --material --max-min 10 --log tools/bench/sim_k_split.log -- py -u tools/bench/sim_k_split.py
2026-09-25 09:09:34	MARKED	py tools/bgrun.py --material --max-min 5 --log tools/bench/sim_k_probe_79.log -- py -u tools/bench/sim_k_probe_79.py
2026-09-25 09:10:11	MARKED	py tools/bgrun.py --material --max-min 5 --log tools/bench/sim_k_probe_79.log -- py -u tools/bench/sim_k_probe_79.py
2026-09-25 09:10:35	MARKED	py tools/bgrun.py --material --max-min 5 --log tools/bench/sim_k_probe_79.log -- py -u tools/bench/sim_k_probe_79.py
2026-09-25 09:10:43	MARKED	py tools/bgrun.py --material --max-min 10 --log tools/bench/sim_k_split.log -- py -u tools/bench/sim_k_split.py
2026-09-25 09:11:47	REFUSED	py tools/stage_prerun.py --dry tools/recipes/stage_d1_k.py
2026-09-25 09:14:33	REFUSED	STOPPED-RECIPE py tools/bgrun.py --material --max-min 10 --log tools/bench/stage_d1_k_dry.log -- py -u tools/stage_prerun.py --dry tools/recipes/stage_d1_k.py
2026-09-25 09:14:44	MARKED	py tools/bgrun.py --material --max-min 10 --log tools/bench/stage_d1_k_dry.log -- py -u tools/stage_prerun.py --dry tools/recipes/stage_d1_k.py
2026-09-25 09:14:59	MARKED	py tools/bgrun.py --material --max-min 10 --log tools/bench/stage_d1_k_dry.log -- py -u tools/stage_prerun.py --dry tools/recipes/stage_d1_k.py --graph tools/bench/graph_k_s4_20260925.json
2026-09-25 09:15:24	MARKED	py tools/bgrun.py --material --max-min 10 --log tools/bench/stage_d1_k_prerun.log -- py -u tools/stage_prerun.py --prerun tools/recipes/stage_d1_k.py --graph tools/bench/graph_k_s4_20260925.json
2026-09-25 09:16:30	MARKED	py tools/bgrun.py --material --max-min 5 --log tools/bench/sim_k_x4probe_79.log -- py -u tools/bench/sim_k_x4probe_79.py
2026-09-25 09:16:59	MARKED	py tools/bgrun.py --material --max-min 5 --log tools/bench/sim_k_x4probe_79.log -- py -u tools/bench/sim_k_x4probe_79.py
2026-09-25 09:21:28	MARKED	py tools/stage_prerun.py --check-launch "py tools/bgrun.py --material --max-min 55 --log tools/bench/stage_d1_k.log -- py -u tools/recipes/stage_d1_k.py"
2026-09-25 09:21:44	REFUSED	md5sum tools/bench/plan_k_split.json tools/bench/plan_k_rows.json tools/bench/sim_k_split.py tools/recipes/stage_d1_k.py tools/bench/sim_k_split.log "C:/Program Files/National Instruments/LabVIEW 2026
2026-09-25 09:25:55	REFUSED	STOPPED-RECIPE cd "G:/Codes/LabVIEW_Codes/MinLab/zz_LabView VI/AAA_UNIST/2. Tracking/V6_ParallelLoop" && py tools/stage_prerun.py --dry tools/recipes/stage_d1_k.py --graph tools/bench/graph_k_s4_20260
2026-09-25 09:27:00	MARKED	py tools/bgrun.py --material --max-min 3 --log tools/bench/k_selfwire_79.log -- py -u tools/bench/k_selfwire_79.py
2026-09-25 09:28:14	REFUSED	py tools/stage_prerun.py --dry tools/recipes/stage_d1_k.py --graph tools/bench/graph_k_s4_20260925.json
2026-09-25 09:28:17	MARKED	py tools/bgrun.py --material --max-min 5 --log tools/bench/stage_d1_k_dry_79-5.log -- py -u tools/stage_prerun.py --dry tools/recipes/stage_d1_k.py --graph tools/bench/graph_k_s4_20260925.json
2026-09-25 09:28:57	MARKED	py tools/bgrun.py --material --max-min 5 --log tools/bench/stage_d1_k_prerun_79-5.log -- py -u tools/stage_prerun.py --prerun tools/recipes/stage_d1_k.py --graph tools/bench/graph_k_s4_20260925.json
2026-09-25 09:29:53	REFUSED	STOPPED-RECIPE py tools/bgrun.py --material --max-min 5 --log tools/bench/stage_d1_k_dry_79-5b.log -- py -u tools/stage_prerun.py --dry tools/recipes/stage_d1_k.py --graph tools/bench/graph_k_s4_20260
2026-09-25 09:30:55	MARKED	py tools/bgrun.py --material --max-min 5 --log tools/bench/stage_d1_k_dry_79-5b.log -- py -u tools/stage_prerun.py --dry tools/recipes/stage_d1_k.py --graph tools/bench/graph_k_s4_20260925.json
2026-09-25 09:33:03	REFUSED	cd "G:/Codes/LabVIEW_Codes/MinLab/zz_LabView VI/AAA_UNIST/2. Tracking/V6_ParallelLoop" && py tools/bench/sim/peek_k_79_6.py tools/bench/plan_k_split.json
2026-09-25 09:35:35	MARKED	cd "G:/Codes/LabVIEW_Codes/MinLab/zz_LabView VI/AAA_UNIST/2. Tracking/V6_ParallelLoop" && py tools/bgrun.py --material --max-min 6 --log tools/bench/selftest_stage_prerun_stageplan.log -- py -u tools/
2026-09-25 09:35:43	MARKED	cd "G:/Codes/LabVIEW_Codes/MinLab/zz_LabView VI/AAA_UNIST/2. Tracking/V6_ParallelLoop" && py tools/bgrun.py --material --max-min 6 --log tools/bench/selftest_stage_prerun_stageplan.log -- py -u tools/
2026-09-25 09:35:50	REFUSED	PRERUN-GATE py tools/bgrun.py --material --max-min 40 --log tools/bench/stage_replay_78.log -- py -u tools/recipes/stage_replay_standins.py
2026-09-25 09:36:09	MARKED	cd "G:/Codes/LabVIEW_Codes/MinLab/zz_LabView VI/AAA_UNIST/2. Tracking/V6_ParallelLoop" && py tools/bgrun.py --material --max-min 4 --log tools/bench/selftest_stage_prerun_launchgate_79-6.log -- py -u 
2026-09-25 09:39:29	MARKED	cd "G:/Codes/LabVIEW_Codes/MinLab/zz_LabView VI/AAA_UNIST/2. Tracking/V6_ParallelLoop" && py tools/bgrun.py --material --max-min 5 --log tools/bench/selftest_stage_prerun_headcmp_79-6.log -- py -u too
2026-09-25 09:40:00	MARKED	cd "G:/Codes/LabVIEW_Codes/MinLab/zz_LabView VI/AAA_UNIST/2. Tracking/V6_ParallelLoop" && py tools/bgrun.py --material --max-min 8 --log tools/bench/stage_d1_k_dry_79-6.log -- py -u tools/stage_prerun
2026-09-25 09:40:15	MARKED	cd "G:/Codes/LabVIEW_Codes/MinLab/zz_LabView VI/AAA_UNIST/2. Tracking/V6_ParallelLoop" && py tools/bgrun.py --material --max-min 8 --log tools/bench/stage_d1_k_dry_79-6b.log -- py -u tools/stage_preru
2026-09-25 09:40:34	MARKED	cd "G:/Codes/LabVIEW_Codes/MinLab/zz_LabView VI/AAA_UNIST/2. Tracking/V6_ParallelLoop" && py tools/bgrun.py --material --max-min 8 --log tools/bench/stage_d1_k_prerun_79-6.log -- py -u tools/stage_pre
2026-09-25 09:41:06	MARKED	py tools/bgrun.py --material --max-min 55 --log tools/bench/stage_d1_k.log -- py -u tools/recipes/stage_d1_k.py
2026-09-25 09:52:38	REFUSED	cd "G:/Codes/LabVIEW_Codes/MinLab/zz_LabView VI/AAA_UNIST/2. Tracking/V6_ParallelLoop" && py -m py_compile tools/bench/k_op3_read_79.py && echo OK
2026-09-25 09:52:42	MARKED	py tools/bgrun.py --material --max-min 25 --log tools/bench/k_op3_read_79.log -- py -u tools/bench/k_op3_read_79.py
2026-09-25 09:59:30	MARKED	py tools/bgrun.py --material --max-min 10 --log tools/bench/sim_k_split_79-7.log -- py -u tools/bench/sim_k_split.py
2026-09-25 09:59:52	MARKED	py tools/bgrun.py --material --max-min 10 --log tools/bench/sim_k_split_79-7.log -- py -u tools/bench/sim_k_split.py
2026-09-25 10:01:01	MARKED	py tools/bgrun.py --material --max-min 5 --log tools/bench/selftest_stagesim_k79.log -- py -u tools/bench/selftest_stagesim_k79.py
2026-09-25 10:01:17	MARKED	py tools/bgrun.py --material --max-min 8 --log tools/bench/stage_d1_k_dry_79-7.log -- py -u tools/stage_prerun.py --dry tools/recipes/stage_d1_k.py --graph tools/bench/graph_k_s4_20260925.json
2026-09-25 10:01:35	MARKED	py tools/bgrun.py --material --max-min 8 --log tools/bench/stage_d1_k_prerun_79-7.log -- py -u tools/stage_prerun.py --prerun tools/recipes/stage_d1_k.py --graph tools/bench/graph_k_s4_20260925.json
2026-09-25 10:01:54	MARKED	py tools/bgrun.py --material --max-min 55 --log tools/bench/stage_d1_k_r2.log -- py -u tools/recipes/stage_d1_k.py
2026-09-25 10:12:19	REFUSED	md5sum "C:/Program Files/National Instruments/LabVIEW 2026/user.lib/claudeDev/D1_k_20260925_100155.vi" "C:/Program Files/National Instruments/LabVIEW 2026/user.lib/claudeDev/D1_s4_loop17.vi" tools/sta
2026-09-25 10:34:15	MARKED	MATERIAL=1 py tools/bgrun.py --max-min 6 --log tools/bench/com_pointer_ab_20260925.log -- py -u tools/bench/com_pointer_ab.py
2026-09-25 10:41:45	REFUSED	git add tools/errorlist_check.py tools/bench/com_pointer_ab.py tools/bench/com_pointer_ab_20260925.log tools/bench/com_pointer_ab_20260925.json tools/bench/errorlist_check_k_20260925.log tools/bench/e
2026-09-25 10:53:03	MARKED	cd "G:/Codes/LabVIEW_Codes/MinLab/zz_LabView VI/AAA_UNIST/2. Tracking/V6_ParallelLoop" && MATERIAL=1 py tools/bgrun.py --max-min 3 --log tools/bench/selftest_stagexec_gate.log -- py -u tools/bench/sel
2026-09-25 10:53:09	MARKED	py tools/bgrun.py --material --max-min 3 --log tools/bench/selftest_stagexec_gate.log -- py -u tools/bench/selftest_stagexec_gate.py
2026-09-25 10:53:26	MARKED	py tools/bgrun.py --material --max-min 3 --log tools/bench/selftest_stagexec_gate.log -- py -u tools/bench/selftest_stagexec_gate.py
2026-09-25 10:53:31	MARKED	cd "G:/Codes/LabVIEW_Codes/MinLab/zz_LabView VI/AAA_UNIST/2. Tracking/V6_ParallelLoop" && MATERIAL=1 py tools/bgrun.py --max-min 45 --log tools/bench/k_ind_read_80.log -- py -u tools/bench/diag_ctlter
2026-09-25 10:53:34	MARKED	MATERIAL=1 py tools/bgrun.py --max-min 45 --log tools/bench/k_ind_read_80.log -- py -u tools/bench/diag_ctlterm_read_80.py
2026-09-25 10:53:37	MARKED	$env:MATERIAL='1'; py tools\bgrun.py --material --max-min 45 --log tools\bench\k_ind_read_80.log -- py -u tools\bench\diag_ctlterm_read_80.py
2026-09-25 10:53:41	MARKED	py tools/bgrun.py --material --max-min 45 --log tools/bench/k_ind_read_80.log -- py -u tools/bench/diag_ctlterm_read_80.py
2026-09-25 10:59:30	REFUSED	py tools/bench/errorlist_recheck_80_peek.py
2026-09-25 11:05:55	MARKED	MATERIAL=1 py tools/bgrun.py --material --max-min 45 --log tools/bench/l2a1_facts_80.log -- py -u tools/bench/l2a1_facts_80.py facts
2026-09-25 11:06:02	MARKED	py tools/bgrun.py --material --max-min 45 --log tools/bench/l2a1_facts_80.log -- py -u tools/bench/l2a1_facts_80.py facts
2026-09-25 11:09:08	MARKED	py tools/bgrun.py --material --max-min 55 --log tools/bench/l2a1_tunflip_80.log -- py -u tools/bench/l2a1_facts_80.py tunflip
2026-09-25 11:17:57	REFUSED	cd "G:/Codes/LabVIEW_Codes/MinLab/zz_LabView VI/AAA_UNIST/2. Tracking/V6_ParallelLoop" && py tools/bench/sim/x80_6_shape.py tools/bench/l2a1_tunflip_80.json 4
2026-09-25 11:18:01	MARKED	cd "G:/Codes/LabVIEW_Codes/MinLab/zz_LabView VI/AAA_UNIST/2. Tracking/V6_ParallelLoop" && py tools/bgrun.py --material --max-min 2 --log tools/bench/sim/x80_6_shape.log -- py -u tools/bench/sim/x80_6_
2026-09-25 11:18:14	REFUSED	py tools/bench/cdiff_frame_80_probe.py
2026-09-25 11:18:21	MARKED	py tools/bgrun.py --material --max-min 3 --log tools/bench/cdiff_frame_80_probe.log -- py -u tools/bench/cdiff_frame_80_probe.py
2026-09-25 11:18:43	MARKED	cd "G:/Codes/LabVIEW_Codes/MinLab/zz_LabView VI/AAA_UNIST/2. Tracking/V6_ParallelLoop" && py tools/bgrun.py --material --max-min 2 --log tools/bench/sim/x80_6_dump.log -- py -u tools/bench/sim/x80_6_d
2026-09-25 11:18:47	MARKED	py tools/bgrun.py --material --max-min 3 --log tools/bench/cdiff_frame_80_probe.log -- py -u tools/bench/cdiff_frame_80_probe.py
2026-09-25 11:20:56	MARKED	cd "G:/Codes/LabVIEW_Codes/MinLab/zz_LabView VI/AAA_UNIST/2. Tracking/V6_ParallelLoop" && py tools/bgrun.py --material --max-min 3 --log tools/bench/sim/l2a1_real_80_derive.log -- py -u tools/bench/si
2026-09-25 11:21:49	MARKED	py tools/bgrun.py --material --max-min 10 --log tools/bench/selftest_vigraph_frame_80.log -- py -u tools/bench/selftest_vigraph_frame_80.py
2026-09-25 11:22:17	MARKED	py tools/bgrun.py --material --max-min 10 --log tools/bench/selftest_vigraph_frame_80.log -- py -u tools/bench/selftest_vigraph_frame_80.py
2026-09-25 11:22:26	MARKED	cd "G:/Codes/LabVIEW_Codes/MinLab/zz_LabView VI/AAA_UNIST/2. Tracking/V6_ParallelLoop" && py tools/bgrun.py --material --max-min 2 --log tools/bench/sim/x80_6_tunnels.log -- py -u tools/bench/sim/x80_
2026-09-25 11:22:57	MARKED	py tools/bgrun.py --material --max-min 5 --log tools/bench/ct23541_facts_80.log -- py -u tools/bench/ct23541_facts_80.py
2026-09-25 11:23:04	MARKED	py tools/bgrun.py --material --max-min 5 --log tools/bench/vigraph_check_80.log -- py -u tools/bench/diag_vigraph_check.py --no-dump
2026-09-25 11:26:20	MARKED	cd "G:/Codes/LabVIEW_Codes/MinLab/zz_LabView VI/AAA_UNIST/2. Tracking/V6_ParallelLoop" && py tools/bgrun.py --material --max-min 5 --log tools/bench/selftest_stagesim_l2a1_80.log -- py -u tools/bench/
2026-09-25 11:47:50	MARKED	cd "G:/Codes/LabVIEW_Codes/MinLab/zz_LabView VI/AAA_UNIST/2. Tracking/V6_ParallelLoop" && MATERIAL=1 py tools/bgrun.py --max-min 5 --log tools/bench/selftest_errorlist_reuse_81.log -- py -u tools/benc
2026-09-25 11:47:56	MARKED	$env:MATERIAL='1'; py tools\bgrun.py --max-min 5 --log tools\bench\selftest_errorlist_reuse_81.log -- py -u tools\bench\selftest_errorlist_reuse_81.py
2026-09-25 11:48:00	MARKED	MATERIAL=1 py tools/bgrun.py --max-min 5 --log tools/bench/selftest_errorlist_reuse_81.log -- py -u tools/bench/selftest_errorlist_reuse_81.py
2026-09-25 11:48:04	MARKED	py tools/bgrun.py --material --max-min 5 --log tools/bench/selftest_errorlist_reuse_81.log -- py -u tools/bench/selftest_errorlist_reuse_81.py
2026-09-25 11:48:21	MARKED	py tools/bgrun.py --material --max-min 5 --log tools/bench/selftest_errorlist_reuse_81.log -- py -u tools/bench/selftest_errorlist_reuse_81.py
2026-09-25 11:49:17	MARKED	cd "G:/Codes/LabVIEW_Codes/MinLab/zz_LabView VI/AAA_UNIST/2. Tracking/V6_ParallelLoop" && MATERIAL=1 py tools/bgrun.py --material --max-min 20 --log tools/bench/sim_l2a1_81.log -- py -u tools/bench/si
2026-09-25 11:49:48	MARKED	cd "G:/Codes/LabVIEW_Codes/MinLab/zz_LabView VI/AAA_UNIST/2. Tracking/V6_ParallelLoop" && MATERIAL=1 py tools/bgrun.py --material --max-min 20 --log tools/bench/sim_l2a1_81.log -- py -u tools/bench/si
2026-09-25 11:50:09	MARKED	py tools/bgrun.py --material --max-min 5 --log tools/bench/selftest_errorlist_reuse_81.log -- py -u tools/bench/selftest_errorlist_reuse_81.py
2026-09-25 11:55:31	MARKED	py tools/bgrun.py --material --max-min 5 --log tools/bench/selftest_errorlist_reuse_81_r2.log -- py -u tools/bench/selftest_errorlist_reuse_81.py
2026-09-25 11:56:14	MARKED	py tools/bgrun.py --material --max-min 20 --log tools/bench/sim_l2a1_81.log -- py -u tools/bench/sim_l2a1_81.py
2026-09-25 11:56:15	MARKED	py tools/bgrun.py --material --max-min 5 --log tools/bench/l2a1_partners_81.log -- py -u tools/bench/l2a1_partners_81.py
2026-09-25 11:56:16	MARKED	py tools/bgrun.py --material --max-min 5 --log tools/bench/selftest_errorlist_retry_81.log -- py -u tools/bench/selftest_errorlist_retry.py
2026-09-25 11:56:21	MARKED	py tools/bgrun.py --material --max-min 5 --log tools/bench/selftest_cycle_runner_ff_81.log -- py -u tools/bench/selftest_cycle_runner_ff.py
2026-09-25 11:56:22	MARKED	py tools/bgrun.py --material --max-min 3 --log tools/bench/selftest_launch_gate_81.log -- py -u tools/bench/selftest_launch_gate.py
2026-09-25 11:57:28	REFUSED	cd "G:/Codes/LabVIEW_Codes/MinLab/zz_LabView VI/AAA_UNIST/2. Tracking/V6_ParallelLoop"; md5sum tools/bench/sim_l2a1_81.log tools/bench/l2a1_partners_81.log tools/bench/l2a1_partners_81.py tools/bench/
2026-09-25 12:00:35	REFUSED	md5sum tools/bench/sim_l2a1_81.log tools/bench/l2a1_partners_81.log tools/bench/l2a1_partners_81.py tools/bench/selftest_errorlist_reuse_81.py tools/bench/selftest_errorlist_reuse_81_r2.log tools/benc
2026-09-25 12:04:08	MARKED	cp "C:/Users/KimLab/AppData/Local/Temp/claude/G--Codes-LabVIEW-Codes-MinLab-zz-LabView-VI-AAA-UNIST-2--Tracking-V6-ParallelLoop/d0f239f0-09a3-44e9-8639-cf1f2b30f27e/scratchpad/q1.py" "G:/Codes/LabVIEW
2026-09-25 12:04:26	MARKED	cd "G:/Codes/LabVIEW_Codes/MinLab/zz_LabView VI/AAA_UNIST/2. Tracking/V6_ParallelLoop" && MATERIAL=1 py tools/bgrun.py --material --max-min 1 --log tools/bench/l2a1_q81.log -- py -u tools/bench/l2a1_q
2026-09-25 12:04:31	MARKED	MATERIAL=1 py tools/bgrun.py --material --max-min 1 --log tools/bench/l2a1_q81.log -- py -u tools/bench/l2a1_q81.py
2026-09-25 12:04:34	MARKED	$env:MATERIAL='1'; py tools\bgrun.py --material --max-min 1 --log tools\bench\l2a1_q81.log -- py -u tools\bench\l2a1_q81.py
2026-09-25 12:04:47	MARKED	py tools/bgrun.py --material --max-min 1 --log tools/bench/l2a1_q81.log -- py -u tools/bench/l2a1_q81.py
2026-09-25 12:07:35	MARKED	MATERIAL=1 py tools/bgrun.py --material --max-min 30 --log tools/bench/l2a1_unflip_81.log -- py -u tools/bench/l2a1_unflip_81.py
2026-09-25 12:07:42	MARKED	py tools/bgrun.py --material --max-min 30 --log tools/bench/l2a1_unflip_81.log -- py -u tools/bench/l2a1_unflip_81.py
2026-09-25 12:12:34	MARKED	py tools/bgrun.py --material --max-min 30 --log tools/bench/l2a1_unflip_81_run2.log -- py -u tools/bench/l2a1_unflip_81.py
2026-09-25 12:17:56	MARKED	py tools/bgrun.py --material --max-min 10 --log tools/bench/selftest_stagesim_unflip_81.log -- py -u tools/bench/selftest_stagesim_unflip_81.py
2026-09-25 12:18:17	MARKED	py tools/bgrun.py --material --max-min 20 --log tools/bench/sim_l2a1_81b.log -- py -u tools/bench/sim_l2a1_81b.py sim
2026-09-25 12:26:16	MARKED	(Get-Content tools/recipes/stage_d1_l2a1.py | Measure-Object -Line).Lines; $env:MATERIAL='1'; py tools/stage_prerun.py --dry tools/recipes/stage_d1_l2a1.py --no-record 2>&1 | Select-Object -Last 25
2026-09-25 12:27:12	MARKED	MATERIAL=1 py tools/stage_prerun.py --dry tools/recipes/stage_d1_l2a1.py --no-record --json-out tools/bench/dryrun_l2a1_81.json
2026-09-25 12:29:21	MARKED	MATERIAL=1 py tools/bgrun.py --material --max-min 20 --log tools/bench/sim_l2a1_81c.log -- py -u tools/bench/sim_l2a1_81b.py sim
2026-09-25 12:29:29	MARKED	$env:MATERIAL='1'; py tools\bgrun.py --material --max-min 20 --log tools\bench\sim_l2a1_81c.log -- py -u tools\bench\sim_l2a1_81b.py sim
2026-09-25 12:29:32	MARKED	$env:MATERIAL='1'; py tools\bgrun.py --material --max-min 20 --log tools\bench\sim_l2a1_81c.log -- py -u tools\bench\sim_l2a1_81b.py sim
2026-09-25 12:29:38	MARKED	py tools/bgrun.py --material --max-min 20 --log tools/bench/sim_l2a1_81c.log -- py -u tools/bench/sim_l2a1_81b.py sim
2026-09-25 12:31:54	MARKED	py tools/bgrun.py --material --max-min 10 --log tools/bench/dryrun_l2a1_81.log -- py -u tools/stage_prerun.py --dry tools/recipes/stage_d1_l2a1.py
2026-09-25 12:32:56	MARKED	py tools/bgrun.py --material --max-min 10 --log tools/bench/dryrun_l2a1_81.log -- py -u tools/stage_prerun.py --dry tools/recipes/stage_d1_l2a1.py
2026-09-25 12:33:08	MARKED	py tools/bgrun.py --material --max-min 10 --log tools/bench/dryrun_l2a1_81b.log -- py -u tools/stage_prerun.py --dry tools/recipes/stage_d1_l2a1.py --graph tools/bench/sim/l2a1/graph_k_80_owners.json
2026-09-25 12:34:10	REFUSED	STOPPED-RECIPE py tools/bgrun.py --material --max-min 10 --log tools/bench/dryrun_l2a1_81c.log -- py -u tools/stage_prerun.py --dry tools/recipes/stage_d1_l2a1.py --graph tools/bench/sim/l2a1/graph_k_
2026-09-25 12:34:25	REFUSED	STOPPED-RECIPE py tools/bgrun.py --material --max-min 10 --log tools/bench/dryrun_l2a1_81c.log -- py -u tools/stage_prerun.py --dry tools/recipes/stage_d1_l2a1.py --graph tools/bench/sim/l2a1/graph_k_
2026-09-25 12:35:47	MARKED	py tools/bgrun.py --material --max-min 10 --log tools/bench/dryrun_l2a1_81c.log -- py -u tools/stage_prerun.py --dry tools/recipes/stage_d1_l2a1.py --graph tools/bench/sim/l2a1/graph_k_80_owners.json
2026-09-25 12:36:29	MARKED	py tools/bgrun.py --material --max-min 10 --log tools/bench/prerun_l2a1_81.log -- py -u tools/stage_prerun.py --prerun tools/recipes/stage_d1_l2a1.py --graph tools/bench/sim/l2a1/graph_k_80_owners.jso
2026-09-25 12:39:37	REFUSED	STOPPED-RECIPE py tools/bgrun.py --material --max-min 10 --log tools/bench/prerun_l2a1_81b.log -- py -u tools/stage_prerun.py --prerun tools/recipes/stage_d1_l2a1.py --graph tools/bench/sim/l2a1/graph
2026-09-25 12:39:45	MARKED	py tools/bgrun.py --material --max-min 10 --log tools/bench/prerun_l2a1_81b.log -- py -u tools/stage_prerun.py --prerun tools/recipes/stage_d1_l2a1.py --graph tools/bench/sim/l2a1/graph_k_80_owners.js
2026-09-25 12:40:34	REFUSED	md5sum tools/recipes/stage_d1_l2a1.py tools/bench/sim_l2a1_81b.py
2026-09-25 12:43:36	MARKED	py tools/bgrun.py --material --max-min 10 --log tools/bench/prerun_l2a1_81c.log -- py -u tools/stage_prerun.py --prerun tools/recipes/stage_d1_l2a1.py --graph tools/bench/sim/l2a1/graph_k_80_owners.js
2026-09-25 12:44:21	MARKED	py tools/bgrun.py --material --max-min 80 --log tools/bench/stage_d1_l2a1.log -- py -u tools/recipes/stage_d1_l2a1.py
2026-09-25 13:04:58	MARKED	py tools/bgrun.py --material --max-min 25 --log tools/bench/l2a1_faces_81.log -- py -u tools/bench/l2a1_faces_81.py
2026-09-25 13:09:43	MARKED	py tools/bgrun.py --material --max-min 5 --log tools/bench/selftest_stagexec_gate_81.log -- py -u tools/bench/selftest_stagexec_gate.py
2026-09-25 13:10:06	MARKED	py tools/bgrun.py --material --max-min 10 --log tools/bench/prerun_l2a1_81d.log -- py -u tools/stage_prerun.py --prerun tools/recipes/stage_d1_l2a1.py --graph tools/bench/sim/l2a1/graph_k_80_owners.js
2026-09-25 13:12:24	MARKED	py tools/bgrun.py --material --max-min 80 --log tools/bench/stage_d1_l2a1_r2.log -- py -u tools/recipes/stage_d1_l2a1.py
2026-09-25 13:16:24	MARKED	py tools/bgrun.py --material --max-min 10 --log tools/bench/prerun_l2a1_81e.log -- py -u tools/stage_prerun.py --prerun tools/recipes/stage_d1_l2a1.py --graph tools/bench/sim/l2a1/graph_k_80_owners.js
2026-09-25 13:18:09	MARKED	RETRY_CARD=tools/bench/cards/task_81-9.json py tools/bgrun.py --material --max-min 80 --log tools/bench/stage_d1_l2a1_r3.log -- py -u tools/recipes/stage_d1_l2a1.py
2026-09-25 13:18:20	MARKED	py tools/bgrun.py --material --retry-card tools/bench/cards/task_81-9.json --max-min 80 --log tools/bench/stage_d1_l2a1_r3.log -- py -u tools/recipes/stage_d1_l2a1.py
2026-09-25 13:18:24	MARKED	py tools/bgrun.py --material --max-min 80 --log tools/bench/stage_d1_l2a1_r3.log --retry-card tools/bench/cards/task_81-9.json -- py -u tools/recipes/stage_d1_l2a1.py
2026-09-25 14:07:39	REFUSED	py tools\bgrun.py --max-min 8 --log tools/bench/dry_l2a1_82.log -- py -u tools/stage_prerun.py --dry tools/recipes/stage_d1_l2a1.py; py tools\bgrun.py --max-min 8 --log tools/bench/prerun_l2a1_82.log 
2026-09-25 14:07:43	MARKED	py tools\bgrun.py --material --max-min 8 --log tools/bench/dry_l2a1_82.log -- py -u tools/stage_prerun.py --dry tools/recipes/stage_d1_l2a1.py; py tools\bgrun.py --material --max-min 8 --log tools/ben
2026-09-25 14:09:43	MARKED	py tools\bgrun.py --material --max-min 25 --log tools/bench/parity_l2a1_82.log -- py -u tools/bench/parity_l2a1_82.py
2026-09-25 14:13:47	MARKED	py tools\bgrun.py --material --max-min 3 --log tools/bench/parity_l2a1_82_offline.log -- py -u tools/bench/parity_l2a1_82.py --offline
2026-09-25 14:20:06	MARKED	py tools\bgrun.py --material --max-min 3 --log tools/bench/parity_l2a1_82_offline.log -- py -u tools/bench/parity_l2a1_82.py --offline
2026-09-25 14:22:05	MARKED	py tools\bgrun.py --material --max-min 25 --log tools/bench/parity_l2a1_82_holdout.log -- py -u tools/bench/parity_l2a1_82.py
2026-09-25 14:28:32	REFUSED	cd "G:/Codes/LabVIEW_Codes/MinLab/zz_LabView VI/AAA_UNIST/2. Tracking/V6_ParallelLoop" && md5sum tools/stagexec.py tools/recipes/stage_d1_l2a1.py tools/bench/sim/l2a1/stageplan_l2a1.json
2026-09-25 14:32:18	MARKED	cd "G:/Codes/LabVIEW_Codes/MinLab/zz_LabView VI/AAA_UNIST/2. Tracking/V6_ParallelLoop" && MATERIAL=1 py tools/bgrun.py --max-min 30 --log tools/bench/ctsrc_l2a1_82.log -- py -u tools/bench/ctsrc_l2a1_
2026-09-25 14:32:27	MARKED	$env:MATERIAL='1'; py tools\bgrun.py --max-min 30 --log tools\bench\ctsrc_l2a1_82.log -- py -u tools\bench\ctsrc_l2a1_82.py
2026-09-25 14:32:31	MARKED	MATERIAL=1 py tools/bgrun.py --material --max-min 30 --log tools/bench/ctsrc_l2a1_82.log -- py -u tools/bench/ctsrc_l2a1_82.py
2026-09-25 14:32:34	MARKED	py tools/bgrun.py --material --max-min 30 --log tools/bench/ctsrc_l2a1_82.log -- py -u tools/bench/ctsrc_l2a1_82.py
2026-09-25 14:33:04	MARKED	py tools/bgrun.py --material --max-min 30 --log tools/bench/ctsrc_l2a1_82.log -- py -u tools/bench/ctsrc_l2a1_82.py
2026-09-25 15:03:55	MARKED	py tools/bgrun.py --material --max-min 3 --log tools/bench/ctsrc_l2a1_82_cleanup.log -- py -u tools/bench/ctsrc_l2a1_82_cleanup.py
2026-09-25 15:08:55	MARKED	py tools/bgrun.py --material --max-min 3 --log tools/bench/ctsrc_l2a1_82_cleanup.log -- py -u tools/bench/ctsrc_l2a1_82_cleanup.py
2026-09-25 15:10:28	REFUSED	md5sum tools/stagexec.py tools/bench/ctsrc_l2a1_82.py tools/bench/ctsrc_l2a1_82_cleanup.py tools/bench/ctsrc_l2a1_82.log tools/bench/ctsrc_l2a1_82_cleanup.log tools/bench/selftest_stagexec_82d.log too
2026-09-25 15:17:23	REFUSED	py tools/bgrun.py --max-min 45 --log tools/bench/constsrc_l2a1_82.log -- py -u tools/bench/constsrc_l2a1_82.py
2026-09-25 15:17:26	MARKED	py tools/bgrun.py --material --max-min 45 --log tools/bench/constsrc_l2a1_82.log -- py -u tools/bench/constsrc_l2a1_82.py
2026-09-25 16:23:03	MARKED	cd "G:/Codes/LabVIEW_Codes/MinLab/zz_LabView VI/AAA_UNIST/2. Tracking/V6_ParallelLoop" && py tools/bgrun.py --material --max-min 5 --log tools/bench/m8_load83_dry.log -- py -u tools/bench/drive_m8.py 
2026-09-25 16:23:21	MARKED	cd "G:/Codes/LabVIEW_Codes/MinLab/zz_LabView VI/AAA_UNIST/2. Tracking/V6_ParallelLoop" && py tools/bgrun.py --material --max-min 135 --log tools/bench/m8_load_83.log -- py -u tools/bench/drive_m8_load
2026-09-25 17:19:12	MARKED	py tools/bgrun.py --material --max-min 3 --log tools/bench/diag_camrate_persist83.log -- py -u tools/bench/diag_camrate_persist83.py
2026-09-25 17:20:10	MARKED	py tools/bgrun.py --material --max-min 3 --log tools/bench/diag_camrate_persist83b.log -- py -u tools/bench/diag_camrate_persist83.py
2026-09-25 17:20:48	MARKED	py tools/bgrun.py --material --max-min 3 --log tools/bench/diag_camrate_persist83b.log -- py -u tools/bench/diag_camrate_persist83.py
2026-09-25 17:28:10	REFUSED	git add -A archive/benchmarks/INDEX.md docs/camera-acquisition-facts.md docs/d1-loop12-17-split-plan.md docs/violation-decisions.md tools/bench/decisions_pending.json tools/bench/drive_m8.py tools/ben
2026-09-25 19:00:27	MARKED	cd "G:/Codes/LabVIEW_Codes/MinLab/zz_LabView VI/AAA_UNIST/2. Tracking/V6_ParallelLoop" && MATERIAL=1 py tools/bgrun.py --max-min 10 --log tools/bench/selftest_heartbeat.log -- py -u tools/bench/selfte
2026-09-25 19:19:56	REFUSED	cd "G:/Codes/LabVIEW_Codes/MinLab/zz_LabView VI/AAA_UNIST/2. Tracking/V6_ParallelLoop" && py tools/bgrun.py --max-min 20 --log tools/bench/selftest_bundle_lint_20260925.log -- py -u tools/bench/run_se
2026-09-25 19:33:19	MARKED	cd "G:/Codes/LabVIEW_Codes/MinLab/zz_LabView VI/AAA_UNIST/2. Tracking/V6_ParallelLoop" && py tools/bgrun.py --material --max-min 75 --log tools/bench/lint_verify_20260925.log -- py -u tools/bench/lint
2026-09-25 19:33:23	REFUSED	py tools/bench/selftest_protocol.py
2026-09-25 19:33:23	MARKED	py tools/bgrun.py --material --max-min 5 --log tools/bench/x_l1.log -- py -u tools/bench/selftest_protocol.py
2026-09-25 19:33:23	MARKED	MATERIAL=1 py tools/bgrun.py --max-min 5 --log tools/bench/x.log -- py -u tools/bench/selftest_protocol.py
2026-09-25 19:33:23	MARKED	py tools/bgrun.py --material --max-min 5 --log tools/bench/x_l1.log -- py -u tools/bench/selftest_protocol.py
2026-09-25 19:33:23	REFUSED	MOTOR powershell -File tools/motor_send_pi.ps1 -Command "MOV 1 5"
2026-09-25 19:33:23	REFUSED	MOTOR py -c "import serial; serial.Serial('COM3')"
2026-09-25 19:33:24	REFUSED	MOTOR echo MOV 1 5 > COM3
2026-09-25 19:33:24	MARKED	py tools/bgrun.py --material --max-min 5 --log tools/bench/x_l1.log -- py -u tools/recipes/stage_d1_k.py
2026-09-25 19:33:24	MARKED	py tools/bgrun.py --material --max-min 5 --log tools/bench/x_l1.log -- py -u tools/recipes/build_d1_v0.py
2026-09-25 19:34:45	MARKED	cd "G:/Codes/LabVIEW_Codes/MinLab/zz_LabView VI/AAA_UNIST/2. Tracking/V6_ParallelLoop" && py tools/bgrun.py --material --max-min 75 --log tools/bench/lint_verify_20260925.log -- py -u tools/bench/lint
2026-09-25 19:34:50	REFUSED	py tools/bench/selftest_protocol.py
2026-09-25 19:34:50	MARKED	py tools/bgrun.py --material --max-min 5 --log tools/bench/x_l1.log -- py -u tools/bench/selftest_protocol.py
2026-09-25 19:34:50	MARKED	MATERIAL=1 py tools/bgrun.py --max-min 5 --log tools/bench/x.log -- py -u tools/bench/selftest_protocol.py
2026-09-25 19:34:50	MARKED	py tools/bgrun.py --material --max-min 5 --log tools/bench/x_l1.log -- py -u tools/bench/selftest_protocol.py
2026-09-25 19:34:50	REFUSED	MOTOR powershell -File tools/motor_send_pi.ps1 -Command "MOV 1 5"
2026-09-25 19:34:51	REFUSED	MOTOR py -c "import serial; serial.Serial('COM3')"
2026-09-25 19:34:51	REFUSED	MOTOR echo MOV 1 5 > COM3
2026-09-25 19:34:51	MARKED	py tools/bgrun.py --material --max-min 5 --log tools/bench/x_l1.log -- py -u tools/recipes/stage_d1_k.py
2026-09-25 19:34:51	MARKED	py tools/bgrun.py --material --max-min 5 --log tools/bench/x_l1.log -- py -u tools/recipes/build_d1_v0.py
2026-09-25 19:43:34	REFUSED	MOTOR powershell -c "$sp = New-Object System.IO.Ports.SerialPort COM3,115200"
2026-09-25 19:43:34	REFUSED	MOTOR powershell -File tools/motor_send_pi.ps1 -Command "MOV 1 5" -TokenFile t.tok
2026-09-25 19:43:35	REFUSED	MOTOR powershell -File tools/motor_asi_io.ps1 -Mode send
2026-09-25 19:43:35	REFUSED	MOTOR echo MOV 1 40 > COM3
2026-09-25 19:43:35	MARKED	MATERIAL=1 py tools/bgrun.py --max-min 5 --log tools/bench/selftest_motor_gate2.log -- py -u tools/bench/selftest_motor_gate2.py
2026-09-25 19:43:50	MARKED	py tools/bgrun.py --material --max-min 40 --log tools/bench/stage_replay_78.log -- py -u tools/recipes/stage_replay_standins.py
2026-09-25 19:44:03	REFUSED	PRERUN-GATE py tools/bgrun.py --material --max-min 40 --log tools/bench/stage_replay_78.log -- py -u tools/recipes/stage_replay_standins.py
2026-09-25 20:01:17	MARKED	cd "/g/Codes/LabVIEW_Codes/MinLab/zz_LabView VI/AAA_UNIST/2. Tracking/V6_ParallelLoop" && MATERIAL=1 py tools/bgrun.py --max-min 40 --log tools/bench/lint_verify_20260925b.log -- py -u tools/bench/lin
2026-09-25 20:01:24	REFUSED	py tools/bench/selftest_protocol.py
2026-09-25 20:01:24	MARKED	py tools/bgrun.py --material --max-min 5 --log tools/bench/x_l1.log -- py -u tools/bench/selftest_protocol.py
2026-09-25 20:01:24	MARKED	MATERIAL=1 py tools/bgrun.py --max-min 5 --log tools/bench/x.log -- py -u tools/bench/selftest_protocol.py
2026-09-25 20:01:24	MARKED	py tools/bgrun.py --material --max-min 5 --log tools/bench/x_l1.log -- py -u tools/bench/selftest_protocol.py
2026-09-25 20:01:25	REFUSED	MOTOR powershell -File tools/motor_send_pi.ps1 -Command "MOV 1 5"
2026-09-25 20:01:25	REFUSED	MOTOR py -c "import serial; serial.Serial('COM3')"
2026-09-25 20:01:25	REFUSED	MOTOR echo MOV 1 5 > COM3
2026-09-25 20:01:25	MARKED	py tools/bgrun.py --material --max-min 5 --log tools/bench/x_l1.log -- py -u tools/recipes/stage_d1_k.py
2026-09-25 20:01:25	MARKED	py tools/bgrun.py --material --max-min 5 --log tools/bench/x_l1.log -- py -u tools/recipes/build_d1_v0.py
2026-09-25 20:06:47	REFUSED	MOTOR powershell -c "$sp = New-Object System.IO.Ports.SerialPort COM3,115200"
2026-09-25 20:06:47	REFUSED	MOTOR powershell -File tools/motor_send_pi.ps1 -Command "MOV 1 5" -TokenFile t.tok
2026-09-25 20:06:47	REFUSED	MOTOR powershell -File tools/motor_asi_io.ps1 -Mode send
2026-09-25 20:06:47	REFUSED	MOTOR echo MOV 1 40 > COM3
2026-09-25 20:06:48	MARKED	MATERIAL=1 py tools/bgrun.py --max-min 5 --log tools/bench/selftest_motor_gate2.log -- py -u tools/bench/selftest_motor_gate2.py
2026-09-25 20:07:03	MARKED	py tools/bgrun.py --material --max-min 40 --log tools/bench/stage_replay_78.log -- py -u tools/recipes/stage_replay_standins.py
2026-09-25 20:07:16	REFUSED	PRERUN-GATE py tools/bgrun.py --material --max-min 40 --log tools/bench/stage_replay_78.log -- py -u tools/recipes/stage_replay_standins.py
2026-09-25 20:09:35	MARKED	cd "/g/Codes/LabVIEW_Codes/MinLab/zz_LabView VI/AAA_UNIST/2. Tracking/V6_ParallelLoop" && MATERIAL=1 py tools/bgrun.py --max-min 40 --log tools/bench/lint_verify_20260925b.log -- py -u tools/bench/lin
2026-09-25 20:09:40	REFUSED	py tools/bench/selftest_protocol.py
2026-09-25 20:09:41	MARKED	py tools/bgrun.py --material --max-min 5 --log tools/bench/x_l1.log -- py -u tools/bench/selftest_protocol.py
2026-09-25 20:09:41	MARKED	MATERIAL=1 py tools/bgrun.py --max-min 5 --log tools/bench/x.log -- py -u tools/bench/selftest_protocol.py
2026-09-25 20:09:41	MARKED	py tools/bgrun.py --material --max-min 5 --log tools/bench/x_l1.log -- py -u tools/bench/selftest_protocol.py
2026-09-25 20:09:41	REFUSED	MOTOR powershell -File tools/motor_send_pi.ps1 -Command "MOV 1 5"
2026-09-25 20:09:41	REFUSED	MOTOR py -c "import serial; serial.Serial('COM3')"
2026-09-25 20:09:41	REFUSED	MOTOR echo MOV 1 5 > COM3
2026-09-25 20:09:41	MARKED	py tools/bgrun.py --material --max-min 5 --log tools/bench/x_l1.log -- py -u tools/recipes/stage_d1_k.py
2026-09-25 20:09:42	MARKED	py tools/bgrun.py --material --max-min 5 --log tools/bench/x_l1.log -- py -u tools/recipes/build_d1_v0.py
2026-09-25 20:15:03	REFUSED	MOTOR powershell -c "$sp = New-Object System.IO.Ports.SerialPort COM3,115200"
2026-09-25 20:15:03	REFUSED	MOTOR powershell -File tools/motor_send_pi.ps1 -Command "MOV 1 5" -TokenFile t.tok
2026-09-25 20:15:03	REFUSED	MOTOR powershell -File tools/motor_asi_io.ps1 -Mode send
2026-09-25 20:15:03	REFUSED	MOTOR echo MOV 1 40 > COM3
2026-09-25 20:15:03	MARKED	MATERIAL=1 py tools/bgrun.py --max-min 5 --log tools/bench/selftest_motor_gate2.log -- py -u tools/bench/selftest_motor_gate2.py
2026-09-25 20:15:19	MARKED	py tools/bgrun.py --material --max-min 40 --log tools/bench/stage_replay_78.log -- py -u tools/recipes/stage_replay_standins.py
2026-09-25 20:15:32	REFUSED	PRERUN-GATE py tools/bgrun.py --material --max-min 40 --log tools/bench/stage_replay_78.log -- py -u tools/recipes/stage_replay_standins.py
2026-09-25 20:25:14	REFUSED	cd "G:/Codes/LabVIEW_Codes/MinLab/zz_LabView VI/AAA_UNIST/2. Tracking/V6_ParallelLoop" && md5sum tools/stagexec.py tools/recipes/stage_d1_l2a1.py tools/bench/sim/l2a1/stageplan_l2a1.json "/c/Program F
2026-09-25 20:31:07	MARKED	cd "G:/Codes/LabVIEW_Codes/MinLab/zz_LabView VI/AAA_UNIST/2. Tracking/V6_ParallelLoop" && py tools/bgrun.py --material --max-min 30 --log tools/bench/constsrc_l2a1_85_build.log -- py -u tools/recipes/
2026-09-25 20:33:06	MARKED	cd "G:/Codes/LabVIEW_Codes/MinLab/zz_LabView VI/AAA_UNIST/2. Tracking/V6_ParallelLoop" && py tools/bgrun.py --material --max-min 30 --log tools/bench/constsrc_l2a1_85_build.log -- py -u tools/recipes/
2026-09-25 20:36:42	MARKED	cd "G:/Codes/LabVIEW_Codes/MinLab/zz_LabView VI/AAA_UNIST/2. Tracking/V6_ParallelLoop" && py tools/bgrun.py --material --max-min 45 --log tools/bench/constsrc_l2a1_85.log -- py -u tools/bench/constsrc
2026-09-25 20:36:57	MARKED	cd "G:/Codes/LabVIEW_Codes/MinLab/zz_LabView VI/AAA_UNIST/2. Tracking/V6_ParallelLoop" && py tools/bgrun.py --material --max-min 10 --log tools/bench/prerun_l2a1_85.log -- py -u tools/stage_prerun.py 
2026-09-25 20:37:13	MARKED	cd "G:/Codes/LabVIEW_Codes/MinLab/zz_LabView VI/AAA_UNIST/2. Tracking/V6_ParallelLoop" && py tools/bgrun.py --material --max-min 10 --log tools/bench/prerun_l2a1_85b.log -- py -u tools/stage_prerun.py
2026-09-25 20:38:37	MARKED	cd "G:/Codes/LabVIEW_Codes/MinLab/zz_LabView VI/AAA_UNIST/2. Tracking/V6_ParallelLoop" && py tools/bgrun.py --material --max-min 10 --log tools/bench/prerun_l2a1_85c.log -- py -u tools/stage_prerun.py
2026-09-25 21:23:09	MARKED	cd "G:/Codes/LabVIEW_Codes/MinLab/zz_LabView VI/AAA_UNIST/2. Tracking/V6_ParallelLoop" && MATERIAL=1 py tools/bgrun.py --material --max-min 20 --log tools/bench/unroutable_l2a1_85_build_ctl.log -- py 
2026-09-25 21:23:17	MARKED	cd "G:/Codes/LabVIEW_Codes/MinLab/zz_LabView VI/AAA_UNIST/2. Tracking/V6_ParallelLoop" && MATERIAL=1 py tools/bgrun.py --material --max-min 20 --log tools/bench/unroutable_l2a1_85_build_ctl.log -- py 
2026-09-25 21:27:54	MARKED	cd "G:/Codes/LabVIEW_Codes/MinLab/zz_LabView VI/AAA_UNIST/2. Tracking/V6_ParallelLoop" && MATERIAL=1 py tools/bgrun.py --material --max-min 20 --log tools/bench/unroutable_l2a1_85_build_ctl.log -- py 
2026-09-25 21:28:01	MARKED	py tools\bgrun.py --material --max-min 20 --log tools/bench/unroutable_l2a1_85_build_ctl.log -- py -u tools/recipes/build_opctlsinkwire_v1.py
2026-09-25 21:29:37	MARKED	py tools\bgrun.py --material --max-min 20 --log tools/bench/unroutable_l2a1_85_build_tun.log -- py -u tools/recipes/build_optunouter_v1.py
2026-09-25 21:31:12	MARKED	py tools\bgrun.py --material --max-min 20 --log tools/bench/unroutable_l2a1_85_build_tun.log -- py -u tools/recipes/build_optunouter_v1.py
2026-09-25 21:32:38	REFUSED	STOPPED-RECIPE py tools\bgrun.py --material --max-min 20 --log tools/bench/unroutable_l2a1_85_build_tun.log -- py -u tools/recipes/build_optunouter_v1.py
2026-09-25 21:33:23	REFUSED	STOPPED-RECIPE py tools\bgrun.py --max-min 10 --log tools/bench/prerun_l2a1_85d.log -- py -u tools/stage_prerun.py --prerun tools/recipes/stage_d1_l2a1.py --graph tools/bench/sim/l2a1/graph_k_80_owner
2026-09-25 21:36:33	REFUSED	STOPPED-RECIPE py tools\bgrun.py --max-min 10 --log tools/bench/prerun_l2a1_85d.log -- py -u tools/stage_prerun.py --prerun tools/recipes/stage_d1_l2a1.py --graph tools/bench/sim/l2a1/graph_k_80_owner
2026-09-25 21:38:17	REFUSED	py tools\bgrun.py --max-min 10 --log tools/bench/prerun_l2a1_85d.log -- py -u tools/stage_prerun.py --prerun tools/recipes/stage_d1_l2a1.py --graph tools/bench/sim/l2a1/graph_k_80_owners.json
2026-09-25 21:38:21	MARKED	py tools\bgrun.py --material --max-min 10 --log tools/bench/prerun_l2a1_85d.log -- py -u tools/stage_prerun.py --prerun tools/recipes/stage_d1_l2a1.py --graph tools/bench/sim/l2a1/graph_k_80_owners.js
2026-09-25 21:39:29	REFUSED	cd "G:/Codes/LabVIEW_Codes/MinLab/zz_LabView VI/AAA_UNIST/2. Tracking/V6_ParallelLoop" && md5sum tools/stagexec.py tools/gscript.py tools/recipes/build_opctlsinkwire_v1.py tools/recipes/build_optunout
2026-09-25 21:40:50	REFUSED	cd "G:/Codes/LabVIEW_Codes/MinLab/zz_LabView VI/AAA_UNIST/2. Tracking/V6_ParallelLoop" && py tools/protocol.py new task --id 85-3 && md5sum tools/recipes/build_optunouter_v1.py tools/bench/unroutable_
2026-09-25 21:42:01	MARKED	cd "G:/Codes/LabVIEW_Codes/MinLab/zz_LabView VI/AAA_UNIST/2. Tracking/V6_ParallelLoop" && MATERIAL=1 py tools/bgrun.py --material --max-min 20 --log tools/bench/unroutable_l2a1_85_build_tun2.log -- py
2026-09-25 21:42:07	MARKED	$env:MATERIAL='1'; py tools\bgrun.py --material --max-min 20 --log tools\bench\unroutable_l2a1_85_build_tun2.log -- py -u tools\recipes\build_optunouter_v1.py
2026-09-25 21:42:12	MARKED	MATERIAL=1 py "G:/Codes/LabVIEW_Codes/MinLab/zz_LabView VI/AAA_UNIST/2. Tracking/V6_ParallelLoop/tools/bgrun.py" --material --max-min 20 --log tools/bench/unroutable_l2a1_85_build_tun2.log -- py -u to
2026-09-25 21:42:16	MARKED	MATERIAL=1 py tools/bgrun.py --material --max-min 20 --log tools/bench/unroutable_l2a1_85_build_tun2.log -- py -u tools/recipes/build_optunouter_v1.py
2026-09-25 21:42:27	MARKED	py tools\bgrun.py --material --max-min 20 --log tools\bench\unroutable_l2a1_85_build_tun2.log -- py -u tools\recipes\build_optunouter_v1.py
2026-09-25 21:44:49	MARKED	py tools\bgrun.py --material --max-min 50 --log tools\bench\unroutable_l2a1_85.log -- py -u tools\bench\unroutable_l2a1_85.py
