BGRUN START 2026-09-23 17:30:46 limit 40.0 min: py -u tools/bench/bench_map_20260923/a23_readers.py

---------- [0] FILES ONLY - the input's md5, the pins, the claudeDev listing
  FACT  claudeDev holds 244 .vi file(s) BEFORE the run
  PASS  K1 input md5 == 3e3d23cefd3a334001aa9d6156bf1aee  got 3e3d23cefd3a334001aa9d6156bf1aee
  FACT  PIN BEFORE ORIGINAL         2a78e17c449cacdaf5da389818526859  (want 2a78e17c449cacdaf5da389818526859) OK
  FACT  PIN BEFORE S1 D1_s1_copy    3e3d23cefd3a334001aa9d6156bf1aee  (want 3e3d23cefd3a334001aa9d6156bf1aee) OK
  FACT  PIN BEFORE S2 D1_s2_loops   6ff19497f2309e007a214660bb64b911  (want 6ff19497f2309e007a214660bb64b911) OK
  FACT  PIN BEFORE ROW2 bed         26c54ff784cb5cea21edbd214d2cc3a0  (want 26c54ff784cb5cea21edbd214d2cc3a0) OK
  FACT  PIN BEFORE M3a-2            3842f5e6f128226235dc78353f26ef44  (want 3842f5e6f128226235dc78353f26ef44) OK
  PASS  K2 the ORIGINAL's md5 is 2a78e17c449cacdaf5da389818526859  got 2a78e17c449cacdaf5da389818526859 at G:\Codes\LabVIEW_Codes\MinLab\zz_LabView VI\AAA_UNIST\2. Tracking\Min_Track N beads V6_ParallelLoop.vi

---------- [1] RESTART LabVIEW (standing authority; fresh ~31,500 handles)
  FACT  LabVIEW handle count BEFORE the restart: 33975
  FACT  LabVIEW handle count AFTER the restart: 33985

---------- [2] THE DATED WORK COPY under claudeDev - the input is never opened for writing
  PASS  K3 the work copy is byte-identical to the input  bench_map_a23_20260923_173046.vi
  FACT  ExecState [after open] bench_map_a23_20260923_173046.vi = 1
  FACT  THE WORK COPY IS A SCRATCH: this stage saves nothing, so bench_map_a23_20260923_173046.vi is deleted at close

---------- [A2] 200 random wires vs OpWireSource_v5
  FACT  OpAllTerms_v1 fresh: 5748 rows in 24.8s
  PASS  A2 SOURCE owner agrees on 200/200  200/200
  PASS  A2 FULL endpoint multiset agrees on 200/200  200/200

---------- [A3] the 58 FSOT faces: fresh read_tunnel vs the wiki, and vs the fresh terminal rows
   READ[IN] uid 6115 -> self 'FlatSequenceInnerTunnel'#6115 cast 'FlatSequenceInnerTunnel' | LeftTerm #86540 wire #40035 | RightTerm #6117 wire #6124 | is_source True | owner 'FlatSequenceInnerTunnel'#10673 | err '' A '' B '' | errs 
   READ[IN] uid 6226 -> self 'FlatSequenceInnerTunnel'#6226 cast 'FlatSequenceInnerTunnel' | LeftTerm #81574 wire #86569 | RightTerm #6230 wire #6240 | is_source True | owner 'FlatSequenceInnerTunnel'#10621 | err '' A '' B '' | errs 
   READ[IN] uid 6584 -> self 'FlatSequenceInnerTunnel'#6584 cast 'FlatSequenceInnerTunnel' | LeftTerm #81579 wire #86586 | RightTerm #6586 wire #6593 | is_source True | owner 'FlatSequenceInnerTunnel'#10614 | err '' A '' B '' | errs 
   READ[IN] uid 7528 -> self 'FlatSequenceInnerTunnel'#7528 cast 'FlatSequenceInnerTunnel' | LeftTerm #81591 wire #86637 | RightTerm #7530 wire #7537 | is_source True | owner 'FlatSequenceInnerTunnel'#10581 | err '' A '' B '' | errs 
   READ[IN] uid 57271 -> self 'FlatSequenceInnerTunnel'#57271 cast 'FlatSequenceInnerTunnel' | LeftTerm #57258 wire #28156 | RightTerm #57273 wire #57280 | is_source True | owner 'FlatSequenceInnerTunnel'#57256 | err '' A '' B '' | errs 
   READ[OUT] uid 57284 -> self 'FlatSequenceOuterTunnel'#57284 cast 'FlatSequenceOuterTunnel' | OuterTerminal #57287 wire #57288 | InnerTerminal #57286 wire #57280 | is_source False | owner 'FlatSequenceOuterTunnel'#57284 | err '' A '' B '' | errs 
   READ[IN] uid 59077 -> self 'FlatSequenceInnerTunnel'#59077 cast 'FlatSequenceInnerTunnel' | LeftTerm #59071 wire #59065 | RightTerm #59079 wire #59086 | is_source True | owner 'FlatSequenceInnerTunnel'#59069 | err '' A '' B '' | errs 
   READ[OUT] uid 59090 -> self 'FlatSequenceOuterTunnel'#59090 cast 'FlatSequenceOuterTunnel' | OuterTerminal #59093 wire #59094 | InnerTerminal #59092 wire #59086 | is_source False | owner 'FlatSequenceOuterTunnel'#59090 | err '' A '' B '' | errs 
   READ[OUT] uid 28377 -> self 'FlatSequenceOuterTunnel'#28377 cast 'FlatSequenceOuterTunnel' | OuterTerminal #28383 wire #28386 | InnerTerminal #28379 wire #29225 | is_source False | owner 'FlatSequenceOuterTunnel'#28377 | err '' A '' B '' | errs 
   READ[IN] uid 10673 -> self 'FlatSequenceInnerTunnel'#10673 cast 'FlatSequenceInnerTunnel' | LeftTerm #6117 wire #6124 | RightTerm #86540 wire #40035 | is_source False | owner 'FlatSequenceInnerTunnel'#10673 | err '' A '' B '' | errs 
   READ[IN] uid 86542 -> self 'FlatSequenceInnerTunnel'#86542 cast 'FlatSequenceInnerTunnel' | LeftTerm #6109 wire #6103 | RightTerm #86544 wire #40035 | is_source True | owner 'FlatSequenceInnerTunnel'#6107 | err '' A '' B '' | errs 
   READ[IN] uid 10621 -> self 'FlatSequenceInnerTunnel'#10621 cast 'FlatSequenceInnerTunnel' | LeftTerm #6230 wire #6240 | RightTerm #81574 wire #86569 | is_source False | owner 'FlatSequenceInnerTunnel'#10621 | err '' A '' B '' | errs 
   READ[IN] uid 86559 -> self 'FlatSequenceInnerTunnel'#86559 cast 'FlatSequenceInnerTunnel' | LeftTerm #6214 wire #6203 | RightTerm #86561 wire #86569 | is_source True | owner 'FlatSequenceInnerTunnel'#6208 | err '' A '' B '' | errs 
   READ[IN] uid 10614 -> self 'FlatSequenceInnerTunnel'#10614 cast 'FlatSequenceInnerTunnel' | LeftTerm #6586 wire #6593 | RightTerm #81579 wire #86586 | is_source False | owner 'FlatSequenceInnerTunnel'#10614 | err '' A '' B '' | errs 
   READ[IN] uid 86576 -> self 'FlatSequenceInnerTunnel'#86576 cast 'FlatSequenceInnerTunnel' | LeftTerm #6578 wire #6572 | RightTerm #86578 wire #86586 | is_source True | owner 'FlatSequenceInnerTunnel'#6576 | err '' A '' B '' | errs 
   READ[IN] uid 10581 -> self 'FlatSequenceInnerTunnel'#10581 cast 'FlatSequenceInnerTunnel' | LeftTerm #7530 wire #7537 | RightTerm #81591 wire #86637 | is_source False | owner 'FlatSequenceInnerTunnel'#10581 | err '' A '' B '' | errs 
   READ[IN] uid 86627 -> self 'FlatSequenceInnerTunnel'#86627 cast 'FlatSequenceInnerTunnel' | LeftTerm #7513 wire #7152 | RightTerm #86629 wire #86637 | is_source True | owner 'FlatSequenceInnerTunnel'#7511 | err '' A '' B '' | errs 
   READ[IN] uid 57256 -> self 'FlatSequenceInnerTunnel'#57256 cast 'FlatSequenceInnerTunnel' | LeftTerm #57273 wire #57280 | RightTerm #57258 wire #28156 | is_source False | owner 'FlatSequenceInnerTunnel'#57256 | err '' A '' B '' | errs 
   READ[IN] uid 57896 -> self 'FlatSequenceInnerTunnel'#57896 cast 'FlatSequenceInnerTunnel' | LeftTerm #57883 wire #5176 | RightTerm #57898 wire #28294 | is_source True | owner 'FlatSequenceInnerTunnel'#57881 | err '' A '' B '' | errs 
   READ[IN] uid 58028 -> self 'FlatSequenceInnerTunnel'#58028 cast 'FlatSequenceInnerTunnel' | LeftTerm #58015 wire #7250 | RightTerm #58030 wire #28246 | is_source True | owner 'FlatSequenceInnerTunnel'#58013 | err '' A '' B '' | errs 
   READ[IN] uid 58109 -> self 'FlatSequenceInnerTunnel'#58109 cast 'FlatSequenceInnerTunnel' | LeftTerm #58096 wire #1997 | RightTerm #58111 wire #28288 | is_source True | owner 'FlatSequenceInnerTunnel'#58094 | err '' A '' B '' | errs 
   READ[IN] uid 58412 -> self 'FlatSequenceInnerTunnel'#58412 cast 'FlatSequenceInnerTunnel' | LeftTerm #58399 wire #7318 | RightTerm #58414 wire #28315 | is_source True | owner 'FlatSequenceInnerTunnel'#58397 | err '' A '' B '' | errs 
   READ[IN] uid 58701 -> self 'FlatSequenceInnerTunnel'#58701 cast 'FlatSequenceInnerTunnel' | LeftTerm #58688 wire #1686 | RightTerm #58703 wire #28240 | is_source True | owner 'FlatSequenceInnerTunnel'#58686 | err '' A '' B '' | errs 
   READ[IN] uid 58935 -> self 'FlatSequenceInnerTunnel'#58935 cast 'FlatSequenceInnerTunnel' | LeftTerm #58922 wire #5012 | RightTerm #58937 wire #28312 | is_source True | owner 'FlatSequenceInnerTunnel'#58920 | err '' A '' B '' | errs 
   READ[IN] uid 59056 -> self 'FlatSequenceInnerTunnel'#59056 cast 'FlatSequenceInnerTunnel' | LeftTerm #59043 wire #7255 | RightTerm #59058 wire #59065 | is_source True | owner 'FlatSequenceInnerTunnel'#59041 | err '' A '' B '' | errs 
   READ[IN] uid 59069 -> self 'FlatSequenceInnerTunnel'#59069 cast 'FlatSequenceInnerTunnel' | LeftTerm #59079 wire #59086 | RightTerm #59071 wire #59065 | is_source False | owner 'FlatSequenceInnerTunnel'#59069 | err '' A '' B '' | errs 
   READ[IN] uid 25072 -> self 'FlatSequenceInnerTunnel'#25072 cast 'FlatSequenceInnerTunnel' | LeftTerm #25063 wire #25045 | RightTerm #25075 wire #25092 | is_source True | owner 'FlatSequenceInnerTunnel'#25059 | err '' A '' B '' | errs 
   READ[IN] uid 3076 -> self 'FlatSequenceInnerTunnel'#3076 cast 'FlatSequenceInnerTunnel' | LeftTerm #763 wire #1761 | RightTerm #3085 wire #3105 | is_source True | owner 'FlatSequenceInnerTunnel'#750 | err '' A '' B '' | errs 
   READ[IN] uid 1663 -> self 'FlatSequenceInnerTunnel'#1663 cast 'FlatSequenceInnerTunnel' | LeftTerm #1623 wire #3618 | RightTerm #1668 wire #1686 | is_source True | owner 'FlatSequenceInnerTunnel'#1620 | err '' A '' B '' | errs 
   READ[IN] uid 3785 -> self 'FlatSequenceInnerTunnel'#3785 cast 'FlatSequenceInnerTunnel' | LeftTerm #3778 wire #3769 | RightTerm #3790 wire #3280 | is_source True | owner 'FlatSequenceInnerTunnel'#3775 | err '' A '' B '' | errs 
   READ[IN] uid 7230 -> self 'FlatSequenceInnerTunnel'#7230 cast 'FlatSequenceInnerTunnel' | LeftTerm #6973 wire #6915 | RightTerm #7233 wire #7250 | is_source True | owner 'FlatSequenceInnerTunnel'#6922 | err '' A '' B '' | errs 
   READ[IN] uid 1919 -> self 'FlatSequenceInnerTunnel'#1919 cast 'FlatSequenceInnerTunnel' | LeftTerm #1800 wire #1633 | RightTerm #1926 wire #1997 | is_source True | owner 'FlatSequenceInnerTunnel'#1788 | err '' A '' B '' | errs 
   READ[IN] uid 5166 -> self 'FlatSequenceInnerTunnel'#5166 cast 'FlatSequenceInnerTunnel' | LeftTerm #5158 wire #5149 | RightTerm #5168 wire #5176 | is_source True | owner 'FlatSequenceInnerTunnel'#5155 | err '' A '' B '' | errs 
   READ[IN] uid 4970 -> self 'FlatSequenceInnerTunnel'#4970 cast 'FlatSequenceInnerTunnel' | LeftTerm #4904 wire #5407 | RightTerm #4979 wire #5012 | is_source True | owner 'FlatSequenceInnerTunnel'#4902 | err '' A '' B '' | errs 
   READ[IN] uid 5822 -> self 'FlatSequenceInnerTunnel'#5822 cast 'FlatSequenceInnerTunnel' | LeftTerm #5776 wire #5759 | RightTerm #5831 wire #6103 | is_source True | owner 'FlatSequenceInnerTunnel'#5771 | err '' A '' B '' | errs 
   READ[IN] uid 6107 -> self 'FlatSequenceInnerTunnel'#6107 cast 'FlatSequenceInnerTunnel' | LeftTerm #86544 wire #40035 | RightTerm #6109 wire #6103 | is_source False | owner 'FlatSequenceInnerTunnel'#6107 | err '' A '' B '' | errs 
   READ[IN] uid 6186 -> self 'FlatSequenceInnerTunnel'#6186 cast 'FlatSequenceInnerTunnel' | LeftTerm #757 wire #6127 | RightTerm #6188 wire #6203 | is_source True | owner 'FlatSequenceInnerTunnel'#725 | err '' A '' B '' | errs 
   READ[IN] uid 6208 -> self 'FlatSequenceInnerTunnel'#6208 cast 'FlatSequenceInnerTunnel' | LeftTerm #86561 wire #86569 | RightTerm #6214 wire #6203 | is_source False | owner 'FlatSequenceInnerTunnel'#6208 | err '' A '' B '' | errs 
   READ[IN] uid 6563 -> self 'FlatSequenceInnerTunnel'#6563 cast 'FlatSequenceInnerTunnel' | LeftTerm #6484 wire #6663 | RightTerm #6565 wire #6572 | is_source True | owner 'FlatSequenceInnerTunnel'#6479 | err '' A '' B '' | errs 
   READ[IN] uid 6576 -> self 'FlatSequenceInnerTunnel'#6576 cast 'FlatSequenceInnerTunnel' | LeftTerm #86578 wire #86586 | RightTerm #6578 wire #6572 | is_source False | owner 'FlatSequenceInnerTunnel'#6576 | err '' A '' B '' | errs 
   READ[IN] uid 7511 -> self 'FlatSequenceInnerTunnel'#7511 cast 'FlatSequenceInnerTunnel' | LeftTerm #86629 wire #86637 | RightTerm #7513 wire #7152 | is_source False | owner 'FlatSequenceInnerTunnel'#7511 | err '' A '' B '' | errs 
   READ[IN] uid 7139 -> self 'FlatSequenceInnerTunnel'#7139 cast 'FlatSequenceInnerTunnel' | LeftTerm #7132 wire #7126 | RightTerm #7142 wire #7152 | is_source True | owner 'FlatSequenceInnerTunnel'#7130 | err '' A '' B '' | errs 
   READ[IN] uid 9577 -> self 'FlatSequenceInnerTunnel'#9577 cast 'FlatSequenceInnerTunnel' | LeftTerm #9571 wire #9565 | RightTerm #9579 wire #7318 | is_source True | owner 'FlatSequenceInnerTunnel'#9569 | err '' A '' B '' | errs 
   READ[IN] uid 57881 -> self 'FlatSequenceInnerTunnel'#57881 cast 'FlatSequenceInnerTunnel' | LeftTerm #57898 wire #28294 | RightTerm #57883 wire #5176 | is_source False | owner 'FlatSequenceInnerTunnel'#57881 | err '' A '' B '' | errs 
   READ[IN] uid 58013 -> self 'FlatSequenceInnerTunnel'#58013 cast 'FlatSequenceInnerTunnel' | LeftTerm #58030 wire #28246 | RightTerm #58015 wire #7250 | is_source False | owner 'FlatSequenceInnerTunnel'#58013 | err '' A '' B '' | errs 
   READ[IN] uid 58094 -> self 'FlatSequenceInnerTunnel'#58094 cast 'FlatSequenceInnerTunnel' | LeftTerm #58111 wire #28288 | RightTerm #58096 wire #1997 | is_source False | owner 'FlatSequenceInnerTunnel'#58094 | err '' A '' B '' | errs 
   READ[IN] uid 58397 -> self 'FlatSequenceInnerTunnel'#58397 cast 'FlatSequenceInnerTunnel' | LeftTerm #58414 wire #28315 | RightTerm #58399 wire #7318 | is_source False | owner 'FlatSequenceInnerTunnel'#58397 | err '' A '' B '' | errs 
   READ[IN] uid 58686 -> self 'FlatSequenceInnerTunnel'#58686 cast 'FlatSequenceInnerTunnel' | LeftTerm #58703 wire #28240 | RightTerm #58688 wire #1686 | is_source False | owner 'FlatSequenceInnerTunnel'#58686 | err '' A '' B '' | errs 
   READ[IN] uid 58920 -> self 'FlatSequenceInnerTunnel'#58920 cast 'FlatSequenceInnerTunnel' | LeftTerm #58937 wire #28312 | RightTerm #58922 wire #5012 | is_source False | owner 'FlatSequenceInnerTunnel'#58920 | err '' A '' B '' | errs 
   READ[IN] uid 59041 -> self 'FlatSequenceInnerTunnel'#59041 cast 'FlatSequenceInnerTunnel' | LeftTerm #59058 wire #59065 | RightTerm #59043 wire #7255 | is_source False | owner 'FlatSequenceInnerTunnel'#59041 | err '' A '' B '' | errs 
   READ[IN] uid 25017 -> self 'FlatSequenceInnerTunnel'#25017 cast 'FlatSequenceInnerTunnel' | LeftTerm #24987 wire #25497 | RightTerm #25021 wire #25045 | is_source True | owner 'FlatSequenceInnerTunnel'#24984 | err '' A '' B '' | errs 
   READ[IN] uid 25059 -> self 'FlatSequenceInnerTunnel'#25059 cast 'FlatSequenceInnerTunnel' | LeftTerm #25075 wire #25092 | RightTerm #25063 wire #25045 | is_source False | owner 'FlatSequenceInnerTunnel'#25059 | err '' A '' B '' | errs 
   READ[IN] uid 43919 -> self 'FlatSequenceInnerTunnel'#43919 cast 'FlatSequenceInnerTunnel' | LeftTerm #43924 wire #44154 | RightTerm #43921 wire #44101 | is_source True | owner 'FlatSequenceInnerTunnel'#43922 | err '' A '' B '' | errs 
   READ[OUT] uid 43605 -> self 'FlatSequenceOuterTunnel'#43605 cast 'FlatSequenceOuterTunnel' | OuterTerminal #43612 wire #25497 | InnerTerminal #43608 wire #44089 | is_source False | owner 'FlatSequenceOuterTunnel'#43605 | err '' A '' B '' | errs 
   READ[IN] uid 43922 -> self 'FlatSequenceInnerTunnel'#43922 cast 'FlatSequenceInnerTunnel' | LeftTerm #43921 wire #44101 | RightTerm #43924 wire #44154 | is_source False | owner 'FlatSequenceInnerTunnel'#43922 | err '' A '' B '' | errs 
   READ[IN] uid 44116 -> self 'FlatSequenceInnerTunnel'#44116 cast 'FlatSequenceInnerTunnel' | LeftTerm #44121 wire #44241 | RightTerm #44118 wire #44154 | is_source True | owner 'FlatSequenceInnerTunnel'#44119 | err '' A '' B '' | errs 
   READ[IN] uid 44119 -> self 'FlatSequenceInnerTunnel'#44119 cast 'FlatSequenceInnerTunnel' | LeftTerm #44118 wire #44154 | RightTerm #44121 wire #44241 | is_source False | owner 'FlatSequenceInnerTunnel'#44119 | err '' A '' B '' | errs 
   READ[OUT] uid 44160 -> self 'FlatSequenceOuterTunnel'#44160 cast 'FlatSequenceOuterTunnel' | OuterTerminal #44159 wire #44583 | InnerTerminal #44162 wire #44238 | is_source True | owner 'FlatSequenceOuterTunnel'#44160 | err '' A '' B '' | errs 
   READ[OUT] uid 44164 -> self 'FlatSequenceOuterTunnel'#44164 cast 'FlatSequenceOuterTunnel' | OuterTerminal #44163 wire #44688 | InnerTerminal #44166 wire #44235 | is_source True | owner 'FlatSequenceOuterTunnel'#44164 | err '' A '' B '' | errs 
   READ[IN] uid 466 -> self 'FlatSequenceInnerTunnel'#466 cast 'FlatSequenceInnerTunnel' | LeftTerm #5116 wire #7735 | RightTerm #481 wire #44583 | is_source True | owner 'FlatSequenceInnerTunnel'#4682 | err '' A '' B '' | errs 
   READ[IN] uid 5272 -> self 'FlatSequenceInnerTunnel'#5272 cast 'FlatSequenceInnerTunnel' | LeftTerm #5135 wire #7769 | RightTerm #5275 wire #5303 | is_source True | owner 'FlatSequenceInnerTunnel'#4637 | err '' A '' B '' | errs 
   READ[IN] uid 750 -> self 'FlatSequenceInnerTunnel'#750 cast 'FlatSequenceInnerTunnel' | LeftTerm #3085 wire #3105 | RightTerm #763 wire #1761 | is_source False | owner 'FlatSequenceInnerTunnel'#750 | err '' A '' B '' | errs 
   READ[IN] uid 1739 -> self 'FlatSequenceInnerTunnel'#1739 cast 'FlatSequenceInnerTunnel' | LeftTerm #1647 wire #1504 | RightTerm #1752 wire #1761 | is_source True | owner 'FlatSequenceInnerTunnel'#1643 | err '' A '' B '' | errs 
   READ[IN] uid 3606 -> self 'FlatSequenceInnerTunnel'#3606 cast 'FlatSequenceInnerTunnel' | LeftTerm #3598 wire #3584 | RightTerm #3609 wire #3618 | is_source True | owner 'FlatSequenceInnerTunnel'#3595 | err '' A '' B '' | errs 
   READ[IN] uid 1620 -> self 'FlatSequenceInnerTunnel'#1620 cast 'FlatSequenceInnerTunnel' | LeftTerm #1668 wire #1686 | RightTerm #1623 wire #3618 | is_source False | owner 'FlatSequenceInnerTunnel'#1620 | err '' A '' B '' | errs 
   READ[IN] uid 3754 -> self 'FlatSequenceInnerTunnel'#3754 cast 'FlatSequenceInnerTunnel' | LeftTerm #3732 wire #3720 | RightTerm #3761 wire #3769 | is_source True | owner 'FlatSequenceInnerTunnel'#3728 | err '' A '' B '' | errs 
   READ[IN] uid 3775 -> self 'FlatSequenceInnerTunnel'#3775 cast 'FlatSequenceInnerTunnel' | LeftTerm #3790 wire #3280 | RightTerm #3778 wire #3769 | is_source False | owner 'FlatSequenceInnerTunnel'#3775 | err '' A '' B '' | errs 
   READ[IN] uid 5965 -> self 'FlatSequenceInnerTunnel'#5965 cast 'FlatSequenceInnerTunnel' | LeftTerm #5623 wire #5595 | RightTerm #6069 wire #6915 | is_source True | owner 'FlatSequenceInnerTunnel'#5615 | err '' A '' B '' | errs 
   READ[IN] uid 6922 -> self 'FlatSequenceInnerTunnel'#6922 cast 'FlatSequenceInnerTunnel' | LeftTerm #7233 wire #7250 | RightTerm #6973 wire #6915 | is_source False | owner 'FlatSequenceInnerTunnel'#6922 | err '' A '' B '' | errs 
   READ[IN] uid 1464 -> self 'FlatSequenceInnerTunnel'#1464 cast 'FlatSequenceInnerTunnel' | LeftTerm #1163 wire #482 | RightTerm #1547 wire #1633 | is_source True | owner 'FlatSequenceInnerTunnel'#1155 | err '' A '' B '' | errs 
   READ[IN] uid 1788 -> self 'FlatSequenceInnerTunnel'#1788 cast 'FlatSequenceInnerTunnel' | LeftTerm #1926 wire #1997 | RightTerm #1800 wire #1633 | is_source False | owner 'FlatSequenceInnerTunnel'#1788 | err '' A '' B '' | errs 
   READ[IN] uid 5080 -> self 'FlatSequenceInnerTunnel'#5080 cast 'FlatSequenceInnerTunnel' | LeftTerm #5069 wire #5061 | RightTerm #5084 wire #5149 | is_source True | owner 'FlatSequenceInnerTunnel'#5067 | err '' A '' B '' | errs 
   READ[IN] uid 5155 -> self 'FlatSequenceInnerTunnel'#5155 cast 'FlatSequenceInnerTunnel' | LeftTerm #5168 wire #5176 | RightTerm #5158 wire #5149 | is_source False | owner 'FlatSequenceInnerTunnel'#5155 | err '' A '' B '' | errs 
   READ[IN] uid 4902 -> self 'FlatSequenceInnerTunnel'#4902 cast 'FlatSequenceInnerTunnel' | LeftTerm #4979 wire #5012 | RightTerm #4904 wire #5407 | is_source False | owner 'FlatSequenceInnerTunnel'#4902 | err '' A '' B '' | errs 
   READ[IN] uid 5393 -> self 'FlatSequenceInnerTunnel'#5393 cast 'FlatSequenceInnerTunnel' | LeftTerm #5382 wire #5371 | RightTerm #5396 wire #5407 | is_source True | owner 'FlatSequenceInnerTunnel'#5380 | err '' A '' B '' | errs 
   READ[IN] uid 446 -> self 'FlatSequenceInnerTunnel'#446 cast 'FlatSequenceInnerTunnel' | LeftTerm #475 wire #488 | RightTerm #453 wire #44688 | is_source True | owner 'FlatSequenceInnerTunnel'#471 | err '' A '' B '' | errs 
   READ[IN] uid 2290 -> self 'FlatSequenceInnerTunnel'#2290 cast 'FlatSequenceInnerTunnel' | LeftTerm #1905 wire #6171 | RightTerm #2617 wire #5759 | is_source True | owner 'FlatSequenceInnerTunnel'#1859 | err '' A '' B '' | errs 
   READ[IN] uid 5771 -> self 'FlatSequenceInnerTunnel'#5771 cast 'FlatSequenceInnerTunnel' | LeftTerm #5831 wire #6103 | RightTerm #5776 wire #5759 | is_source False | owner 'FlatSequenceInnerTunnel'#5771 | err '' A '' B '' | errs 
   READ[IN] uid 725 -> self 'FlatSequenceInnerTunnel'#725 cast 'FlatSequenceInnerTunnel' | LeftTerm #6188 wire #6203 | RightTerm #757 wire #6127 | is_source False | owner 'FlatSequenceInnerTunnel'#725 | err '' A '' B '' | errs 
   READ[IN] uid 6479 -> self 'FlatSequenceInnerTunnel'#6479 cast 'FlatSequenceInnerTunnel' | LeftTerm #6565 wire #6572 | RightTerm #6484 wire #6663 | is_source False | owner 'FlatSequenceInnerTunnel'#6479 | err '' A '' B '' | errs 
   READ[IN] uid 6654 -> self 'FlatSequenceInnerTunnel'#6654 cast 'FlatSequenceInnerTunnel' | LeftTerm #6648 wire #6642 | RightTerm #6656 wire #6663 | is_source True | owner 'FlatSequenceInnerTunnel'#6646 | err '' A '' B '' | errs 
   READ[IN] uid 7117 -> self 'FlatSequenceInnerTunnel'#7117 cast 'FlatSequenceInnerTunnel' | LeftTerm #7110 wire #7099 | RightTerm #7119 wire #7126 | is_source True | owner 'FlatSequenceInnerTunnel'#7107 | err '' A '' B '' | errs 
   READ[IN] uid 7130 -> self 'FlatSequenceInnerTunnel'#7130 cast 'FlatSequenceInnerTunnel' | LeftTerm #7142 wire #7152 | RightTerm #7132 wire #7126 | is_source False | owner 'FlatSequenceInnerTunnel'#7130 | err '' A '' B '' | errs 
   READ[IN] uid 9545 -> self 'FlatSequenceInnerTunnel'#9545 cast 'FlatSequenceInnerTunnel' | LeftTerm #9538 wire #9532 | RightTerm #9558 wire #9565 | is_source True | owner 'FlatSequenceInnerTunnel'#9536 | err '' A '' B '' | errs 
   READ[IN] uid 9569 -> self 'FlatSequenceInnerTunnel'#9569 cast 'FlatSequenceInnerTunnel' | LeftTerm #9579 wire #7318 | RightTerm #9571 wire #9565 | is_source False | owner 'FlatSequenceInnerTunnel'#9569 | err '' A '' B '' | errs 
   READ[IN] uid 27193 -> self 'FlatSequenceInnerTunnel'#27193 cast 'FlatSequenceInnerTunnel' | LeftTerm #27172 wire #27151 | RightTerm #27202 wire #27222 | is_source True | owner 'FlatSequenceInnerTunnel'#27163 | err '' A '' B '' | errs 
   READ[IN] uid 24984 -> self 'FlatSequenceInnerTunnel'#24984 cast 'FlatSequenceInnerTunnel' | LeftTerm #25021 wire #25045 | RightTerm #24987 wire #25497 | is_source False | owner 'FlatSequenceInnerTunnel'#24984 | err '' A '' B '' | errs 
   READ[IN] uid 4682 -> self 'FlatSequenceInnerTunnel'#4682 cast 'FlatSequenceInnerTunnel' | LeftTerm #481 wire #44583 | RightTerm #5116 wire #7735 | is_source False | owner 'FlatSequenceInnerTunnel'#4682 | err '' A '' B '' | errs 
   READ[IN] uid 7725 -> self 'FlatSequenceInnerTunnel'#7725 cast 'FlatSequenceInnerTunnel' | LeftTerm #387 wire #40 | RightTerm #7727 wire #7735 | is_source True | owner 'FlatSequenceInnerTunnel'#384 | err '' A '' B '' | errs 
   READ[IN] uid 4637 -> self 'FlatSequenceInnerTunnel'#4637 cast 'FlatSequenceInnerTunnel' | LeftTerm #5275 wire #5303 | RightTerm #5135 wire #7769 | is_source False | owner 'FlatSequenceInnerTunnel'#4637 | err '' A '' B '' | errs 
   READ[IN] uid 7759 -> self 'FlatSequenceInnerTunnel'#7759 cast 'FlatSequenceInnerTunnel' | LeftTerm #5254 wire #5246 | RightTerm #7761 wire #7769 | is_source True | owner 'FlatSequenceInnerTunnel'#5251 | err '' A '' B '' | errs 
   READ[IN] uid 1357 -> self 'FlatSequenceInnerTunnel'#1357 cast 'FlatSequenceInnerTunnel' | LeftTerm #1248 wire #3426 | RightTerm #1364 wire #1504 | is_source True | owner 'FlatSequenceInnerTunnel'#1242 | err '' A '' B '' | errs 
   READ[IN] uid 1643 -> self 'FlatSequenceInnerTunnel'#1643 cast 'FlatSequenceInnerTunnel' | LeftTerm #1752 wire #1761 | RightTerm #1647 wire #1504 | is_source False | owner 'FlatSequenceInnerTunnel'#1643 | err '' A '' B '' | errs 
   READ[IN] uid 3559 -> self 'FlatSequenceInnerTunnel'#3559 cast 'FlatSequenceInnerTunnel' | LeftTerm #1614 wire #3793 | RightTerm #3562 wire #3584 | is_source True | owner 'FlatSequenceInnerTunnel'#1612 | err '' A '' B '' | errs 
   READ[IN] uid 3595 -> self 'FlatSequenceInnerTunnel'#3595 cast 'FlatSequenceInnerTunnel' | LeftTerm #3609 wire #3618 | RightTerm #3598 wire #3584 | is_source False | owner 'FlatSequenceInnerTunnel'#3595 | err '' A '' B '' | errs 
   READ[IN] uid 3703 -> self 'FlatSequenceInnerTunnel'#3703 cast 'FlatSequenceInnerTunnel' | LeftTerm #3673 wire #3666 | RightTerm #3707 wire #3720 | is_source True | owner 'FlatSequenceInnerTunnel'#3671 | err '' A '' B '' | errs 
   READ[IN] uid 3728 -> self 'FlatSequenceInnerTunnel'#3728 cast 'FlatSequenceInnerTunnel' | LeftTerm #3761 wire #3769 | RightTerm #3732 wire #3720 | is_source False | owner 'FlatSequenceInnerTunnel'#3728 | err '' A '' B '' | errs 
   READ[IN] uid 888 -> self 'FlatSequenceInnerTunnel'#888 cast 'FlatSequenceInnerTunnel' | LeftTerm #151 wire #3427 | RightTerm #891 wire #482 | is_source True | owner 'FlatSequenceInnerTunnel'#123 | err '' A '' B '' | errs 
   READ[IN] uid 3451 -> self 'FlatSequenceInnerTunnel'#3451 cast 'FlatSequenceInnerTunnel' | LeftTerm #669 wire #7376 | RightTerm #3511 wire #5595 | is_source True | owner 'FlatSequenceInnerTunnel'#599 | err '' A '' B '' | errs 
   READ[IN] uid 5615 -> self 'FlatSequenceInnerTunnel'#5615 cast 'FlatSequenceInnerTunnel' | LeftTerm #6069 wire #6915 | RightTerm #5623 wire #5595 | is_source False | owner 'FlatSequenceInnerTunnel'#5615 | err '' A '' B '' | errs 
   READ[IN] uid 1155 -> self 'FlatSequenceInnerTunnel'#1155 cast 'FlatSequenceInnerTunnel' | LeftTerm #1547 wire #1633 | RightTerm #1163 wire #482 | is_source False | owner 'FlatSequenceInnerTunnel'#1155 | err '' A '' B '' | errs 
   READ[IN] uid 5047 -> self 'FlatSequenceInnerTunnel'#5047 cast 'FlatSequenceInnerTunnel' | LeftTerm #5008 wire #2332 | RightTerm #5049 wire #5061 | is_source True | owner 'FlatSequenceInnerTunnel'#5000 | err '' A '' B '' | errs 
   READ[IN] uid 5067 -> self 'FlatSequenceInnerTunnel'#5067 cast 'FlatSequenceInnerTunnel' | LeftTerm #5084 wire #5149 | RightTerm #5069 wire #5061 | is_source False | owner 'FlatSequenceInnerTunnel'#5067 | err '' A '' B '' | errs 
   READ[IN] uid 5339 -> self 'FlatSequenceInnerTunnel'#5339 cast 'FlatSequenceInnerTunnel' | LeftTerm #5321 wire #5312 | RightTerm #5348 wire #5371 | is_source True | owner 'FlatSequenceInnerTunnel'#5318 | err '' A '' B '' | errs 
   READ[IN] uid 5380 -> self 'FlatSequenceInnerTunnel'#5380 cast 'FlatSequenceInnerTunnel' | LeftTerm #5396 wire #5407 | RightTerm #5382 wire #5371 | is_source False | owner 'FlatSequenceInnerTunnel'#5380 | err '' A '' B '' | errs 
   READ[IN] uid 471 -> self 'FlatSequenceInnerTunnel'#471 cast 'FlatSequenceInnerTunnel' | LeftTerm #453 wire #44688 | RightTerm #475 wire #488 | is_source False | owner 'FlatSequenceInnerTunnel'#471 | err '' A '' B '' | errs 
   READ[IN] uid 494 -> self 'FlatSequenceInnerTunnel'#494 cast 'FlatSequenceInnerTunnel' | LeftTerm #523 wire #530 | RightTerm #496 wire #488 | is_source True | owner 'FlatSequenceInnerTunnel'#517 | err '' A '' B '' | errs 
   READ[IN] uid 1859 -> self 'FlatSequenceInnerTunnel'#1859 cast 'FlatSequenceInnerTunnel' | LeftTerm #2617 wire #5759 | RightTerm #1905 wire #6171 | is_source False | owner 'FlatSequenceInnerTunnel'#1859 | err '' A '' B '' | errs 
   READ[IN] uid 6162 -> self 'FlatSequenceInnerTunnel'#6162 cast 'FlatSequenceInnerTunnel' | LeftTerm #6155 wire #5770 | RightTerm #6164 wire #6171 | is_source True | owner 'FlatSequenceInnerTunnel'#5900 | err '' A '' B '' | errs 
   READ[IN] uid 6543 -> self 'FlatSequenceInnerTunnel'#6543 cast 'FlatSequenceInnerTunnel' | LeftTerm #6530 wire #6754 | RightTerm #6635 wire #6642 | is_source True | owner 'FlatSequenceInnerTunnel'#6502 | err '' A '' B '' | errs 
   READ[IN] uid 6646 -> self 'FlatSequenceInnerTunnel'#6646 cast 'FlatSequenceInnerTunnel' | LeftTerm #6656 wire #6663 | RightTerm #6648 wire #6642 | is_source False | owner 'FlatSequenceInnerTunnel'#6646 | err '' A '' B '' | errs 
   READ[IN] uid 7083 -> self 'FlatSequenceInnerTunnel'#7083 cast 'FlatSequenceInnerTunnel' | LeftTerm #7063 wire #7377 | RightTerm #7085 wire #7099 | is_source True | owner 'FlatSequenceInnerTunnel'#7061 | err '' A '' B '' | errs 
   READ[IN] uid 7107 -> self 'FlatSequenceInnerTunnel'#7107 cast 'FlatSequenceInnerTunnel' | LeftTerm #7119 wire #7126 | RightTerm #7110 wire #7099 | is_source False | owner 'FlatSequenceInnerTunnel'#7107 | err '' A '' B '' | errs 
   READ[IN] uid 9523 -> self 'FlatSequenceInnerTunnel'#9523 cast 'FlatSequenceInnerTunnel' | LeftTerm #9512 wire #9502 | RightTerm #9525 wire #9532 | is_source True | owner 'FlatSequenceInnerTunnel'#9509 | err '' A '' B '' | errs 
   READ[IN] uid 9536 -> self 'FlatSequenceInnerTunnel'#9536 cast 'FlatSequenceInnerTunnel' | LeftTerm #9558 wire #9565 | RightTerm #9538 wire #9532 | is_source False | owner 'FlatSequenceInnerTunnel'#9536 | err '' A '' B '' | errs 
   READ[IN] uid 27116 -> self 'FlatSequenceInnerTunnel'#27116 cast 'FlatSequenceInnerTunnel' | LeftTerm #27099 wire #27074 | RightTerm #27125 wire #27151 | is_source True | owner 'FlatSequenceInnerTunnel'#27087 | err '' A '' B '' | errs 
   READ[IN] uid 27163 -> self 'FlatSequenceInnerTunnel'#27163 cast 'FlatSequenceInnerTunnel' | LeftTerm #27202 wire #27222 | RightTerm #27172 wire #27151 | is_source False | owner 'FlatSequenceInnerTunnel'#27163 | err '' A '' B '' | errs 
   READ[IN] uid 384 -> self 'FlatSequenceInnerTunnel'#384 cast 'FlatSequenceInnerTunnel' | LeftTerm #7727 wire #7735 | RightTerm #387 wire #40 | is_source False | owner 'FlatSequenceInnerTunnel'#384 | err '' A '' B '' | errs 
   READ[IN] uid 4046 -> self 'FlatSequenceInnerTunnel'#4046 cast 'FlatSequenceInnerTunnel' | LeftTerm #4025 wire #4049 | RightTerm #4048 wire #4056 | is_source True | owner 'FlatSequenceInnerTunnel'#4021 | err '' A '' B '' | errs 
   READ[IN] uid 4096 -> self 'FlatSequenceInnerTunnel'#4096 cast 'FlatSequenceInnerTunnel' | LeftTerm #4082 wire #4239 | RightTerm #4098 wire #4105 | is_source True | owner 'FlatSequenceInnerTunnel'#4080 | err '' A '' B '' | errs 
   READ[IN] uid 5227 -> self 'FlatSequenceInnerTunnel'#5227 cast 'FlatSequenceInnerTunnel' | LeftTerm #5215 wire #4759 | RightTerm #5230 wire #5246 | is_source True | owner 'FlatSequenceInnerTunnel'#5213 | err '' A '' B '' | errs 
   READ[IN] uid 5251 -> self 'FlatSequenceInnerTunnel'#5251 cast 'FlatSequenceInnerTunnel' | LeftTerm #7761 wire #7769 | RightTerm #5254 wire #5246 | is_source False | owner 'FlatSequenceInnerTunnel'#5251 | err '' A '' B '' | errs 
   READ[IN] uid 1242 -> self 'FlatSequenceInnerTunnel'#1242 cast 'FlatSequenceInnerTunnel' | LeftTerm #1364 wire #1504 | RightTerm #1248 wire #3426 | is_source False | owner 'FlatSequenceInnerTunnel'#1242 | err '' A '' B '' | errs 
   READ[IN] uid 3353 -> self 'FlatSequenceInnerTunnel'#3353 cast 'FlatSequenceInnerTunnel' | LeftTerm #3321 wire #3266 | RightTerm #3378 wire #3426 | is_source True | owner 'FlatSequenceInnerTunnel'#3299 | err '' A '' B '' | errs 
   READ[IN] uid 1612 -> self 'FlatSequenceInnerTunnel'#1612 cast 'FlatSequenceInnerTunnel' | LeftTerm #3562 wire #3584 | RightTerm #1614 wire #3793 | is_source False | owner 'FlatSequenceInnerTunnel'#1612 | err '' A '' B '' | errs 
   READ[IN] uid 3764 -> self 'FlatSequenceInnerTunnel'#3764 cast 'FlatSequenceInnerTunnel' | LeftTerm #3758 wire #3746 | RightTerm #3773 wire #3793 | is_source True | owner 'FlatSequenceInnerTunnel'#3755 | err '' A '' B '' | errs 
   READ[IN] uid 3645 -> self 'FlatSequenceInnerTunnel'#3645 cast 'FlatSequenceInnerTunnel' | LeftTerm #320 wire #3873 | RightTerm #3649 wire #3666 | is_source True | owner 'FlatSequenceInnerTunnel'#317 | err '' A '' B '' | errs 
   READ[IN] uid 3671 -> self 'FlatSequenceInnerTunnel'#3671 cast 'FlatSequenceInnerTunnel' | LeftTerm #3707 wire #3720 | RightTerm #3673 wire #3666 | is_source False | owner 'FlatSequenceInnerTunnel'#3671 | err '' A '' B '' | errs 
   READ[IN] uid 123 -> self 'FlatSequenceInnerTunnel'#123 cast 'FlatSequenceInnerTunnel' | LeftTerm #891 wire #482 | RightTerm #151 wire #3427 | is_source False | owner 'FlatSequenceInnerTunnel'#123 | err '' A '' B '' | errs 
   READ[IN] uid 8094 -> self 'FlatSequenceInnerTunnel'#8094 cast 'FlatSequenceInnerTunnel' | LeftTerm #8078 wire #3207 | RightTerm #8096 wire #3427 | is_source True | owner 'FlatSequenceInnerTunnel'#8071 | err '' A '' B '' | errs 
   READ[IN] uid 599 -> self 'FlatSequenceInnerTunnel'#599 cast 'FlatSequenceInnerTunnel' | LeftTerm #3511 wire #5595 | RightTerm #669 wire #7376 | is_source False | owner 'FlatSequenceInnerTunnel'#599 | err '' A '' B '' | errs 
   READ[IN] uid 7362 -> self 'FlatSequenceInnerTunnel'#7362 cast 'FlatSequenceInnerTunnel' | LeftTerm #7352 wire #7321 | RightTerm #7365 wire #7376 | is_source True | owner 'FlatSequenceInnerTunnel'#7346 | err '' A '' B '' | errs 
   READ[IN] uid 5000 -> self 'FlatSequenceInnerTunnel'#5000 cast 'FlatSequenceInnerTunnel' | LeftTerm #5049 wire #5061 | RightTerm #5008 wire #2332 | is_source False | owner 'FlatSequenceInnerTunnel'#5000 | err '' A '' B '' | errs 
   READ[IN] uid 5286 -> self 'FlatSequenceInnerTunnel'#5286 cast 'FlatSequenceInnerTunnel' | LeftTerm #5273 wire #5264 | RightTerm #5289 wire #2332 | is_source True | owner 'FlatSequenceInnerTunnel'#5269 | err '' A '' B '' | errs 
   READ[IN] uid 5298 -> self 'FlatSequenceInnerTunnel'#5298 cast 'FlatSequenceInnerTunnel' | LeftTerm #5179 wire #5508 | RightTerm #5301 wire #5312 | is_source True | owner 'FlatSequenceInnerTunnel'#5167 | err '' A '' B '' | errs 
   READ[IN] uid 5318 -> self 'FlatSequenceInnerTunnel'#5318 cast 'FlatSequenceInnerTunnel' | LeftTerm #5348 wire #5371 | RightTerm #5321 wire #5312 | is_source False | owner 'FlatSequenceInnerTunnel'#5318 | err '' A '' B '' | errs 
   READ[IN] uid 517 -> self 'FlatSequenceInnerTunnel'#517 cast 'FlatSequenceInnerTunnel' | LeftTerm #496 wire #488 | RightTerm #523 wire #530 | is_source False | owner 'FlatSequenceInnerTunnel'#517 | err '' A '' B '' | errs 
   READ[IN] uid 5717 -> self 'FlatSequenceInnerTunnel'#5717 cast 'FlatSequenceInnerTunnel' | LeftTerm #5344 wire #5316 | RightTerm #5726 wire #5770 | is_source True | owner 'FlatSequenceInnerTunnel'#5334 | err '' A '' B '' | errs 
   READ[IN] uid 5900 -> self 'FlatSequenceInnerTunnel'#5900 cast 'FlatSequenceInnerTunnel' | LeftTerm #6164 wire #6171 | RightTerm #6155 wire #5770 | is_source False | owner 'FlatSequenceInnerTunnel'#5900 | err '' A '' B '' | errs 
   READ[IN] uid 6502 -> self 'FlatSequenceInnerTunnel'#6502 cast 'FlatSequenceInnerTunnel' | LeftTerm #6635 wire #6642 | RightTerm #6530 wire #6754 | is_source False | owner 'FlatSequenceInnerTunnel'#6502 | err '' A '' B '' | errs 
   READ[IN] uid 6745 -> self 'FlatSequenceInnerTunnel'#6745 cast 'FlatSequenceInnerTunnel' | LeftTerm #6739 wire #6715 | RightTerm #6747 wire #6754 | is_source True | owner 'FlatSequenceInnerTunnel'#6735 | err '' A '' B '' | errs 
   READ[IN] uid 7061 -> self 'FlatSequenceInnerTunnel'#7061 cast 'FlatSequenceInnerTunnel' | LeftTerm #7085 wire #7099 | RightTerm #7063 wire #7377 | is_source False | owner 'FlatSequenceInnerTunnel'#7061 | err '' A '' B '' | errs 
   READ[IN] uid 7349 -> self 'FlatSequenceInnerTunnel'#7349 cast 'FlatSequenceInnerTunnel' | LeftTerm #7197 wire #7191 | RightTerm #7359 wire #7377 | is_source True | owner 'FlatSequenceInnerTunnel'#7195 | err '' A '' B '' | errs 
   READ[IN] uid 9492 -> self 'FlatSequenceInnerTunnel'#9492 cast 'FlatSequenceInnerTunnel' | LeftTerm #9485 wire #9471 | RightTerm #9494 wire #9502 | is_source True | owner 'FlatSequenceInnerTunnel'#9483 | err '' A '' B '' | errs 
   READ[IN] uid 9509 -> self 'FlatSequenceInnerTunnel'#9509 cast 'FlatSequenceInnerTunnel' | LeftTerm #9525 wire #9532 | RightTerm #9512 wire #9502 | is_source False | owner 'FlatSequenceInnerTunnel'#9509 | err '' A '' B '' | errs 
   READ[IN] uid 27065 -> self 'FlatSequenceInnerTunnel'#27065 cast 'FlatSequenceInnerTunnel' | LeftTerm #27059 wire #27053 | RightTerm #27067 wire #27074 | is_source True | owner 'FlatSequenceInnerTunnel'#27057 | err '' A '' B '' | errs 
   READ[IN] uid 27087 -> self 'FlatSequenceInnerTunnel'#27087 cast 'FlatSequenceInnerTunnel' | LeftTerm #27125 wire #27151 | RightTerm #27099 wire #27074 | is_source False | owner 'FlatSequenceInnerTunnel'#27087 | err '' A '' B '' | errs 
   READ[IN] uid 23987 -> self 'FlatSequenceInnerTunnel'#23987 cast 'FlatSequenceInnerTunnel' | LeftTerm #23972 wire #23960 | RightTerm #23994 wire #24006 | is_source True | owner 'FlatSequenceInnerTunnel'#23967 | err '' A '' B '' | errs 
   READ[IN] uid 25005 -> self 'FlatSequenceInnerTunnel'#25005 cast 'FlatSequenceInnerTunnel' | LeftTerm #24994 wire #24982 | RightTerm #25008 wire #25018 | is_source True | owner 'FlatSequenceInnerTunnel'#24990 | err '' A '' B '' | errs 
   READ[IN] uid 4021 -> self 'FlatSequenceInnerTunnel'#4021 cast 'FlatSequenceInnerTunnel' | LeftTerm #4048 wire #4056 | RightTerm #4025 wire #4049 | is_source False | owner 'FlatSequenceInnerTunnel'#4021 | err '' A '' B '' | errs 
   READ[IN] uid 4080 -> self 'FlatSequenceInnerTunnel'#4080 cast 'FlatSequenceInnerTunnel' | LeftTerm #4098 wire #4105 | RightTerm #4082 wire #4239 | is_source False | owner 'FlatSequenceInnerTunnel'#4080 | err '' A '' B '' | errs 
   READ[IN] uid 4015 -> self 'FlatSequenceInnerTunnel'#4015 cast 'FlatSequenceInnerTunnel' | LeftTerm #4964 wire #7082 | RightTerm #4026 wire #4049 | is_source True | owner 'FlatSequenceInnerTunnel'#4652 | err '' A '' B '' | errs 
   READ[IN] uid 4220 -> self 'FlatSequenceInnerTunnel'#4220 cast 'FlatSequenceInnerTunnel' | LeftTerm #4976 wire #7112 | RightTerm #4223 wire #4239 | is_source True | owner 'FlatSequenceInnerTunnel'#4649 | err '' A '' B '' | errs 
   READ[IN] uid 4741 -> self 'FlatSequenceInnerTunnel'#4741 cast 'FlatSequenceInnerTunnel' | LeftTerm #4991 wire #7164 | RightTerm #4744 wire #4759 | is_source True | owner 'FlatSequenceInnerTunnel'#4629 | err '' A '' B '' | errs 
   READ[IN] uid 5213 -> self 'FlatSequenceInnerTunnel'#5213 cast 'FlatSequenceInnerTunnel' | LeftTerm #5230 wire #5246 | RightTerm #5215 wire #4759 | is_source False | owner 'FlatSequenceInnerTunnel'#5213 | err '' A '' B '' | errs 
   READ[IN] uid 3199 -> self 'FlatSequenceInnerTunnel'#3199 cast 'FlatSequenceInnerTunnel' | LeftTerm #5039 wire #7257 | RightTerm #3212 wire #3266 | is_source True | owner 'FlatSequenceInnerTunnel'#4528 | err '' A '' B '' | errs 
   READ[IN] uid 3299 -> self 'FlatSequenceInnerTunnel'#3299 cast 'FlatSequenceInnerTunnel' | LeftTerm #3378 wire #3426 | RightTerm #3321 wire #3266 | is_source False | owner 'FlatSequenceInnerTunnel'#3299 | err '' A '' B '' | errs 
   READ[IN] uid 3713 -> self 'FlatSequenceInnerTunnel'#3713 cast 'FlatSequenceInnerTunnel' | LeftTerm #5046 wire #7285 | RightTerm #3718 wire #3746 | is_source True | owner 'FlatSequenceInnerTunnel'#4512 | err '' A '' B '' | errs 
   READ[IN] uid 3755 -> self 'FlatSequenceInnerTunnel'#3755 cast 'FlatSequenceInnerTunnel' | LeftTerm #3773 wire #3793 | RightTerm #3758 wire #3746 | is_source False | owner 'FlatSequenceInnerTunnel'#3755 | err '' A '' B '' | errs 
   READ[IN] uid 317 -> self 'FlatSequenceInnerTunnel'#317 cast 'FlatSequenceInnerTunnel' | LeftTerm #3649 wire #3666 | RightTerm #320 wire #3873 | is_source False | owner 'FlatSequenceInnerTunnel'#317 | err '' A '' B '' | errs 
   READ[IN] uid 3830 -> self 'FlatSequenceInnerTunnel'#3830 cast 'FlatSequenceInnerTunnel' | LeftTerm #5051 wire #7331 | RightTerm #3842 wire #3873 | is_source True | owner 'FlatSequenceInnerTunnel'#4484 | err '' A '' B '' | errs 
   READ[IN] uid 2952 -> self 'FlatSequenceInnerTunnel'#2952 cast 'FlatSequenceInnerTunnel' | LeftTerm #5070 wire #7457 | RightTerm #2959 wire #3207 | is_source True | owner 'FlatSequenceInnerTunnel'#4400 | err '' A '' B '' | errs 
   READ[IN] uid 8071 -> self 'FlatSequenceInnerTunnel'#8071 cast 'FlatSequenceInnerTunnel' | LeftTerm #8096 wire #3427 | RightTerm #8078 wire #3207 | is_source False | owner 'FlatSequenceInnerTunnel'#8071 | err '' A '' B '' | errs 
   READ[IN] uid 1550 -> self 'FlatSequenceInnerTunnel'#1550 cast 'FlatSequenceInnerTunnel' | LeftTerm #5075 wire #7525 | RightTerm #1559 wire #7321 | is_source True | owner 'FlatSequenceInnerTunnel'#4386 | err '' A '' B '' | errs 
   READ[IN] uid 7346 -> self 'FlatSequenceInnerTunnel'#7346 cast 'FlatSequenceInnerTunnel' | LeftTerm #7365 wire #7376 | RightTerm #7352 wire #7321 | is_source False | owner 'FlatSequenceInnerTunnel'#7346 | err '' A '' B '' | errs 
   READ[IN] uid 8582 -> self 'FlatSequenceInnerTunnel'#8582 cast 'FlatSequenceInnerTunnel' | LeftTerm #5088 wire #7630 | RightTerm #8587 wire #9397 | is_source True | owner 'FlatSequenceInnerTunnel'#4352 | err '' A '' B '' | errs 
   READ[IN] uid 5144 -> self 'FlatSequenceInnerTunnel'#5144 cast 'FlatSequenceInnerTunnel' | LeftTerm #5103 wire #1460 | RightTerm #5245 wire #5264 | is_source True | owner 'FlatSequenceInnerTunnel'#3027 | err '' A '' B '' | errs 
   READ[IN] uid 5269 -> self 'FlatSequenceInnerTunnel'#5269 cast 'FlatSequenceInnerTunnel' | LeftTerm #5289 wire #2332 | RightTerm #5273 wire #5264 | is_source False | owner 'FlatSequenceInnerTunnel'#5269 | err '' A '' B '' | errs 
   READ[IN] uid 5734 -> self 'FlatSequenceInnerTunnel'#5734 cast 'FlatSequenceInnerTunnel' | LeftTerm #5720 wire #5845 | RightTerm #5736 wire #5743 | is_source True | owner 'FlatSequenceInnerTunnel'#5718 | err '' A '' B '' | errs 
   READ[IN] uid 5167 -> self 'FlatSequenceInnerTunnel'#5167 cast 'FlatSequenceInnerTunnel' | LeftTerm #5301 wire #5312 | RightTerm #5179 wire #5508 | is_source False | owner 'FlatSequenceInnerTunnel'#5167 | err '' A '' B '' | errs 
   READ[IN] uid 5499 -> self 'FlatSequenceInnerTunnel'#5499 cast 'FlatSequenceInnerTunnel' | LeftTerm #5472 wire #5585 | RightTerm #5501 wire #5508 | is_source True | owner 'FlatSequenceInnerTunnel'#5469 | err '' A '' B '' | errs 
   READ[IN] uid 3314 -> self 'FlatSequenceInnerTunnel'#3314 cast 'FlatSequenceInnerTunnel' | LeftTerm #3194 wire #6222 | RightTerm #3319 wire #5316 | is_source True | owner 'FlatSequenceInnerTunnel'#3131 | err '' A '' B '' | errs 
   READ[IN] uid 5334 -> self 'FlatSequenceInnerTunnel'#5334 cast 'FlatSequenceInnerTunnel' | LeftTerm #5726 wire #5770 | RightTerm #5344 wire #5316 | is_source False | owner 'FlatSequenceInnerTunnel'#5334 | err '' A '' B '' | errs 
   READ[IN] uid 6698 -> self 'FlatSequenceInnerTunnel'#6698 cast 'FlatSequenceInnerTunnel' | LeftTerm #6685 wire #6797 | RightTerm #6701 wire #6715 | is_source True | owner 'FlatSequenceInnerTunnel'#6549 | err '' A '' B '' | errs 
   READ[IN] uid 6735 -> self 'FlatSequenceInnerTunnel'#6735 cast 'FlatSequenceInnerTunnel' | LeftTerm #6747 wire #6754 | RightTerm #6739 wire #6715 | is_source False | owner 'FlatSequenceInnerTunnel'#6735 | err '' A '' B '' | errs 
   READ[IN] uid 7182 -> self 'FlatSequenceInnerTunnel'#7182 cast 'FlatSequenceInnerTunnel' | LeftTerm #7168 wire #7407 | RightTerm #7184 wire #7191 | is_source True | owner 'FlatSequenceInnerTunnel'#7166 | err '' A '' B '' | errs 
   READ[IN] uid 7195 -> self 'FlatSequenceInnerTunnel'#7195 cast 'FlatSequenceInnerTunnel' | LeftTerm #7359 wire #7377 | RightTerm #7197 wire #7191 | is_source False | owner 'FlatSequenceInnerTunnel'#7195 | err '' A '' B '' | errs 
   READ[IN] uid 9461 -> self 'FlatSequenceInnerTunnel'#9461 cast 'FlatSequenceInnerTunnel' | LeftTerm #9446 wire #9682 | RightTerm #9464 wire #9471 | is_source True | owner 'FlatSequenceInnerTunnel'#9444 | err '' A '' B '' | errs 
   READ[IN] uid 9483 -> self 'FlatSequenceInnerTunnel'#9483 cast 'FlatSequenceInnerTunnel' | LeftTerm #9494 wire #9502 | RightTerm #9485 wire #9471 | is_source False | owner 'FlatSequenceInnerTunnel'#9483 | err '' A '' B '' | errs 
   READ[IN] uid 27044 -> self 'FlatSequenceInnerTunnel'#27044 cast 'FlatSequenceInnerTunnel' | LeftTerm #27030 wire #27472 | RightTerm #27046 wire #27053 | is_source True | owner 'FlatSequenceInnerTunnel'#27028 | err '' A '' B '' | errs 
   READ[IN] uid 27057 -> self 'FlatSequenceInnerTunnel'#27057 cast 'FlatSequenceInnerTunnel' | LeftTerm #27067 wire #27074 | RightTerm #27059 wire #27053 | is_source False | owner 'FlatSequenceInnerTunnel'#27057 | err '' A '' B '' | errs 
   READ[IN] uid 23930 -> self 'FlatSequenceInnerTunnel'#23930 cast 'FlatSequenceInnerTunnel' | LeftTerm #23883 wire #23865 | RightTerm #23945 wire #23960 | is_source True | owner 'FlatSequenceInnerTunnel'#23877 | err '' A '' B '' | errs 
   READ[IN] uid 23967 -> self 'FlatSequenceInnerTunnel'#23967 cast 'FlatSequenceInnerTunnel' | LeftTerm #23994 wire #24006 | RightTerm #23972 wire #23960 | is_source False | owner 'FlatSequenceInnerTunnel'#23967 | err '' A '' B '' | errs 
   READ[IN] uid 24967 -> self 'FlatSequenceInnerTunnel'#24967 cast 'FlatSequenceInnerTunnel' | LeftTerm #24939 wire #25026 | RightTerm #24970 wire #24982 | is_source True | owner 'FlatSequenceInnerTunnel'#24936 | err '' A '' B '' | errs 
   READ[IN] uid 24990 -> self 'FlatSequenceInnerTunnel'#24990 cast 'FlatSequenceInnerTunnel' | LeftTerm #25008 wire #25018 | RightTerm #24994 wire #24982 | is_source False | owner 'FlatSequenceInnerTunnel'#24990 | err '' A '' B '' | errs 
   READ[IN] uid 6967 -> self 'FlatSequenceInnerTunnel'#6967 cast 'FlatSequenceInnerTunnel' | LeftTerm #539 wire #2394 | RightTerm #6970 wire #25026 | is_source True | owner 'FlatSequenceInnerTunnel'#656 | err '' A '' B '' | errs 
   READ[IN] uid 6991 -> self 'FlatSequenceInnerTunnel'#6991 cast 'FlatSequenceInnerTunnel' | LeftTerm #542 wire #694 | RightTerm #6993 wire #23865 | is_source True | owner 'FlatSequenceInnerTunnel'#625 | err '' A '' B '' | errs 
   READ[IN] uid 4652 -> self 'FlatSequenceInnerTunnel'#4652 cast 'FlatSequenceInnerTunnel' | LeftTerm #4026 wire #4049 | RightTerm #4964 wire #7082 | is_source False | owner 'FlatSequenceInnerTunnel'#4652 | err '' A '' B '' | errs 
   READ[IN] uid 7069 -> self 'FlatSequenceInnerTunnel'#7069 cast 'FlatSequenceInnerTunnel' | LeftTerm #3976 wire #3968 | RightTerm #7071 wire #7082 | is_source True | owner 'FlatSequenceInnerTunnel'#3974 | err '' A '' B '' | errs 
   READ[IN] uid 4649 -> self 'FlatSequenceInnerTunnel'#4649 cast 'FlatSequenceInnerTunnel' | LeftTerm #4223 wire #4239 | RightTerm #4976 wire #7112 | is_source False | owner 'FlatSequenceInnerTunnel'#4649 | err '' A '' B '' | errs 
   READ[IN] uid 7090 -> self 'FlatSequenceInnerTunnel'#7090 cast 'FlatSequenceInnerTunnel' | LeftTerm #4200 wire #4185 | RightTerm #7094 wire #7112 | is_source True | owner 'FlatSequenceInnerTunnel'#4194 | err '' A '' B '' | errs 
   READ[IN] uid 4629 -> self 'FlatSequenceInnerTunnel'#4629 cast 'FlatSequenceInnerTunnel' | LeftTerm #4744 wire #4759 | RightTerm #4991 wire #7164 | is_source False | owner 'FlatSequenceInnerTunnel'#4629 | err '' A '' B '' | errs 
   READ[IN] uid 7140 -> self 'FlatSequenceInnerTunnel'#7140 cast 'FlatSequenceInnerTunnel' | LeftTerm #4714 wire #5104 | RightTerm #7146 wire #7164 | is_source True | owner 'FlatSequenceInnerTunnel'#4693 | err '' A '' B '' | errs 
   READ[IN] uid 4528 -> self 'FlatSequenceInnerTunnel'#4528 cast 'FlatSequenceInnerTunnel' | LeftTerm #3212 wire #3266 | RightTerm #5039 wire #7257 | is_source False | owner 'FlatSequenceInnerTunnel'#4528 | err '' A '' B '' | errs 
   READ[IN] uid 7239 -> self 'FlatSequenceInnerTunnel'#7239 cast 'FlatSequenceInnerTunnel' | LeftTerm #2495 wire #2362 | RightTerm #7243 wire #7257 | is_source True | owner 'FlatSequenceInnerTunnel'#2484 | err '' A '' B '' | errs 
   READ[IN] uid 4512 -> self 'FlatSequenceInnerTunnel'#4512 cast 'FlatSequenceInnerTunnel' | LeftTerm #3718 wire #3746 | RightTerm #5046 wire #7285 | is_source False | owner 'FlatSequenceInnerTunnel'#4512 | err '' A '' B '' | errs 
   READ[IN] uid 7264 -> self 'FlatSequenceInnerTunnel'#7264 cast 'FlatSequenceInnerTunnel' | LeftTerm #3677 wire #3668 | RightTerm #7266 wire #7285 | is_source True | owner 'FlatSequenceInnerTunnel'#3675 | err '' A '' B '' | errs 
   READ[IN] uid 4484 -> self 'FlatSequenceInnerTunnel'#4484 cast 'FlatSequenceInnerTunnel' | LeftTerm #3842 wire #3873 | RightTerm #5051 wire #7331 | is_source False | owner 'FlatSequenceInnerTunnel'#4484 | err '' A '' B '' | errs 
   READ[IN] uid 7301 -> self 'FlatSequenceInnerTunnel'#7301 cast 'FlatSequenceInnerTunnel' | LeftTerm #1751 wire #21 | RightTerm #7308 wire #7331 | is_source True | owner 'FlatSequenceInnerTunnel'#1748 | err '' A '' B '' | errs 
   READ[IN] uid 4400 -> self 'FlatSequenceInnerTunnel'#4400 cast 'FlatSequenceInnerTunnel' | LeftTerm #2959 wire #3207 | RightTerm #5070 wire #7457 | is_source False | owner 'FlatSequenceInnerTunnel'#4400 | err '' A '' B '' | errs 
   READ[IN] uid 7422 -> self 'FlatSequenceInnerTunnel'#7422 cast 'FlatSequenceInnerTunnel' | LeftTerm #2892 wire #2731 | RightTerm #7428 wire #7457 | is_source True | owner 'FlatSequenceInnerTunnel'#2886 | err '' A '' B '' | errs 
   READ[IN] uid 4386 -> self 'FlatSequenceInnerTunnel'#4386 cast 'FlatSequenceInnerTunnel' | LeftTerm #1559 wire #7321 | RightTerm #5075 wire #7525 | is_source False | owner 'FlatSequenceInnerTunnel'#4386 | err '' A '' B '' | errs 
   READ[IN] uid 7489 -> self 'FlatSequenceInnerTunnel'#7489 cast 'FlatSequenceInnerTunnel' | LeftTerm #954 wire #7478 | RightTerm #7498 wire #7525 | is_source True | owner 'FlatSequenceInnerTunnel'#896 | err '' A '' B '' | errs 
   READ[IN] uid 4352 -> self 'FlatSequenceInnerTunnel'#4352 cast 'FlatSequenceInnerTunnel' | LeftTerm #8587 wire #9397 | RightTerm #5088 wire #7630 | is_source False | owner 'FlatSequenceInnerTunnel'#4352 | err '' A '' B '' | errs 
   READ[IN] uid 7599 -> self 'FlatSequenceInnerTunnel'#7599 cast 'FlatSequenceInnerTunnel' | LeftTerm #6247 wire #8590 | RightTerm #7603 wire #7630 | is_source True | owner 'FlatSequenceInnerTunnel'#6239 | err '' A '' B '' | errs 
   READ[IN] uid 3027 -> self 'FlatSequenceInnerTunnel'#3027 cast 'FlatSequenceInnerTunnel' | LeftTerm #5245 wire #5264 | RightTerm #5103 wire #1460 | is_source False | owner 'FlatSequenceInnerTunnel'#3027 | err '' A '' B '' | errs 
   READ[IN] uid 5250 -> self 'FlatSequenceInnerTunnel'#5250 cast 'FlatSequenceInnerTunnel' | LeftTerm #5186 wire #5174 | RightTerm #5260 wire #5297 | is_source True | owner 'FlatSequenceInnerTunnel'#5183 | err '' A '' B '' | errs 
   READ[IN] uid 5697 -> self 'FlatSequenceInnerTunnel'#5697 cast 'FlatSequenceInnerTunnel' | LeftTerm #5671 wire #5336 | RightTerm #5699 wire #5706 | is_source True | owner 'FlatSequenceInnerTunnel'#5669 | err '' A '' B '' | errs 
   READ[IN] uid 5718 -> self 'FlatSequenceInnerTunnel'#5718 cast 'FlatSequenceInnerTunnel' | LeftTerm #5736 wire #5743 | RightTerm #5720 wire #5845 | is_source False | owner 'FlatSequenceInnerTunnel'#5718 | err '' A '' B '' | errs 
   READ[IN] uid 5836 -> self 'FlatSequenceInnerTunnel'#5836 cast 'FlatSequenceInnerTunnel' | LeftTerm #5820 wire #5812 | RightTerm #5838 wire #5845 | is_source True | owner 'FlatSequenceInnerTunnel'#5818 | err '' A '' B '' | errs 
   READ[IN] uid 3146 -> self 'FlatSequenceInnerTunnel'#3146 cast 'FlatSequenceInnerTunnel' | LeftTerm #2934 wire #2641 | RightTerm #3151 wire #3386 | is_source True | owner 'FlatSequenceInnerTunnel'#2932 | err '' A '' B '' | errs 
   READ[IN] uid 5311 -> self 'FlatSequenceInnerTunnel'#5311 cast 'FlatSequenceInnerTunnel' | LeftTerm #5293 wire #5265 | RightTerm #5315 wire #5337 | is_source True | owner 'FlatSequenceInnerTunnel'#5287 | err '' A '' B '' | errs 
   READ[IN] uid 5469 -> self 'FlatSequenceInnerTunnel'#5469 cast 'FlatSequenceInnerTunnel' | LeftTerm #5501 wire #5508 | RightTerm #5472 wire #5585 | is_source False | owner 'FlatSequenceInnerTunnel'#5469 | err '' A '' B '' | errs 
   READ[IN] uid 5679 -> self 'FlatSequenceInnerTunnel'#5679 cast 'FlatSequenceInnerTunnel' | LeftTerm #5661 wire #5786 | RightTerm #5682 wire #5694 | is_source True | owner 'FlatSequenceInnerTunnel'#5659 | err '' A '' B '' | errs 
   READ[IN] uid 6002 -> self 'FlatSequenceInnerTunnel'#6002 cast 'FlatSequenceInnerTunnel' | LeftTerm #5958 wire #4029 | RightTerm #6010 wire #6040 | is_source True | owner 'FlatSequenceInnerTunnel'#5952 | err '' A '' B '' | errs 
   READ[IN] uid 3888 -> self 'FlatSequenceInnerTunnel'#3888 cast 'FlatSequenceInnerTunnel' | LeftTerm #3868 wire #3853 | RightTerm #3892 wire #5585 | is_source True | owner 'FlatSequenceInnerTunnel'#3862 | err '' A '' B '' | errs 
   READ[IN] uid 1712 -> self 'FlatSequenceInnerTunnel'#1712 cast 'FlatSequenceInnerTunnel' | LeftTerm #1692 wire #1678 | RightTerm #1714 wire #25026 | is_source True | owner 'FlatSequenceInnerTunnel'#1690 | err '' A '' B '' | errs 
   READ[IN] uid 3131 -> self 'FlatSequenceInnerTunnel'#3131 cast 'FlatSequenceInnerTunnel' | LeftTerm #3319 wire #5316 | RightTerm #3194 wire #6222 | is_source False | owner 'FlatSequenceInnerTunnel'#3131 | err '' A '' B '' | errs 
   READ[IN] uid 6211 -> self 'FlatSequenceInnerTunnel'#6211 cast 'FlatSequenceInnerTunnel' | LeftTerm #3282 wire #6197 | RightTerm #6213 wire #6222 | is_source True | owner 'FlatSequenceInnerTunnel'#3273 | err '' A '' B '' | errs 
   READ[IN] uid 6549 -> self 'FlatSequenceInnerTunnel'#6549 cast 'FlatSequenceInnerTunnel' | LeftTerm #6701 wire #6715 | RightTerm #6685 wire #6797 | is_source False | owner 'FlatSequenceInnerTunnel'#6549 | err '' A '' B '' | errs 
   READ[IN] uid 6788 -> self 'FlatSequenceInnerTunnel'#6788 cast 'FlatSequenceInnerTunnel' | LeftTerm #6775 wire #0 | RightTerm #6790 wire #6797 | is_source True | owner 'FlatSequenceInnerTunnel'#6555 | err '' A '' B '' | errs error 1055: Property Node in OpFsInnerTunnelTerm_v0.vi
   READ[IN] uid 7166 -> self 'FlatSequenceInnerTunnel'#7166 cast 'FlatSequenceInnerTunnel' | LeftTerm #7184 wire #7191 | RightTerm #7168 wire #7407 | is_source False | owner 'FlatSequenceInnerTunnel'#7166 | err '' A '' B '' | errs 
   READ[IN] uid 7234 -> self 'FlatSequenceInnerTunnel'#7234 cast 'FlatSequenceInnerTunnel' | LeftTerm #7215 wire #0 | RightTerm #7241 wire #7407 | is_source True | owner 'FlatSequenceInnerTunnel'#7212 | err '' A '' B '' | errs error 1055: Property Node in OpFsInnerTunnelTerm_v0.vi
   READ[IN] uid 9441 -> self 'FlatSequenceInnerTunnel'#9441 cast 'FlatSequenceInnerTunnel' | LeftTerm #9428 wire #9415 | RightTerm #9443 wire #1460 | is_source True | owner 'FlatSequenceInnerTunnel'#9426 | err '' A '' B '' | errs 
   READ[IN] uid 9444 -> self 'FlatSequenceInnerTunnel'#9444 cast 'FlatSequenceInnerTunnel' | LeftTerm #9464 wire #9471 | RightTerm #9446 wire #9682 | is_source False | owner 'FlatSequenceInnerTunnel'#9444 | err '' A '' B '' | errs 
   READ[IN] uid 9673 -> self 'FlatSequenceInnerTunnel'#9673 cast 'FlatSequenceInnerTunnel' | LeftTerm #9657 wire #9649 | RightTerm #9675 wire #9682 | is_source True | owner 'FlatSequenceInnerTunnel'#9655 | err '' A '' B '' | errs 
   READ[IN] uid 27028 -> self 'FlatSequenceInnerTunnel'#27028 cast 'FlatSequenceInnerTunnel' | LeftTerm #27046 wire #27053 | RightTerm #27030 wire #27472 | is_source False | owner 'FlatSequenceInnerTunnel'#27028 | err '' A '' B '' | errs 
   READ[IN] uid 27456 -> self 'FlatSequenceInnerTunnel'#27456 cast 'FlatSequenceInnerTunnel' | LeftTerm #27443 wire #27745 | RightTerm #27458 wire #27472 | is_source True | owner 'FlatSequenceInnerTunnel'#27441 | err '' A '' B '' | errs 
   READ[IN] uid 23877 -> self 'FlatSequenceInnerTunnel'#23877 cast 'FlatSequenceInnerTunnel' | LeftTerm #23945 wire #23960 | RightTerm #23883 wire #23865 | is_source False | owner 'FlatSequenceInnerTunnel'#23877 | err '' A '' B '' | errs 
   READ[IN] uid 24936 -> self 'FlatSequenceInnerTunnel'#24936 cast 'FlatSequenceInnerTunnel' | LeftTerm #24970 wire #24982 | RightTerm #24939 wire #25026 | is_source False | owner 'FlatSequenceInnerTunnel'#24936 | err '' A '' B '' | errs 
   READ[IN] uid 31726 -> self 'FlatSequenceInnerTunnel'#31726 cast 'FlatSequenceInnerTunnel' | LeftTerm #31696 wire #32344 | RightTerm #31731 wire #31742 | is_source True | owner 'FlatSequenceInnerTunnel'#31691 | err '' A '' B '' | errs 
   READ[IN] uid 32479 -> self 'FlatSequenceInnerTunnel'#32479 cast 'FlatSequenceInnerTunnel' | LeftTerm #24352 wire #32583 | RightTerm #32481 wire #32491 | is_source True | owner 'FlatSequenceInnerTunnel'#24345 | err '' A '' B '' | errs 
   READ[OUT] uid 28014 -> self 'FlatSequenceOuterTunnel'#28014 cast 'FlatSequenceOuterTunnel' | OuterTerminal #28013 wire #28623 | InnerTerminal #28017 wire #28372 | is_source False | owner 'FlatSequenceOuterTunnel'#28014 | err '' A '' B '' | errs 
   READ[IN] uid 28020 -> self 'FlatSequenceInnerTunnel'#28020 cast 'FlatSequenceInnerTunnel' | LeftTerm #28025 wire #28543 | RightTerm #28022 wire #28351 | is_source True | owner 'FlatSequenceInnerTunnel'#28023 | err '' A '' B '' | errs 
   READ[OUT] uid 28028 -> self 'FlatSequenceOuterTunnel'#28028 cast 'FlatSequenceOuterTunnel' | OuterTerminal #28027 wire #28576 | InnerTerminal #28032 wire #28399 | is_source False | owner 'FlatSequenceOuterTunnel'#28028 | err '' A '' B '' | errs 
   READ[OUT] uid 28414 -> self 'FlatSequenceOuterTunnel'#28414 cast 'FlatSequenceOuterTunnel' | OuterTerminal #28411 wire #28584 | InnerTerminal #28417 wire #28543 | is_source True | owner 'FlatSequenceOuterTunnel'#28414 | err '' A '' B '' | errs 
   READ[IN] uid 28023 -> self 'FlatSequenceInnerTunnel'#28023 cast 'FlatSequenceInnerTunnel' | LeftTerm #28022 wire #28351 | RightTerm #28025 wire #28543 | is_source False | owner 'FlatSequenceInnerTunnel'#28023 | err '' A '' B '' | errs 
   READ[OUT] uid 27408 -> self 'FlatSequenceOuterTunnel'#27408 cast 'FlatSequenceOuterTunnel' | OuterTerminal #27407 wire #27900 | InnerTerminal #27410 wire #27613 | is_source False | owner 'FlatSequenceOuterTunnel'#27408 | err '' A '' B '' | errs 
   READ[IN] uid 27412 -> self 'FlatSequenceInnerTunnel'#27412 cast 'FlatSequenceInnerTunnel' | LeftTerm #27417 wire #27883 | RightTerm #27414 wire #27598 | is_source True | owner 'FlatSequenceInnerTunnel'#27415 | err '' A '' B '' | errs 
   READ[OUT] uid 27420 -> self 'FlatSequenceOuterTunnel'#27420 cast 'FlatSequenceOuterTunnel' | OuterTerminal #27419 wire #27892 | InnerTerminal #27422 wire #27699 | is_source False | owner 'FlatSequenceOuterTunnel'#27420 | err '' A '' B '' | errs 
   READ[OUT] uid 27711 -> self 'FlatSequenceOuterTunnel'#27711 cast 'FlatSequenceOuterTunnel' | OuterTerminal #27710 wire #27895 | InnerTerminal #27719 wire #27883 | is_source True | owner 'FlatSequenceOuterTunnel'#27711 | err '' A '' B '' | errs 
   READ[IN] uid 27415 -> self 'FlatSequenceInnerTunnel'#27415 cast 'FlatSequenceInnerTunnel' | LeftTerm #27414 wire #27598 | RightTerm #27417 wire #27883 | is_source False | owner 'FlatSequenceInnerTunnel'#27415 | err '' A '' B '' | errs 
   READ[OUT] uid 27049 -> self 'FlatSequenceOuterTunnel'#27049 cast 'FlatSequenceOuterTunnel' | OuterTerminal #27048 wire #27360 | InnerTerminal #27052 wire #27237 | is_source False | owner 'FlatSequenceOuterTunnel'#27049 | err '' A '' B '' | errs 
   READ[IN] uid 27055 -> self 'FlatSequenceInnerTunnel'#27055 cast 'FlatSequenceInnerTunnel' | LeftTerm #27064 wire #27346 | RightTerm #27058 wire #27220 | is_source True | owner 'FlatSequenceInnerTunnel'#27062 | err '' A '' B '' | errs 
   READ[OUT] uid 27069 -> self 'FlatSequenceOuterTunnel'#27069 cast 'FlatSequenceOuterTunnel' | OuterTerminal #27068 wire #27354 | InnerTerminal #27072 wire #27246 | is_source False | owner 'FlatSequenceOuterTunnel'#27069 | err '' A '' B '' | errs 
   READ[OUT] uid 27252 -> self 'FlatSequenceOuterTunnel'#27252 cast 'FlatSequenceOuterTunnel' | OuterTerminal #27251 wire #27357 | InnerTerminal #27255 wire #27346 | is_source True | owner 'FlatSequenceOuterTunnel'#27252 | err '' A '' B '' | errs 
   READ[IN] uid 27062 -> self 'FlatSequenceInnerTunnel'#27062 cast 'FlatSequenceInnerTunnel' | LeftTerm #27058 wire #27220 | RightTerm #27064 wire #27346 | is_source False | owner 'FlatSequenceInnerTunnel'#27062 | err '' A '' B '' | errs 
   READ[OUT] uid 26516 -> self 'FlatSequenceOuterTunnel'#26516 cast 'FlatSequenceOuterTunnel' | OuterTerminal #26514 wire #26985 | InnerTerminal #26519 wire #26844 | is_source False | owner 'FlatSequenceOuterTunnel'#26516 | err '' A '' B '' | errs 
   READ[IN] uid 26521 -> self 'FlatSequenceInnerTunnel'#26521 cast 'FlatSequenceInnerTunnel' | LeftTerm #26526 wire #26952 | RightTerm #26523 wire #26840 | is_source True | owner 'FlatSequenceInnerTunnel'#26524 | err '' A '' B '' | errs 
   READ[OUT] uid 26529 -> self 'FlatSequenceOuterTunnel'#26529 cast 'FlatSequenceOuterTunnel' | OuterTerminal #26528 wire #26970 | InnerTerminal #26531 wire #0 | is_source False | owner 'FlatSequenceOuterTunnel'#26529 | err '' A '' B '' | errs 
   READ[OUT] uid 26873 -> self 'FlatSequenceOuterTunnel'#26873 cast 'FlatSequenceOuterTunnel' | OuterTerminal #26871 wire #26981 | InnerTerminal #26876 wire #26952 | is_source True | owner 'FlatSequenceOuterTunnel'#26873 | err '' A '' B '' | errs 
   READ[IN] uid 26524 -> self 'FlatSequenceInnerTunnel'#26524 cast 'FlatSequenceInnerTunnel' | LeftTerm #26523 wire #26840 | RightTerm #26526 wire #26952 | is_source False | owner 'FlatSequenceInnerTunnel'#26524 | err '' A '' B '' | errs 
   READ[OUT] uid 25884 -> self 'FlatSequenceOuterTunnel'#25884 cast 'FlatSequenceOuterTunnel' | OuterTerminal #25881 wire #26429 | InnerTerminal #25888 wire #26229 | is_source False | owner 'FlatSequenceOuterTunnel'#25884 | err '' A '' B '' | errs 
   READ[OUT] uid 25716 -> self 'FlatSequenceOuterTunnel'#25716 cast 'FlatSequenceOuterTunnel' | OuterTerminal #25713 wire #24355 | InnerTerminal #25724 wire #29246 | is_source True | owner 'FlatSequenceOuterTunnel'#25716 | err '' A '' B '' | errs 
   READ[OUT] uid 25732 -> self 'FlatSequenceOuterTunnel'#25732 cast 'FlatSequenceOuterTunnel' | OuterTerminal #25729 wire #25437 | InnerTerminal #25740 wire #29267 | is_source False | owner 'FlatSequenceOuterTunnel'#25732 | err '' A '' B '' | errs 
   READ[OUT] uid 25748 -> self 'FlatSequenceOuterTunnel'#25748 cast 'FlatSequenceOuterTunnel' | OuterTerminal #25745 wire #30928 | InnerTerminal #25756 wire #29169 | is_source False | owner 'FlatSequenceOuterTunnel'#25748 | err '' A '' B '' | errs 
   READ[OUT] uid 16579 -> self 'FlatSequenceOuterTunnel'#16579 cast 'FlatSequenceOuterTunnel' | OuterTerminal #16582 wire #8165 | InnerTerminal #16581 wire #16585 | is_source True | owner 'FlatSequenceOuterTunnel'#16579 | err '' A '' B '' | errs 
   READ[OUT] uid 12195 -> self 'FlatSequenceOuterTunnel'#12195 cast 'FlatSequenceOuterTunnel' | OuterTerminal #12200 wire #3268 | InnerTerminal #12197 wire #12184 | is_source False | owner 'FlatSequenceOuterTunnel'#12195 | err '' A '' B '' | errs 
   READ[OUT] uid 50806 -> self 'FlatSequenceOuterTunnel'#50806 cast 'FlatSequenceOuterTunnel' | OuterTerminal #50811 wire #29404 | InnerTerminal #50808 wire #50800 | is_source False | owner 'FlatSequenceOuterTunnel'#50806 | err '' A '' B '' | errs 
   READ[IN] uid 656 -> self 'FlatSequenceInnerTunnel'#656 cast 'FlatSequenceInnerTunnel' | LeftTerm #6970 wire #25026 | RightTerm #539 wire #2394 | is_source False | owner 'FlatSequenceInnerTunnel'#656 | err '' A '' B '' | errs 
   READ[IN] uid 2391 -> self 'FlatSequenceInnerTunnel'#2391 cast 'FlatSequenceInnerTunnel' | LeftTerm #937 wire #1316 | RightTerm #2371 wire #2394 | is_source True | owner 'FlatSequenceInnerTunnel'#1813 | err '' A '' B '' | errs 
   READ[IN] uid 625 -> self 'FlatSequenceInnerTunnel'#625 cast 'FlatSequenceInnerTunnel' | LeftTerm #6993 wire #23865 | RightTerm #542 wire #694 | is_source False | owner 'FlatSequenceInnerTunnel'#625 | err '' A '' B '' | errs 
   READ[IN] uid 4431 -> self 'FlatSequenceInnerTunnel'#4431 cast 'FlatSequenceInnerTunnel' | LeftTerm #4425 wire #46 | RightTerm #4423 wire #4436 | is_source True | owner 'FlatSequenceInnerTunnel'#4424 | err '' A '' B '' | errs 
   READ[IN] uid 3974 -> self 'FlatSequenceInnerTunnel'#3974 cast 'FlatSequenceInnerTunnel' | LeftTerm #7071 wire #7082 | RightTerm #3976 wire #3968 | is_source False | owner 'FlatSequenceInnerTunnel'#3974 | err '' A '' B '' | errs 
   READ[IN] uid 4194 -> self 'FlatSequenceInnerTunnel'#4194 cast 'FlatSequenceInnerTunnel' | LeftTerm #7094 wire #7112 | RightTerm #4200 wire #4185 | is_source False | owner 'FlatSequenceInnerTunnel'#4194 | err '' A '' B '' | errs 
   READ[IN] uid 4693 -> self 'FlatSequenceInnerTunnel'#4693 cast 'FlatSequenceInnerTunnel' | LeftTerm #7146 wire #7164 | RightTerm #4714 wire #5104 | is_source False | owner 'FlatSequenceInnerTunnel'#4693 | err '' A '' B '' | errs 
   READ[IN] uid 4413 -> self 'FlatSequenceInnerTunnel'#4413 cast 'FlatSequenceInnerTunnel' | LeftTerm #4778 wire #4800 | RightTerm #4419 wire #1920 | is_source True | owner 'FlatSequenceInnerTunnel'#4774 | err '' A '' B '' | errs 
   READ[IN] uid 2484 -> self 'FlatSequenceInnerTunnel'#2484 cast 'FlatSequenceInnerTunnel' | LeftTerm #7243 wire #7257 | RightTerm #2495 wire #2362 | is_source False | owner 'FlatSequenceInnerTunnel'#2484 | err '' A '' B '' | errs 
   READ[IN] uid 3675 -> self 'FlatSequenceInnerTunnel'#3675 cast 'FlatSequenceInnerTunnel' | LeftTerm #7266 wire #7285 | RightTerm #3677 wire #3668 | is_source False | owner 'FlatSequenceInnerTunnel'#3675 | err '' A '' B '' | errs 
   READ[IN] uid 1748 -> self 'FlatSequenceInnerTunnel'#1748 cast 'FlatSequenceInnerTunnel' | LeftTerm #7308 wire #7331 | RightTerm #1751 wire #21 | is_source False | owner 'FlatSequenceInnerTunnel'#1748 | err '' A '' B '' | errs 
   READ[IN] uid 2886 -> self 'FlatSequenceInnerTunnel'#2886 cast 'FlatSequenceInnerTunnel' | LeftTerm #7428 wire #7457 | RightTerm #2892 wire #2731 | is_source False | owner 'FlatSequenceInnerTunnel'#2886 | err '' A '' B '' | errs 
   READ[IN] uid 896 -> self 'FlatSequenceInnerTunnel'#896 cast 'FlatSequenceInnerTunnel' | LeftTerm #7498 wire #7525 | RightTerm #954 wire #7478 | is_source False | owner 'FlatSequenceInnerTunnel'#896 | err '' A '' B '' | errs 
   READ[IN] uid 6239 -> self 'FlatSequenceInnerTunnel'#6239 cast 'FlatSequenceInnerTunnel' | LeftTerm #7603 wire #7630 | RightTerm #6247 wire #8590 | is_source False | owner 'FlatSequenceInnerTunnel'#6239 | err '' A '' B '' | errs 
   READ[IN] uid 5183 -> self 'FlatSequenceInnerTunnel'#5183 cast 'FlatSequenceInnerTunnel' | LeftTerm #5260 wire #5297 | RightTerm #5186 wire #5174 | is_source False | owner 'FlatSequenceInnerTunnel'#5183 | err '' A '' B '' | errs 
   READ[IN] uid 5669 -> self 'FlatSequenceInnerTunnel'#5669 cast 'FlatSequenceInnerTunnel' | LeftTerm #5699 wire #5706 | RightTerm #5671 wire #5336 | is_source False | owner 'FlatSequenceInnerTunnel'#5669 | err '' A '' B '' | errs 
   READ[IN] uid 5818 -> self 'FlatSequenceInnerTunnel'#5818 cast 'FlatSequenceInnerTunnel' | LeftTerm #5838 wire #5845 | RightTerm #5820 wire #5812 | is_source False | owner 'FlatSequenceInnerTunnel'#5818 | err '' A '' B '' | errs 
   READ[IN] uid 2932 -> self 'FlatSequenceInnerTunnel'#2932 cast 'FlatSequenceInnerTunnel' | LeftTerm #3151 wire #3386 | RightTerm #2934 wire #2641 | is_source False | owner 'FlatSequenceInnerTunnel'#2932 | err '' A '' B '' | errs 
   READ[IN] uid 5287 -> self 'FlatSequenceInnerTunnel'#5287 cast 'FlatSequenceInnerTunnel' | LeftTerm #5315 wire #5337 | RightTerm #5293 wire #5265 | is_source False | owner 'FlatSequenceInnerTunnel'#5287 | err '' A '' B '' | errs 
   READ[IN] uid 5659 -> self 'FlatSequenceInnerTunnel'#5659 cast 'FlatSequenceInnerTunnel' | LeftTerm #5682 wire #5694 | RightTerm #5661 wire #5786 | is_source False | owner 'FlatSequenceInnerTunnel'#5659 | err '' A '' B '' | errs 
   READ[IN] uid 5952 -> self 'FlatSequenceInnerTunnel'#5952 cast 'FlatSequenceInnerTunnel' | LeftTerm #6010 wire #6040 | RightTerm #5958 wire #4029 | is_source False | owner 'FlatSequenceInnerTunnel'#5952 | err '' A '' B '' | errs 
   READ[IN] uid 3862 -> self 'FlatSequenceInnerTunnel'#3862 cast 'FlatSequenceInnerTunnel' | LeftTerm #3892 wire #5585 | RightTerm #3868 wire #3853 | is_source False | owner 'FlatSequenceInnerTunnel'#3862 | err '' A '' B '' | errs 
   READ[IN] uid 1690 -> self 'FlatSequenceInnerTunnel'#1690 cast 'FlatSequenceInnerTunnel' | LeftTerm #1714 wire #25026 | RightTerm #1692 wire #1678 | is_source False | owner 'FlatSequenceInnerTunnel'#1690 | err '' A '' B '' | errs 
   READ[IN] uid 2147 -> self 'FlatSequenceInnerTunnel'#2147 cast 'FlatSequenceInnerTunnel' | LeftTerm #1831 wire #1622 | RightTerm #2150 wire #697 | is_source True | owner 'FlatSequenceInnerTunnel'#1828 | err '' A '' B '' | errs 
   READ[IN] uid 2301 -> self 'FlatSequenceInnerTunnel'#2301 cast 'FlatSequenceInnerTunnel' | LeftTerm #2285 wire #2271 | RightTerm #2304 wire #2315 | is_source True | owner 'FlatSequenceInnerTunnel'#2283 | err '' A '' B '' | errs 
   READ[IN] uid 2768 -> self 'FlatSequenceInnerTunnel'#2768 cast 'FlatSequenceInnerTunnel' | LeftTerm #2447 wire #359 | RightTerm #2776 wire #37446 | is_source True | owner 'FlatSequenceInnerTunnel'#2297 | err '' A '' B '' | errs 
   READ[IN] uid 3273 -> self 'FlatSequenceInnerTunnel'#3273 cast 'FlatSequenceInnerTunnel' | LeftTerm #6213 wire #6222 | RightTerm #3282 wire #6197 | is_source False | owner 'FlatSequenceInnerTunnel'#3273 | err '' A '' B '' | errs 
   READ[IN] uid 6555 -> self 'FlatSequenceInnerTunnel'#6555 cast 'FlatSequenceInnerTunnel' | LeftTerm #6790 wire #6797 | RightTerm #6775 wire #0 | is_source False | owner 'FlatSequenceInnerTunnel'#6555 | err '' A '' B '' | errs 
   READ[IN] uid 7212 -> self 'FlatSequenceInnerTunnel'#7212 cast 'FlatSequenceInnerTunnel' | LeftTerm #7241 wire #7407 | RightTerm #7215 wire #0 | is_source False | owner 'FlatSequenceInnerTunnel'#7212 | err '' A '' B '' | errs 
   READ[IN] uid 7486 -> self 'FlatSequenceInnerTunnel'#7486 cast 'FlatSequenceInnerTunnel' | LeftTerm #7471 wire #7448 | RightTerm #7488 wire #7506 | is_source True | owner 'FlatSequenceInnerTunnel'#7468 | err '' A '' B '' | errs 
   READ[IN] uid 9426 -> self 'FlatSequenceInnerTunnel'#9426 cast 'FlatSequenceInnerTunnel' | LeftTerm #9443 wire #1460 | RightTerm #9428 wire #9415 | is_source False | owner 'FlatSequenceInnerTunnel'#9426 | err '' A '' B '' | errs 
   READ[IN] uid 9655 -> self 'FlatSequenceInnerTunnel'#9655 cast 'FlatSequenceInnerTunnel' | LeftTerm #9675 wire #9682 | RightTerm #9657 wire #9649 | is_source False | owner 'FlatSequenceInnerTunnel'#9655 | err '' A '' B '' | errs 
   READ[IN] uid 27441 -> self 'FlatSequenceInnerTunnel'#27441 cast 'FlatSequenceInnerTunnel' | LeftTerm #27458 wire #27472 | RightTerm #27443 wire #27745 | is_source False | owner 'FlatSequenceInnerTunnel'#27441 | err '' A '' B '' | errs 
   READ[IN] uid 31691 -> self 'FlatSequenceInnerTunnel'#31691 cast 'FlatSequenceInnerTunnel' | LeftTerm #31731 wire #31742 | RightTerm #31696 wire #32344 | is_source False | owner 'FlatSequenceInnerTunnel'#31691 | err '' A '' B '' | errs 
   READ[IN] uid 24345 -> self 'FlatSequenceInnerTunnel'#24345 cast 'FlatSequenceInnerTunnel' | LeftTerm #32481 wire #32491 | RightTerm #24352 wire #32583 | is_source False | owner 'FlatSequenceInnerTunnel'#24345 | err '' A '' B '' | errs 
   READ[IN] uid 1813 -> self 'FlatSequenceInnerTunnel'#1813 cast 'FlatSequenceInnerTunnel' | LeftTerm #2371 wire #2394 | RightTerm #937 wire #1316 | is_source False | owner 'FlatSequenceInnerTunnel'#1813 | err '' A '' B '' | errs 
   READ[IN] uid 4424 -> self 'FlatSequenceInnerTunnel'#4424 cast 'FlatSequenceInnerTunnel' | LeftTerm #4423 wire #4436 | RightTerm #4425 wire #46 | is_source False | owner 'FlatSequenceInnerTunnel'#4424 | err '' A '' B '' | errs 
   READ[IN] uid 4774 -> self 'FlatSequenceInnerTunnel'#4774 cast 'FlatSequenceInnerTunnel' | LeftTerm #4419 wire #1920 | RightTerm #4778 wire #4800 | is_source False | owner 'FlatSequenceInnerTunnel'#4774 | err '' A '' B '' | errs 
   READ[IN] uid 1828 -> self 'FlatSequenceInnerTunnel'#1828 cast 'FlatSequenceInnerTunnel' | LeftTerm #2150 wire #697 | RightTerm #1831 wire #1622 | is_source False | owner 'FlatSequenceInnerTunnel'#1828 | err '' A '' B '' | errs 
   READ[IN] uid 2283 -> self 'FlatSequenceInnerTunnel'#2283 cast 'FlatSequenceInnerTunnel' | LeftTerm #2304 wire #2315 | RightTerm #2285 wire #2271 | is_source False | owner 'FlatSequenceInnerTunnel'#2283 | err '' A '' B '' | errs 
   READ[IN] uid 2297 -> self 'FlatSequenceInnerTunnel'#2297 cast 'FlatSequenceInnerTunnel' | LeftTerm #2776 wire #37446 | RightTerm #2447 wire #359 | is_source False | owner 'FlatSequenceInnerTunnel'#2297 | err '' A '' B '' | errs 
   READ[IN] uid 7468 -> self 'FlatSequenceInnerTunnel'#7468 cast 'FlatSequenceInnerTunnel' | LeftTerm #7488 wire #7506 | RightTerm #7471 wire #7448 | is_source False | owner 'FlatSequenceInnerTunnel'#7468 | err '' A '' B '' | errs 
   READ[IN] uid 12943 -> self 'FlatSequenceInnerTunnel'#12943 cast 'FlatSequenceInnerTunnel' | LeftTerm #12948 wire #14723 | RightTerm #12945 wire #13135 | is_source True | owner 'FlatSequenceInnerTunnel'#12946 | err '' A '' B '' | errs 
   READ[IN] uid 12951 -> self 'FlatSequenceInnerTunnel'#12951 cast 'FlatSequenceInnerTunnel' | LeftTerm #12956 wire #14720 | RightTerm #12953 wire #13111 | is_source True | owner 'FlatSequenceInnerTunnel'#12954 | err '' A '' B '' | errs 
   READ[IN] uid 32431 -> self 'FlatSequenceInnerTunnel'#32431 cast 'FlatSequenceInnerTunnel' | LeftTerm #32437 wire #32443 | RightTerm #32433 wire #32298 | is_source True | owner 'FlatSequenceInnerTunnel'#32435 | err '' A '' B '' | errs 
   READ[IN] uid 32435 -> self 'FlatSequenceInnerTunnel'#32435 cast 'FlatSequenceInnerTunnel' | LeftTerm #32433 wire #32298 | RightTerm #32437 wire #32443 | is_source False | owner 'FlatSequenceInnerTunnel'#32435 | err '' A '' B '' | errs 
   READ[IN] uid 33709 -> self 'FlatSequenceInnerTunnel'#33709 cast 'FlatSequenceInnerTunnel' | LeftTerm #33717 wire #34388 | RightTerm #33712 wire #32443 | is_source True | owner 'FlatSequenceInnerTunnel'#33714 | err '' A '' B '' | errs 
   READ[IN] uid 33714 -> self 'FlatSequenceInnerTunnel'#33714 cast 'FlatSequenceInnerTunnel' | LeftTerm #33712 wire #32443 | RightTerm #33717 wire #34388 | is_source False | owner 'FlatSequenceInnerTunnel'#33714 | err '' A '' B '' | errs 
   READ[OUT] uid 34409 -> self 'FlatSequenceOuterTunnel'#34409 cast 'FlatSequenceOuterTunnel' | OuterTerminal #34415 wire #35102 | InnerTerminal #34411 wire #34418 | is_source True | owner 'FlatSequenceOuterTunnel'#34409 | err '' A '' B '' | errs 
   READ[OUT] uid 34489 -> self 'FlatSequenceOuterTunnel'#34489 cast 'FlatSequenceOuterTunnel' | OuterTerminal #34495 wire #14705 | InnerTerminal #34491 wire #34498 | is_source True | owner 'FlatSequenceOuterTunnel'#34489 | err '' A '' B '' | errs 
   READ[IN] uid 14004 -> self 'FlatSequenceInnerTunnel'#14004 cast 'FlatSequenceInnerTunnel' | LeftTerm #14009 wire #14651 | RightTerm #14006 wire #3901 | is_source True | owner 'FlatSequenceInnerTunnel'#14007 | err '' A '' B '' | errs 
   READ[IN] uid 14012 -> self 'FlatSequenceInnerTunnel'#14012 cast 'FlatSequenceInnerTunnel' | LeftTerm #14017 wire #0 | RightTerm #14014 wire #14409 | is_source True | owner 'FlatSequenceInnerTunnel'#14015 | err '' A '' B '' | errs error 1055: Property Node in OpFsInnerTunnelTerm_v0.vi
   READ[IN] uid 14020 -> self 'FlatSequenceInnerTunnel'#14020 cast 'FlatSequenceInnerTunnel' | LeftTerm #14025 wire #0 | RightTerm #14022 wire #14406 | is_source True | owner 'FlatSequenceInnerTunnel'#14023 | err '' A '' B '' | errs error 1055: Property Node in OpFsInnerTunnelTerm_v0.vi
   READ[IN] uid 14028 -> self 'FlatSequenceInnerTunnel'#14028 cast 'FlatSequenceInnerTunnel' | LeftTerm #14033 wire #0 | RightTerm #14030 wire #14394 | is_source True | owner 'FlatSequenceInnerTunnel'#14031 | err '' A '' B '' | errs error 1055: Property Node in OpFsInnerTunnelTerm_v0.vi
   READ[OUT] uid 14430 -> self 'FlatSequenceOuterTunnel'#14430 cast 'FlatSequenceOuterTunnel' | OuterTerminal #14429 wire #14702 | InnerTerminal #14432 wire #14651 | is_source True | owner 'FlatSequenceOuterTunnel'#14430 | err '' A '' B '' | errs 
   READ[IN] uid 14007 -> self 'FlatSequenceInnerTunnel'#14007 cast 'FlatSequenceInnerTunnel' | LeftTerm #14006 wire #3901 | RightTerm #14009 wire #14651 | is_source False | owner 'FlatSequenceInnerTunnel'#14007 | err '' A '' B '' | errs 
   READ[IN] uid 14015 -> self 'FlatSequenceInnerTunnel'#14015 cast 'FlatSequenceInnerTunnel' | LeftTerm #14014 wire #14409 | RightTerm #14017 wire #0 | is_source False | owner 'FlatSequenceInnerTunnel'#14015 | err '' A '' B '' | errs 
   READ[IN] uid 14023 -> self 'FlatSequenceInnerTunnel'#14023 cast 'FlatSequenceInnerTunnel' | LeftTerm #14022 wire #14406 | RightTerm #14025 wire #0 | is_source False | owner 'FlatSequenceInnerTunnel'#14023 | err '' A '' B '' | errs 
   READ[IN] uid 14031 -> self 'FlatSequenceInnerTunnel'#14031 cast 'FlatSequenceInnerTunnel' | LeftTerm #14030 wire #14394 | RightTerm #14033 wire #0 | is_source False | owner 'FlatSequenceInnerTunnel'#14031 | err '' A '' B '' | errs 
   READ[OUT] uid 31050 -> self 'FlatSequenceOuterTunnel'#31050 cast 'FlatSequenceOuterTunnel' | OuterTerminal #31061 wire #31045 | InnerTerminal #31054 wire #31065 | is_source True | owner 'FlatSequenceOuterTunnel'#31050 | err '' A '' B '' | errs 
   READ[IN] uid 13146 -> self 'FlatSequenceInnerTunnel'#13146 cast 'FlatSequenceInnerTunnel' | LeftTerm #13151 wire #14929 | RightTerm #13148 wire #14747 | is_source True | owner 'FlatSequenceInnerTunnel'#13149 | err '' A '' B '' | errs 
   READ[IN] uid 13154 -> self 'FlatSequenceInnerTunnel'#13154 cast 'FlatSequenceInnerTunnel' | LeftTerm #13159 wire #14926 | RightTerm #13156 wire #14744 | is_source True | owner 'FlatSequenceInnerTunnel'#13157 | err '' A '' B '' | errs 
   READ[IN] uid 13164 -> self 'FlatSequenceInnerTunnel'#13164 cast 'FlatSequenceInnerTunnel' | LeftTerm #13169 wire #14923 | RightTerm #13166 wire #14741 | is_source True | owner 'FlatSequenceInnerTunnel'#13167 | err '' A '' B '' | errs 
   READ[IN] uid 13172 -> self 'FlatSequenceInnerTunnel'#13172 cast 'FlatSequenceInnerTunnel' | LeftTerm #13177 wire #14920 | RightTerm #13174 wire #14729 | is_source True | owner 'FlatSequenceInnerTunnel'#13175 | err '' A '' B '' | errs 
   READ[IN] uid 13180 -> self 'FlatSequenceInnerTunnel'#13180 cast 'FlatSequenceInnerTunnel' | LeftTerm #13185 wire #14902 | RightTerm #13182 wire #14726 | is_source True | owner 'FlatSequenceInnerTunnel'#13183 | err '' A '' B '' | errs 
   READ[IN] uid 13188 -> self 'FlatSequenceInnerTunnel'#13188 cast 'FlatSequenceInnerTunnel' | LeftTerm #13193 wire #14914 | RightTerm #13190 wire #14723 | is_source True | owner 'FlatSequenceInnerTunnel'#13191 | err '' A '' B '' | errs 
   READ[IN] uid 12946 -> self 'FlatSequenceInnerTunnel'#12946 cast 'FlatSequenceInnerTunnel' | LeftTerm #12945 wire #13135 | RightTerm #12948 wire #14723 | is_source False | owner 'FlatSequenceInnerTunnel'#12946 | err '' A '' B '' | errs 
   READ[IN] uid 13196 -> self 'FlatSequenceInnerTunnel'#13196 cast 'FlatSequenceInnerTunnel' | LeftTerm #13201 wire #14911 | RightTerm #13198 wire #14720 | is_source True | owner 'FlatSequenceInnerTunnel'#13199 | err '' A '' B '' | errs 
   READ[IN] uid 12954 -> self 'FlatSequenceInnerTunnel'#12954 cast 'FlatSequenceInnerTunnel' | LeftTerm #12953 wire #13111 | RightTerm #12956 wire #14720 | is_source False | owner 'FlatSequenceInnerTunnel'#12954 | err '' A '' B '' | errs 
   READ[IN] uid 13204 -> self 'FlatSequenceInnerTunnel'#13204 cast 'FlatSequenceInnerTunnel' | LeftTerm #13209 wire #14905 | RightTerm #13206 wire #14705 | is_source True | owner 'FlatSequenceInnerTunnel'#13207 | err '' A '' B '' | errs 
   READ[IN] uid 13212 -> self 'FlatSequenceInnerTunnel'#13212 cast 'FlatSequenceInnerTunnel' | LeftTerm #13217 wire #14908 | RightTerm #13214 wire #35102 | is_source True | owner 'FlatSequenceInnerTunnel'#13215 | err '' A '' B '' | errs 
   READ[IN] uid 13220 -> self 'FlatSequenceInnerTunnel'#13220 cast 'FlatSequenceInnerTunnel' | LeftTerm #13226 wire #14899 | RightTerm #13223 wire #14702 | is_source True | owner 'FlatSequenceInnerTunnel'#13224 | err '' A '' B '' | errs 
   READ[IN] uid 27806 -> self 'FlatSequenceInnerTunnel'#27806 cast 'FlatSequenceInnerTunnel' | LeftTerm #27786 wire #27772 | RightTerm #27809 wire #32712 | is_source True | owner 'FlatSequenceInnerTunnel'#27783 | err '' A '' B '' | errs 
   READ[IN] uid 31036 -> self 'FlatSequenceInnerTunnel'#31036 cast 'FlatSequenceInnerTunnel' | LeftTerm #31029 wire #31022 | RightTerm #31038 wire #31045 | is_source True | owner 'FlatSequenceInnerTunnel'#31027 | err '' A '' B '' | errs 
   READ[IN] uid 13149 -> self 'FlatSequenceInnerTunnel'#13149 cast 'FlatSequenceInnerTunnel' | LeftTerm #13148 wire #14747 | RightTerm #13151 wire #14929 | is_source False | owner 'FlatSequenceInnerTunnel'#13149 | err '' A '' B '' | errs 
   READ[IN] uid 14759 -> self 'FlatSequenceInnerTunnel'#14759 cast 'FlatSequenceInnerTunnel' | LeftTerm #14764 wire #19576 | RightTerm #14761 wire #14929 | is_source True | owner 'FlatSequenceInnerTunnel'#14762 | err '' A '' B '' | errs 
   READ[IN] uid 13157 -> self 'FlatSequenceInnerTunnel'#13157 cast 'FlatSequenceInnerTunnel' | LeftTerm #13156 wire #14744 | RightTerm #13159 wire #14926 | is_source False | owner 'FlatSequenceInnerTunnel'#13157 | err '' A '' B '' | errs 
   READ[IN] uid 14767 -> self 'FlatSequenceInnerTunnel'#14767 cast 'FlatSequenceInnerTunnel' | LeftTerm #14772 wire #19570 | RightTerm #14769 wire #14926 | is_source True | owner 'FlatSequenceInnerTunnel'#14770 | err '' A '' B '' | errs 
   READ[IN] uid 13167 -> self 'FlatSequenceInnerTunnel'#13167 cast 'FlatSequenceInnerTunnel' | LeftTerm #13166 wire #14741 | RightTerm #13169 wire #14923 | is_source False | owner 'FlatSequenceInnerTunnel'#13167 | err '' A '' B '' | errs 
   READ[IN] uid 14775 -> self 'FlatSequenceInnerTunnel'#14775 cast 'FlatSequenceInnerTunnel' | LeftTerm #14780 wire #19573 | RightTerm #14777 wire #14923 | is_source True | owner 'FlatSequenceInnerTunnel'#14778 | err '' A '' B '' | errs 
   READ[IN] uid 13175 -> self 'FlatSequenceInnerTunnel'#13175 cast 'FlatSequenceInnerTunnel' | LeftTerm #13174 wire #14729 | RightTerm #13177 wire #14920 | is_source False | owner 'FlatSequenceInnerTunnel'#13175 | err '' A '' B '' | errs 
   READ[IN] uid 14783 -> self 'FlatSequenceInnerTunnel'#14783 cast 'FlatSequenceInnerTunnel' | LeftTerm #14788 wire #19558 | RightTerm #14785 wire #14920 | is_source True | owner 'FlatSequenceInnerTunnel'#14786 | err '' A '' B '' | errs 
   READ[IN] uid 13183 -> self 'FlatSequenceInnerTunnel'#13183 cast 'FlatSequenceInnerTunnel' | LeftTerm #13182 wire #14726 | RightTerm #13185 wire #14902 | is_source False | owner 'FlatSequenceInnerTunnel'#13183 | err '' A '' B '' | errs 
   READ[IN] uid 14791 -> self 'FlatSequenceInnerTunnel'#14791 cast 'FlatSequenceInnerTunnel' | LeftTerm #14796 wire #19555 | RightTerm #14793 wire #14902 | is_source True | owner 'FlatSequenceInnerTunnel'#14794 | err '' A '' B '' | errs 
   READ[IN] uid 14799 -> self 'FlatSequenceInnerTunnel'#14799 cast 'FlatSequenceInnerTunnel' | LeftTerm #14804 wire #19528 | RightTerm #14801 wire #14914 | is_source True | owner 'FlatSequenceInnerTunnel'#14802 | err '' A '' B '' | errs 
   READ[IN] uid 13191 -> self 'FlatSequenceInnerTunnel'#13191 cast 'FlatSequenceInnerTunnel' | LeftTerm #13190 wire #14723 | RightTerm #13193 wire #14914 | is_source False | owner 'FlatSequenceInnerTunnel'#13191 | err '' A '' B '' | errs 
   READ[IN] uid 14807 -> self 'FlatSequenceInnerTunnel'#14807 cast 'FlatSequenceInnerTunnel' | LeftTerm #14812 wire #19505 | RightTerm #14809 wire #14911 | is_source True | owner 'FlatSequenceInnerTunnel'#14810 | err '' A '' B '' | errs 
   READ[IN] uid 13199 -> self 'FlatSequenceInnerTunnel'#13199 cast 'FlatSequenceInnerTunnel' | LeftTerm #13198 wire #14720 | RightTerm #13201 wire #14911 | is_source False | owner 'FlatSequenceInnerTunnel'#13199 | err '' A '' B '' | errs 
   READ[IN] uid 13207 -> self 'FlatSequenceInnerTunnel'#13207 cast 'FlatSequenceInnerTunnel' | LeftTerm #13206 wire #14705 | RightTerm #13209 wire #14905 | is_source False | owner 'FlatSequenceInnerTunnel'#13207 | err '' A '' B '' | errs 
   READ[IN] uid 13215 -> self 'FlatSequenceInnerTunnel'#13215 cast 'FlatSequenceInnerTunnel' | LeftTerm #13214 wire #35102 | RightTerm #13217 wire #14908 | is_source False | owner 'FlatSequenceInnerTunnel'#13215 | err '' A '' B '' | errs 
   READ[IN] uid 14815 -> self 'FlatSequenceInnerTunnel'#14815 cast 'FlatSequenceInnerTunnel' | LeftTerm #14820 wire #19499 | RightTerm #14817 wire #14908 | is_source True | owner 'FlatSequenceInnerTunnel'#14818 | err '' A '' B '' | errs 
   READ[IN] uid 14823 -> self 'FlatSequenceInnerTunnel'#14823 cast 'FlatSequenceInnerTunnel' | LeftTerm #14828 wire #19502 | RightTerm #14825 wire #14905 | is_source True | owner 'FlatSequenceInnerTunnel'#14826 | err '' A '' B '' | errs 
   READ[IN] uid 14831 -> self 'FlatSequenceInnerTunnel'#14831 cast 'FlatSequenceInnerTunnel' | LeftTerm #14836 wire #19496 | RightTerm #14833 wire #14899 | is_source True | owner 'FlatSequenceInnerTunnel'#14834 | err '' A '' B '' | errs 
   READ[IN] uid 13224 -> self 'FlatSequenceInnerTunnel'#13224 cast 'FlatSequenceInnerTunnel' | LeftTerm #13223 wire #14702 | RightTerm #13226 wire #14899 | is_source False | owner 'FlatSequenceInnerTunnel'#13224 | err '' A '' B '' | errs 
   READ[IN] uid 27751 -> self 'FlatSequenceInnerTunnel'#27751 cast 'FlatSequenceInnerTunnel' | LeftTerm #27729 wire #27717 | RightTerm #27754 wire #27772 | is_source True | owner 'FlatSequenceInnerTunnel'#27726 | err '' A '' B '' | errs 
   READ[IN] uid 27783 -> self 'FlatSequenceInnerTunnel'#27783 cast 'FlatSequenceInnerTunnel' | LeftTerm #27809 wire #32712 | RightTerm #27786 wire #27772 | is_source False | owner 'FlatSequenceInnerTunnel'#27783 | err '' A '' B '' | errs 
   READ[IN] uid 31011 -> self 'FlatSequenceInnerTunnel'#31011 cast 'FlatSequenceInnerTunnel' | LeftTerm #30991 wire #30978 | RightTerm #31014 wire #31022 | is_source True | owner 'FlatSequenceInnerTunnel'#30988 | err '' A '' B '' | errs 
   READ[IN] uid 31027 -> self 'FlatSequenceInnerTunnel'#31027 cast 'FlatSequenceInnerTunnel' | LeftTerm #31038 wire #31045 | RightTerm #31029 wire #31022 | is_source False | owner 'FlatSequenceInnerTunnel'#31027 | err '' A '' B '' | errs 
   READ[OUT] uid 19020 -> self 'FlatSequenceOuterTunnel'#19020 cast 'FlatSequenceOuterTunnel' | OuterTerminal #19019 wire #19280 | InnerTerminal #19022 wire #29553 | is_source False | owner 'FlatSequenceOuterTunnel'#19020 | err '' A '' B '' | errs 
   READ[IN] uid 19024 -> self 'FlatSequenceInnerTunnel'#19024 cast 'FlatSequenceInnerTunnel' | LeftTerm #19029 wire #19266 | RightTerm #19026 wire #29709 | is_source True | owner 'FlatSequenceInnerTunnel'#19027 | err '' A '' B '' | errs 
   READ[OUT] uid 14631 -> self 'FlatSequenceOuterTunnel'#14631 cast 'FlatSequenceOuterTunnel' | OuterTerminal #14648 wire #18680 | InnerTerminal #14644 wire #1562 | is_source False | owner 'FlatSequenceOuterTunnel'#14631 | err '' A '' B '' | errs 
   READ[OUT] uid 19221 -> self 'FlatSequenceOuterTunnel'#19221 cast 'FlatSequenceOuterTunnel' | OuterTerminal #19218 wire #19277 | InnerTerminal #19224 wire #19266 | is_source True | owner 'FlatSequenceOuterTunnel'#19221 | err '' A '' B '' | errs 
   READ[IN] uid 19027 -> self 'FlatSequenceInnerTunnel'#19027 cast 'FlatSequenceInnerTunnel' | LeftTerm #19026 wire #29709 | RightTerm #19029 wire #19266 | is_source False | owner 'FlatSequenceInnerTunnel'#19027 | err '' A '' B '' | errs 
   READ[OUT] uid 18704 -> self 'FlatSequenceOuterTunnel'#18704 cast 'FlatSequenceOuterTunnel' | OuterTerminal #18703 wire #18971 | InnerTerminal #18706 wire #36328 | is_source False | owner 'FlatSequenceOuterTunnel'#18704 | err '' A '' B '' | errs 
   READ[IN] uid 18708 -> self 'FlatSequenceInnerTunnel'#18708 cast 'FlatSequenceInnerTunnel' | LeftTerm #18713 wire #18957 | RightTerm #18710 wire #36410 | is_source True | owner 'FlatSequenceInnerTunnel'#18711 | err '' A '' B '' | errs 
   READ[OUT] uid 35876 -> self 'FlatSequenceOuterTunnel'#35876 cast 'FlatSequenceOuterTunnel' | OuterTerminal #35881 wire #35884 | InnerTerminal #35878 wire #35865 | is_source False | owner 'FlatSequenceOuterTunnel'#35876 | err '' A '' B '' | errs 
   READ[OUT] uid 18907 -> self 'FlatSequenceOuterTunnel'#18907 cast 'FlatSequenceOuterTunnel' | OuterTerminal #18906 wire #18968 | InnerTerminal #18909 wire #18957 | is_source True | owner 'FlatSequenceOuterTunnel'#18907 | err '' A '' B '' | errs 
   READ[IN] uid 18711 -> self 'FlatSequenceInnerTunnel'#18711 cast 'FlatSequenceInnerTunnel' | LeftTerm #18710 wire #36410 | RightTerm #18713 wire #18957 | is_source False | owner 'FlatSequenceInnerTunnel'#18711 | err '' A '' B '' | errs 
   READ[OUT] uid 18304 -> self 'FlatSequenceOuterTunnel'#18304 cast 'FlatSequenceOuterTunnel' | OuterTerminal #18303 wire #18662 | InnerTerminal #18306 wire #34481 | is_source False | owner 'FlatSequenceOuterTunnel'#18304 | err '' A '' B '' | errs 
   READ[IN] uid 18308 -> self 'FlatSequenceInnerTunnel'#18308 cast 'FlatSequenceInnerTunnel' | LeftTerm #18313 wire #18648 | RightTerm #18310 wire #34641 | is_source True | owner 'FlatSequenceInnerTunnel'#18311 | err '' A '' B '' | errs 
   READ[OUT] uid 33462 -> self 'FlatSequenceOuterTunnel'#33462 cast 'FlatSequenceOuterTunnel' | OuterTerminal #33468 wire #33471 | InnerTerminal #33464 wire #33446 | is_source False | owner 'FlatSequenceOuterTunnel'#33462 | err '' A '' B '' | errs 
   READ[OUT] uid 18560 -> self 'FlatSequenceOuterTunnel'#18560 cast 'FlatSequenceOuterTunnel' | OuterTerminal #18559 wire #18659 | InnerTerminal #18562 wire #18648 | is_source True | owner 'FlatSequenceOuterTunnel'#18560 | err '' A '' B '' | errs 
   READ[IN] uid 18311 -> self 'FlatSequenceInnerTunnel'#18311 cast 'FlatSequenceInnerTunnel' | LeftTerm #18310 wire #34641 | RightTerm #18313 wire #18648 | is_source False | owner 'FlatSequenceInnerTunnel'#18311 | err '' A '' B '' | errs 
   READ[IN] uid 28402 -> self 'FlatSequenceInnerTunnel'#28402 cast 'FlatSequenceInnerTunnel' | LeftTerm #28407 wire #43288 | RightTerm #28404 wire #35311 | is_source True | owner 'FlatSequenceInnerTunnel'#28405 | err '' A '' B '' | errs 
   READ[OUT] uid 35209 -> self 'FlatSequenceOuterTunnel'#35209 cast 'FlatSequenceOuterTunnel' | OuterTerminal #35214 wire #35217 | InnerTerminal #35211 wire #35190 | is_source False | owner 'FlatSequenceOuterTunnel'#35209 | err '' A '' B '' | errs 
   READ[IN] uid 28405 -> self 'FlatSequenceInnerTunnel'#28405 cast 'FlatSequenceInnerTunnel' | LeftTerm #28404 wire #35311 | RightTerm #28407 wire #43288 | is_source False | owner 'FlatSequenceInnerTunnel'#28405 | err '' A '' B '' | errs 
   READ[OUT] uid 18074 -> self 'FlatSequenceOuterTunnel'#18074 cast 'FlatSequenceOuterTunnel' | OuterTerminal #18073 wire #18263 | InnerTerminal #18076 wire #18220 | is_source False | owner 'FlatSequenceOuterTunnel'#18074 | err '' A '' B '' | errs 
   READ[IN] uid 18078 -> self 'FlatSequenceInnerTunnel'#18078 cast 'FlatSequenceInnerTunnel' | LeftTerm #18083 wire #18249 | RightTerm #18080 wire #18211 | is_source True | owner 'FlatSequenceInnerTunnel'#18081 | err '' A '' B '' | errs 
   READ[IN] uid 18086 -> self 'FlatSequenceInnerTunnel'#18086 cast 'FlatSequenceInnerTunnel' | LeftTerm #18091 wire #31134 | RightTerm #18088 wire #18214 | is_source True | owner 'FlatSequenceInnerTunnel'#18089 | err '' A '' B '' | errs 
   READ[OUT] uid 18235 -> self 'FlatSequenceOuterTunnel'#18235 cast 'FlatSequenceOuterTunnel' | OuterTerminal #18234 wire #18260 | InnerTerminal #18237 wire #18249 | is_source True | owner 'FlatSequenceOuterTunnel'#18235 | err '' A '' B '' | errs 
   READ[IN] uid 18081 -> self 'FlatSequenceInnerTunnel'#18081 cast 'FlatSequenceInnerTunnel' | LeftTerm #18080 wire #18211 | RightTerm #18083 wire #18249 | is_source False | owner 'FlatSequenceInnerTunnel'#18081 | err '' A '' B '' | errs 
   READ[IN] uid 18089 -> self 'FlatSequenceInnerTunnel'#18089 cast 'FlatSequenceInnerTunnel' | LeftTerm #18088 wire #18214 | RightTerm #18091 wire #31134 | is_source False | owner 'FlatSequenceInnerTunnel'#18089 | err '' A '' B '' | errs 
   READ[OUT] uid 17759 -> self 'FlatSequenceOuterTunnel'#17759 cast 'FlatSequenceOuterTunnel' | OuterTerminal #17758 wire #18032 | InnerTerminal #17761 wire #17951 | is_source False | owner 'FlatSequenceOuterTunnel'#17759 | err '' A '' B '' | errs 
   READ[IN] uid 17763 -> self 'FlatSequenceInnerTunnel'#17763 cast 'FlatSequenceInnerTunnel' | LeftTerm #17768 wire #18018 | RightTerm #17765 wire #17948 | is_source True | owner 'FlatSequenceInnerTunnel'#17766 | err '' A '' B '' | errs 
   READ[OUT] uid 28772 -> self 'FlatSequenceOuterTunnel'#28772 cast 'FlatSequenceOuterTunnel' | OuterTerminal #28778 wire #28767 | InnerTerminal #28774 wire #0 | is_source False | owner 'FlatSequenceOuterTunnel'#28772 | err '' A '' B '' | errs 
   READ[OUT] uid 17972 -> self 'FlatSequenceOuterTunnel'#17972 cast 'FlatSequenceOuterTunnel' | OuterTerminal #17971 wire #18029 | InnerTerminal #17974 wire #18018 | is_source True | owner 'FlatSequenceOuterTunnel'#17972 | err '' A '' B '' | errs 
   READ[IN] uid 17766 -> self 'FlatSequenceInnerTunnel'#17766 cast 'FlatSequenceInnerTunnel' | LeftTerm #17765 wire #17948 | RightTerm #17768 wire #18018 | is_source False | owner 'FlatSequenceInnerTunnel'#17766 | err '' A '' B '' | errs 
   READ[OUT] uid 17450 -> self 'FlatSequenceOuterTunnel'#17450 cast 'FlatSequenceOuterTunnel' | OuterTerminal #17448 wire #17718 | InnerTerminal #17452 wire #17638 | is_source False | owner 'FlatSequenceOuterTunnel'#17450 | err '' A '' B '' | errs 
   READ[IN] uid 17454 -> self 'FlatSequenceInnerTunnel'#17454 cast 'FlatSequenceInnerTunnel' | LeftTerm #17467 wire #17704 | RightTerm #17463 wire #17635 | is_source True | owner 'FlatSequenceInnerTunnel'#17465 | err '' A '' B '' | errs 
   READ[OUT] uid 4464 -> self 'FlatSequenceOuterTunnel'#4464 cast 'FlatSequenceOuterTunnel' | OuterTerminal #4472 wire #7058 | InnerTerminal #4468 wire #17644 | is_source False | owner 'FlatSequenceOuterTunnel'#4464 | err '' A '' B '' | errs 
   READ[OUT] uid 17659 -> self 'FlatSequenceOuterTunnel'#17659 cast 'FlatSequenceOuterTunnel' | OuterTerminal #17658 wire #17715 | InnerTerminal #17661 wire #17704 | is_source True | owner 'FlatSequenceOuterTunnel'#17659 | err '' A '' B '' | errs 
   READ[IN] uid 17465 -> self 'FlatSequenceInnerTunnel'#17465 cast 'FlatSequenceInnerTunnel' | LeftTerm #17463 wire #17635 | RightTerm #17467 wire #17704 | is_source False | owner 'FlatSequenceInnerTunnel'#17465 | err '' A '' B '' | errs 
   READ[OUT] uid 17007 -> self 'FlatSequenceOuterTunnel'#17007 cast 'FlatSequenceOuterTunnel' | OuterTerminal #17006 wire #17406 | InnerTerminal #17009 wire #17261 | is_source False | owner 'FlatSequenceOuterTunnel'#17007 | err '' A '' B '' | errs 
   READ[IN] uid 17011 -> self 'FlatSequenceInnerTunnel'#17011 cast 'FlatSequenceInnerTunnel' | LeftTerm #17016 wire #17388 | RightTerm #17013 wire #17236 | is_source True | owner 'FlatSequenceInnerTunnel'#17014 | err '' A '' B '' | errs 
   READ[OUT] uid 17288 -> self 'FlatSequenceOuterTunnel'#17288 cast 'FlatSequenceOuterTunnel' | OuterTerminal #17285 wire #17403 | InnerTerminal #17291 wire #17388 | is_source True | owner 'FlatSequenceOuterTunnel'#17288 | err '' A '' B '' | errs 
   READ[IN] uid 17014 -> self 'FlatSequenceInnerTunnel'#17014 cast 'FlatSequenceInnerTunnel' | LeftTerm #17013 wire #17236 | RightTerm #17016 wire #17388 | is_source False | owner 'FlatSequenceInnerTunnel'#17014 | err '' A '' B '' | errs 
   READ[OUT] uid 16951 -> self 'FlatSequenceOuterTunnel'#16951 cast 'FlatSequenceOuterTunnel' | OuterTerminal #16950 wire #19381 | InnerTerminal #16953 wire #19314 | is_source False | owner 'FlatSequenceOuterTunnel'#16951 | err '' A '' B '' | errs 
   READ[OUT] uid 16955 -> self 'FlatSequenceOuterTunnel'#16955 cast 'FlatSequenceOuterTunnel' | OuterTerminal #16954 wire #19369 | InnerTerminal #16957 wire #19308 | is_source False | owner 'FlatSequenceOuterTunnel'#16955 | err '' A '' B '' | errs 
   READ[OUT] uid 16959 -> self 'FlatSequenceOuterTunnel'#16959 cast 'FlatSequenceOuterTunnel' | OuterTerminal #16958 wire #19366 | InnerTerminal #16961 wire #19284 | is_source True | owner 'FlatSequenceOuterTunnel'#16959 | err '' A '' B '' | errs 
   READ[OUT] uid 27683 -> self 'FlatSequenceOuterTunnel'#27683 cast 'FlatSequenceOuterTunnel' | OuterTerminal #27692 wire #27696 | InnerTerminal #27687 wire #31920 | is_source False | owner 'FlatSequenceOuterTunnel'#27683 | err '' A '' B '' | errs 
   READ[OUT] uid 31264 -> self 'FlatSequenceOuterTunnel'#31264 cast 'FlatSequenceOuterTunnel' | OuterTerminal #31272 wire #31284 | InnerTerminal #31269 wire #31250 | is_source False | owner 'FlatSequenceOuterTunnel'#31264 | err '' A '' B '' | errs 
   READ[OUT] uid 29969 -> self 'FlatSequenceOuterTunnel'#29969 cast 'FlatSequenceOuterTunnel' | OuterTerminal #29986 wire #29957 | InnerTerminal #29974 wire #31250 | is_source True | owner 'FlatSequenceOuterTunnel'#29969 | err '' A '' B '' | errs 
   READ[IN] uid 14762 -> self 'FlatSequenceInnerTunnel'#14762 cast 'FlatSequenceInnerTunnel' | LeftTerm #14761 wire #14929 | RightTerm #14764 wire #19576 | is_source False | owner 'FlatSequenceInnerTunnel'#14762 | err '' A '' B '' | errs 
   READ[IN] uid 14935 -> self 'FlatSequenceInnerTunnel'#14935 cast 'FlatSequenceInnerTunnel' | LeftTerm #14940 wire #19810 | RightTerm #14937 wire #19564 | is_source True | owner 'FlatSequenceInnerTunnel'#14938 | err '' A '' B '' | errs 
   READ[IN] uid 14770 -> self 'FlatSequenceInnerTunnel'#14770 cast 'FlatSequenceInnerTunnel' | LeftTerm #14769 wire #14926 | RightTerm #14772 wire #19570 | is_source False | owner 'FlatSequenceInnerTunnel'#14770 | err '' A '' B '' | errs 
   READ[IN] uid 14943 -> self 'FlatSequenceInnerTunnel'#14943 cast 'FlatSequenceInnerTunnel' | LeftTerm #14948 wire #19813 | RightTerm #14945 wire #19567 | is_source True | owner 'FlatSequenceInnerTunnel'#14946 | err '' A '' B '' | errs 
   READ[IN] uid 14778 -> self 'FlatSequenceInnerTunnel'#14778 cast 'FlatSequenceInnerTunnel' | LeftTerm #14777 wire #14923 | RightTerm #14780 wire #19573 | is_source False | owner 'FlatSequenceInnerTunnel'#14778 | err '' A '' B '' | errs 
   READ[IN] uid 14951 -> self 'FlatSequenceInnerTunnel'#14951 cast 'FlatSequenceInnerTunnel' | LeftTerm #14957 wire #19816 | RightTerm #14953 wire #19561 | is_source True | owner 'FlatSequenceInnerTunnel'#14954 | err '' A '' B '' | errs 
   READ[IN] uid 14786 -> self 'FlatSequenceInnerTunnel'#14786 cast 'FlatSequenceInnerTunnel' | LeftTerm #14785 wire #14920 | RightTerm #14788 wire #19558 | is_source False | owner 'FlatSequenceInnerTunnel'#14786 | err '' A '' B '' | errs 
   READ[IN] uid 14960 -> self 'FlatSequenceInnerTunnel'#14960 cast 'FlatSequenceInnerTunnel' | LeftTerm #14972 wire #19807 | RightTerm #14968 wire #19555 | is_source True | owner 'FlatSequenceInnerTunnel'#14970 | err '' A '' B '' | errs 
   READ[IN] uid 14794 -> self 'FlatSequenceInnerTunnel'#14794 cast 'FlatSequenceInnerTunnel' | LeftTerm #14793 wire #14902 | RightTerm #14796 wire #19555 | is_source False | owner 'FlatSequenceInnerTunnel'#14794 | err '' A '' B '' | errs 
   READ[IN] uid 14976 -> self 'FlatSequenceInnerTunnel'#14976 cast 'FlatSequenceInnerTunnel' | LeftTerm #14981 wire #19801 | RightTerm #14978 wire #19552 | is_source True | owner 'FlatSequenceInnerTunnel'#14979 | err '' A '' B '' | errs 
   READ[IN] uid 14984 -> self 'FlatSequenceInnerTunnel'#14984 cast 'FlatSequenceInnerTunnel' | LeftTerm #14989 wire #19798 | RightTerm #14986 wire #19546 | is_source True | owner 'FlatSequenceInnerTunnel'#14987 | err '' A '' B '' | errs 
   READ[IN] uid 14992 -> self 'FlatSequenceInnerTunnel'#14992 cast 'FlatSequenceInnerTunnel' | LeftTerm #14997 wire #19795 | RightTerm #14994 wire #19540 | is_source True | owner 'FlatSequenceInnerTunnel'#14995 | err '' A '' B '' | errs 
   READ[IN] uid 15000 -> self 'FlatSequenceInnerTunnel'#15000 cast 'FlatSequenceInnerTunnel' | LeftTerm #15005 wire #19791 | RightTerm #15002 wire #19534 | is_source True | owner 'FlatSequenceInnerTunnel'#15003 | err '' A '' B '' | errs 
   READ[IN] uid 14802 -> self 'FlatSequenceInnerTunnel'#14802 cast 'FlatSequenceInnerTunnel' | LeftTerm #14801 wire #14914 | RightTerm #14804 wire #19528 | is_source False | owner 'FlatSequenceInnerTunnel'#14802 | err '' A '' B '' | errs 
   READ[IN] uid 15008 -> self 'FlatSequenceInnerTunnel'#15008 cast 'FlatSequenceInnerTunnel' | LeftTerm #15013 wire #19788 | RightTerm #15010 wire #19528 | is_source True | owner 'FlatSequenceInnerTunnel'#15011 | err '' A '' B '' | errs 
   READ[IN] uid 15016 -> self 'FlatSequenceInnerTunnel'#15016 cast 'FlatSequenceInnerTunnel' | LeftTerm #15021 wire #19785 | RightTerm #15018 wire #19505 | is_source True | owner 'FlatSequenceInnerTunnel'#15019 | err '' A '' B '' | errs 
   READ[IN] uid 14810 -> self 'FlatSequenceInnerTunnel'#14810 cast 'FlatSequenceInnerTunnel' | LeftTerm #14809 wire #14911 | RightTerm #14812 wire #19505 | is_source False | owner 'FlatSequenceInnerTunnel'#14810 | err '' A '' B '' | errs 
   READ[IN] uid 14818 -> self 'FlatSequenceInnerTunnel'#14818 cast 'FlatSequenceInnerTunnel' | LeftTerm #14817 wire #14908 | RightTerm #14820 wire #19499 | is_source False | owner 'FlatSequenceInnerTunnel'#14818 | err '' A '' B '' | errs 
   READ[IN] uid 14826 -> self 'FlatSequenceInnerTunnel'#14826 cast 'FlatSequenceInnerTunnel' | LeftTerm #14825 wire #14905 | RightTerm #14828 wire #19502 | is_source False | owner 'FlatSequenceInnerTunnel'#14826 | err '' A '' B '' | errs 
   READ[IN] uid 15024 -> self 'FlatSequenceInnerTunnel'#15024 cast 'FlatSequenceInnerTunnel' | LeftTerm #15029 wire #19782 | RightTerm #15026 wire #19499 | is_source True | owner 'FlatSequenceInnerTunnel'#15027 | err '' A '' B '' | errs 
   READ[IN] uid 14834 -> self 'FlatSequenceInnerTunnel'#14834 cast 'FlatSequenceInnerTunnel' | LeftTerm #14833 wire #14899 | RightTerm #14836 wire #19496 | is_source False | owner 'FlatSequenceInnerTunnel'#14834 | err '' A '' B '' | errs 
   READ[IN] uid 15032 -> self 'FlatSequenceInnerTunnel'#15032 cast 'FlatSequenceInnerTunnel' | LeftTerm #15037 wire #19779 | RightTerm #15034 wire #19493 | is_source True | owner 'FlatSequenceInnerTunnel'#15035 | err '' A '' B '' | errs 
   READ[IN] uid 27726 -> self 'FlatSequenceInnerTunnel'#27726 cast 'FlatSequenceInnerTunnel' | LeftTerm #27754 wire #27772 | RightTerm #27729 wire #27717 | is_source False | owner 'FlatSequenceInnerTunnel'#27726 | err '' A '' B '' | errs 
   READ[IN] uid 30988 -> self 'FlatSequenceInnerTunnel'#30988 cast 'FlatSequenceInnerTunnel' | LeftTerm #31014 wire #31022 | RightTerm #30991 wire #30978 | is_source False | owner 'FlatSequenceInnerTunnel'#30988 | err '' A '' B '' | errs 
   READ[IN] uid 29500 -> self 'FlatSequenceInnerTunnel'#29500 cast 'FlatSequenceInnerTunnel' | LeftTerm #29492 wire #26006 | RightTerm #29502 wire #29510 | is_source True | owner 'FlatSequenceInnerTunnel'#29485 | err '' A '' B '' | errs 
   READ[IN] uid 14954 -> self 'FlatSequenceInnerTunnel'#14954 cast 'FlatSequenceInnerTunnel' | LeftTerm #14953 wire #19561 | RightTerm #14957 wire #19816 | is_source False | owner 'FlatSequenceInnerTunnel'#14954 | err '' A '' B '' | errs 
   READ[IN] uid 19582 -> self 'FlatSequenceInnerTunnel'#19582 cast 'FlatSequenceInnerTunnel' | LeftTerm #19588 wire #20120 | RightTerm #19584 wire #19816 | is_source True | owner 'FlatSequenceInnerTunnel'#19585 | err '' A '' B '' | errs 
   READ[IN] uid 14946 -> self 'FlatSequenceInnerTunnel'#14946 cast 'FlatSequenceInnerTunnel' | LeftTerm #14945 wire #19567 | RightTerm #14948 wire #19813 | is_source False | owner 'FlatSequenceInnerTunnel'#14946 | err '' A '' B '' | errs 
   READ[IN] uid 19591 -> self 'FlatSequenceInnerTunnel'#19591 cast 'FlatSequenceInnerTunnel' | LeftTerm #19600 wire #20108 | RightTerm #19597 wire #19813 | is_source True | owner 'FlatSequenceInnerTunnel'#19598 | err '' A '' B '' | errs 
   READ[IN] uid 14938 -> self 'FlatSequenceInnerTunnel'#14938 cast 'FlatSequenceInnerTunnel' | LeftTerm #14937 wire #19564 | RightTerm #14940 wire #19810 | is_source False | owner 'FlatSequenceInnerTunnel'#14938 | err '' A '' B '' | errs 
   READ[IN] uid 19606 -> self 'FlatSequenceInnerTunnel'#19606 cast 'FlatSequenceInnerTunnel' | LeftTerm #19611 wire #0 | RightTerm #19608 wire #19810 | is_source True | owner 'FlatSequenceInnerTunnel'#19609 | err '' A '' B '' | errs error 1055: Property Node in OpFsInnerTunnelTerm_v0.vi
   READ[IN] uid 14970 -> self 'FlatSequenceInnerTunnel'#14970 cast 'FlatSequenceInnerTunnel' | LeftTerm #14968 wire #19555 | RightTerm #14972 wire #19807 | is_source False | owner 'FlatSequenceInnerTunnel'#14970 | err '' A '' B '' | errs 
   READ[IN] uid 19614 -> self 'FlatSequenceInnerTunnel'#19614 cast 'FlatSequenceInnerTunnel' | LeftTerm #19619 wire #20105 | RightTerm #19616 wire #19807 | is_source True | owner 'FlatSequenceInnerTunnel'#19617 | err '' A '' B '' | errs 
   READ[IN] uid 14979 -> self 'FlatSequenceInnerTunnel'#14979 cast 'FlatSequenceInnerTunnel' | LeftTerm #14978 wire #19552 | RightTerm #14981 wire #19801 | is_source False | owner 'FlatSequenceInnerTunnel'#14979 | err '' A '' B '' | errs 
   READ[IN] uid 19622 -> self 'FlatSequenceInnerTunnel'#19622 cast 'FlatSequenceInnerTunnel' | LeftTerm #19627 wire #0 | RightTerm #19624 wire #19801 | is_source True | owner 'FlatSequenceInnerTunnel'#19625 | err '' A '' B '' | errs error 1055: Property Node in OpFsInnerTunnelTerm_v0.vi
   READ[IN] uid 19630 -> self 'FlatSequenceInnerTunnel'#19630 cast 'FlatSequenceInnerTunnel' | LeftTerm #19635 wire #20102 | RightTerm #19632 wire #19798 | is_source True | owner 'FlatSequenceInnerTunnel'#19633 | err '' A '' B '' | errs 
   READ[IN] uid 14987 -> self 'FlatSequenceInnerTunnel'#14987 cast 'FlatSequenceInnerTunnel' | LeftTerm #14986 wire #19546 | RightTerm #14989 wire #19798 | is_source False | owner 'FlatSequenceInnerTunnel'#14987 | err '' A '' B '' | errs 
   READ[IN] uid 19638 -> self 'FlatSequenceInnerTunnel'#19638 cast 'FlatSequenceInnerTunnel' | LeftTerm #19643 wire #20099 | RightTerm #19640 wire #19795 | is_source True | owner 'FlatSequenceInnerTunnel'#19641 | err '' A '' B '' | errs 
   READ[IN] uid 14995 -> self 'FlatSequenceInnerTunnel'#14995 cast 'FlatSequenceInnerTunnel' | LeftTerm #14994 wire #19540 | RightTerm #14997 wire #19795 | is_source False | owner 'FlatSequenceInnerTunnel'#14995 | err '' A '' B '' | errs 
   READ[IN] uid 19646 -> self 'FlatSequenceInnerTunnel'#19646 cast 'FlatSequenceInnerTunnel' | LeftTerm #19651 wire #20096 | RightTerm #19648 wire #19791 | is_source True | owner 'FlatSequenceInnerTunnel'#19649 | err '' A '' B '' | errs 
   READ[IN] uid 15003 -> self 'FlatSequenceInnerTunnel'#15003 cast 'FlatSequenceInnerTunnel' | LeftTerm #15002 wire #19534 | RightTerm #15005 wire #19791 | is_source False | owner 'FlatSequenceInnerTunnel'#15003 | err '' A '' B '' | errs 
   READ[IN] uid 19654 -> self 'FlatSequenceInnerTunnel'#19654 cast 'FlatSequenceInnerTunnel' | LeftTerm #19659 wire #20093 | RightTerm #19656 wire #19788 | is_source True | owner 'FlatSequenceInnerTunnel'#19657 | err '' A '' B '' | errs 
   READ[IN] uid 15011 -> self 'FlatSequenceInnerTunnel'#15011 cast 'FlatSequenceInnerTunnel' | LeftTerm #15010 wire #19528 | RightTerm #15013 wire #19788 | is_source False | owner 'FlatSequenceInnerTunnel'#15011 | err '' A '' B '' | errs 
   READ[IN] uid 19662 -> self 'FlatSequenceInnerTunnel'#19662 cast 'FlatSequenceInnerTunnel' | LeftTerm #19667 wire #20090 | RightTerm #19664 wire #19785 | is_source True | owner 'FlatSequenceInnerTunnel'#19665 | err '' A '' B '' | errs 
   READ[IN] uid 15019 -> self 'FlatSequenceInnerTunnel'#15019 cast 'FlatSequenceInnerTunnel' | LeftTerm #15018 wire #19505 | RightTerm #15021 wire #19785 | is_source False | owner 'FlatSequenceInnerTunnel'#15019 | err '' A '' B '' | errs 
   READ[IN] uid 19670 -> self 'FlatSequenceInnerTunnel'#19670 cast 'FlatSequenceInnerTunnel' | LeftTerm #19675 wire #20087 | RightTerm #19672 wire #19782 | is_source True | owner 'FlatSequenceInnerTunnel'#19673 | err '' A '' B '' | errs 
   READ[IN] uid 15027 -> self 'FlatSequenceInnerTunnel'#15027 cast 'FlatSequenceInnerTunnel' | LeftTerm #15026 wire #19499 | RightTerm #15029 wire #19782 | is_source False | owner 'FlatSequenceInnerTunnel'#15027 | err '' A '' B '' | errs 
   READ[IN] uid 19678 -> self 'FlatSequenceInnerTunnel'#19678 cast 'FlatSequenceInnerTunnel' | LeftTerm #19683 wire #28015 | RightTerm #19680 wire #19779 | is_source True | owner 'FlatSequenceInnerTunnel'#19681 | err '' A '' B '' | errs 
   READ[IN] uid 15035 -> self 'FlatSequenceInnerTunnel'#15035 cast 'FlatSequenceInnerTunnel' | LeftTerm #15034 wire #19493 | RightTerm #15037 wire #19779 | is_source False | owner 'FlatSequenceInnerTunnel'#15035 | err '' A '' B '' | errs 
   READ[IN] uid 29485 -> self 'FlatSequenceInnerTunnel'#29485 cast 'FlatSequenceInnerTunnel' | LeftTerm #29502 wire #29510 | RightTerm #29492 wire #26006 | is_source False | owner 'FlatSequenceInnerTunnel'#29485 | err '' A '' B '' | errs 
   READ[IN] uid 19585 -> self 'FlatSequenceInnerTunnel'#19585 cast 'FlatSequenceInnerTunnel' | LeftTerm #19584 wire #19816 | RightTerm #19588 wire #20120 | is_source False | owner 'FlatSequenceInnerTunnel'#19585 | err '' A '' B '' | errs 
   READ[IN] uid 19598 -> self 'FlatSequenceInnerTunnel'#19598 cast 'FlatSequenceInnerTunnel' | LeftTerm #19597 wire #19813 | RightTerm #19600 wire #20108 | is_source False | owner 'FlatSequenceInnerTunnel'#19598 | err '' A '' B '' | errs 
   READ[IN] uid 19609 -> self 'FlatSequenceInnerTunnel'#19609 cast 'FlatSequenceInnerTunnel' | LeftTerm #19608 wire #19810 | RightTerm #19611 wire #0 | is_source False | owner 'FlatSequenceInnerTunnel'#19609 | err '' A '' B '' | errs 
   READ[IN] uid 19822 -> self 'FlatSequenceInnerTunnel'#19822 cast 'FlatSequenceInnerTunnel' | LeftTerm #19827 wire #20902 | RightTerm #19824 wire #20105 | is_source True | owner 'FlatSequenceInnerTunnel'#19825 | err '' A '' B '' | errs 
   READ[IN] uid 19617 -> self 'FlatSequenceInnerTunnel'#19617 cast 'FlatSequenceInnerTunnel' | LeftTerm #19616 wire #19807 | RightTerm #19619 wire #20105 | is_source False | owner 'FlatSequenceInnerTunnel'#19617 | err '' A '' B '' | errs 
   READ[IN] uid 19625 -> self 'FlatSequenceInnerTunnel'#19625 cast 'FlatSequenceInnerTunnel' | LeftTerm #19624 wire #19801 | RightTerm #19627 wire #0 | is_source False | owner 'FlatSequenceInnerTunnel'#19625 | err '' A '' B '' | errs 
   READ[IN] uid 19633 -> self 'FlatSequenceInnerTunnel'#19633 cast 'FlatSequenceInnerTunnel' | LeftTerm #19632 wire #19798 | RightTerm #19635 wire #20102 | is_source False | owner 'FlatSequenceInnerTunnel'#19633 | err '' A '' B '' | errs 
   READ[IN] uid 19830 -> self 'FlatSequenceInnerTunnel'#19830 cast 'FlatSequenceInnerTunnel' | LeftTerm #19835 wire #20879 | RightTerm #19832 wire #20102 | is_source True | owner 'FlatSequenceInnerTunnel'#19833 | err '' A '' B '' | errs 
   READ[IN] uid 19641 -> self 'FlatSequenceInnerTunnel'#19641 cast 'FlatSequenceInnerTunnel' | LeftTerm #19640 wire #19795 | RightTerm #19643 wire #20099 | is_source False | owner 'FlatSequenceInnerTunnel'#19641 | err '' A '' B '' | errs 
   READ[IN] uid 19838 -> self 'FlatSequenceInnerTunnel'#19838 cast 'FlatSequenceInnerTunnel' | LeftTerm #19843 wire #20896 | RightTerm #19840 wire #20099 | is_source True | owner 'FlatSequenceInnerTunnel'#19841 | err '' A '' B '' | errs 
   READ[IN] uid 19649 -> self 'FlatSequenceInnerTunnel'#19649 cast 'FlatSequenceInnerTunnel' | LeftTerm #19648 wire #19791 | RightTerm #19651 wire #20096 | is_source False | owner 'FlatSequenceInnerTunnel'#19649 | err '' A '' B '' | errs 
   READ[IN] uid 19846 -> self 'FlatSequenceInnerTunnel'#19846 cast 'FlatSequenceInnerTunnel' | LeftTerm #19851 wire #20855 | RightTerm #19848 wire #20096 | is_source True | owner 'FlatSequenceInnerTunnel'#19849 | err '' A '' B '' | errs 
   READ[IN] uid 19854 -> self 'FlatSequenceInnerTunnel'#19854 cast 'FlatSequenceInnerTunnel' | LeftTerm #19859 wire #20838 | RightTerm #19856 wire #20093 | is_source True | owner 'FlatSequenceInnerTunnel'#19857 | err '' A '' B '' | errs 
   READ[IN] uid 19657 -> self 'FlatSequenceInnerTunnel'#19657 cast 'FlatSequenceInnerTunnel' | LeftTerm #19656 wire #19788 | RightTerm #19659 wire #20093 | is_source False | owner 'FlatSequenceInnerTunnel'#19657 | err '' A '' B '' | errs 
   READ[IN] uid 19862 -> self 'FlatSequenceInnerTunnel'#19862 cast 'FlatSequenceInnerTunnel' | LeftTerm #19867 wire #20806 | RightTerm #19864 wire #20090 | is_source True | owner 'FlatSequenceInnerTunnel'#19865 | err '' A '' B '' | errs 
   READ[IN] uid 19665 -> self 'FlatSequenceInnerTunnel'#19665 cast 'FlatSequenceInnerTunnel' | LeftTerm #19664 wire #19785 | RightTerm #19667 wire #20090 | is_source False | owner 'FlatSequenceInnerTunnel'#19665 | err '' A '' B '' | errs 
   READ[IN] uid 19673 -> self 'FlatSequenceInnerTunnel'#19673 cast 'FlatSequenceInnerTunnel' | LeftTerm #19672 wire #19782 | RightTerm #19675 wire #20087 | is_source False | owner 'FlatSequenceInnerTunnel'#19673 | err '' A '' B '' | errs 
   READ[IN] uid 19870 -> self 'FlatSequenceInnerTunnel'#19870 cast 'FlatSequenceInnerTunnel' | LeftTerm #19875 wire #20796 | RightTerm #19872 wire #20081 | is_source True | owner 'FlatSequenceInnerTunnel'#19873 | err '' A '' B '' | errs 
   READ[IN] uid 19878 -> self 'FlatSequenceInnerTunnel'#19878 cast 'FlatSequenceInnerTunnel' | LeftTerm #19883 wire #20790 | RightTerm #19880 wire #20084 | is_source True | owner 'FlatSequenceInnerTunnel'#19881 | err '' A '' B '' | errs 
   READ[IN] uid 19681 -> self 'FlatSequenceInnerTunnel'#19681 cast 'FlatSequenceInnerTunnel' | LeftTerm #19680 wire #19779 | RightTerm #19683 wire #28015 | is_source False | owner 'FlatSequenceInnerTunnel'#19681 | err '' A '' B '' | errs 
   READ[IN] uid 28006 -> self 'FlatSequenceInnerTunnel'#28006 cast 'FlatSequenceInnerTunnel' | LeftTerm #28000 wire #27994 | RightTerm #28008 wire #28015 | is_source True | owner 'FlatSequenceInnerTunnel'#27998 | err '' A '' B '' | errs 
   READ[IN] uid 32969 -> self 'FlatSequenceInnerTunnel'#32969 cast 'FlatSequenceInnerTunnel' | LeftTerm #32957 wire #32944 | RightTerm #32971 wire #20108 | is_source True | owner 'FlatSequenceInnerTunnel'#32955 | err '' A '' B '' | errs 
   READ[IN] uid 33605 -> self 'FlatSequenceInnerTunnel'#33605 cast 'FlatSequenceInnerTunnel' | LeftTerm #33582 wire #20733 | RightTerm #33607 wire #20120 | is_source True | owner 'FlatSequenceInnerTunnel'#33580 | err '' A '' B '' | errs 
   READ[IN] uid 20140 -> self 'FlatSequenceInnerTunnel'#20140 cast 'FlatSequenceInnerTunnel' | LeftTerm #20145 wire #25631 | RightTerm #20142 wire #20729 | is_source True | owner 'FlatSequenceInnerTunnel'#20143 | err '' A '' B '' | errs 
   READ[IN] uid 20148 -> self 'FlatSequenceInnerTunnel'#20148 cast 'FlatSequenceInnerTunnel' | LeftTerm #20153 wire #25628 | RightTerm #20150 wire #20733 | is_source True | owner 'FlatSequenceInnerTunnel'#20151 | err '' A '' B '' | errs 
   READ[IN] uid 19825 -> self 'FlatSequenceInnerTunnel'#19825 cast 'FlatSequenceInnerTunnel' | LeftTerm #19824 wire #20105 | RightTerm #19827 wire #20902 | is_source False | owner 'FlatSequenceInnerTunnel'#19825 | err '' A '' B '' | errs 
   READ[IN] uid 20156 -> self 'FlatSequenceInnerTunnel'#20156 cast 'FlatSequenceInnerTunnel' | LeftTerm #20161 wire #25625 | RightTerm #20158 wire #20902 | is_source True | owner 'FlatSequenceInnerTunnel'#20159 | err '' A '' B '' | errs 
   READ[IN] uid 20164 -> self 'FlatSequenceInnerTunnel'#20164 cast 'FlatSequenceInnerTunnel' | LeftTerm #20169 wire #25601 | RightTerm #20166 wire #20879 | is_source True | owner 'FlatSequenceInnerTunnel'#20167 | err '' A '' B '' | errs 
   READ[IN] uid 19833 -> self 'FlatSequenceInnerTunnel'#19833 cast 'FlatSequenceInnerTunnel' | LeftTerm #19832 wire #20102 | RightTerm #19835 wire #20879 | is_source False | owner 'FlatSequenceInnerTunnel'#19833 | err '' A '' B '' | errs 
   READ[IN] uid 19841 -> self 'FlatSequenceInnerTunnel'#19841 cast 'FlatSequenceInnerTunnel' | LeftTerm #19840 wire #20099 | RightTerm #19843 wire #20896 | is_source False | owner 'FlatSequenceInnerTunnel'#19841 | err '' A '' B '' | errs 
   READ[IN] uid 20172 -> self 'FlatSequenceInnerTunnel'#20172 cast 'FlatSequenceInnerTunnel' | LeftTerm #20177 wire #25613 | RightTerm #20174 wire #20896 | is_source True | owner 'FlatSequenceInnerTunnel'#20175 | err '' A '' B '' | errs 
   READ[IN] uid 20180 -> self 'FlatSequenceInnerTunnel'#20180 cast 'FlatSequenceInnerTunnel' | LeftTerm #20185 wire #25598 | RightTerm #20182 wire #20864 | is_source True | owner 'FlatSequenceInnerTunnel'#20183 | err '' A '' B '' | errs 
   READ[IN] uid 20188 -> self 'FlatSequenceInnerTunnel'#20188 cast 'FlatSequenceInnerTunnel' | LeftTerm #20193 wire #25595 | RightTerm #20190 wire #20847 | is_source True | owner 'FlatSequenceInnerTunnel'#20191 | err '' A '' B '' | errs 
   READ[IN] uid 20196 -> self 'FlatSequenceInnerTunnel'#20196 cast 'FlatSequenceInnerTunnel' | LeftTerm #20201 wire #25592 | RightTerm #20198 wire #20855 | is_source True | owner 'FlatSequenceInnerTunnel'#20199 | err '' A '' B '' | errs 
   READ[IN] uid 19849 -> self 'FlatSequenceInnerTunnel'#19849 cast 'FlatSequenceInnerTunnel' | LeftTerm #19848 wire #20096 | RightTerm #19851 wire #20855 | is_source False | owner 'FlatSequenceInnerTunnel'#19849 | err '' A '' B '' | errs 
   READ[IN] uid 20204 -> self 'FlatSequenceInnerTunnel'#20204 cast 'FlatSequenceInnerTunnel' | LeftTerm #20209 wire #25580 | RightTerm #20206 wire #20838 | is_source True | owner 'FlatSequenceInnerTunnel'#20207 | err '' A '' B '' | errs 
   READ[IN] uid 19857 -> self 'FlatSequenceInnerTunnel'#19857 cast 'FlatSequenceInnerTunnel' | LeftTerm #19856 wire #20093 | RightTerm #19859 wire #20838 | is_source False | owner 'FlatSequenceInnerTunnel'#19857 | err '' A '' B '' | errs 
   READ[IN] uid 20212 -> self 'FlatSequenceInnerTunnel'#20212 cast 'FlatSequenceInnerTunnel' | LeftTerm #20217 wire #25574 | RightTerm #20214 wire #20824 | is_source True | owner 'FlatSequenceInnerTunnel'#20215 | err '' A '' B '' | errs 
   READ[IN] uid 20220 -> self 'FlatSequenceInnerTunnel'#20220 cast 'FlatSequenceInnerTunnel' | LeftTerm #20225 wire #25577 | RightTerm #20222 wire #20813 | is_source True | owner 'FlatSequenceInnerTunnel'#20223 | err '' A '' B '' | errs 
   READ[IN] uid 20228 -> self 'FlatSequenceInnerTunnel'#20228 cast 'FlatSequenceInnerTunnel' | LeftTerm #20233 wire #25571 | RightTerm #20230 wire #20806 | is_source True | owner 'FlatSequenceInnerTunnel'#20231 | err '' A '' B '' | errs 
   READ[IN] uid 19865 -> self 'FlatSequenceInnerTunnel'#19865 cast 'FlatSequenceInnerTunnel' | LeftTerm #19864 wire #20090 | RightTerm #19867 wire #20806 | is_source False | owner 'FlatSequenceInnerTunnel'#19865 | err '' A '' B '' | errs 
   READ[IN] uid 20236 -> self 'FlatSequenceInnerTunnel'#20236 cast 'FlatSequenceInnerTunnel' | LeftTerm #20241 wire #25565 | RightTerm #20238 wire #20796 | is_source True | owner 'FlatSequenceInnerTunnel'#20239 | err '' A '' B '' | errs 
   READ[IN] uid 19873 -> self 'FlatSequenceInnerTunnel'#19873 cast 'FlatSequenceInnerTunnel' | LeftTerm #19872 wire #20081 | RightTerm #19875 wire #20796 | is_source False | owner 'FlatSequenceInnerTunnel'#19873 | err '' A '' B '' | errs 
   READ[IN] uid 20244 -> self 'FlatSequenceInnerTunnel'#20244 cast 'FlatSequenceInnerTunnel' | LeftTerm #20249 wire #25556 | RightTerm #20246 wire #20790 | is_source True | owner 'FlatSequenceInnerTunnel'#20247 | err '' A '' B '' | errs 
   READ[IN] uid 19881 -> self 'FlatSequenceInnerTunnel'#19881 cast 'FlatSequenceInnerTunnel' | LeftTerm #19880 wire #20084 | RightTerm #19883 wire #20790 | is_source False | owner 'FlatSequenceInnerTunnel'#19881 | err '' A '' B '' | errs 
   READ[IN] uid 20252 -> self 'FlatSequenceInnerTunnel'#20252 cast 'FlatSequenceInnerTunnel' | LeftTerm #20257 wire #25562 | RightTerm #20254 wire #20729 | is_source True | owner 'FlatSequenceInnerTunnel'#20255 | err '' A '' B '' | errs 
   READ[IN] uid 27985 -> self 'FlatSequenceInnerTunnel'#27985 cast 'FlatSequenceInnerTunnel' | LeftTerm #27965 wire #28280 | RightTerm #27987 wire #27994 | is_source True | owner 'FlatSequenceInnerTunnel'#27959 | err '' A '' B '' | errs 
   READ[IN] uid 27998 -> self 'FlatSequenceInnerTunnel'#27998 cast 'FlatSequenceInnerTunnel' | LeftTerm #28008 wire #28015 | RightTerm #28000 wire #27994 | is_source False | owner 'FlatSequenceInnerTunnel'#27998 | err '' A '' B '' | errs 
   READ[IN] uid 32955 -> self 'FlatSequenceInnerTunnel'#32955 cast 'FlatSequenceInnerTunnel' | LeftTerm #32971 wire #20108 | RightTerm #32957 wire #32944 | is_source False | owner 'FlatSequenceInnerTunnel'#32955 | err '' A '' B '' | errs 
   READ[IN] uid 33580 -> self 'FlatSequenceInnerTunnel'#33580 cast 'FlatSequenceInnerTunnel' | LeftTerm #33607 wire #20120 | RightTerm #33582 wire #20733 | is_source False | owner 'FlatSequenceInnerTunnel'#33580 | err '' A '' B '' | errs 
   READ[IN] uid 20911 -> self 'FlatSequenceInnerTunnel'#20911 cast 'FlatSequenceInnerTunnel' | LeftTerm #20918 wire #0 | RightTerm #20914 wire #25622 | is_source True | owner 'FlatSequenceInnerTunnel'#20915 | err '' A '' B '' | errs error 1055: Property Node in OpFsInnerTunnelTerm_v0.vi
   READ[IN] uid 20143 -> self 'FlatSequenceInnerTunnel'#20143 cast 'FlatSequenceInnerTunnel' | LeftTerm #20142 wire #20729 | RightTerm #20145 wire #25631 | is_source False | owner 'FlatSequenceInnerTunnel'#20143 | err '' A '' B '' | errs 
   READ[IN] uid 20923 -> self 'FlatSequenceInnerTunnel'#20923 cast 'FlatSequenceInnerTunnel' | LeftTerm #20936 wire #26107 | RightTerm #20927 wire #25631 | is_source True | owner 'FlatSequenceInnerTunnel'#20930 | err '' A '' B '' | errs 
   READ[IN] uid 20151 -> self 'FlatSequenceInnerTunnel'#20151 cast 'FlatSequenceInnerTunnel' | LeftTerm #20150 wire #20733 | RightTerm #20153 wire #25628 | is_source False | owner 'FlatSequenceInnerTunnel'#20151 | err '' A '' B '' | errs 
   READ[IN] uid 20159 -> self 'FlatSequenceInnerTunnel'#20159 cast 'FlatSequenceInnerTunnel' | LeftTerm #20158 wire #20902 | RightTerm #20161 wire #25625 | is_source False | owner 'FlatSequenceInnerTunnel'#20159 | err '' A '' B '' | errs 
   READ[IN] uid 20945 -> self 'FlatSequenceInnerTunnel'#20945 cast 'FlatSequenceInnerTunnel' | LeftTerm #20960 wire #26053 | RightTerm #20951 wire #25619 | is_source True | owner 'FlatSequenceInnerTunnel'#20954 | err '' A '' B '' | errs 
   READ[IN] uid 20969 -> self 'FlatSequenceInnerTunnel'#20969 cast 'FlatSequenceInnerTunnel' | LeftTerm #20984 wire #26077 | RightTerm #20975 wire #25616 | is_source True | owner 'FlatSequenceInnerTunnel'#20978 | err '' A '' B '' | errs 
   READ[IN] uid 20167 -> self 'FlatSequenceInnerTunnel'#20167 cast 'FlatSequenceInnerTunnel' | LeftTerm #20166 wire #20879 | RightTerm #20169 wire #25601 | is_source False | owner 'FlatSequenceInnerTunnel'#20167 | err '' A '' B '' | errs 
   READ[IN] uid 20175 -> self 'FlatSequenceInnerTunnel'#20175 cast 'FlatSequenceInnerTunnel' | LeftTerm #20174 wire #20896 | RightTerm #20177 wire #25613 | is_source False | owner 'FlatSequenceInnerTunnel'#20175 | err '' A '' B '' | errs 
   READ[IN] uid 20993 -> self 'FlatSequenceInnerTunnel'#20993 cast 'FlatSequenceInnerTunnel' | LeftTerm #21007 wire #26089 | RightTerm #20999 wire #25610 | is_source True | owner 'FlatSequenceInnerTunnel'#21001 | err '' A '' B '' | errs 
   READ[IN] uid 21013 -> self 'FlatSequenceInnerTunnel'#21013 cast 'FlatSequenceInnerTunnel' | LeftTerm #21028 wire #26080 | RightTerm #21019 wire #25601 | is_source True | owner 'FlatSequenceInnerTunnel'#21022 | err '' A '' B '' | errs 
   READ[IN] uid 20183 -> self 'FlatSequenceInnerTunnel'#20183 cast 'FlatSequenceInnerTunnel' | LeftTerm #20182 wire #20864 | RightTerm #20185 wire #25598 | is_source False | owner 'FlatSequenceInnerTunnel'#20183 | err '' A '' B '' | errs 
   READ[IN] uid 20191 -> self 'FlatSequenceInnerTunnel'#20191 cast 'FlatSequenceInnerTunnel' | LeftTerm #20190 wire #20847 | RightTerm #20193 wire #25595 | is_source False | owner 'FlatSequenceInnerTunnel'#20191 | err '' A '' B '' | errs 
   READ[IN] uid 21037 -> self 'FlatSequenceInnerTunnel'#21037 cast 'FlatSequenceInnerTunnel' | LeftTerm #21045 wire #26071 | RightTerm #21041 wire #25592 | is_source True | owner 'FlatSequenceInnerTunnel'#21043 | err '' A '' B '' | errs 
   READ[IN] uid 20199 -> self 'FlatSequenceInnerTunnel'#20199 cast 'FlatSequenceInnerTunnel' | LeftTerm #20198 wire #20855 | RightTerm #20201 wire #25592 | is_source False | owner 'FlatSequenceInnerTunnel'#20199 | err '' A '' B '' | errs 
   READ[IN] uid 20207 -> self 'FlatSequenceInnerTunnel'#20207 cast 'FlatSequenceInnerTunnel' | LeftTerm #20206 wire #20838 | RightTerm #20209 wire #25580 | is_source False | owner 'FlatSequenceInnerTunnel'#20207 | err '' A '' B '' | errs 
   READ[IN] uid 21054 -> self 'FlatSequenceInnerTunnel'#21054 cast 'FlatSequenceInnerTunnel' | LeftTerm #21069 wire #26068 | RightTerm #21060 wire #25580 | is_source True | owner 'FlatSequenceInnerTunnel'#21063 | err '' A '' B '' | errs 
   READ[IN] uid 20215 -> self 'FlatSequenceInnerTunnel'#20215 cast 'FlatSequenceInnerTunnel' | LeftTerm #20214 wire #20824 | RightTerm #20217 wire #25574 | is_source False | owner 'FlatSequenceInnerTunnel'#20215 | err '' A '' B '' | errs 
   READ[IN] uid 20223 -> self 'FlatSequenceInnerTunnel'#20223 cast 'FlatSequenceInnerTunnel' | LeftTerm #20222 wire #20813 | RightTerm #20225 wire #25577 | is_source False | owner 'FlatSequenceInnerTunnel'#20223 | err '' A '' B '' | errs 
   READ[IN] uid 21078 -> self 'FlatSequenceInnerTunnel'#21078 cast 'FlatSequenceInnerTunnel' | LeftTerm #21093 wire #26065 | RightTerm #21084 wire #25571 | is_source True | owner 'FlatSequenceInnerTunnel'#21087 | err '' A '' B '' | errs 
   READ[IN] uid 20231 -> self 'FlatSequenceInnerTunnel'#20231 cast 'FlatSequenceInnerTunnel' | LeftTerm #20230 wire #20806 | RightTerm #20233 wire #25571 | is_source False | owner 'FlatSequenceInnerTunnel'#20231 | err '' A '' B '' | errs 
   READ[IN] uid 20239 -> self 'FlatSequenceInnerTunnel'#20239 cast 'FlatSequenceInnerTunnel' | LeftTerm #20238 wire #20796 | RightTerm #20241 wire #25565 | is_source False | owner 'FlatSequenceInnerTunnel'#20239 | err '' A '' B '' | errs 
   READ[IN] uid 21102 -> self 'FlatSequenceInnerTunnel'#21102 cast 'FlatSequenceInnerTunnel' | LeftTerm #21116 wire #26059 | RightTerm #21108 wire #25565 | is_source True | owner 'FlatSequenceInnerTunnel'#21110 | err '' A '' B '' | errs 
   READ[IN] uid 21120 -> self 'FlatSequenceInnerTunnel'#21120 cast 'FlatSequenceInnerTunnel' | LeftTerm #21128 wire #26062 | RightTerm #21123 wire #25556 | is_source True | owner 'FlatSequenceInnerTunnel'#21125 | err '' A '' B '' | errs 
   READ[IN] uid 20247 -> self 'FlatSequenceInnerTunnel'#20247 cast 'FlatSequenceInnerTunnel' | LeftTerm #20246 wire #20790 | RightTerm #20249 wire #25556 | is_source False | owner 'FlatSequenceInnerTunnel'#20247 | err '' A '' B '' | errs 
   READ[IN] uid 20255 -> self 'FlatSequenceInnerTunnel'#20255 cast 'FlatSequenceInnerTunnel' | LeftTerm #20254 wire #20729 | RightTerm #20257 wire #25562 | is_source False | owner 'FlatSequenceInnerTunnel'#20255 | err '' A '' B '' | errs 
   READ[IN] uid 27959 -> self 'FlatSequenceInnerTunnel'#27959 cast 'FlatSequenceInnerTunnel' | LeftTerm #27987 wire #27994 | RightTerm #27965 wire #28280 | is_source False | owner 'FlatSequenceInnerTunnel'#27959 | err '' A '' B '' | errs 
   READ[IN] uid 28248 -> self 'FlatSequenceInnerTunnel'#28248 cast 'FlatSequenceInnerTunnel' | LeftTerm #28239 wire #28231 | RightTerm #28256 wire #28280 | is_source True | owner 'FlatSequenceInnerTunnel'#28236 | err '' A '' B '' | errs 
   READ[IN] uid 20915 -> self 'FlatSequenceInnerTunnel'#20915 cast 'FlatSequenceInnerTunnel' | LeftTerm #20914 wire #25622 | RightTerm #20918 wire #0 | is_source False | owner 'FlatSequenceInnerTunnel'#20915 | err '' A '' B '' | errs 
   READ[IN] uid 20930 -> self 'FlatSequenceInnerTunnel'#20930 cast 'FlatSequenceInnerTunnel' | LeftTerm #20927 wire #25631 | RightTerm #20936 wire #26107 | is_source False | owner 'FlatSequenceInnerTunnel'#20930 | err '' A '' B '' | errs 
   READ[IN] uid 25648 -> self 'FlatSequenceInnerTunnel'#25648 cast 'FlatSequenceInnerTunnel' | LeftTerm #25653 wire #26665 | RightTerm #25650 wire #26107 | is_source True | owner 'FlatSequenceInnerTunnel'#25651 | err '' A '' B '' | errs 
   READ[IN] uid 25656 -> self 'FlatSequenceInnerTunnel'#25656 cast 'FlatSequenceInnerTunnel' | LeftTerm #25661 wire #26656 | RightTerm #25658 wire #26053 | is_source True | owner 'FlatSequenceInnerTunnel'#25659 | err '' A '' B '' | errs 
   READ[IN] uid 20954 -> self 'FlatSequenceInnerTunnel'#20954 cast 'FlatSequenceInnerTunnel' | LeftTerm #20951 wire #25619 | RightTerm #20960 wire #26053 | is_source False | owner 'FlatSequenceInnerTunnel'#20954 | err '' A '' B '' | errs 
   READ[IN] uid 20978 -> self 'FlatSequenceInnerTunnel'#20978 cast 'FlatSequenceInnerTunnel' | LeftTerm #20975 wire #25616 | RightTerm #20984 wire #26077 | is_source False | owner 'FlatSequenceInnerTunnel'#20978 | err '' A '' B '' | errs 
   READ[IN] uid 25664 -> self 'FlatSequenceInnerTunnel'#25664 cast 'FlatSequenceInnerTunnel' | LeftTerm #25669 wire #26695 | RightTerm #25666 wire #26092 | is_source True | owner 'FlatSequenceInnerTunnel'#25667 | err '' A '' B '' | errs 
   READ[IN] uid 25672 -> self 'FlatSequenceInnerTunnel'#25672 cast 'FlatSequenceInnerTunnel' | LeftTerm #25677 wire #0 | RightTerm #25674 wire #26101 | is_source True | owner 'FlatSequenceInnerTunnel'#25675 | err '' A '' B '' | errs error 1055: Property Node in OpFsInnerTunnelTerm_v0.vi
   READ[IN] uid 25680 -> self 'FlatSequenceInnerTunnel'#25680 cast 'FlatSequenceInnerTunnel' | LeftTerm #25685 wire #0 | RightTerm #25682 wire #26098 | is_source True | owner 'FlatSequenceInnerTunnel'#25683 | err '' A '' B '' | errs error 1055: Property Node in OpFsInnerTunnelTerm_v0.vi
   READ[IN] uid 25688 -> self 'FlatSequenceInnerTunnel'#25688 cast 'FlatSequenceInnerTunnel' | LeftTerm #25693 wire #0 | RightTerm #25690 wire #26095 | is_source True | owner 'FlatSequenceInnerTunnel'#25691 | err '' A '' B '' | errs error 1055: Property Node in OpFsInnerTunnelTerm_v0.vi
   READ[IN] uid 25696 -> self 'FlatSequenceInnerTunnel'#25696 cast 'FlatSequenceInnerTunnel' | LeftTerm #25701 wire #0 | RightTerm #25698 wire #26101 | is_source True | owner 'FlatSequenceInnerTunnel'#25699 | err '' A '' B '' | errs error 1055: Property Node in OpFsInnerTunnelTerm_v0.vi
   READ[IN] uid 25704 -> self 'FlatSequenceInnerTunnel'#25704 cast 'FlatSequenceInnerTunnel' | LeftTerm #25709 wire #0 | RightTerm #25706 wire #26098 | is_source True | owner 'FlatSequenceInnerTunnel'#25707 | err '' A '' B '' | errs error 1055: Property Node in OpFsInnerTunnelTerm_v0.vi
   READ[IN] uid 25712 -> self 'FlatSequenceInnerTunnel'#25712 cast 'FlatSequenceInnerTunnel' | LeftTerm #25717 wire #0 | RightTerm #25714 wire #26095 | is_source True | owner 'FlatSequenceInnerTunnel'#25715 | err '' A '' B '' | errs error 1055: Property Node in OpFsInnerTunnelTerm_v0.vi
   READ[IN] uid 25720 -> self 'FlatSequenceInnerTunnel'#25720 cast 'FlatSequenceInnerTunnel' | LeftTerm #25725 wire #0 | RightTerm #25722 wire #26092 | is_source True | owner 'FlatSequenceInnerTunnel'#25723 | err '' A '' B '' | errs error 1055: Property Node in OpFsInnerTunnelTerm_v0.vi
   READ[IN] uid 21001 -> self 'FlatSequenceInnerTunnel'#21001 cast 'FlatSequenceInnerTunnel' | LeftTerm #20999 wire #25610 | RightTerm #21007 wire #26089 | is_source False | owner 'FlatSequenceInnerTunnel'#21001 | err '' A '' B '' | errs 
   READ[IN] uid 21022 -> self 'FlatSequenceInnerTunnel'#21022 cast 'FlatSequenceInnerTunnel' | LeftTerm #21019 wire #25601 | RightTerm #21028 wire #26080 | is_source False | owner 'FlatSequenceInnerTunnel'#21022 | err '' A '' B '' | errs 
   READ[IN] uid 25728 -> self 'FlatSequenceInnerTunnel'#25728 cast 'FlatSequenceInnerTunnel' | LeftTerm #25733 wire #26698 | RightTerm #25730 wire #26083 | is_source True | owner 'FlatSequenceInnerTunnel'#25731 | err '' A '' B '' | errs 
   READ[IN] uid 25736 -> self 'FlatSequenceInnerTunnel'#25736 cast 'FlatSequenceInnerTunnel' | LeftTerm #25741 wire #26692 | RightTerm #25738 wire #26086 | is_source True | owner 'FlatSequenceInnerTunnel'#25739 | err '' A '' B '' | errs 
   READ[IN] uid 25744 -> self 'FlatSequenceInnerTunnel'#25744 cast 'FlatSequenceInnerTunnel' | LeftTerm #25749 wire #26686 | RightTerm #25746 wire #26071 | is_source True | owner 'FlatSequenceInnerTunnel'#25747 | err '' A '' B '' | errs 
   READ[IN] uid 21043 -> self 'FlatSequenceInnerTunnel'#21043 cast 'FlatSequenceInnerTunnel' | LeftTerm #21041 wire #25592 | RightTerm #21045 wire #26071 | is_source False | owner 'FlatSequenceInnerTunnel'#21043 | err '' A '' B '' | errs 
   READ[IN] uid 25752 -> self 'FlatSequenceInnerTunnel'#25752 cast 'FlatSequenceInnerTunnel' | LeftTerm #25757 wire #26683 | RightTerm #25754 wire #26068 | is_source True | owner 'FlatSequenceInnerTunnel'#25755 | err '' A '' B '' | errs 
   READ[IN] uid 21063 -> self 'FlatSequenceInnerTunnel'#21063 cast 'FlatSequenceInnerTunnel' | LeftTerm #21060 wire #25580 | RightTerm #21069 wire #26068 | is_source False | owner 'FlatSequenceInnerTunnel'#21063 | err '' A '' B '' | errs 
   READ[IN] uid 25760 -> self 'FlatSequenceInnerTunnel'#25760 cast 'FlatSequenceInnerTunnel' | LeftTerm #25765 wire #26671 | RightTerm #25762 wire #26065 | is_source True | owner 'FlatSequenceInnerTunnel'#25763 | err '' A '' B '' | errs 
   READ[IN] uid 21087 -> self 'FlatSequenceInnerTunnel'#21087 cast 'FlatSequenceInnerTunnel' | LeftTerm #21084 wire #25571 | RightTerm #21093 wire #26065 | is_source False | owner 'FlatSequenceInnerTunnel'#21087 | err '' A '' B '' | errs 
   READ[IN] uid 21110 -> self 'FlatSequenceInnerTunnel'#21110 cast 'FlatSequenceInnerTunnel' | LeftTerm #21108 wire #25565 | RightTerm #21116 wire #26059 | is_source False | owner 'FlatSequenceInnerTunnel'#21110 | err '' A '' B '' | errs 
   READ[IN] uid 21125 -> self 'FlatSequenceInnerTunnel'#21125 cast 'FlatSequenceInnerTunnel' | LeftTerm #21123 wire #25556 | RightTerm #21128 wire #26062 | is_source False | owner 'FlatSequenceInnerTunnel'#21125 | err '' A '' B '' | errs 
   READ[IN] uid 28222 -> self 'FlatSequenceInnerTunnel'#28222 cast 'FlatSequenceInnerTunnel' | LeftTerm #28214 wire #28208 | RightTerm #28224 wire #28231 | is_source True | owner 'FlatSequenceInnerTunnel'#28212 | err '' A '' B '' | errs 
   READ[IN] uid 28236 -> self 'FlatSequenceInnerTunnel'#28236 cast 'FlatSequenceInnerTunnel' | LeftTerm #28256 wire #28280 | RightTerm #28239 wire #28231 | is_source False | owner 'FlatSequenceInnerTunnel'#28236 | err '' A '' B '' | errs 
   READ[IN] uid 25651 -> self 'FlatSequenceInnerTunnel'#25651 cast 'FlatSequenceInnerTunnel' | LeftTerm #25650 wire #26107 | RightTerm #25653 wire #26665 | is_source False | owner 'FlatSequenceInnerTunnel'#25651 | err '' A '' B '' | errs 
   READ[IN] uid 25659 -> self 'FlatSequenceInnerTunnel'#25659 cast 'FlatSequenceInnerTunnel' | LeftTerm #25658 wire #26053 | RightTerm #25661 wire #26656 | is_source False | owner 'FlatSequenceInnerTunnel'#25659 | err '' A '' B '' | errs 
   READ[IN] uid 25667 -> self 'FlatSequenceInnerTunnel'#25667 cast 'FlatSequenceInnerTunnel' | LeftTerm #25666 wire #26092 | RightTerm #25669 wire #26695 | is_source False | owner 'FlatSequenceInnerTunnel'#25667 | err '' A '' B '' | errs 
   READ[IN] uid 25675 -> self 'FlatSequenceInnerTunnel'#25675 cast 'FlatSequenceInnerTunnel' | LeftTerm #25674 wire #26101 | RightTerm #25677 wire #0 | is_source False | owner 'FlatSequenceInnerTunnel'#25675 | err '' A '' B '' | errs 
   READ[IN] uid 25683 -> self 'FlatSequenceInnerTunnel'#25683 cast 'FlatSequenceInnerTunnel' | LeftTerm #25682 wire #26098 | RightTerm #25685 wire #0 | is_source False | owner 'FlatSequenceInnerTunnel'#25683 | err '' A '' B '' | errs 
   READ[IN] uid 25691 -> self 'FlatSequenceInnerTunnel'#25691 cast 'FlatSequenceInnerTunnel' | LeftTerm #25690 wire #26095 | RightTerm #25693 wire #0 | is_source False | owner 'FlatSequenceInnerTunnel'#25691 | err '' A '' B '' | errs 
   READ[IN] uid 25699 -> self 'FlatSequenceInnerTunnel'#25699 cast 'FlatSequenceInnerTunnel' | LeftTerm #25698 wire #26101 | RightTerm #25701 wire #0 | is_source False | owner 'FlatSequenceInnerTunnel'#25699 | err '' A '' B '' | errs 
   READ[IN] uid 25707 -> self 'FlatSequenceInnerTunnel'#25707 cast 'FlatSequenceInnerTunnel' | LeftTerm #25706 wire #26098 | RightTerm #25709 wire #0 | is_source False | owner 'FlatSequenceInnerTunnel'#25707 | err '' A '' B '' | errs 
   READ[IN] uid 25715 -> self 'FlatSequenceInnerTunnel'#25715 cast 'FlatSequenceInnerTunnel' | LeftTerm #25714 wire #26095 | RightTerm #25717 wire #0 | is_source False | owner 'FlatSequenceInnerTunnel'#25715 | err '' A '' B '' | errs 
   READ[IN] uid 25723 -> self 'FlatSequenceInnerTunnel'#25723 cast 'FlatSequenceInnerTunnel' | LeftTerm #25722 wire #26092 | RightTerm #25725 wire #0 | is_source False | owner 'FlatSequenceInnerTunnel'#25723 | err '' A '' B '' | errs 
   READ[IN] uid 25731 -> self 'FlatSequenceInnerTunnel'#25731 cast 'FlatSequenceInnerTunnel' | LeftTerm #25730 wire #26083 | RightTerm #25733 wire #26698 | is_source False | owner 'FlatSequenceInnerTunnel'#25731 | err '' A '' B '' | errs 
   READ[IN] uid 25739 -> self 'FlatSequenceInnerTunnel'#25739 cast 'FlatSequenceInnerTunnel' | LeftTerm #25738 wire #26086 | RightTerm #25741 wire #26692 | is_source False | owner 'FlatSequenceInnerTunnel'#25739 | err '' A '' B '' | errs 
   READ[IN] uid 25747 -> self 'FlatSequenceInnerTunnel'#25747 cast 'FlatSequenceInnerTunnel' | LeftTerm #25746 wire #26071 | RightTerm #25749 wire #26686 | is_source False | owner 'FlatSequenceInnerTunnel'#25747 | err '' A '' B '' | errs 
   READ[IN] uid 25755 -> self 'FlatSequenceInnerTunnel'#25755 cast 'FlatSequenceInnerTunnel' | LeftTerm #25754 wire #26068 | RightTerm #25757 wire #26683 | is_source False | owner 'FlatSequenceInnerTunnel'#25755 | err '' A '' B '' | errs 
   READ[IN] uid 25763 -> self 'FlatSequenceInnerTunnel'#25763 cast 'FlatSequenceInnerTunnel' | LeftTerm #25762 wire #26065 | RightTerm #25765 wire #26671 | is_source False | owner 'FlatSequenceInnerTunnel'#25763 | err '' A '' B '' | errs 
   READ[OUT] uid 57292 -> self 'FlatSequenceOuterTunnel'#57292 cast 'FlatSequenceOuterTunnel' | OuterTerminal #57298 wire #57288 | InnerTerminal #57294 wire #26668 | is_source True | owner 'FlatSequenceOuterTunnel'#57292 | err '' A '' B '' | errs 
   READ[OUT] uid 59098 -> self 'FlatSequenceOuterTunnel'#59098 cast 'FlatSequenceOuterTunnel' | OuterTerminal #59104 wire #59094 | InnerTerminal #59100 wire #59107 | is_source True | owner 'FlatSequenceOuterTunnel'#59098 | err '' A '' B '' | errs 
   READ[OUT] uid 28199 -> self 'FlatSequenceOuterTunnel'#28199 cast 'FlatSequenceOuterTunnel' | OuterTerminal #28205 wire #28386 | InnerTerminal #28201 wire #28208 | is_source True | owner 'FlatSequenceOuterTunnel'#28199 | err '' A '' B '' | errs 
   READ[IN] uid 28212 -> self 'FlatSequenceInnerTunnel'#28212 cast 'FlatSequenceInnerTunnel' | LeftTerm #28224 wire #28231 | RightTerm #28214 wire #28208 | is_source False | owner 'FlatSequenceInnerTunnel'#28212 | err '' A '' B '' | errs 
  FACT  read_fs_tunnels: 576 tunnels in 18.8s
  FACT  A3 FlatSequenceOuterTunnel: {'n': 58, 'fresh_eq_wiki': 58, 'faces_in_owned_rows': 58, 'diff_uids': []}
  FACT  A3 FlatSequenceInnerTunnel: {'n': 518, 'fresh_eq_wiki': 518, 'faces_in_owned_rows': 259, 'diff_uids': []}
  PASS  A3 FSOT fresh read == wiki fs_tunnel_pairs 58/58  58/58
  PASS  A3 FSOT faces == the OpAllTerms_v1 rows that FSOT owns 58/58  58/58

---------- [H] HYGIENE
  FACT  close_panel(bench_map_a23_20260923_173046.vi) raised com_error: (-2147352567, '??? ??????.', (6649, 'LabVIEW', 'LabVIEW: (Hex 0x47D) Cannot close or set the state of a closed front panel. The front panel must already be open before you close it or set its state.', None, 0, 0), None)
  FACT  gscript ref_counts: {'opened': 4, 'closed': 4, 'live': 0, 'cached_op_vis': 5}
  PASS  H5 VI-Server reference counter level (opened == closed)  {'opened': 4, 'closed': 4, 'live': 0, 'cached_op_vis': 5}
  FACT  LabVIEW handle count AFTER the work: 54632
  PASS  H4 scratch deleted: bench_map_a23_20260923_173046.vi  C:\Program Files\National Instruments\LabVIEW 2026\user.lib\claudeDev\bench_map_a23_20260923_173046.vi
  PASS  H2 the INPUT's md5 is UNCHANGED after the run  before 3e3d23cefd3a334001aa9d6156bf1aee / after 3e3d23cefd3a334001aa9d6156bf1aee
  FACT  PIN AFTER  ORIGINAL         2a78e17c449cacdaf5da389818526859  (want 2a78e17c449cacdaf5da389818526859) OK
  FACT  PIN AFTER  S1 D1_s1_copy    3e3d23cefd3a334001aa9d6156bf1aee  (want 3e3d23cefd3a334001aa9d6156bf1aee) OK
  FACT  PIN AFTER  S2 D1_s2_loops   6ff19497f2309e007a214660bb64b911  (want 6ff19497f2309e007a214660bb64b911) OK
  FACT  PIN AFTER  ROW2 bed         26c54ff784cb5cea21edbd214d2cc3a0  (want 26c54ff784cb5cea21edbd214d2cc3a0) OK
  FACT  PIN AFTER  M3a-2            3842f5e6f128226235dc78353f26ef44  (want 3842f5e6f128226235dc78353f26ef44) OK
  PASS  H3 every md5 pin still holds
  FACT  THE FILES THIS RUN LEFT ON DISK: []  (removed: [])
  PASS  H6 the files left on disk == [] and nothing was removed  added [] removed []
  FACT  LabVIEW handle count at exit: 33993

====================================================================================================
=== GATES: 12 pass / 0 fail
JSON: G:\Codes\LabVIEW_Codes\MinLab\zz_LabView VI\AAA_UNIST\2. Tracking\V6_ParallelLoop\tools\bench\bench_map_a23.json   elapsed 210.3 s
BGRUN END rc=0 after 210s
