BGRUN START 2026-09-21 21:20:10 limit 45.0 min: py -u tools/recipes/build_d1_m3a1.py
=== build_d1_m3a1  20260921_212011  (bgrun --material --max-min 45)
=== STAGE M3a-1. ANY ARTEFACT THIS RUN SAVES IS **NOT COMPUTATION-EQUIVALENT TO THE ORIGINAL** - ITS SHIFT REGISTERS ARE UNINITIALISED (initial values = stage M3a-2). IT IS NEVER RUN (34(f)).

---------- [0] FILES ONLY, ZERO LabVIEW - the md5 pins BEFORE, then the pre-batch restart
  FACT  LabVIEW handles BEFORE: 34154 (fresh-instance baseline ~31,500; the pre-batch restart below is MANDATORY - 44(e))
  FACT  H ORIGINAL BEFORE: HASH G:\Codes\LabVIEW_Codes\MinLab\zz_LabView VI\AAA_UNIST\2. Tracking\Min_Track N beads V6_ParallelLoop.vi | exists=1 | size=473317 | md5=2a78e17c449cacdaf5da389818526859 | sha256=f827a67e91cc2a51284cdce0ada5d34ecf89cf865bca5f0bdfa870f0020df4bb
  PASS  H ORIGINAL md5 == its pin 2a78e17c  '2a78e17c449cacdaf5da389818526859'
  FACT  H S1 D1_s1_copy BEFORE: HASH C:\Program Files\National Instruments\LabVIEW 2026\user.lib\claudeDev\D1_s1_copy.vi | exists=1 | size=474202 | md5=3e3d23cefd3a334001aa9d6156bf1aee | sha256=1ab3360021cb04f03e8fe4a503d1972aefa26a34ed5b8fd9393ec6899330e0f7
  PASS  H S1 D1_s1_copy md5 == its pin 3e3d23ce  '3e3d23cefd3a334001aa9d6156bf1aee'
  FACT  H S2 D1_s2_loops BEFORE: HASH C:\Program Files\National Instruments\LabVIEW 2026\user.lib\claudeDev\D1_s2_loops.vi | exists=1 | size=475707 | md5=6ff19497f2309e007a214660bb64b911 | sha256=d52e754e29a85e9cc3ddeb039f6c5e325c9094c5e1f8c944059d4a5f7b33c3f5
  PASS  H S2 D1_s2_loops md5 == its pin 6ff19497  '6ff19497f2309e007a214660bb64b911'
  FACT  H THE BED BEFORE: HASH C:\Program Files\National Instruments\LabVIEW 2026\user.lib\claudeDev\D1_s3b_row2_20260921_160311.vi | exists=1 | size=476759 | md5=26c54ff784cb5cea21edbd214d2cc3a0 | sha256=17b63cb1c83d5f4a50285ced08b1ecc5a65605979b17ee798b1228f7017d275d
  PASS  H THE BED md5 == its pin 26c54ff7  '26c54ff784cb5cea21edbd214d2cc3a0'
  FACT  H THE BED size: HASH C:\Program Files\National Instruments\LabVIEW 2026\user.lib\claudeDev\D1_s3b_row2_20260921_160311.vi | exists=1 | size=476759 | md5=26c54ff784cb5cea21edbd214d2cc3a0 | sha256=17b63cb1c83d5f4a50285ced08b1ecc5a65605979b17ee798b1228f7017d275d
  PASS  H the bed is 476759 B  '476759'
  FACT  H TOOL gscript.py BEFORE: HASH G:\Codes\LabVIEW_Codes\MinLab\zz_LabView VI\AAA_UNIST\2. Tracking\V6_ParallelLoop\tools\gscript.py | exists=1 | size=161971 | md5=99f00da7e03874426061d112967acf6c | sha256=6ad59177ad4c91e63b2301ecae42c7c9d54016bd71ff6bb2ad3d6e13e9f56ecf
  FACT  H TOOL c60c_astcheck.py BEFORE: HASH G:\Codes\LabVIEW_Codes\MinLab\zz_LabView VI\AAA_UNIST\2. Tracking\V6_ParallelLoop\tools\bench\c60c_astcheck.py | exists=1 | size=8079 | md5=12ee5c4b17a4c590f87888c5c62766f4 | sha256=3c6ac4de3a6724c991f1ed6d01b7ca0e01854279d916af594fbc2485cbbbfa47
  FACT  [0] pre-batch LabVIEW restart (44(e)): lv_restart rc=0 ['dialogs: ,1346,762| / ENABLED|29624198|0,0,0,0|LabVIEW / VERDICT: clear (no modal dialog)']
  FACT  LabVIEW handles AFTER the restart: 30692

---------- [2a] THE WORKING COPY AND ITS COLD BASELINE
  FACT  [2a] the working copy: HASH C:\Program Files\National Instruments\LabVIEW 2026\user.lib\claudeDev\WORK_C68M3A1_20260921_212011.vi | exists=1 | size=476759 | md5=26c54ff784cb5cea21edbd214d2cc3a0 | sha256=17b63cb1c83d5f4a50285ced08b1ecc5a65605979b17ee798b1228f7017d275d
  PASS  H the working copy starts byte-identical to the bed  '26c54ff784cb5cea21edbd214d2cc3a0'
  FACT  ExecState [01 [2a] the working copy, COLD] = 1   (+67.7 s, read cost 1.65 s)
  FACT  [2a] COLD counts: {'Node': 632, 'Wire': 1907, 'ControlTerminal': 116, 'Local': 10, 'LoopTunnel': 135, 'Tunnel': 471}
  FACT  [2a] Node == 632 (recorded baseline 632 ; match True)
  FACT  [2a] Wire == 1907 (recorded baseline 1907 ; match True)
  FACT  [2a] ControlTerminal == 116 (recorded baseline 116 ; match True)
  FACT  [2a] Local == 10 (recorded baseline 10 ; match True)
  FACT  [2a] LoopTunnel == 135 (recorded baseline 135 ; match True)
  FACT  [2a] Tunnel == 471 (recorded baseline 471 ; match True)
  FACT  [2a] COLD shift-register class counts: {'LeftShiftRegister': 36, 'RightShiftRegister': 36}
  FACT  [2a] Diagram #639 -> traverse index 46 (recorded 46) ; 75 node(s) (recorded 75)
  FACT  [2a] whole-VI Node node census: 632 rows
  FACT  [2a] #637 (WhileLoop): 59 terminals, 48 WIRED (recorded 59 / 48)

---------- [2b] THE SEVEN `move_in` CALLS, VERBATIM FROM diag_c66b_s3b_m3.py (37(d) severs every wire on the moved object)
  FACT  [2b] BEFORE Diagram #23058 [traverse 22] Nodes[] census: 1 node(s) -> [23035]
  FACT  [2b] #3529 '- Inc (PgDn)' BEFORE the move: 1 terminal(s), 1 WIRED  (ControlReferenceConstant; docs/d1-build-plan.md:330)
  FACT  [2b] before move #3529 DESTINDEX: Diagram #23058 -> traverse index 22 (array length 173 ; still owns it True)
  FACT  [2b] MOVE #3529 '- Inc (PgDn)' -> Diagram #23058 [traverse 22] at (40, 60); the op echoed uid 23035 (37(d): the echo is NOT the moved object)
  FACT  [2b] after move #3529 AFTER node census: 633 rows
  FACT  [2b] after move #3529 CENSUS DIFF: Node 632 -> 633 ; 1 new uid(s): [(23522, 'Invoke', (4593, 2718))]
  FACT  [2b] after move #3529 new #23522 #23522 lives at: {'diagram_index': 22, 'diagram_uid': 23058, 'diagram_class': 'Diagram', 'nodes_index': 1, 'nodes_on_diagram': 3, 'label': 'Invoke Node'}  (1 diagram(s) scanned of 173, 0.4 s)
  FACT  [2b] after move #3529 new #23522 terminal table of #23522 (Diagram idx 22, Nodes[1], echo 23522): 6 terminal(s)
  FACT      [2b] after move #3529 new #23522 t0  'reference'                        is_source=False wire=0       errs=[0, 0, 0, 1055]
  FACT      [2b] after move #3529 new #23522 t1  'reference out'                    is_source=True  wire=0       errs=[0, 0, 0, 1055]
  FACT      [2b] after move #3529 new #23522 t2  'error in (no error)'              is_source=False wire=0       errs=[0, 0, 0, 1055]
  FACT      [2b] after move #3529 new #23522 t3  'error out'                        is_source=True  wire=0       errs=[0, 0, 0, 1055]
  FACT      [2b] after move #3529 new #23522 t4  'Method'                           is_source=False wire=0       errs=[0, 0, 0, 1055]
  FACT      [2b] after move #3529 new #23522 t5  'Method'                           is_source=True  wire=0       errs=[0, 0, 0, 1055]
  FACT  [2b] after move #3529 THE JUNK NODE'S FULL TERMINAL TABLE IS PRINTED ABOVE; 6 terminal(s), 0 WIRED - the purge precondition (ZERO wired) HOLDS
  FACT  [2b] after move #3529 purge delete Node #23522 at index 99: gone [23522], error '', census 633 -> 632, still present False (1.51 s)
  FACT  [2b] after move #3529 AFTER THE PURGE (the next step's baseline) node census: 632 rows
  FACT  [2b] after move #3529 purge arithmetic: Node 632 -> 633 -> 632 (pre-call value 632)
  FACT  [2b] after move #3529 Diagram #23058 [traverse 22] Nodes[] census: 2 node(s) -> [23035, 3529]
  FACT  [2b] #3529 in Diagram #23058's Nodes[] after the move: True (body holds 2 node(s))
  OBSERVED uid 3529 -> owner 'Diagram' uid 23058 | self 'ControlReferenceConstant'#3529 | 482 says 'Diagram' cast 'Diagram' |  
  FACT  [2b] owner_of(3529) AFTER the move = ('Diagram', 23058) (REPORTED ALONGSIDE the Nodes[] census, never instead of it - 53(d^8))
  FACT  [2b] #3529 AFTER the move: 1 terminal(s), 0 WIRED (was 1)
  FACT  ExecState [02 [UNIT] after move #3529 - Inc (PgDn)] = 0   (+117.7 s, read cost 0.04 s)
  FACT  [UNIT] after move #3529 - Inc (PgDn): ExecState 0 - NOT 1, so no intermediate file is written at this boundary
  FACT  [2b] #3560 '+ Inc (PgUp)' BEFORE the move: 1 terminal(s), 1 WIRED  (ControlReferenceConstant; docs/d1-build-plan.md:331)
  FACT  [2b] before move #3560 DESTINDEX: Diagram #23058 -> traverse index 22 (array length 173 ; still owns it True)
  FACT  [2b] MOVE #3560 '+ Inc (PgUp)' -> Diagram #23058 [traverse 22] at (40, 170); the op echoed uid 23035 (37(d): the echo is NOT the moved object)
  FACT  [2b] after move #3560 AFTER node census: 633 rows
  FACT  [2b] after move #3560 CENSUS DIFF: Node 632 -> 633 ; 1 new uid(s): [(23522, 'Invoke', (4593, 2718))]
  FACT  [2b] after move #3560 new #23522 #23522 lives at: {'diagram_index': 22, 'diagram_uid': 23058, 'diagram_class': 'Diagram', 'nodes_index': 3, 'nodes_on_diagram': 4, 'label': 'Invoke Node'}  (1 diagram(s) scanned of 173, 0.3 s)
  FACT  [2b] after move #3560 new #23522 terminal table of #23522 (Diagram idx 22, Nodes[3], echo 23522): 6 terminal(s)
  FACT      [2b] after move #3560 new #23522 t0  'reference'                        is_source=False wire=0       errs=[0, 0, 0, 1055]
  FACT      [2b] after move #3560 new #23522 t1  'reference out'                    is_source=True  wire=0       errs=[0, 0, 0, 1055]
  FACT      [2b] after move #3560 new #23522 t2  'error in (no error)'              is_source=False wire=0       errs=[0, 0, 0, 1055]
  FACT      [2b] after move #3560 new #23522 t3  'error out'                        is_source=True  wire=0       errs=[0, 0, 0, 1055]
  FACT      [2b] after move #3560 new #23522 t4  'Method'                           is_source=False wire=0       errs=[0, 0, 0, 1055]
  FACT      [2b] after move #3560 new #23522 t5  'Method'                           is_source=True  wire=0       errs=[0, 0, 0, 1055]
  FACT  [2b] after move #3560 THE JUNK NODE'S FULL TERMINAL TABLE IS PRINTED ABOVE; 6 terminal(s), 0 WIRED - the purge precondition (ZERO wired) HOLDS
  FACT  [2b] after move #3560 purge delete Node #23522 at index 98: gone [23522], error '', census 633 -> 632, still present False (1.40 s)
  FACT  [2b] after move #3560 AFTER THE PURGE (the next step's baseline) node census: 632 rows
  FACT  [2b] after move #3560 purge arithmetic: Node 632 -> 633 -> 632 (pre-call value 632)
  FACT  [2b] after move #3560 Diagram #23058 [traverse 22] Nodes[] census: 3 node(s) -> [23035, 3529, 3560]
  FACT  [2b] #3560 in Diagram #23058's Nodes[] after the move: True (body holds 3 node(s))
  OBSERVED uid 3560 -> owner 'Diagram' uid 23058 | self 'ControlReferenceConstant'#3560 | 482 says 'Diagram' cast 'Diagram' |  
  FACT  [2b] owner_of(3560) AFTER the move = ('Diagram', 23058) (REPORTED ALONGSIDE the Nodes[] census, never instead of it - 53(d^8))
  FACT  [2b] #3560 AFTER the move: 1 terminal(s), 0 WIRED (was 1)
  FACT  ExecState [03 [UNIT] after move #3560 + Inc (PgUp)] = 0   (+124.3 s, read cost 0.00 s)
  FACT  [UNIT] after move #3560 + Inc (PgUp): ExecState 0 - NOT 1, so no intermediate file is written at this boundary
  FACT  [2b] #3447 'Focus Step (F1)' BEFORE the move: 1 terminal(s), 1 WIRED  (ControlReferenceConstant; docs/d1-build-plan.md:332)
  FACT  [2b] before move #3447 DESTINDEX: Diagram #23058 -> traverse index 22 (array length 173 ; still owns it True)
  FACT  [2b] MOVE #3447 'Focus Step (F1)' -> Diagram #23058 [traverse 22] at (40, 280); the op echoed uid 23035 (37(d): the echo is NOT the moved object)
  FACT  [2b] after move #3447 AFTER node census: 633 rows
  FACT  [2b] after move #3447 CENSUS DIFF: Node 632 -> 633 ; 1 new uid(s): [(23522, 'Invoke', (4593, 2718))]
  FACT  [2b] after move #3447 new #23522 #23522 lives at: {'diagram_index': 22, 'diagram_uid': 23058, 'diagram_class': 'Diagram', 'nodes_index': 4, 'nodes_on_diagram': 5, 'label': 'Invoke Node'}  (1 diagram(s) scanned of 173, 0.3 s)
  FACT  [2b] after move #3447 new #23522 terminal table of #23522 (Diagram idx 22, Nodes[4], echo 23522): 6 terminal(s)
  FACT      [2b] after move #3447 new #23522 t0  'reference'                        is_source=False wire=0       errs=[0, 0, 0, 1055]
  FACT      [2b] after move #3447 new #23522 t1  'reference out'                    is_source=True  wire=0       errs=[0, 0, 0, 1055]
  FACT      [2b] after move #3447 new #23522 t2  'error in (no error)'              is_source=False wire=0       errs=[0, 0, 0, 1055]
  FACT      [2b] after move #3447 new #23522 t3  'error out'                        is_source=True  wire=0       errs=[0, 0, 0, 1055]
  FACT      [2b] after move #3447 new #23522 t4  'Method'                           is_source=False wire=0       errs=[0, 0, 0, 1055]
  FACT      [2b] after move #3447 new #23522 t5  'Method'                           is_source=True  wire=0       errs=[0, 0, 0, 1055]
  FACT  [2b] after move #3447 THE JUNK NODE'S FULL TERMINAL TABLE IS PRINTED ABOVE; 6 terminal(s), 0 WIRED - the purge precondition (ZERO wired) HOLDS
  FACT  [2b] after move #3447 purge delete Node #23522 at index 98: gone [23522], error '', census 633 -> 632, still present False (1.42 s)
  FACT  [2b] after move #3447 AFTER THE PURGE (the next step's baseline) node census: 632 rows
  FACT  [2b] after move #3447 purge arithmetic: Node 632 -> 633 -> 632 (pre-call value 632)
  FACT  [2b] after move #3447 Diagram #23058 [traverse 22] Nodes[] census: 4 node(s) -> [23035, 3529, 3560, 3447]
  FACT  [2b] #3447 in Diagram #23058's Nodes[] after the move: True (body holds 4 node(s))
  OBSERVED uid 3447 -> owner 'Diagram' uid 23058 | self 'ControlReferenceConstant'#3447 | 482 says 'Diagram' cast 'Diagram' |  
  FACT  [2b] owner_of(3447) AFTER the move = ('Diagram', 23058) (REPORTED ALONGSIDE the Nodes[] census, never instead of it - 53(d^8))
  FACT  [2b] #3447 AFTER the move: 1 terminal(s), 0 WIRED (was 1)
  FACT  ExecState [04 [UNIT] after move #3447 Focus Step (F1)] = 0   (+131.2 s, read cost 0.00 s)
  FACT  [UNIT] after move #3447 Focus Step (F1): ExecState 0 - NOT 1, so no intermediate file is written at this boundary
  FACT  [2b] #48 'ASI_adjust focus-subvi.vi' BEFORE the move: 7 terminal(s), 7 WIRED  (SubVI; docs/d1-build-plan.md:306)
  FACT  [2b] before move #48 DESTINDEX: Diagram #23058 -> traverse index 22 (array length 173 ; still owns it True)
  FACT  [2b] MOVE #48 'ASI_adjust focus-subvi.vi' -> Diagram #23058 [traverse 22] at (300, 170); the op echoed uid 23035 (37(d): the echo is NOT the moved object)
  FACT  [2b] after move #48 AFTER node census: 633 rows
  FACT  [2b] after move #48 CENSUS DIFF: Node 632 -> 633 ; 1 new uid(s): [(23522, 'Invoke', (4593, 2718))]
  FACT  [2b] after move #48 new #23522 #23522 lives at: {'diagram_index': 22, 'diagram_uid': 23058, 'diagram_class': 'Diagram', 'nodes_index': 5, 'nodes_on_diagram': 6, 'label': 'Invoke Node'}  (1 diagram(s) scanned of 173, 0.4 s)
  FACT  [2b] after move #48 new #23522 terminal table of #23522 (Diagram idx 22, Nodes[5], echo 23522): 6 terminal(s)
  FACT      [2b] after move #48 new #23522 t0  'reference'                        is_source=False wire=0       errs=[0, 0, 0, 1055]
  FACT      [2b] after move #48 new #23522 t1  'reference out'                    is_source=True  wire=0       errs=[0, 0, 0, 1055]
  FACT      [2b] after move #48 new #23522 t2  'error in (no error)'              is_source=False wire=0       errs=[0, 0, 0, 1055]
  FACT      [2b] after move #48 new #23522 t3  'error out'                        is_source=True  wire=0       errs=[0, 0, 0, 1055]
  FACT      [2b] after move #48 new #23522 t4  'Method'                           is_source=False wire=0       errs=[0, 0, 0, 1055]
  FACT      [2b] after move #48 new #23522 t5  'Method'                           is_source=True  wire=0       errs=[0, 0, 0, 1055]
  FACT  [2b] after move #48 THE JUNK NODE'S FULL TERMINAL TABLE IS PRINTED ABOVE; 6 terminal(s), 0 WIRED - the purge precondition (ZERO wired) HOLDS
  FACT  [2b] after move #48 purge delete Node #23522 at index 98: gone [23522], error '', census 633 -> 632, still present False (1.47 s)
  FACT  [2b] after move #48 AFTER THE PURGE (the next step's baseline) node census: 632 rows
  FACT  [2b] after move #48 purge arithmetic: Node 632 -> 633 -> 632 (pre-call value 632)
  FACT  [2b] after move #48 Diagram #23058 [traverse 22] Nodes[] census: 5 node(s) -> [23035, 3529, 3560, 3447, 48]
  FACT  [2b] #48 in Diagram #23058's Nodes[] after the move: True (body holds 5 node(s))
  OBSERVED uid 48 -> owner 'Diagram' uid 23058 | self 'SubVI'#48 | 482 says 'Diagram' cast 'Diagram' |  
  FACT  [2b] owner_of(48) AFTER the move = ('Diagram', 23058) (REPORTED ALONGSIDE the Nodes[] census, never instead of it - 53(d^8))
  FACT  [2b] #48 AFTER the move: 7 terminal(s), 0 WIRED (was 7)
  FACT  ExecState [05 [UNIT] after move #48 ASI_adjust focus-subvi.vi] = 0   (+137.7 s, read cost 0.00 s)
  FACT  [UNIT] after move #48 ASI_adjust focus-subvi.vi: ExecState 0 - NOT 1, so no intermediate file is written at this boundary
  FACT  [2b] #10407 'Case Structure' BEFORE the move: 7 terminal(s), 7 WIRED  (CaseStructure (autofocus); docs/d1-build-plan.md:305)
  FACT  [2b] before move #10407 DESTINDEX: Diagram #23058 -> traverse index 22 (array length 173 ; still owns it True)
  FACT  [2b] MOVE #10407 'Case Structure' -> Diagram #23058 [traverse 22] at (620, 60); the op echoed uid 23035 (37(d): the echo is NOT the moved object)
  FACT  [2b] after move #10407 AFTER node census: 633 rows
  FACT  [2b] after move #10407 CENSUS DIFF: Node 632 -> 633 ; 1 new uid(s): [(23522, 'Invoke', (4593, 2718))]
  FACT  [2b] after move #10407 new #23522 #23522 lives at: {'diagram_index': 22, 'diagram_uid': 23058, 'diagram_class': 'Diagram', 'nodes_index': 6, 'nodes_on_diagram': 7, 'label': 'Invoke Node'}  (1 diagram(s) scanned of 173, 0.2 s)
  FACT  [2b] after move #10407 new #23522 terminal table of #23522 (Diagram idx 22, Nodes[6], echo 23522): 6 terminal(s)
  FACT      [2b] after move #10407 new #23522 t0  'reference'                        is_source=False wire=0       errs=[0, 0, 0, 1055]
  FACT      [2b] after move #10407 new #23522 t1  'reference out'                    is_source=True  wire=0       errs=[0, 0, 0, 1055]
  FACT      [2b] after move #10407 new #23522 t2  'error in (no error)'              is_source=False wire=0       errs=[0, 0, 0, 1055]
  FACT      [2b] after move #10407 new #23522 t3  'error out'                        is_source=True  wire=0       errs=[0, 0, 0, 1055]
  FACT      [2b] after move #10407 new #23522 t4  'Method'                           is_source=False wire=0       errs=[0, 0, 0, 1055]
  FACT      [2b] after move #10407 new #23522 t5  'Method'                           is_source=True  wire=0       errs=[0, 0, 0, 1055]
  FACT  [2b] after move #10407 THE JUNK NODE'S FULL TERMINAL TABLE IS PRINTED ABOVE; 6 terminal(s), 0 WIRED - the purge precondition (ZERO wired) HOLDS
  FACT  [2b] after move #10407 purge delete Node #23522 at index 98: gone [23522], error '', census 633 -> 632, still present False (1.27 s)
  FACT  [2b] after move #10407 AFTER THE PURGE (the next step's baseline) node census: 632 rows
  FACT  [2b] after move #10407 purge arithmetic: Node 632 -> 633 -> 632 (pre-call value 632)
  FACT  [2b] after move #10407 Diagram #23058 [traverse 22] Nodes[] census: 6 node(s) -> [23035, 3529, 3560, 3447, 48, 10407]
  FACT  [2b] #10407 in Diagram #23058's Nodes[] after the move: True (body holds 6 node(s))
  OBSERVED uid 10407 -> owner 'Diagram' uid 23058 | self 'CaseStructure'#10407 | 482 says 'Diagram' cast 'Diagram' |  
  FACT  [2b] owner_of(10407) AFTER the move = ('Diagram', 23058) (REPORTED ALONGSIDE the Nodes[] census, never instead of it - 53(d^8))
  FACT  [2b] #10407 AFTER the move: 7 terminal(s), 0 WIRED (was 7)
  FACT  ExecState [06 [UNIT] after move #10407 Case Structure] = 0   (+142.8 s, read cost 0.00 s)
  FACT  [UNIT] after move #10407 Case Structure: ExecState 0 - NOT 1, so no intermediate file is written at this boundary
  FACT  [2b] #23499 'Local (row 1 carrier)' BEFORE the move: 1 terminal(s), 1 WIRED  (Local; binds to its control BY LABEL, so the move is scheduling only (rule 1a))
  FACT  [2b] before move #23499 DESTINDEX: Diagram #23058 -> traverse index 22 (array length 173 ; still owns it True)
  FACT  [2b] MOVE #23499 'Local (row 1 carrier)' -> Diagram #23058 [traverse 22] at (40, 430); the op echoed uid 23035 (37(d): the echo is NOT the moved object)
  FACT  [2b] after move #23499 AFTER node census: 633 rows
  FACT  [2b] after move #23499 CENSUS DIFF: Node 632 -> 633 ; 1 new uid(s): [(23786, 'Invoke', (4593, 2718))]
  FACT  [2b] after move #23499 new #23786 #23786 lives at: {'diagram_index': 22, 'diagram_uid': 23058, 'diagram_class': 'Diagram', 'nodes_index': 7, 'nodes_on_diagram': 8, 'label': 'Invoke Node'}  (1 diagram(s) scanned of 173, 0.2 s)
  FACT  [2b] after move #23499 new #23786 terminal table of #23786 (Diagram idx 22, Nodes[7], echo 23786): 6 terminal(s)
  FACT      [2b] after move #23499 new #23786 t0  'reference'                        is_source=False wire=0       errs=[0, 0, 0, 1055]
  FACT      [2b] after move #23499 new #23786 t1  'reference out'                    is_source=True  wire=0       errs=[0, 0, 0, 1055]
  FACT      [2b] after move #23499 new #23786 t2  'error in (no error)'              is_source=False wire=0       errs=[0, 0, 0, 1055]
  FACT      [2b] after move #23499 new #23786 t3  'error out'                        is_source=True  wire=0       errs=[0, 0, 0, 1055]
  FACT      [2b] after move #23499 new #23786 t4  'Method'                           is_source=False wire=0       errs=[0, 0, 0, 1055]
  FACT      [2b] after move #23499 new #23786 t5  'Method'                           is_source=True  wire=0       errs=[0, 0, 0, 1055]
  FACT  [2b] after move #23499 THE JUNK NODE'S FULL TERMINAL TABLE IS PRINTED ABOVE; 6 terminal(s), 0 WIRED - the purge precondition (ZERO wired) HOLDS
  FACT  [2b] after move #23499 purge delete Node #23786 at index 98: gone [23786], error '', census 633 -> 632, still present False (1.29 s)
  FACT  [2b] after move #23499 AFTER THE PURGE (the next step's baseline) node census: 632 rows
  FACT  [2b] after move #23499 purge arithmetic: Node 632 -> 633 -> 632 (pre-call value 632)
  FACT  [2b] after move #23499 Diagram #23058 [traverse 22] Nodes[] census: 7 node(s) -> [23035, 3529, 3560, 3447, 48, 10407, 23499]
  FACT  [2b] #23499 in Diagram #23058's Nodes[] after the move: True (body holds 7 node(s))
  OBSERVED uid 23499 -> owner 'Diagram' uid 23058 | self 'Local'#23499 | 482 says 'Diagram' cast 'Diagram' |  
  FACT  [2b] owner_of(23499) AFTER the move = ('Diagram', 23058) (REPORTED ALONGSIDE the Nodes[] census, never instead of it - 53(d^8))
  FACT  [2b] #23499 AFTER the move: 1 terminal(s), 0 WIRED (was 1)
  FACT  ExecState [07 [UNIT] after move #23499 Local (row 1 carrier)] = 0   (+149.6 s, read cost 0.00 s)
  FACT  [UNIT] after move #23499 Local (row 1 carrier): ExecState 0 - NOT 1, so no intermediate file is written at this boundary
  FACT  [2b] #23523 'Local (row 2 carrier)' BEFORE the move: 1 terminal(s), 1 WIRED  (Local; binds to its control BY LABEL, so the move is scheduling only (rule 1a))
  FACT  [2b] before move #23523 DESTINDEX: Diagram #23058 -> traverse index 22 (array length 173 ; still owns it True)
  FACT  [2b] MOVE #23523 'Local (row 2 carrier)' -> Diagram #23058 [traverse 22] at (40, 520); the op echoed uid 23035 (37(d): the echo is NOT the moved object)
  FACT  [2b] after move #23523 AFTER node census: 633 rows
  FACT  [2b] after move #23523 CENSUS DIFF: Node 632 -> 633 ; 1 new uid(s): [(23786, 'Invoke', (4593, 2718))]
  FACT  [2b] after move #23523 new #23786 #23786 lives at: {'diagram_index': 22, 'diagram_uid': 23058, 'diagram_class': 'Diagram', 'nodes_index': 8, 'nodes_on_diagram': 9, 'label': 'Invoke Node'}  (1 diagram(s) scanned of 173, 0.2 s)
  FACT  [2b] after move #23523 new #23786 terminal table of #23786 (Diagram idx 22, Nodes[8], echo 23786): 6 terminal(s)
  FACT      [2b] after move #23523 new #23786 t0  'reference'                        is_source=False wire=0       errs=[0, 0, 0, 1055]
  FACT      [2b] after move #23523 new #23786 t1  'reference out'                    is_source=True  wire=0       errs=[0, 0, 0, 1055]
  FACT      [2b] after move #23523 new #23786 t2  'error in (no error)'              is_source=False wire=0       errs=[0, 0, 0, 1055]
  FACT      [2b] after move #23523 new #23786 t3  'error out'                        is_source=True  wire=0       errs=[0, 0, 0, 1055]
  FACT      [2b] after move #23523 new #23786 t4  'Method'                           is_source=False wire=0       errs=[0, 0, 0, 1055]
  FACT      [2b] after move #23523 new #23786 t5  'Method'                           is_source=True  wire=0       errs=[0, 0, 0, 1055]
  FACT  [2b] after move #23523 THE JUNK NODE'S FULL TERMINAL TABLE IS PRINTED ABOVE; 6 terminal(s), 0 WIRED - the purge precondition (ZERO wired) HOLDS
  FACT  [2b] after move #23523 purge delete Node #23786 at index 98: gone [23786], error '', census 633 -> 632, still present False (1.28 s)
  FACT  [2b] after move #23523 AFTER THE PURGE (the next step's baseline) node census: 632 rows
  FACT  [2b] after move #23523 purge arithmetic: Node 632 -> 633 -> 632 (pre-call value 632)
  FACT  [2b] after move #23523 Diagram #23058 [traverse 22] Nodes[] census: 8 node(s) -> [23035, 3529, 3560, 3447, 48, 10407, 23499, 23523]
  FACT  [2b] #23523 in Diagram #23058's Nodes[] after the move: True (body holds 8 node(s))
  OBSERVED uid 23523 -> owner 'Diagram' uid 23058 | self 'Local'#23523 | 482 says 'Diagram' cast 'Diagram' |  
  FACT  [2b] owner_of(23523) AFTER the move = ('Diagram', 23058) (REPORTED ALONGSIDE the Nodes[] census, never instead of it - 53(d^8))
  FACT  [2b] #23523 AFTER the move: 1 terminal(s), 0 WIRED (was 1)
  FACT  ExecState [08 [UNIT] after move #23523 Local (row 2 carrier)] = 0   (+156.9 s, read cost 0.00 s)
  FACT  [UNIT] after move #23523 Local (row 2 carrier): ExecState 0 - NOT 1, so no intermediate file is written at this boundary
  FACT  [2b] AFTER all seven Diagram #23058 [traverse 22] Nodes[] census: 8 node(s) -> [23035, 3529, 3560, 3447, 48, 10407, 23499, 23523]
  FACT  [2b] *** ALL SEVEN MOVED UIDS IN Diagram #23058's Nodes[]: True (missing [] ; body holds 8) ***
  FACT  [2b] after the seven moves counts: {'Node': 632, 'Wire': 1907, 'ControlTerminal': 116, 'Local': 10, 'LoopTunnel': 135, 'Tunnel': 471}

---------- [2c] THE SEVEN INTERNAL ROWS, VERBATIM FROM diag_c66b_s3b_m3.py
  FACT  [2c] row #48 t0 <- #3529 t0 : {'sink_diag': 22, 'sink_node': 4, 'sink_term': 0, 'src_diag': 22, 'src_node': 1, 'src_term': 0} ; sink by NAME '-Inc reference' (unique among 5 sink terminals) ; src by NAME '- Inc (PgDn)' (unique among 1 source terminals) ; same diagram True
      op readback {'UID': 48, 'Name': '-Inc reference', 'UID 2': 0, 'Is Broken?': False}
  FACT  [2c] connect_nested_v1 -> {'wire_delta': 1, 'exec_state': 0, 'machine_error': ''}
  FACT  [2c] after row #48 t0 AFTER node census: 633 rows
  FACT  [2c] after row #48 t0 CENSUS DIFF: Node 632 -> 633 ; 1 new uid(s): [(23786, 'Invoke', (4593, 2718))]
  FACT  [2c] after row #48 t0 new #23786 #23786 lives at: {'diagram_index': 22, 'diagram_uid': 23058, 'diagram_class': 'Diagram', 'nodes_index': 8, 'nodes_on_diagram': 9, 'label': 'Invoke Node'}  (1 diagram(s) scanned of 173, 0.3 s)
  FACT  [2c] after row #48 t0 new #23786 terminal table of #23786 (Diagram idx 22, Nodes[8], echo 23786): 6 terminal(s)
  FACT      [2c] after row #48 t0 new #23786 t0  'reference'                        is_source=False wire=0       errs=[0, 0, 0, 1055]
  FACT      [2c] after row #48 t0 new #23786 t1  'reference out'                    is_source=True  wire=0       errs=[0, 0, 0, 1055]
  FACT      [2c] after row #48 t0 new #23786 t2  'error in (no error)'              is_source=False wire=0       errs=[0, 0, 0, 1055]
  FACT      [2c] after row #48 t0 new #23786 t3  'error out'                        is_source=True  wire=0       errs=[0, 0, 0, 1055]
  FACT      [2c] after row #48 t0 new #23786 t4  'Method'                           is_source=False wire=0       errs=[0, 0, 0, 1055]
  FACT      [2c] after row #48 t0 new #23786 t5  'Method'                           is_source=True  wire=0       errs=[0, 0, 0, 1055]
  FACT  [2c] after row #48 t0 THE JUNK NODE'S FULL TERMINAL TABLE IS PRINTED ABOVE; 6 terminal(s), 0 WIRED - the purge precondition (ZERO wired) HOLDS
  FACT  [2c] after row #48 t0 purge delete Node #23786 at index 98: gone [23786], error '', census 633 -> 632, still present False (1.29 s)
  FACT  [2c] after row #48 t0 AFTER THE PURGE (the next step's baseline) node census: 632 rows
  FACT  [2c] after row #48 t0 purge arithmetic: Node 632 -> 633 -> 632 (pre-call value 632)
  FACT  [2c] row #48 t0 <- #3529 t0 : sink wire 23804 / src wire 23804 ; same net True ; WIRED-TERMINAL counts sink 0 -> 1, src 0 -> 1 ; LANDED True
  FACT  ExecState [09 [UNIT] after row #48 t0 <- #3529 t0] = 0   (+163.2 s, read cost 0.00 s)
  FACT  [UNIT] after row #48 t0 <- #3529 t0: ExecState 0 - NOT 1, so no intermediate file is written at this boundary
  FACT  [2c] row #48 t1 <- #3560 t0 : {'sink_diag': 22, 'sink_node': 4, 'sink_term': 1, 'src_diag': 22, 'src_node': 2, 'src_term': 0} ; sink by NAME '+Inc reference' (unique among 5 sink terminals) ; src by NAME '+ Inc (PgUp)' (unique among 1 source terminals) ; same diagram True
      op readback {'UID': 48, 'Name': '+Inc reference', 'UID 2': 0, 'Is Broken?': False}
  FACT  [2c] connect_nested_v1 -> {'wire_delta': 1, 'exec_state': 0, 'machine_error': ''}
  FACT  [2c] after row #48 t1 AFTER node census: 633 rows
  FACT  [2c] after row #48 t1 CENSUS DIFF: Node 632 -> 633 ; 1 new uid(s): [(23786, 'Invoke', (4593, 2718))]
  FACT  [2c] after row #48 t1 new #23786 #23786 lives at: {'diagram_index': 22, 'diagram_uid': 23058, 'diagram_class': 'Diagram', 'nodes_index': 8, 'nodes_on_diagram': 9, 'label': 'Invoke Node'}  (1 diagram(s) scanned of 173, 0.2 s)
  FACT  [2c] after row #48 t1 new #23786 terminal table of #23786 (Diagram idx 22, Nodes[8], echo 23786): 6 terminal(s)
  FACT      [2c] after row #48 t1 new #23786 t0  'reference'                        is_source=False wire=0       errs=[0, 0, 0, 1055]
  FACT      [2c] after row #48 t1 new #23786 t1  'reference out'                    is_source=True  wire=0       errs=[0, 0, 0, 1055]
  FACT      [2c] after row #48 t1 new #23786 t2  'error in (no error)'              is_source=False wire=0       errs=[0, 0, 0, 1055]
  FACT      [2c] after row #48 t1 new #23786 t3  'error out'                        is_source=True  wire=0       errs=[0, 0, 0, 1055]
  FACT      [2c] after row #48 t1 new #23786 t4  'Method'                           is_source=False wire=0       errs=[0, 0, 0, 1055]
  FACT      [2c] after row #48 t1 new #23786 t5  'Method'                           is_source=True  wire=0       errs=[0, 0, 0, 1055]
  FACT  [2c] after row #48 t1 THE JUNK NODE'S FULL TERMINAL TABLE IS PRINTED ABOVE; 6 terminal(s), 0 WIRED - the purge precondition (ZERO wired) HOLDS
  FACT  [2c] after row #48 t1 purge delete Node #23786 at index 98: gone [23786], error '', census 633 -> 632, still present False (1.30 s)
  FACT  [2c] after row #48 t1 AFTER THE PURGE (the next step's baseline) node census: 632 rows
  FACT  [2c] after row #48 t1 purge arithmetic: Node 632 -> 633 -> 632 (pre-call value 632)
  FACT  [2c] row #48 t1 <- #3560 t0 : sink wire 23811 / src wire 23811 ; same net True ; WIRED-TERMINAL counts sink 1 -> 2, src 0 -> 1 ; LANDED True
  FACT  ExecState [10 [UNIT] after row #48 t1 <- #3560 t0] = 0   (+168.8 s, read cost 0.00 s)
  FACT  [UNIT] after row #48 t1 <- #3560 t0: ExecState 0 - NOT 1, so no intermediate file is written at this boundary
  FACT  [2c] row #48 t2 <- #3447 t0 : {'sink_diag': 22, 'sink_node': 4, 'sink_term': 2, 'src_diag': 22, 'src_node': 3, 'src_term': 0} ; sink by NAME 'Focus inc reference' (unique among 5 sink terminals) ; src by NAME 'Focus Step (F1)' (unique among 1 source terminals) ; same diagram True
      op readback {'UID': 48, 'Name': 'Focus inc reference', 'UID 2': 0, 'Is Broken?': False}
  FACT  [2c] connect_nested_v1 -> {'wire_delta': 1, 'exec_state': 0, 'machine_error': ''}
  FACT  [2c] after row #48 t2 AFTER node census: 633 rows
  FACT  [2c] after row #48 t2 CENSUS DIFF: Node 632 -> 633 ; 1 new uid(s): [(23786, 'Invoke', (4593, 2718))]
  FACT  [2c] after row #48 t2 new #23786 #23786 lives at: {'diagram_index': 22, 'diagram_uid': 23058, 'diagram_class': 'Diagram', 'nodes_index': 8, 'nodes_on_diagram': 9, 'label': 'Invoke Node'}  (1 diagram(s) scanned of 173, 0.3 s)
  FACT  [2c] after row #48 t2 new #23786 terminal table of #23786 (Diagram idx 22, Nodes[8], echo 23786): 6 terminal(s)
  FACT      [2c] after row #48 t2 new #23786 t0  'reference'                        is_source=False wire=0       errs=[0, 0, 0, 1055]
  FACT      [2c] after row #48 t2 new #23786 t1  'reference out'                    is_source=True  wire=0       errs=[0, 0, 0, 1055]
  FACT      [2c] after row #48 t2 new #23786 t2  'error in (no error)'              is_source=False wire=0       errs=[0, 0, 0, 1055]
  FACT      [2c] after row #48 t2 new #23786 t3  'error out'                        is_source=True  wire=0       errs=[0, 0, 0, 1055]
  FACT      [2c] after row #48 t2 new #23786 t4  'Method'                           is_source=False wire=0       errs=[0, 0, 0, 1055]
  FACT      [2c] after row #48 t2 new #23786 t5  'Method'                           is_source=True  wire=0       errs=[0, 0, 0, 1055]
  FACT  [2c] after row #48 t2 THE JUNK NODE'S FULL TERMINAL TABLE IS PRINTED ABOVE; 6 terminal(s), 0 WIRED - the purge precondition (ZERO wired) HOLDS
  FACT  [2c] after row #48 t2 purge delete Node #23786 at index 98: gone [23786], error '', census 633 -> 632, still present False (1.26 s)
  FACT  [2c] after row #48 t2 AFTER THE PURGE (the next step's baseline) node census: 632 rows
  FACT  [2c] after row #48 t2 purge arithmetic: Node 632 -> 633 -> 632 (pre-call value 632)
  FACT  [2c] row #48 t2 <- #3447 t0 : sink wire 23820 / src wire 23820 ; same net True ; WIRED-TERMINAL counts sink 2 -> 3, src 0 -> 1 ; LANDED True
  FACT  ExecState [11 [UNIT] after row #48 t2 <- #3447 t0] = 0   (+174.3 s, read cost 0.00 s)
  FACT  [UNIT] after row #48 t2 <- #3447 t0: ExecState 0 - NOT 1, so no intermediate file is written at this boundary
  FACT  [2c] row #10407 t3 <- #48 t6 : {'sink_diag': 22, 'sink_node': 5, 'sink_term': 3, 'src_diag': 22, 'src_node': 4, 'src_term': 6} ; sink by NAME 'Outgoing Handle' (unique among 5 sink terminals) ; src by NAME 'Outgoing Handle' (unique among 2 source terminals) ; same diagram True
      op readback {'UID': 10407, 'Name': 'Outgoing Handle', 'UID 2': 0, 'Is Broken?': False}
  FACT  [2c] connect_nested_v1 -> {'wire_delta': 1, 'exec_state': 0, 'machine_error': ''}
  FACT  [2c] after row #10407 t3 AFTER node census: 633 rows
  FACT  [2c] after row #10407 t3 CENSUS DIFF: Node 632 -> 633 ; 1 new uid(s): [(23786, 'Invoke', (4593, 2718))]
  FACT  [2c] after row #10407 t3 new #23786 #23786 lives at: {'diagram_index': 22, 'diagram_uid': 23058, 'diagram_class': 'Diagram', 'nodes_index': 8, 'nodes_on_diagram': 9, 'label': 'Invoke Node'}  (1 diagram(s) scanned of 173, 0.2 s)
  FACT  [2c] after row #10407 t3 new #23786 terminal table of #23786 (Diagram idx 22, Nodes[8], echo 23786): 6 terminal(s)
  FACT      [2c] after row #10407 t3 new #23786 t0  'reference'                        is_source=False wire=0       errs=[0, 0, 0, 1055]
  FACT      [2c] after row #10407 t3 new #23786 t1  'reference out'                    is_source=True  wire=0       errs=[0, 0, 0, 1055]
  FACT      [2c] after row #10407 t3 new #23786 t2  'error in (no error)'              is_source=False wire=0       errs=[0, 0, 0, 1055]
  FACT      [2c] after row #10407 t3 new #23786 t3  'error out'                        is_source=True  wire=0       errs=[0, 0, 0, 1055]
  FACT      [2c] after row #10407 t3 new #23786 t4  'Method'                           is_source=False wire=0       errs=[0, 0, 0, 1055]
  FACT      [2c] after row #10407 t3 new #23786 t5  'Method'                           is_source=True  wire=0       errs=[0, 0, 0, 1055]
  FACT  [2c] after row #10407 t3 THE JUNK NODE'S FULL TERMINAL TABLE IS PRINTED ABOVE; 6 terminal(s), 0 WIRED - the purge precondition (ZERO wired) HOLDS
  FACT  [2c] after row #10407 t3 purge delete Node #23786 at index 98: gone [23786], error '', census 633 -> 632, still present False (1.26 s)
  FACT  [2c] after row #10407 t3 AFTER THE PURGE (the next step's baseline) node census: 632 rows
  FACT  [2c] after row #10407 t3 purge arithmetic: Node 632 -> 633 -> 632 (pre-call value 632)
  FACT  [2c] row #10407 t3 <- #48 t6 : sink wire 23829 / src wire 23829 ; same net True ; WIRED-TERMINAL counts sink 0 -> 1, src 3 -> 4 ; LANDED True
  FACT  ExecState [12 [UNIT] after row #10407 t3 <- #48 t6] = 0   (+179.7 s, read cost 0.00 s)
  FACT  [UNIT] after row #10407 t3 <- #48 t6: ExecState 0 - NOT 1, so no intermediate file is written at this boundary
  FACT  [2c] row #10407 t5 <- #48 t5 : {'sink_diag': 22, 'sink_node': 5, 'sink_term': 5, 'src_diag': 22, 'src_node': 4, 'src_term': 5} ; sink by NAME 'Out position' (unique among 5 sink terminals) ; src by NAME 'Out position' (unique among 2 source terminals) ; same diagram True
      op readback {'UID': 10407, 'Name': 'Out position', 'UID 2': 0, 'Is Broken?': False}
  FACT  [2c] connect_nested_v1 -> {'wire_delta': 1, 'exec_state': 0, 'machine_error': ''}
  FACT  [2c] after row #10407 t5 AFTER node census: 633 rows
  FACT  [2c] after row #10407 t5 CENSUS DIFF: Node 632 -> 633 ; 1 new uid(s): [(23786, 'Invoke', (4593, 2718))]
  FACT  [2c] after row #10407 t5 new #23786 #23786 lives at: {'diagram_index': 22, 'diagram_uid': 23058, 'diagram_class': 'Diagram', 'nodes_index': 8, 'nodes_on_diagram': 9, 'label': 'Invoke Node'}  (1 diagram(s) scanned of 173, 0.2 s)
  FACT  [2c] after row #10407 t5 new #23786 terminal table of #23786 (Diagram idx 22, Nodes[8], echo 23786): 6 terminal(s)
  FACT      [2c] after row #10407 t5 new #23786 t0  'reference'                        is_source=False wire=0       errs=[0, 0, 0, 1055]
  FACT      [2c] after row #10407 t5 new #23786 t1  'reference out'                    is_source=True  wire=0       errs=[0, 0, 0, 1055]
  FACT      [2c] after row #10407 t5 new #23786 t2  'error in (no error)'              is_source=False wire=0       errs=[0, 0, 0, 1055]
  FACT      [2c] after row #10407 t5 new #23786 t3  'error out'                        is_source=True  wire=0       errs=[0, 0, 0, 1055]
  FACT      [2c] after row #10407 t5 new #23786 t4  'Method'                           is_source=False wire=0       errs=[0, 0, 0, 1055]
  FACT      [2c] after row #10407 t5 new #23786 t5  'Method'                           is_source=True  wire=0       errs=[0, 0, 0, 1055]
  FACT  [2c] after row #10407 t5 THE JUNK NODE'S FULL TERMINAL TABLE IS PRINTED ABOVE; 6 terminal(s), 0 WIRED - the purge precondition (ZERO wired) HOLDS
  FACT  [2c] after row #10407 t5 purge delete Node #23786 at index 98: gone [23786], error '', census 633 -> 632, still present False (1.28 s)
  FACT  [2c] after row #10407 t5 AFTER THE PURGE (the next step's baseline) node census: 632 rows
  FACT  [2c] after row #10407 t5 purge arithmetic: Node 632 -> 633 -> 632 (pre-call value 632)
  FACT  [2c] row #10407 t5 <- #48 t5 : sink wire 23838 / src wire 23838 ; same net True ; WIRED-TERMINAL counts sink 1 -> 2, src 4 -> 5 ; LANDED True
  FACT  ExecState [13 [UNIT] after row #10407 t5 <- #48 t5] = 0   (+185.1 s, read cost 0.00 s)
  FACT  [UNIT] after row #10407 t5 <- #48 t5: ExecState 0 - NOT 1, so no intermediate file is written at this boundary
  FACT  [2c] row #10407 t0 <- #23499 t0 : {'sink_diag': 22, 'sink_node': 5, 'sink_term': 0, 'src_diag': 22, 'src_node': 6, 'src_term': 0} ; sink by RE-MEASURED INDEX t0 (name '' is empty or not unique); that terminal reads name '' is_source False ; src by RE-MEASURED INDEX t0 (name '' is empty or not unique); that terminal reads name 'Automatic Error Handling' is_source True ; same diagram True
      op readback {'UID': 10407, 'Name': '', 'UID 2': 0, 'Is Broken?': False}
  FACT  [2c] connect_nested_v1 -> {'wire_delta': 1, 'exec_state': 0, 'machine_error': ''}
  FACT  [2c] after row #10407 t0 AFTER node census: 633 rows
  FACT  [2c] after row #10407 t0 CENSUS DIFF: Node 632 -> 633 ; 1 new uid(s): [(23786, 'Invoke', (4593, 2718))]
  FACT  [2c] after row #10407 t0 new #23786 #23786 lives at: {'diagram_index': 22, 'diagram_uid': 23058, 'diagram_class': 'Diagram', 'nodes_index': 8, 'nodes_on_diagram': 9, 'label': 'Invoke Node'}  (1 diagram(s) scanned of 173, 0.2 s)
  FACT  [2c] after row #10407 t0 new #23786 terminal table of #23786 (Diagram idx 22, Nodes[8], echo 23786): 6 terminal(s)
  FACT      [2c] after row #10407 t0 new #23786 t0  'reference'                        is_source=False wire=0       errs=[0, 0, 0, 1055]
  FACT      [2c] after row #10407 t0 new #23786 t1  'reference out'                    is_source=True  wire=0       errs=[0, 0, 0, 1055]
  FACT      [2c] after row #10407 t0 new #23786 t2  'error in (no error)'              is_source=False wire=0       errs=[0, 0, 0, 1055]
  FACT      [2c] after row #10407 t0 new #23786 t3  'error out'                        is_source=True  wire=0       errs=[0, 0, 0, 1055]
  FACT      [2c] after row #10407 t0 new #23786 t4  'Method'                           is_source=False wire=0       errs=[0, 0, 0, 1055]
  FACT      [2c] after row #10407 t0 new #23786 t5  'Method'                           is_source=True  wire=0       errs=[0, 0, 0, 1055]
  FACT  [2c] after row #10407 t0 THE JUNK NODE'S FULL TERMINAL TABLE IS PRINTED ABOVE; 6 terminal(s), 0 WIRED - the purge precondition (ZERO wired) HOLDS
  FACT  [2c] after row #10407 t0 purge delete Node #23786 at index 98: gone [23786], error '', census 633 -> 632, still present False (1.27 s)
  FACT  [2c] after row #10407 t0 AFTER THE PURGE (the next step's baseline) node census: 632 rows
  FACT  [2c] after row #10407 t0 purge arithmetic: Node 632 -> 633 -> 632 (pre-call value 632)
  FACT  [2c] row #10407 t0 <- #23499 t0 : sink wire 23847 / src wire 23847 ; same net True ; WIRED-TERMINAL counts sink 2 -> 3, src 0 -> 1 ; LANDED True
  FACT  ExecState [14 [UNIT] after row #10407 t0 <- #23499 t0] = 0   (+190.6 s, read cost 0.00 s)
  FACT  [UNIT] after row #10407 t0 <- #23499 t0: ExecState 0 - NOT 1, so no intermediate file is written at this boundary
  FACT  [2c] row #10407 t2 <- #23523 t0 : {'sink_diag': 22, 'sink_node': 5, 'sink_term': 2, 'src_diag': 22, 'src_node': 7, 'src_term': 0} ; sink by NAME 'index' (unique among 5 sink terminals) ; src by NAME 'index' (unique among 1 source terminals) ; same diagram True
      op readback {'UID': 10407, 'Name': 'index', 'UID 2': 0, 'Is Broken?': False}
  FACT  [2c] connect_nested_v1 -> {'wire_delta': 1, 'exec_state': 0, 'machine_error': ''}
  FACT  [2c] after row #10407 t2 AFTER node census: 633 rows
  FACT  [2c] after row #10407 t2 CENSUS DIFF: Node 632 -> 633 ; 1 new uid(s): [(23786, 'Invoke', (4593, 2718))]
  FACT  [2c] after row #10407 t2 new #23786 #23786 lives at: {'diagram_index': 22, 'diagram_uid': 23058, 'diagram_class': 'Diagram', 'nodes_index': 8, 'nodes_on_diagram': 9, 'label': 'Invoke Node'}  (1 diagram(s) scanned of 173, 0.2 s)
  FACT  [2c] after row #10407 t2 new #23786 terminal table of #23786 (Diagram idx 22, Nodes[8], echo 23786): 6 terminal(s)
  FACT      [2c] after row #10407 t2 new #23786 t0  'reference'                        is_source=False wire=0       errs=[0, 0, 0, 1055]
  FACT      [2c] after row #10407 t2 new #23786 t1  'reference out'                    is_source=True  wire=0       errs=[0, 0, 0, 1055]
  FACT      [2c] after row #10407 t2 new #23786 t2  'error in (no error)'              is_source=False wire=0       errs=[0, 0, 0, 1055]
  FACT      [2c] after row #10407 t2 new #23786 t3  'error out'                        is_source=True  wire=0       errs=[0, 0, 0, 1055]
  FACT      [2c] after row #10407 t2 new #23786 t4  'Method'                           is_source=False wire=0       errs=[0, 0, 0, 1055]
  FACT      [2c] after row #10407 t2 new #23786 t5  'Method'                           is_source=True  wire=0       errs=[0, 0, 0, 1055]
  FACT  [2c] after row #10407 t2 THE JUNK NODE'S FULL TERMINAL TABLE IS PRINTED ABOVE; 6 terminal(s), 0 WIRED - the purge precondition (ZERO wired) HOLDS
  FACT  [2c] after row #10407 t2 purge delete Node #23786 at index 98: gone [23786], error '', census 633 -> 632, still present False (1.29 s)
  FACT  [2c] after row #10407 t2 AFTER THE PURGE (the next step's baseline) node census: 632 rows
  FACT  [2c] after row #10407 t2 purge arithmetic: Node 632 -> 633 -> 632 (pre-call value 632)
  FACT  [2c] row #10407 t2 <- #23523 t0 : sink wire 23856 / src wire 23856 ; same net True ; WIRED-TERMINAL counts sink 3 -> 4, src 0 -> 1 ; LANDED True
  FACT  ExecState [15 [UNIT] after row #10407 t2 <- #23523 t0] = 0   (+196.1 s, read cost 0.00 s)
  FACT  [UNIT] after row #10407 t2 <- #23523 t0: ExecState 0 - NOT 1, so no intermediate file is written at this boundary
  FACT  [2c] INTERNAL ROWS LANDED: 7 of 7

---------- [3] TWO `add_shift_reg` PAIRS ON #23032, WITH THE CYCLE-67 REPAIRED WRAPPER
  FACT  [3] before the two add_shift_reg calls shift-register class counts: {'LeftShiftRegister': 36, 'RightShiftRegister': 36}
  FACT  [3] before add_shift_reg #1 (VISA) A7 ECHO: report_all('WhileLoop')[2].uid == 23032 (want #23032; 6 WhileLoop row(s))
  FACT  [3] add_shift_reg #1 for the VISA pair at y=120 -> RightShiftRegister uid 23868
  FACT  [3] after add_shift_reg #1 (VISA) shift-register class counts: {'LeftShiftRegister': 37, 'RightShiftRegister': 37}
  FACT  ExecState [16 [UNIT] after add_shift_reg #1 (VISA pair)] = 0   (+196.3 s, read cost 0.00 s)
  FACT  [UNIT] after add_shift_reg #1 (VISA pair): ExecState 0 - NOT 1, so no intermediate file is written at this boundary
  FACT  [3] before add_shift_reg #2 (POS) A7 ECHO: report_all('WhileLoop')[2].uid == 23032 (want #23032; 6 WhileLoop row(s))
  FACT  [3] add_shift_reg #2 for the POS pair at y=210 -> RightShiftRegister uid 23895
  FACT  [3] after add_shift_reg #2 (POS) shift-register class counts: {'LeftShiftRegister': 38, 'RightShiftRegister': 38}
  FACT  ExecState [17 [UNIT] after add_shift_reg #2 (POS pair)] = 0   (+196.4 s, read cost 0.00 s)
  FACT  [UNIT] after add_shift_reg #2 (POS pair): ExecState 0 - NOT 1, so no intermediate file is written at this boundary
  FACT  [3] NOTE FOR THE RECORD: both registers come back UNTYPED with BOTH SIDES UNWIRED, so `ExecState` 0 from here on is CORRECT, NOT A FAILURE (tools/gscript.py:683-687). The names 'VISA' and 'POS' are THIS RUN'S assignment of a pair to a row set; the terminal NAMES read off the machine below are what justify each row's membership.
  FACT  [3] before the reg_index readback A7 ECHO: report_all('WhileLoop')[2].uid == 23032 (want #23032; 6 WhileLoop row(s))
  FACT  [3] *** loop_cast READBACK on #23032: loop_uid 23032 ; shift_reg_uids [23868, 23895] ; op errors {} ***
  FACT  [3] VISA pair shift_reg[reg_index=0] -> uid 23868 ; out {'name': '', 'is_source': True, 'wire': 0} ; inside [{'name': '', 'is_source': False, 'wire': 0}] ; errors {}
  FACT  [3] VISA pair shift_reg[reg_index=1] -> uid 23895 ; out {'name': '', 'is_source': True, 'wire': 0} ; inside [{'name': '', 'is_source': False, 'wire': 0}] ; errors {}
  FACT  [3] VISA pair shift_reg[reg_index=2] -> uid None ; out {'name': '', 'is_source': False, 'wire': 0} ; inside [] ; errors {'OuterErr': 'error 1055: Property Node in OpShiftRegs_v0.vi', 'OutConnErr': 'error 1055: Property Node in OpShiftRegs_v0.vi', 'InsideErr': 'error 1055: Property Node in OpShiftRegs_v0.vi'}
  FACT  [3] VISA pair shift_reg[reg_index=3] -> uid None ; out {'name': '', 'is_source': False, 'wire': 0} ; inside [] ; errors {'OuterErr': 'error 1055: Property Node in OpShiftRegs_v0.vi', 'OutConnErr': 'error 1055: Property Node in OpShiftRegs_v0.vi', 'InsideErr': 'error 1055: Property Node in OpShiftRegs_v0.vi'}
  FACT  [3] VISA pair shift_reg[reg_index=4] -> uid None ; out {'name': '', 'is_source': False, 'wire': 0} ; inside [] ; errors {'OuterErr': 'error 1055: Property Node in OpShiftRegs_v0.vi', 'OutConnErr': 'error 1055: Property Node in OpShiftRegs_v0.vi', 'InsideErr': 'error 1055: Property Node in OpShiftRegs_v0.vi'}
  FACT  [3] VISA pair shift_reg[reg_index=5] -> uid None ; out {'name': '', 'is_source': False, 'wire': 0} ; inside [] ; errors {'OuterErr': 'error 1055: Property Node in OpShiftRegs_v0.vi', 'OutConnErr': 'error 1055: Property Node in OpShiftRegs_v0.vi', 'InsideErr': 'error 1055: Property Node in OpShiftRegs_v0.vi'}
  FACT  [3] VISA pair shift_reg[reg_index=6] -> uid None ; out {'name': '', 'is_source': False, 'wire': 0} ; inside [] ; errors {'OuterErr': 'error 1055: Property Node in OpShiftRegs_v0.vi', 'OutConnErr': 'error 1055: Property Node in OpShiftRegs_v0.vi', 'InsideErr': 'error 1055: Property Node in OpShiftRegs_v0.vi'}
  FACT  [3] VISA pair shift_reg[reg_index=7] -> uid None ; out {'name': '', 'is_source': False, 'wire': 0} ; inside [] ; errors {'OuterErr': 'error 1055: Property Node in OpShiftRegs_v0.vi', 'OutConnErr': 'error 1055: Property Node in OpShiftRegs_v0.vi', 'InsideErr': 'error 1055: Property Node in OpShiftRegs_v0.vi'}
  FACT  [3] VISA pair REGINDEX: RightShiftRegister #23868 -> reg_index 0 (READ, never assumed)
  FACT  [3] POS pair shift_reg[reg_index=0] -> uid 23868 ; out {'name': '', 'is_source': True, 'wire': 0} ; inside [{'name': '', 'is_source': False, 'wire': 0}] ; errors {}
  FACT  [3] POS pair shift_reg[reg_index=1] -> uid 23895 ; out {'name': '', 'is_source': True, 'wire': 0} ; inside [{'name': '', 'is_source': False, 'wire': 0}] ; errors {}
  FACT  [3] POS pair shift_reg[reg_index=2] -> uid None ; out {'name': '', 'is_source': False, 'wire': 0} ; inside [] ; errors {'OuterErr': 'error 1055: Property Node in OpShiftRegs_v0.vi', 'OutConnErr': 'error 1055: Property Node in OpShiftRegs_v0.vi', 'InsideErr': 'error 1055: Property Node in OpShiftRegs_v0.vi'}
  FACT  [3] POS pair shift_reg[reg_index=3] -> uid None ; out {'name': '', 'is_source': False, 'wire': 0} ; inside [] ; errors {'OuterErr': 'error 1055: Property Node in OpShiftRegs_v0.vi', 'OutConnErr': 'error 1055: Property Node in OpShiftRegs_v0.vi', 'InsideErr': 'error 1055: Property Node in OpShiftRegs_v0.vi'}
  FACT  [3] POS pair shift_reg[reg_index=4] -> uid None ; out {'name': '', 'is_source': False, 'wire': 0} ; inside [] ; errors {'OuterErr': 'error 1055: Property Node in OpShiftRegs_v0.vi', 'OutConnErr': 'error 1055: Property Node in OpShiftRegs_v0.vi', 'InsideErr': 'error 1055: Property Node in OpShiftRegs_v0.vi'}
  FACT  [3] POS pair shift_reg[reg_index=5] -> uid None ; out {'name': '', 'is_source': False, 'wire': 0} ; inside [] ; errors {'OuterErr': 'error 1055: Property Node in OpShiftRegs_v0.vi', 'OutConnErr': 'error 1055: Property Node in OpShiftRegs_v0.vi', 'InsideErr': 'error 1055: Property Node in OpShiftRegs_v0.vi'}
  FACT  [3] POS pair shift_reg[reg_index=6] -> uid None ; out {'name': '', 'is_source': False, 'wire': 0} ; inside [] ; errors {'OuterErr': 'error 1055: Property Node in OpShiftRegs_v0.vi', 'OutConnErr': 'error 1055: Property Node in OpShiftRegs_v0.vi', 'InsideErr': 'error 1055: Property Node in OpShiftRegs_v0.vi'}
  FACT  [3] POS pair shift_reg[reg_index=7] -> uid None ; out {'name': '', 'is_source': False, 'wire': 0} ; inside [] ; errors {'OuterErr': 'error 1055: Property Node in OpShiftRegs_v0.vi', 'OutConnErr': 'error 1055: Property Node in OpShiftRegs_v0.vi', 'InsideErr': 'error 1055: Property Node in OpShiftRegs_v0.vi'}
  FACT  [3] POS pair REGINDEX: RightShiftRegister #23895 -> reg_index 1 (READ, never assumed)
  FACT  [3] MINTED: {'VISA': {'right_uid': 23868, 'reg_index': 0}, 'POS': {'right_uid': 23895, 'reg_index': 1}}
  FACT  [3] after the two add_shift_reg calls counts: {'Node': 632, 'Wire': 1914, 'ControlTerminal': 116, 'Local': 10, 'LoopTunnel': 135, 'Tunnel': 475}

---------- [4] THE FOUR SHIFT-REGISTER ROWS - RightIn BEFORE LeftIn (the sources type the register)
  FACT  [4] VISA RightIn #10407 terminal table of #10407 (Diagram idx 22, Nodes[5], echo 10407): 7 terminal(s)
  FACT      [4] VISA RightIn #10407 t0  ''                                 is_source=False wire=23847   errs=[0, 0, 0, 0]
  FACT      [4] VISA RightIn #10407 t1  '# slices in stack'                is_source=False wire=0       errs=[0, 0, 0, 1055]
  FACT      [4] VISA RightIn #10407 t2  'index'                            is_source=False wire=23856   errs=[0, 0, 0, 0]
  FACT      [4] VISA RightIn #10407 t3  'Outgoing Handle'                  is_source=False wire=23829   errs=[0, 0, 0, 0]
  FACT      [4] VISA RightIn #10407 t4  'VISA out'                         is_source=True  wire=0       errs=[0, 0, 0, 1055]
  FACT      [4] VISA RightIn #10407 t5  'Out position'                     is_source=False wire=23838   errs=[0, 0, 0, 0]
  FACT      [4] VISA RightIn #10407 t6  'position [internal units]'        is_source=True  wire=0       errs=[0, 0, 0, 1055]
  FACT  [4] VISA RightIn row: node #10407 at Nodes[5] of Diagram #23058 [traverse 22], terminal 4 resolved by NAME 'VISA out' (unique among 2 source terminals)
  FACT  [4] before wire_sr(RightIn, VISA) A7 ECHO: report_all('WhileLoop')[2].uid == 23032 (want #23032; 6 WhileLoop row(s))
  FACT  [4] before wire_sr(RightIn, VISA) REGECHO: shift_reg[reg_index=0].uid == 23868 (want #23868)
  FACT  [4] before wire_sr(RightIn, VISA) node census: 632 rows
  FACT  [4] wire_sr('RightIn', loop_index=2, reg_index=0, node_index=5, term_index=4) -> error '' (0.05 s)
  FACT  [4] after wire_sr(RightIn, VISA) AFTER node census: 632 rows
  FACT  [4] after wire_sr(RightIn, VISA) CENSUS DIFF: Node 632 -> 632 ; 0 new uid(s): []
  FACT  [4] *** VISA RightIn row #10407 t4 <-> reg_index 0: node terminal carries wire 23952 ; the RIGHT register's INSIDE terminal carries [23952] ; ONE NON-ZERO WIRE UID AT BOTH ENDS: True ***
  FACT  ExecState [18 [UNIT] after the VISA RightIn row on #10407] = 0   (+198.8 s, read cost 0.00 s)
  FACT  [UNIT] after the VISA RightIn row on #10407: ExecState 0 - NOT 1, so no intermediate file is written at this boundary
  FACT  [4] POS RightIn #10407 terminal table of #10407 (Diagram idx 22, Nodes[5], echo 10407): 7 terminal(s)
  FACT      [4] POS RightIn #10407 t0  ''                                 is_source=False wire=23847   errs=[0, 0, 0, 0]
  FACT      [4] POS RightIn #10407 t1  '# slices in stack'                is_source=False wire=0       errs=[0, 0, 0, 1055]
  FACT      [4] POS RightIn #10407 t2  'index'                            is_source=False wire=23856   errs=[0, 0, 0, 0]
  FACT      [4] POS RightIn #10407 t3  'Outgoing Handle'                  is_source=False wire=23829   errs=[0, 0, 0, 0]
  FACT      [4] POS RightIn #10407 t4  'VISA out'                         is_source=True  wire=23952   errs=[0, 0, 0, 0]
  FACT      [4] POS RightIn #10407 t5  'Out position'                     is_source=False wire=23838   errs=[0, 0, 0, 0]
  FACT      [4] POS RightIn #10407 t6  'position [internal units]'        is_source=True  wire=0       errs=[0, 0, 0, 1055]
  FACT  [4] POS RightIn row: node #10407 at Nodes[5] of Diagram #23058 [traverse 22], terminal 6 resolved by NAME 'position [internal units]' (unique among 2 source terminals)
  FACT  [4] before wire_sr(RightIn, POS) A7 ECHO: report_all('WhileLoop')[2].uid == 23032 (want #23032; 6 WhileLoop row(s))
  FACT  [4] before wire_sr(RightIn, POS) REGECHO: shift_reg[reg_index=1].uid == 23895 (want #23895)
  FACT  [4] before wire_sr(RightIn, POS) node census: 632 rows
  FACT  [4] wire_sr('RightIn', loop_index=2, reg_index=1, node_index=5, term_index=6) -> error '' (0.05 s)
  FACT  [4] after wire_sr(RightIn, POS) AFTER node census: 632 rows
  FACT  [4] after wire_sr(RightIn, POS) CENSUS DIFF: Node 632 -> 632 ; 0 new uid(s): []
  FACT  [4] *** POS RightIn row #10407 t6 <-> reg_index 1: node terminal carries wire 23963 ; the RIGHT register's INSIDE terminal carries [23963] ; ONE NON-ZERO WIRE UID AT BOTH ENDS: True ***
  FACT  ExecState [19 [UNIT] after the POS RightIn row on #10407] = 0   (+200.5 s, read cost 0.00 s)
  FACT  [UNIT] after the POS RightIn row on #10407: ExecState 0 - NOT 1, so no intermediate file is written at this boundary
  FACT  [4] VISA LeftIn #48 terminal table of #48 (Diagram idx 22, Nodes[4], echo 48): 7 terminal(s)
  FACT      [4] VISA LeftIn #48 t0  '-Inc reference'                   is_source=False wire=23804   errs=[0, 0, 0, 0]
  FACT      [4] VISA LeftIn #48 t1  '+Inc reference'                   is_source=False wire=23811   errs=[0, 0, 0, 0]
  FACT      [4] VISA LeftIn #48 t2  'Focus inc reference'              is_source=False wire=23820   errs=[0, 0, 0, 0]
  FACT      [4] VISA LeftIn #48 t3  'VISA resource name'               is_source=False wire=0       errs=[0, 0, 0, 1055]
  FACT      [4] VISA LeftIn #48 t4  'In position'                      is_source=False wire=0       errs=[0, 0, 0, 1055]
  FACT      [4] VISA LeftIn #48 t5  'Out position'                     is_source=True  wire=23838   errs=[0, 0, 0, 0]
  FACT      [4] VISA LeftIn #48 t6  'Outgoing Handle'                  is_source=True  wire=23829   errs=[0, 0, 0, 0]
  FACT  [4] VISA LeftIn row: node #48 at Nodes[4] of Diagram #23058 [traverse 22], terminal 3 resolved by NAME 'VISA resource name' (unique among 5 sink terminals)
  FACT  [4] before wire_sr(LeftIn, VISA) A7 ECHO: report_all('WhileLoop')[2].uid == 23032 (want #23032; 6 WhileLoop row(s))
  FACT  [4] before wire_sr(LeftIn, VISA) REGECHO: shift_reg[reg_index=0].uid == 23868 (want #23868)
  FACT  [4] before wire_sr(LeftIn, VISA) node census: 632 rows
  FACT  [4] wire_sr('LeftIn', loop_index=2, reg_index=0, node_index=4, term_index=3) -> error '' (0.06 s)
  FACT  [4] after wire_sr(LeftIn, VISA) AFTER node census: 632 rows
  FACT  [4] after wire_sr(LeftIn, VISA) CENSUS DIFF: Node 632 -> 632 ; 0 new uid(s): []
  FACT  [4] *** VISA LeftIn row #48 t3 <-> reg_index 0: node terminal carries wire 23985 ; the LEFT register's INSIDE terminal carries [23985] ; ONE NON-ZERO WIRE UID AT BOTH ENDS: True ***
  FACT  ExecState [20 [UNIT] after the VISA LeftIn row on #48] = 0   (+202.1 s, read cost 0.00 s)
  FACT  [UNIT] after the VISA LeftIn row on #48: ExecState 0 - NOT 1, so no intermediate file is written at this boundary
  FACT  [4] POS LeftIn #48 terminal table of #48 (Diagram idx 22, Nodes[4], echo 48): 7 terminal(s)
  FACT      [4] POS LeftIn #48 t0  '-Inc reference'                   is_source=False wire=23804   errs=[0, 0, 0, 0]
  FACT      [4] POS LeftIn #48 t1  '+Inc reference'                   is_source=False wire=23811   errs=[0, 0, 0, 0]
  FACT      [4] POS LeftIn #48 t2  'Focus inc reference'              is_source=False wire=23820   errs=[0, 0, 0, 0]
  FACT      [4] POS LeftIn #48 t3  'VISA resource name'               is_source=False wire=23985   errs=[0, 0, 0, 0]
  FACT      [4] POS LeftIn #48 t4  'In position'                      is_source=False wire=0       errs=[0, 0, 0, 1055]
  FACT      [4] POS LeftIn #48 t5  'Out position'                     is_source=True  wire=23838   errs=[0, 0, 0, 0]
  FACT      [4] POS LeftIn #48 t6  'Outgoing Handle'                  is_source=True  wire=23829   errs=[0, 0, 0, 0]
  FACT  [4] POS LeftIn row: node #48 at Nodes[4] of Diagram #23058 [traverse 22], terminal 4 resolved by NAME 'In position' (unique among 5 sink terminals)
  FACT  [4] before wire_sr(LeftIn, POS) A7 ECHO: report_all('WhileLoop')[2].uid == 23032 (want #23032; 6 WhileLoop row(s))
  FACT  [4] before wire_sr(LeftIn, POS) REGECHO: shift_reg[reg_index=1].uid == 23895 (want #23895)
  FACT  [4] before wire_sr(LeftIn, POS) node census: 632 rows
  FACT  [4] wire_sr('LeftIn', loop_index=2, reg_index=1, node_index=4, term_index=4) -> error '' (0.05 s)
  FACT  [4] after wire_sr(LeftIn, POS) AFTER node census: 632 rows
  FACT  [4] after wire_sr(LeftIn, POS) CENSUS DIFF: Node 632 -> 632 ; 0 new uid(s): []
  FACT  [4] *** POS LeftIn row #48 t4 <-> reg_index 1: node terminal carries wire 24002 ; the LEFT register's INSIDE terminal carries [24002] ; ONE NON-ZERO WIRE UID AT BOTH ENDS: True ***
  FACT  ExecState [21 [UNIT] after the POS LeftIn row on #48] = 0   (+203.8 s, read cost 0.00 s)
  FACT  [UNIT] after the POS LeftIn row on #48: ExecState 0 - NOT 1, so no intermediate file is written at this boundary
  FACT  [4] SR ROWS LANDED: 4 of 4
  FACT  [4] NOT CALLED, DELIBERATELY OUT OF SCOPE: wire_sr('LeftOutNode') and wire_sr('LeftOutCtl') - the registers' INITIAL VALUES are STAGE M3a-2. An uninitialised register is legal LabVIEW and the initial values are a rule-1a question, not a compile question.

---------- [5] THE FIFTH ROW: #10407 t1 '# slices in stack', VIA `connect_from_wire` OFF WIRE 9649
  FACT  [5] (i) SOURCE MEASURED ON THE LIVE TARGET: wire 9649 Terms[] walk [{'i': 0, 'is_source': True, 'owner_class': 'FlatSequenceInnerTunnel', 'owner_uid': 9655, 'recip': 9649}, {'i': 1, 'is_source': False, 'owner_class': 'LoopTunnel', 'owner_uid': 9641, 'recip': 9649}, {'i': 2, 'is_source': False, 'owner_class': '', 'owner_uid': 0, 'recip': 0}] -> SOURCE endpoint {'i': 0, 'is_source': True, 'owner_class': 'FlatSequenceInnerTunnel', 'owner_uid': 9655, 'recip': 9649}
  FACT  [5] (i) source terminal index 0, owner #9655 'FlatSequenceInnerTunnel' (recorded owner #9655 ; match True)
  FACT  [5] (ii) SINK RE-READ ON THE LIVE POST-MOVE TARGET: #10407 at Diagram idx 22 Nodes[5], terminal 1 resolved by NAME '# slices in stack' (unique among 5 sink terminals) ; it currently carries wire 0 (NEVER carried from the pre-move census - T2c2)
  FACT  [5] baselines before the write: {'LoopTunnel': 135, 'Tunnel': 475, 'Wire': 1918, 'loop_23032_terminals': 5}
  FACT  [5] before connect_from_wire node census: 632 rows
  FACT  [5] connect_from_wire(wire=9649, wire_term=0, sink_diag=22, sink_node=5, sink_term=1) -> {'wire_delta': 1, 'exec_state': 0, 'op_error': '', 'op_readback': {'err_uidvi': '', 'err_wirepn': '', 'UID 2': 24009, 'Is Broken?': False, 'Name': '# slices in stack'}} (0.34 s)
  FACT  [5] after the t1 row AFTER node census: 633 rows
  FACT  [5] after the t1 row CENSUS DIFF: Node 632 -> 633 ; 1 new uid(s): [(9649, 'Invoke', (4593, 2718))]
  FACT  [5] after the t1 row new #9649 #9649 lives at: {'diagram_index': 22, 'diagram_uid': 23058, 'diagram_class': 'Diagram', 'nodes_index': 8, 'nodes_on_diagram': 9, 'label': 'Invoke Node'}  (1 diagram(s) scanned of 173, 0.2 s)
  FACT  [5] after the t1 row new #9649 terminal table of #9649 (Diagram idx 22, Nodes[8], echo 9649): 6 terminal(s)
  FACT      [5] after the t1 row new #9649 t0  'reference'                        is_source=False wire=0       errs=[0, 0, 0, 1055]
  FACT      [5] after the t1 row new #9649 t1  'reference out'                    is_source=True  wire=0       errs=[0, 0, 0, 1055]
  FACT      [5] after the t1 row new #9649 t2  'error in (no error)'              is_source=False wire=0       errs=[0, 0, 0, 1055]
  FACT      [5] after the t1 row new #9649 t3  'error out'                        is_source=True  wire=0       errs=[0, 0, 0, 1055]
  FACT      [5] after the t1 row new #9649 t4  'Method'                           is_source=False wire=0       errs=[0, 0, 0, 1055]
  FACT      [5] after the t1 row new #9649 t5  'Method'                           is_source=True  wire=0       errs=[0, 0, 0, 1055]
  FACT  [5] after the t1 row THE JUNK NODE'S FULL TERMINAL TABLE IS PRINTED ABOVE; 6 terminal(s), 0 WIRED - the purge precondition (ZERO wired) HOLDS
  FACT  [5] after the t1 row purge delete Node #9649 at index 98: gone [9649], error '', census 633 -> 632, still present False (1.26 s)
  FACT  [5] after the t1 row AFTER THE PURGE (the next step's baseline) node census: 632 rows
  FACT  [5] after the t1 row purge arithmetic: Node 632 -> 633 -> 632 (pre-call value 632)
  FACT  [5] *** BORDER-ROW ACCEPTANCE (A3): wire_delta 1 (expect 3) ; SOURCE-side wire 9649 vs SINK-side wire 24009 -> TWO DIFFERENT uids True ; `Wire.Is Broken?` False ; sink WIRED-terminal count 6 -> 7 ; LANDED True ***
  FACT  [5] THE ONE-WIRE-UID-AT-BOTH-ENDS CHECK IS DELIBERATELY NOT APPLIED TO THIS ROW: LabVIEW auto-tunnels #23032's border (docs/toolkit-capabilities.md:68, docs/cycle27-plan.md:2477-2479), so a CORRECT border wire reads TWO different uids. Same-diagram rows keep that check unchanged.
  FACT  [5] *** THE AUTO-TUNNEL MEASUREMENT: before {'LoopTunnel': 135, 'Tunnel': 475, 'Wire': 1918, 'loop_23032_terminals': 5} -> after {'LoopTunnel': 136, 'Tunnel': 476, 'Wire': 1919, 'loop_23032_terminals': 6} ***
  FACT  ExecState [22 [UNIT] after the t1 row #10407 t1] = 0   (+211.6 s, read cost 0.00 s)
  FACT  [UNIT] after the t1 row #10407 t1: ExecState 0 - NOT 1, so no intermediate file is written at this boundary

---------- [6] FULL `node_terms` CENSUS OF THE SEVEN MOVED NODES PLUS BOTH SHIFT REGISTERS
  FACT  ExecState [23 [6] at the census] = 0   (+211.6 s, read cost 0.00 s)
  FACT  [6] #3529 - Inc (PgDn) #3529 lives at: {'diagram_index': 22, 'diagram_uid': 23058, 'diagram_class': 'Diagram', 'nodes_index': 1, 'nodes_on_diagram': 8, 'label': '- Inc (PgDn)'}  (1 diagram(s) scanned of 173, 0.2 s)
  FACT  [6] #3529 - Inc (PgDn) terminal table of #3529 (Diagram idx 22, Nodes[1], echo 3529): 1 terminal(s)
  FACT      [6] #3529 - Inc (PgDn) t0  '- Inc (PgDn)'                     is_source=True  wire=23804   errs=[0, 0, 0, 0]
  FACT  [6] #3529 '- Inc (PgDn)': 1 terminal(s), 1 WIRED, 0 with WireUID 0
  FACT  [6] #3560 + Inc (PgUp) #3560 lives at: {'diagram_index': 22, 'diagram_uid': 23058, 'diagram_class': 'Diagram', 'nodes_index': 2, 'nodes_on_diagram': 8, 'label': '+ Inc (PgUp)'}  (1 diagram(s) scanned of 173, 0.2 s)
  FACT  [6] #3560 + Inc (PgUp) terminal table of #3560 (Diagram idx 22, Nodes[2], echo 3560): 1 terminal(s)
  FACT      [6] #3560 + Inc (PgUp) t0  '+ Inc (PgUp)'                     is_source=True  wire=23811   errs=[0, 0, 0, 0]
  FACT  [6] #3560 '+ Inc (PgUp)': 1 terminal(s), 1 WIRED, 0 with WireUID 0
  FACT  [6] #3447 Focus Step (F1) #3447 lives at: {'diagram_index': 22, 'diagram_uid': 23058, 'diagram_class': 'Diagram', 'nodes_index': 3, 'nodes_on_diagram': 8, 'label': 'Focus Step (F1)'}  (1 diagram(s) scanned of 173, 0.2 s)
  FACT  [6] #3447 Focus Step (F1) terminal table of #3447 (Diagram idx 22, Nodes[3], echo 3447): 1 terminal(s)
  FACT      [6] #3447 Focus Step (F1) t0  'Focus Step (F1)'                  is_source=True  wire=23820   errs=[0, 0, 0, 0]
  FACT  [6] #3447 'Focus Step (F1)': 1 terminal(s), 1 WIRED, 0 with WireUID 0
  FACT  [6] #48 ASI_adjust focus-subvi.vi #48 lives at: {'diagram_index': 22, 'diagram_uid': 23058, 'diagram_class': 'Diagram', 'nodes_index': 4, 'nodes_on_diagram': 8, 'label': 'ASI_adjust focus-subvi.vi'}  (1 diagram(s) scanned of 173, 0.2 s)
  FACT  [6] #48 ASI_adjust focus-subvi.vi terminal table of #48 (Diagram idx 22, Nodes[4], echo 48): 7 terminal(s)
  FACT      [6] #48 ASI_adjust focus-subvi.vi t0  '-Inc reference'                   is_source=False wire=23804   errs=[0, 0, 0, 0]
  FACT      [6] #48 ASI_adjust focus-subvi.vi t1  '+Inc reference'                   is_source=False wire=23811   errs=[0, 0, 0, 0]
  FACT      [6] #48 ASI_adjust focus-subvi.vi t2  'Focus inc reference'              is_source=False wire=23820   errs=[0, 0, 0, 0]
  FACT      [6] #48 ASI_adjust focus-subvi.vi t3  'VISA resource name'               is_source=False wire=23985   errs=[0, 0, 0, 0]
  FACT      [6] #48 ASI_adjust focus-subvi.vi t4  'In position'                      is_source=False wire=24002   errs=[0, 0, 0, 0]
  FACT      [6] #48 ASI_adjust focus-subvi.vi t5  'Out position'                     is_source=True  wire=23838   errs=[0, 0, 0, 0]
  FACT      [6] #48 ASI_adjust focus-subvi.vi t6  'Outgoing Handle'                  is_source=True  wire=23829   errs=[0, 0, 0, 0]
  FACT  [6] #48 'ASI_adjust focus-subvi.vi': 7 terminal(s), 7 WIRED, 0 with WireUID 0
  FACT  [6] #10407 Case Structure #10407 lives at: {'diagram_index': 22, 'diagram_uid': 23058, 'diagram_class': 'Diagram', 'nodes_index': 5, 'nodes_on_diagram': 8, 'label': 'Case Structure'}  (1 diagram(s) scanned of 173, 0.2 s)
  FACT  [6] #10407 Case Structure terminal table of #10407 (Diagram idx 22, Nodes[5], echo 10407): 7 terminal(s)
  FACT      [6] #10407 Case Structure t0  ''                                 is_source=False wire=23847   errs=[0, 0, 0, 0]
  FACT      [6] #10407 Case Structure t1  '# slices in stack'                is_source=False wire=24009   errs=[0, 0, 0, 0]
  FACT      [6] #10407 Case Structure t2  'index'                            is_source=False wire=23856   errs=[0, 0, 0, 0]
  FACT      [6] #10407 Case Structure t3  'Outgoing Handle'                  is_source=False wire=23829   errs=[0, 0, 0, 0]
  FACT      [6] #10407 Case Structure t4  'VISA out'                         is_source=True  wire=23952   errs=[0, 0, 0, 0]
  FACT      [6] #10407 Case Structure t5  'Out position'                     is_source=False wire=23838   errs=[0, 0, 0, 0]
  FACT      [6] #10407 Case Structure t6  'position [internal units]'        is_source=True  wire=23963   errs=[0, 0, 0, 0]
  FACT  [6] #10407 'Case Structure': 7 terminal(s), 7 WIRED, 0 with WireUID 0
  FACT  [6] #23499 Local (row 1 carrier) #23499 lives at: {'diagram_index': 22, 'diagram_uid': 23058, 'diagram_class': 'Diagram', 'nodes_index': 6, 'nodes_on_diagram': 8, 'label': 'WORK_C68M3A1_20260921_212011.vi'}  (1 diagram(s) scanned of 173, 0.2 s)
  FACT  [6] #23499 Local (row 1 carrier) terminal table of #23499 (Diagram idx 22, Nodes[6], echo 23499): 1 terminal(s)
  FACT      [6] #23499 Local (row 1 carrier) t0  'Automatic Error Handling'         is_source=True  wire=23847   errs=[0, 0, 0, 0]
  FACT  [6] #23499 'Local (row 1 carrier)': 1 terminal(s), 1 WIRED, 0 with WireUID 0
  FACT  [6] #23523 Local (row 2 carrier) #23523 lives at: {'diagram_index': 22, 'diagram_uid': 23058, 'diagram_class': 'Diagram', 'nodes_index': 7, 'nodes_on_diagram': 8, 'label': 'WORK_C68M3A1_20260921_212011.vi'}  (1 diagram(s) scanned of 173, 0.2 s)
  FACT  [6] #23523 Local (row 2 carrier) terminal table of #23523 (Diagram idx 22, Nodes[7], echo 23523): 1 terminal(s)
  FACT      [6] #23523 Local (row 2 carrier) t0  'index'                            is_source=True  wire=23856   errs=[0, 0, 0, 0]
  FACT  [6] #23523 'Local (row 2 carrier)': 1 terminal(s), 1 WIRED, 0 with WireUID 0
  FACT  [6] before the register read A7 ECHO: report_all('WhileLoop')[2].uid == 23032 (want #23032; 6 WhileLoop row(s))
  FACT  [6] VISA pair reg_index 0 -> right #23868 out {'name': 'VISA out', 'is_source': True, 'wire': 0} inside [{'name': 'VISA out', 'is_source': False, 'wire': 23952}] ; left #23880 out {'name': 'VISA out', 'is_source': False, 'wire': 0} inside [{'name': 'VISA out', 'is_source': True, 'wire': 23985}]
  FACT  [6] POS pair reg_index 1 -> right #23895 out {'name': 'position [internal units]', 'is_source': True, 'wire': 0} inside [{'name': 'position [internal units]', 'is_source': False, 'wire': 23963}] ; left #23909 out {'name': 'position [internal units]', 'is_source': False, 'wire': 0} inside [{'name': 'position [internal units]', 'is_source': True, 'wire': 24002}]

  *** [6] THE BARE LIST - EVERY TERMINAL WITH WireUID 0 (4 row(s)) ***
  FACT  [6] BARE  node #23868  'VISA SR right outer'      tNone 'VISA out'                         is_source=True  state=BARE (WireUID 0)
  FACT  [6] BARE  node #23880  'VISA SR left outer'       tNone 'VISA out'                         is_source=False state=BARE (WireUID 0)
  FACT  [6] BARE  node #23895  'POS SR right outer'       tNone 'position [internal units]'        is_source=True  state=BARE (WireUID 0)
  FACT  [6] BARE  node #23909  'POS SR left outer'        tNone 'position [internal units]'        is_source=False state=BARE (WireUID 0)
  FACT  [6] BARE LIST SIZE: 4 terminal(s) with WireUID 0

---------- [6b] A4 THE BARE-SINK GATE: is `Q_focusback` SelectorTunnel #12673 still a sink of #10407 t6's net?
  FACT  [6b] #10407 t6 'position [internal units]' resolved by NAME 'position [internal units]' (unique among 2 source terminals) ; it carries wire 23963
  FACT  [6b] t6's net 23963 Terms[] walk: [{'i': 0, 'is_source': True, 'owner_class': 'SelectorTunnel', 'owner_uid': 2017, 'recip': 23963}, {'i': 1, 'is_source': False, 'owner_class': 'RightShiftRegister', 'owner_uid': 23895, 'recip': 23963}, {'i': 2, 'is_source': False, 'owner_class': '', 'owner_uid': 0, 'recip': 0}] ; owner uids [2017, 23895]
  FACT  [6b] *** #12673 (`Q_focusback` SelectorTunnel) IS **NOT** A TERMINAL OF #10407 t6's NET ***
  FACT  [6b] *** SIXTH ROW, ON FILE AND NOT PASSED OVER: `Q_focusback` SelectorTunnel #12673 must be re-connected to #10407 t6 'position [internal units]' (original net 9113, tools/bench/diag_c67_addsr.log:389). The inventory for this stage was FIVE rows; this makes SIX. It is NOT attempted here and it is NOT worked around. ***
  FAIL  A4 no SINK that was wired on the bed is left bare by this stage (`Q_focusback` SelectorTunnel #12673 on #10407 t6's net)  t6 wire 23963 ; net owner uids [2017, 23895]

---------- [7] ExecState AND THE SAVE
  FACT  ExecState [24 [7] the decision point] = 0   (+213.9 s, read cost 0.00 s)
  FACT  [7] final, in memory counts: {'Node': 632, 'Wire': 1919, 'ControlTerminal': 116, 'Local': 10, 'LoopTunnel': 136, 'Tunnel': 476}
  FACT  [7] final, in memory shift-register class counts: {'LeftShiftRegister': 38, 'RightShiftRegister': 38}
  FACT  [7] #637 (WhileLoop): {'n_terms': 59, 'n_wired': 48} (before {'n_terms': 59, 'n_wired': 48}) - 37(e)/50(e)'s no-new-tunnel comparison, REPORTED
  FACT  [7] ExecState 0. The brief asks for `D1_s3b_m3a_BROKEN_20260921_212011.vi` in this case, so THE SAVE IS ATTEMPTED and whatever the machine answers is recorded verbatim below.
  FACT  ExecState [25 [7] the BROKEN M3a-1 artefact immediately before the save] = 0   (+215.2 s, read cost 0.00 s)
  FACT  [7] the BROKEN M3a-1 artefact THE SAVE WAS REFUSED, VERBATIM: RuntimeError: refusing to save a BROKEN VI - SaveInstrument blocks forever on one
  FACT  [7] the BROKEN M3a-1 artefact NO FILE IS WRITTEN AT D1_s3b_m3a_BROKEN_20260921_212011.vi. Copying the working copy's DISK bytes would produce a file byte-identical to the bed - the in-memory edits would not be in it - so nothing is copied. The two bypasses named in tools/gscript.py:2088-2090 are FORBIDDEN by this brief and are not used.
  FACT  [7] *** NO BROKEN ARTEFACT IS ON DISK: the save path refused it (verbatim above) and the two bypasses at tools/gscript.py:2088-2090 are FORBIDDEN by this brief. NOTHING WAS WRITTEN UNDER D1_s3b_m3a_BROKEN_20260921_212011.vi. This is reported to judgement, not worked around. ***
  FACT  [7] NO COLD REOPEN IS ATTEMPTED at ExecState 0 - the labview-automation skill's rule: never cold-load a broken-saved VI headless (recompile spin).
  PASS  H scratch WORK_C68M3A1_20260921_212011.vi is gone (exists=False)

---------- [H] THE md5 PINS AFTER, THE TOOL PINS, THE REFS AND THE HANDLES
  FACT  H ORIGINAL AFTER: HASH G:\Codes\LabVIEW_Codes\MinLab\zz_LabView VI\AAA_UNIST\2. Tracking\Min_Track N beads V6_ParallelLoop.vi | exists=1 | size=473317 | md5=2a78e17c449cacdaf5da389818526859 | sha256=f827a67e91cc2a51284cdce0ada5d34ecf89cf865bca5f0bdfa870f0020df4bb
  PASS  H ORIGINAL md5 is STILL its pin 2a78e17c  '2a78e17c449cacdaf5da389818526859'
  FACT  H S1 D1_s1_copy AFTER: HASH C:\Program Files\National Instruments\LabVIEW 2026\user.lib\claudeDev\D1_s1_copy.vi | exists=1 | size=474202 | md5=3e3d23cefd3a334001aa9d6156bf1aee | sha256=1ab3360021cb04f03e8fe4a503d1972aefa26a34ed5b8fd9393ec6899330e0f7
  PASS  H S1 D1_s1_copy md5 is STILL its pin 3e3d23ce  '3e3d23cefd3a334001aa9d6156bf1aee'
  FACT  H S2 D1_s2_loops AFTER: HASH C:\Program Files\National Instruments\LabVIEW 2026\user.lib\claudeDev\D1_s2_loops.vi | exists=1 | size=475707 | md5=6ff19497f2309e007a214660bb64b911 | sha256=d52e754e29a85e9cc3ddeb039f6c5e325c9094c5e1f8c944059d4a5f7b33c3f5
  PASS  H S2 D1_s2_loops md5 is STILL its pin 6ff19497  '6ff19497f2309e007a214660bb64b911'
  FACT  H THE BED AFTER: HASH C:\Program Files\National Instruments\LabVIEW 2026\user.lib\claudeDev\D1_s3b_row2_20260921_160311.vi | exists=1 | size=476759 | md5=26c54ff784cb5cea21edbd214d2cc3a0 | sha256=17b63cb1c83d5f4a50285ced08b1ecc5a65605979b17ee798b1228f7017d275d
  PASS  H THE BED md5 is STILL its pin 26c54ff7  '26c54ff784cb5cea21edbd214d2cc3a0'
  FACT  H TOOL gscript.py AFTER: HASH G:\Codes\LabVIEW_Codes\MinLab\zz_LabView VI\AAA_UNIST\2. Tracking\V6_ParallelLoop\tools\gscript.py | exists=1 | size=161971 | md5=99f00da7e03874426061d112967acf6c | sha256=6ad59177ad4c91e63b2301ecae42c7c9d54016bd71ff6bb2ad3d6e13e9f56ecf
  PASS  H TOOL gscript.py is byte-identical before and after  '99f00da7e03874426061d112967acf6c' vs '99f00da7e03874426061d112967acf6c'
  FACT  H TOOL c60c_astcheck.py AFTER: HASH G:\Codes\LabVIEW_Codes\MinLab\zz_LabView VI\AAA_UNIST\2. Tracking\V6_ParallelLoop\tools\bench\c60c_astcheck.py | exists=1 | size=8079 | md5=12ee5c4b17a4c590f87888c5c62766f4 | sha256=3c6ac4de3a6724c991f1ed6d01b7ca0e01854279d916af594fbc2485cbbbfa47
  PASS  H TOOL c60c_astcheck.py is byte-identical before and after  '12ee5c4b17a4c590f87888c5c62766f4' vs '12ee5c4b17a4c590f87888c5c62766f4'
  FACT  refs: {'opened': 36, 'closed': 36, 'live': 0, 'cached_op_vis': 16}
  PASS  H refs opened == closed and 0 live  {'opened': 36, 'closed': 36, 'live': 0, 'cached_op_vis': 16}
  FACT  LabVIEW handles AFTER: 38289 (before 34154)
  PASS  H the LabVIEW handle count was read at entry and at exit  34154 -> 38289
  PASS  H no mutator call was REFUSED BY THE MACHINE  0 refusal(s): []

THE FILES THIS RUN LEFT ON DISK: []
  FACT  THE FILES THIS RUN LEFT ON DISK: []

=== GATES: 16 pass / 1 fail; failing: A4 no SINK that was wired on the bed is left bare by this stage (`Q_focusback` SelectorTunnel #12673 on #10407 t6's net)
=== JSON: G:\Codes\LabVIEW_Codes\MinLab\zz_LabView VI\AAA_UNIST\2. Tracking\V6_ParallelLoop\tools\bench\build_d1_m3a1.json
BGRUN END rc=1 after 216s
BGRUN START 2026-09-21 22:38:09 limit 45.0 min: py -u tools/recipes/build_d1_m3a1.py
=== build_d1_m3a1  20260921_223809  (bgrun --material --max-min 45)
=== STAGE M3a-1. ANY ARTEFACT THIS RUN SAVES IS **NOT COMPUTATION-EQUIVALENT TO THE ORIGINAL** - ITS SHIFT REGISTERS ARE UNINITIALISED (initial values = stage M3a-2). IT IS NEVER RUN (34(f)).

---------- [0] FILES ONLY, ZERO LabVIEW - the md5 pins BEFORE, then the pre-batch restart
  FACT  LabVIEW handles BEFORE: 34195 (fresh-instance baseline ~31,500; the pre-batch restart below is MANDATORY - 44(e))
  FACT  H ORIGINAL BEFORE: HASH G:\Codes\LabVIEW_Codes\MinLab\zz_LabView VI\AAA_UNIST\2. Tracking\Min_Track N beads V6_ParallelLoop.vi | exists=1 | size=473317 | md5=2a78e17c449cacdaf5da389818526859 | sha256=f827a67e91cc2a51284cdce0ada5d34ecf89cf865bca5f0bdfa870f0020df4bb
  PASS  H ORIGINAL md5 == its pin 2a78e17c  '2a78e17c449cacdaf5da389818526859'
  FACT  H S1 D1_s1_copy BEFORE: HASH C:\Program Files\National Instruments\LabVIEW 2026\user.lib\claudeDev\D1_s1_copy.vi | exists=1 | size=474202 | md5=3e3d23cefd3a334001aa9d6156bf1aee | sha256=1ab3360021cb04f03e8fe4a503d1972aefa26a34ed5b8fd9393ec6899330e0f7
  PASS  H S1 D1_s1_copy md5 == its pin 3e3d23ce  '3e3d23cefd3a334001aa9d6156bf1aee'
  FACT  H S2 D1_s2_loops BEFORE: HASH C:\Program Files\National Instruments\LabVIEW 2026\user.lib\claudeDev\D1_s2_loops.vi | exists=1 | size=475707 | md5=6ff19497f2309e007a214660bb64b911 | sha256=d52e754e29a85e9cc3ddeb039f6c5e325c9094c5e1f8c944059d4a5f7b33c3f5
  PASS  H S2 D1_s2_loops md5 == its pin 6ff19497  '6ff19497f2309e007a214660bb64b911'
  FACT  H THE BED BEFORE: HASH C:\Program Files\National Instruments\LabVIEW 2026\user.lib\claudeDev\D1_s3b_row2_20260921_160311.vi | exists=1 | size=476759 | md5=26c54ff784cb5cea21edbd214d2cc3a0 | sha256=17b63cb1c83d5f4a50285ced08b1ecc5a65605979b17ee798b1228f7017d275d
  PASS  H THE BED md5 == its pin 26c54ff7  '26c54ff784cb5cea21edbd214d2cc3a0'
  FACT  H THE BED size: HASH C:\Program Files\National Instruments\LabVIEW 2026\user.lib\claudeDev\D1_s3b_row2_20260921_160311.vi | exists=1 | size=476759 | md5=26c54ff784cb5cea21edbd214d2cc3a0 | sha256=17b63cb1c83d5f4a50285ced08b1ecc5a65605979b17ee798b1228f7017d275d
  PASS  H the bed is 476759 B  '476759'
  FACT  H TOOL gscript.py BEFORE: HASH G:\Codes\LabVIEW_Codes\MinLab\zz_LabView VI\AAA_UNIST\2. Tracking\V6_ParallelLoop\tools\gscript.py | exists=1 | size=161971 | md5=99f00da7e03874426061d112967acf6c | sha256=6ad59177ad4c91e63b2301ecae42c7c9d54016bd71ff6bb2ad3d6e13e9f56ecf
  FACT  H TOOL c60c_astcheck.py BEFORE: HASH G:\Codes\LabVIEW_Codes\MinLab\zz_LabView VI\AAA_UNIST\2. Tracking\V6_ParallelLoop\tools\bench\c60c_astcheck.py | exists=1 | size=8079 | md5=12ee5c4b17a4c590f87888c5c62766f4 | sha256=3c6ac4de3a6724c991f1ed6d01b7ca0e01854279d916af594fbc2485cbbbfa47
  FACT  [0] pre-batch LabVIEW restart (44(e)): lv_restart rc=0 ['dialogs: 8,1346,762| / ENABLED|8718146|0,0,0,0|LabVIEW / VERDICT: clear (no modal dialog)']
  FACT  LabVIEW handles AFTER the restart: 30687

---------- [2a] THE WORKING COPY AND ITS COLD BASELINE
  FACT  [2a] the working copy: HASH C:\Program Files\National Instruments\LabVIEW 2026\user.lib\claudeDev\WORK_C68M3A1_20260921_223809.vi | exists=1 | size=476759 | md5=26c54ff784cb5cea21edbd214d2cc3a0 | sha256=17b63cb1c83d5f4a50285ced08b1ecc5a65605979b17ee798b1228f7017d275d
  PASS  H the working copy starts byte-identical to the bed  '26c54ff784cb5cea21edbd214d2cc3a0'
  FACT  ExecState [01 [2a] the working copy, COLD] = 1   (+66.9 s, read cost 1.70 s)
  FACT  [2a] COLD counts: {'Node': 632, 'Wire': 1907, 'ControlTerminal': 116, 'Local': 10, 'LoopTunnel': 135, 'Tunnel': 471}
  FACT  [2a] Node == 632 (recorded baseline 632 ; match True)
  FACT  [2a] Wire == 1907 (recorded baseline 1907 ; match True)
  FACT  [2a] ControlTerminal == 116 (recorded baseline 116 ; match True)
  FACT  [2a] Local == 10 (recorded baseline 10 ; match True)
  FACT  [2a] LoopTunnel == 135 (recorded baseline 135 ; match True)
  FACT  [2a] Tunnel == 471 (recorded baseline 471 ; match True)
  FACT  [2a] COLD shift-register class counts: {'LeftShiftRegister': 36, 'RightShiftRegister': 36}
  FACT  [2a] Diagram #639 -> traverse index 46 (recorded 46) ; 75 node(s) (recorded 75)
  FACT  [2a] whole-VI Node node census: 632 rows
  FACT  [2a] #637 (WhileLoop): 59 terminals, 48 WIRED (recorded 59 / 48)

---------- [2b] THE SEVEN `move_in` CALLS, VERBATIM FROM diag_c66b_s3b_m3.py (37(d) severs every wire on the moved object)
  FACT  [2b] BEFORE Diagram #23058 [traverse 22] Nodes[] census: 1 node(s) -> [23035]
  FACT  [2b] #3529 '- Inc (PgDn)' BEFORE the move: 1 terminal(s), 1 WIRED  (ControlReferenceConstant; docs/d1-build-plan.md:330)
  FACT  [2b] before move #3529 DESTINDEX: Diagram #23058 -> traverse index 22 (array length 173 ; still owns it True)
  FACT  [2b] MOVE #3529 '- Inc (PgDn)' -> Diagram #23058 [traverse 22] at (40, 60); the op echoed uid 23035 (37(d): the echo is NOT the moved object)
  FACT  [2b] after move #3529 AFTER node census: 633 rows
  FACT  [2b] after move #3529 CENSUS DIFF: Node 632 -> 633 ; 1 new uid(s): [(23522, 'Invoke', (4593, 2718))]
  FACT  [2b] after move #3529 new #23522 #23522 lives at: {'diagram_index': 22, 'diagram_uid': 23058, 'diagram_class': 'Diagram', 'nodes_index': 2, 'nodes_on_diagram': 3, 'label': 'Invoke Node'}  (1 diagram(s) scanned of 173, 0.3 s)
  FACT  [2b] after move #3529 new #23522 terminal table of #23522 (Diagram idx 22, Nodes[2], echo 23522): 6 terminal(s)
  FACT      [2b] after move #3529 new #23522 t0  'reference'                        is_source=False wire=0       errs=[0, 0, 0, 1055]
  FACT      [2b] after move #3529 new #23522 t1  'reference out'                    is_source=True  wire=0       errs=[0, 0, 0, 1055]
  FACT      [2b] after move #3529 new #23522 t2  'error in (no error)'              is_source=False wire=0       errs=[0, 0, 0, 1055]
  FACT      [2b] after move #3529 new #23522 t3  'error out'                        is_source=True  wire=0       errs=[0, 0, 0, 1055]
  FACT      [2b] after move #3529 new #23522 t4  'Method'                           is_source=False wire=0       errs=[0, 0, 0, 1055]
  FACT      [2b] after move #3529 new #23522 t5  'Method'                           is_source=True  wire=0       errs=[0, 0, 0, 1055]
  FACT  [2b] after move #3529 THE JUNK NODE'S FULL TERMINAL TABLE IS PRINTED ABOVE; 6 terminal(s), 0 WIRED - the purge precondition (ZERO wired) HOLDS
  FACT  [2b] after move #3529 purge delete Node #23522 at index 98: gone [23522], error '', census 633 -> 632, still present False (1.39 s)
  FACT  [2b] after move #3529 AFTER THE PURGE (the next step's baseline) node census: 632 rows
  FACT  [2b] after move #3529 purge arithmetic: Node 632 -> 633 -> 632 (pre-call value 632)
  FACT  [2b] after move #3529 Diagram #23058 [traverse 22] Nodes[] census: 2 node(s) -> [23035, 3529]
  FACT  [2b] #3529 in Diagram #23058's Nodes[] after the move: True (body holds 2 node(s))
  OBSERVED uid 3529 -> owner 'Diagram' uid 23058 | self 'ControlReferenceConstant'#3529 | 482 says 'Diagram' cast 'Diagram' |  
  FACT  [2b] owner_of(3529) AFTER the move = ('Diagram', 23058) (REPORTED ALONGSIDE the Nodes[] census, never instead of it - 53(d^8))
  FACT  [2b] #3529 AFTER the move: 1 terminal(s), 0 WIRED (was 1)
  FACT  ExecState [02 [UNIT] after move #3529 - Inc (PgDn)] = 0   (+119.3 s, read cost 0.00 s)
  FACT  [UNIT] after move #3529 - Inc (PgDn): ExecState 0 - NOT 1, so no intermediate file is written at this boundary
  FACT  [2b] #3560 '+ Inc (PgUp)' BEFORE the move: 1 terminal(s), 1 WIRED  (ControlReferenceConstant; docs/d1-build-plan.md:331)
  FACT  [2b] before move #3560 DESTINDEX: Diagram #23058 -> traverse index 22 (array length 173 ; still owns it True)
  FACT  [2b] MOVE #3560 '+ Inc (PgUp)' -> Diagram #23058 [traverse 22] at (40, 170); the op echoed uid 23035 (37(d): the echo is NOT the moved object)
  FACT  [2b] after move #3560 AFTER node census: 633 rows
  FACT  [2b] after move #3560 CENSUS DIFF: Node 632 -> 633 ; 1 new uid(s): [(23522, 'Invoke', (4593, 2718))]
  FACT  [2b] after move #3560 new #23522 #23522 lives at: {'diagram_index': 22, 'diagram_uid': 23058, 'diagram_class': 'Diagram', 'nodes_index': 3, 'nodes_on_diagram': 4, 'label': 'Invoke Node'}  (1 diagram(s) scanned of 173, 0.3 s)
  FACT  [2b] after move #3560 new #23522 terminal table of #23522 (Diagram idx 22, Nodes[3], echo 23522): 6 terminal(s)
  FACT      [2b] after move #3560 new #23522 t0  'reference'                        is_source=False wire=0       errs=[0, 0, 0, 1055]
  FACT      [2b] after move #3560 new #23522 t1  'reference out'                    is_source=True  wire=0       errs=[0, 0, 0, 1055]
  FACT      [2b] after move #3560 new #23522 t2  'error in (no error)'              is_source=False wire=0       errs=[0, 0, 0, 1055]
  FACT      [2b] after move #3560 new #23522 t3  'error out'                        is_source=True  wire=0       errs=[0, 0, 0, 1055]
  FACT      [2b] after move #3560 new #23522 t4  'Method'                           is_source=False wire=0       errs=[0, 0, 0, 1055]
  FACT      [2b] after move #3560 new #23522 t5  'Method'                           is_source=True  wire=0       errs=[0, 0, 0, 1055]
  FACT  [2b] after move #3560 THE JUNK NODE'S FULL TERMINAL TABLE IS PRINTED ABOVE; 6 terminal(s), 0 WIRED - the purge precondition (ZERO wired) HOLDS
  FACT  [2b] after move #3560 purge delete Node #23522 at index 98: gone [23522], error '', census 633 -> 632, still present False (1.49 s)
  FACT  [2b] after move #3560 AFTER THE PURGE (the next step's baseline) node census: 632 rows
  FACT  [2b] after move #3560 purge arithmetic: Node 632 -> 633 -> 632 (pre-call value 632)
  FACT  [2b] after move #3560 Diagram #23058 [traverse 22] Nodes[] census: 3 node(s) -> [23035, 3529, 3560]
  FACT  [2b] #3560 in Diagram #23058's Nodes[] after the move: True (body holds 3 node(s))
  OBSERVED uid 3560 -> owner 'Diagram' uid 23058 | self 'ControlReferenceConstant'#3560 | 482 says 'Diagram' cast 'Diagram' |  
  FACT  [2b] owner_of(3560) AFTER the move = ('Diagram', 23058) (REPORTED ALONGSIDE the Nodes[] census, never instead of it - 53(d^8))
  FACT  [2b] #3560 AFTER the move: 1 terminal(s), 0 WIRED (was 1)
  FACT  ExecState [03 [UNIT] after move #3560 + Inc (PgUp)] = 0   (+125.8 s, read cost 0.00 s)
  FACT  [UNIT] after move #3560 + Inc (PgUp): ExecState 0 - NOT 1, so no intermediate file is written at this boundary
  FACT  [2b] #3447 'Focus Step (F1)' BEFORE the move: 1 terminal(s), 1 WIRED  (ControlReferenceConstant; docs/d1-build-plan.md:332)
  FACT  [2b] before move #3447 DESTINDEX: Diagram #23058 -> traverse index 22 (array length 173 ; still owns it True)
  FACT  [2b] MOVE #3447 'Focus Step (F1)' -> Diagram #23058 [traverse 22] at (40, 280); the op echoed uid 23035 (37(d): the echo is NOT the moved object)
  FACT  [2b] after move #3447 AFTER node census: 633 rows
  FACT  [2b] after move #3447 CENSUS DIFF: Node 632 -> 633 ; 1 new uid(s): [(23522, 'Invoke', (4593, 2718))]
  FACT  [2b] after move #3447 new #23522 #23522 lives at: {'diagram_index': 22, 'diagram_uid': 23058, 'diagram_class': 'Diagram', 'nodes_index': 4, 'nodes_on_diagram': 5, 'label': 'Invoke Node'}  (1 diagram(s) scanned of 173, 0.3 s)
  FACT  [2b] after move #3447 new #23522 terminal table of #23522 (Diagram idx 22, Nodes[4], echo 23522): 6 terminal(s)
  FACT      [2b] after move #3447 new #23522 t0  'reference'                        is_source=False wire=0       errs=[0, 0, 0, 1055]
  FACT      [2b] after move #3447 new #23522 t1  'reference out'                    is_source=True  wire=0       errs=[0, 0, 0, 1055]
  FACT      [2b] after move #3447 new #23522 t2  'error in (no error)'              is_source=False wire=0       errs=[0, 0, 0, 1055]
  FACT      [2b] after move #3447 new #23522 t3  'error out'                        is_source=True  wire=0       errs=[0, 0, 0, 1055]
  FACT      [2b] after move #3447 new #23522 t4  'Method'                           is_source=False wire=0       errs=[0, 0, 0, 1055]
  FACT      [2b] after move #3447 new #23522 t5  'Method'                           is_source=True  wire=0       errs=[0, 0, 0, 1055]
  FACT  [2b] after move #3447 THE JUNK NODE'S FULL TERMINAL TABLE IS PRINTED ABOVE; 6 terminal(s), 0 WIRED - the purge precondition (ZERO wired) HOLDS
  FACT  [2b] after move #3447 purge delete Node #23522 at index 98: gone [23522], error '', census 633 -> 632, still present False (1.50 s)
  FACT  [2b] after move #3447 AFTER THE PURGE (the next step's baseline) node census: 632 rows
  FACT  [2b] after move #3447 purge arithmetic: Node 632 -> 633 -> 632 (pre-call value 632)
  FACT  [2b] after move #3447 Diagram #23058 [traverse 22] Nodes[] census: 4 node(s) -> [23035, 3529, 3560, 3447]
  FACT  [2b] #3447 in Diagram #23058's Nodes[] after the move: True (body holds 4 node(s))
  OBSERVED uid 3447 -> owner 'Diagram' uid 23058 | self 'ControlReferenceConstant'#3447 | 482 says 'Diagram' cast 'Diagram' |  
  FACT  [2b] owner_of(3447) AFTER the move = ('Diagram', 23058) (REPORTED ALONGSIDE the Nodes[] census, never instead of it - 53(d^8))
  FACT  [2b] #3447 AFTER the move: 1 terminal(s), 0 WIRED (was 1)
  FACT  ExecState [04 [UNIT] after move #3447 Focus Step (F1)] = 0   (+132.5 s, read cost 0.01 s)
  FACT  [UNIT] after move #3447 Focus Step (F1): ExecState 0 - NOT 1, so no intermediate file is written at this boundary
  FACT  [2b] #48 'ASI_adjust focus-subvi.vi' BEFORE the move: 7 terminal(s), 7 WIRED  (SubVI; docs/d1-build-plan.md:306)
  FACT  [2b] before move #48 DESTINDEX: Diagram #23058 -> traverse index 22 (array length 173 ; still owns it True)
  FACT  [2b] MOVE #48 'ASI_adjust focus-subvi.vi' -> Diagram #23058 [traverse 22] at (300, 170); the op echoed uid 23035 (37(d): the echo is NOT the moved object)
  FACT  [2b] after move #48 AFTER node census: 633 rows
  FACT  [2b] after move #48 CENSUS DIFF: Node 632 -> 633 ; 1 new uid(s): [(23522, 'Invoke', (4593, 2718))]
  FACT  [2b] after move #48 new #23522 #23522 lives at: {'diagram_index': 22, 'diagram_uid': 23058, 'diagram_class': 'Diagram', 'nodes_index': 4, 'nodes_on_diagram': 6, 'label': 'Invoke Node'}  (1 diagram(s) scanned of 173, 0.3 s)
  FACT  [2b] after move #48 new #23522 terminal table of #23522 (Diagram idx 22, Nodes[4], echo 23522): 6 terminal(s)
  FACT      [2b] after move #48 new #23522 t0  'reference'                        is_source=False wire=0       errs=[0, 0, 0, 1055]
  FACT      [2b] after move #48 new #23522 t1  'reference out'                    is_source=True  wire=0       errs=[0, 0, 0, 1055]
  FACT      [2b] after move #48 new #23522 t2  'error in (no error)'              is_source=False wire=0       errs=[0, 0, 0, 1055]
  FACT      [2b] after move #48 new #23522 t3  'error out'                        is_source=True  wire=0       errs=[0, 0, 0, 1055]
  FACT      [2b] after move #48 new #23522 t4  'Method'                           is_source=False wire=0       errs=[0, 0, 0, 1055]
  FACT      [2b] after move #48 new #23522 t5  'Method'                           is_source=True  wire=0       errs=[0, 0, 0, 1055]
  FACT  [2b] after move #48 THE JUNK NODE'S FULL TERMINAL TABLE IS PRINTED ABOVE; 6 terminal(s), 0 WIRED - the purge precondition (ZERO wired) HOLDS
  FACT  [2b] after move #48 purge delete Node #23522 at index 99: gone [23522], error '', census 633 -> 632, still present False (1.52 s)
  FACT  [2b] after move #48 AFTER THE PURGE (the next step's baseline) node census: 632 rows
  FACT  [2b] after move #48 purge arithmetic: Node 632 -> 633 -> 632 (pre-call value 632)
  FACT  [2b] after move #48 Diagram #23058 [traverse 22] Nodes[] census: 5 node(s) -> [23035, 3529, 3560, 3447, 48]
  FACT  [2b] #48 in Diagram #23058's Nodes[] after the move: True (body holds 5 node(s))
  OBSERVED uid 48 -> owner 'Diagram' uid 23058 | self 'SubVI'#48 | 482 says 'Diagram' cast 'Diagram' |  
  FACT  [2b] owner_of(48) AFTER the move = ('Diagram', 23058) (REPORTED ALONGSIDE the Nodes[] census, never instead of it - 53(d^8))
  FACT  [2b] #48 AFTER the move: 7 terminal(s), 0 WIRED (was 7)
  FACT  ExecState [05 [UNIT] after move #48 ASI_adjust focus-subvi.vi] = 0   (+139.6 s, read cost 0.01 s)
  FACT  [UNIT] after move #48 ASI_adjust focus-subvi.vi: ExecState 0 - NOT 1, so no intermediate file is written at this boundary
  FACT  [2b] #10407 'Case Structure' BEFORE the move: 7 terminal(s), 7 WIRED  (CaseStructure (autofocus); docs/d1-build-plan.md:305)
  FACT  [2b] before move #10407 DESTINDEX: Diagram #23058 -> traverse index 22 (array length 173 ; still owns it True)
  FACT  [2b] MOVE #10407 'Case Structure' -> Diagram #23058 [traverse 22] at (620, 60); the op echoed uid 23035 (37(d): the echo is NOT the moved object)
  FACT  [2b] after move #10407 AFTER node census: 633 rows
  FACT  [2b] after move #10407 CENSUS DIFF: Node 632 -> 633 ; 1 new uid(s): [(23522, 'Invoke', (4593, 2718))]
  FACT  [2b] after move #10407 new #23522 #23522 lives at: {'diagram_index': 22, 'diagram_uid': 23058, 'diagram_class': 'Diagram', 'nodes_index': 6, 'nodes_on_diagram': 7, 'label': 'Invoke Node'}  (1 diagram(s) scanned of 173, 0.3 s)
  FACT  [2b] after move #10407 new #23522 terminal table of #23522 (Diagram idx 22, Nodes[6], echo 23522): 6 terminal(s)
  FACT      [2b] after move #10407 new #23522 t0  'reference'                        is_source=False wire=0       errs=[0, 0, 0, 1055]
  FACT      [2b] after move #10407 new #23522 t1  'reference out'                    is_source=True  wire=0       errs=[0, 0, 0, 1055]
  FACT      [2b] after move #10407 new #23522 t2  'error in (no error)'              is_source=False wire=0       errs=[0, 0, 0, 1055]
  FACT      [2b] after move #10407 new #23522 t3  'error out'                        is_source=True  wire=0       errs=[0, 0, 0, 1055]
  FACT      [2b] after move #10407 new #23522 t4  'Method'                           is_source=False wire=0       errs=[0, 0, 0, 1055]
  FACT      [2b] after move #10407 new #23522 t5  'Method'                           is_source=True  wire=0       errs=[0, 0, 0, 1055]
  FACT  [2b] after move #10407 THE JUNK NODE'S FULL TERMINAL TABLE IS PRINTED ABOVE; 6 terminal(s), 0 WIRED - the purge precondition (ZERO wired) HOLDS
  FACT  [2b] after move #10407 purge delete Node #23522 at index 98: gone [23522], error '', census 633 -> 632, still present False (1.26 s)
  FACT  [2b] after move #10407 AFTER THE PURGE (the next step's baseline) node census: 632 rows
  FACT  [2b] after move #10407 purge arithmetic: Node 632 -> 633 -> 632 (pre-call value 632)
  FACT  [2b] after move #10407 Diagram #23058 [traverse 22] Nodes[] census: 6 node(s) -> [23035, 3529, 3560, 3447, 48, 10407]
  FACT  [2b] #10407 in Diagram #23058's Nodes[] after the move: True (body holds 6 node(s))
  OBSERVED uid 10407 -> owner 'Diagram' uid 23058 | self 'CaseStructure'#10407 | 482 says 'Diagram' cast 'Diagram' |  
  FACT  [2b] owner_of(10407) AFTER the move = ('Diagram', 23058) (REPORTED ALONGSIDE the Nodes[] census, never instead of it - 53(d^8))
  FACT  [2b] #10407 AFTER the move: 7 terminal(s), 0 WIRED (was 7)
  FACT  ExecState [06 [UNIT] after move #10407 Case Structure] = 0   (+145.6 s, read cost 0.00 s)
  FACT  [UNIT] after move #10407 Case Structure: ExecState 0 - NOT 1, so no intermediate file is written at this boundary
  FACT  [2b] #23499 'Local (row 1 carrier)' BEFORE the move: 1 terminal(s), 1 WIRED  (Local; binds to its control BY LABEL, so the move is scheduling only (rule 1a))
  FACT  [2b] before move #23499 DESTINDEX: Diagram #23058 -> traverse index 22 (array length 173 ; still owns it True)
  FACT  [2b] MOVE #23499 'Local (row 1 carrier)' -> Diagram #23058 [traverse 22] at (40, 430); the op echoed uid 23035 (37(d): the echo is NOT the moved object)
  FACT  [2b] after move #23499 AFTER node census: 633 rows
  FACT  [2b] after move #23499 CENSUS DIFF: Node 632 -> 633 ; 1 new uid(s): [(23786, 'Invoke', (4593, 2718))]
  FACT  [2b] after move #23499 new #23786 #23786 lives at: {'diagram_index': 22, 'diagram_uid': 23058, 'diagram_class': 'Diagram', 'nodes_index': 7, 'nodes_on_diagram': 8, 'label': 'Invoke Node'}  (1 diagram(s) scanned of 173, 0.2 s)
  FACT  [2b] after move #23499 new #23786 terminal table of #23786 (Diagram idx 22, Nodes[7], echo 23786): 6 terminal(s)
  FACT      [2b] after move #23499 new #23786 t0  'reference'                        is_source=False wire=0       errs=[0, 0, 0, 1055]
  FACT      [2b] after move #23499 new #23786 t1  'reference out'                    is_source=True  wire=0       errs=[0, 0, 0, 1055]
  FACT      [2b] after move #23499 new #23786 t2  'error in (no error)'              is_source=False wire=0       errs=[0, 0, 0, 1055]
  FACT      [2b] after move #23499 new #23786 t3  'error out'                        is_source=True  wire=0       errs=[0, 0, 0, 1055]
  FACT      [2b] after move #23499 new #23786 t4  'Method'                           is_source=False wire=0       errs=[0, 0, 0, 1055]
  FACT      [2b] after move #23499 new #23786 t5  'Method'                           is_source=True  wire=0       errs=[0, 0, 0, 1055]
  FACT  [2b] after move #23499 THE JUNK NODE'S FULL TERMINAL TABLE IS PRINTED ABOVE; 6 terminal(s), 0 WIRED - the purge precondition (ZERO wired) HOLDS
  FACT  [2b] after move #23499 purge delete Node #23786 at index 98: gone [23786], error '', census 633 -> 632, still present False (1.26 s)
  FACT  [2b] after move #23499 AFTER THE PURGE (the next step's baseline) node census: 632 rows
  FACT  [2b] after move #23499 purge arithmetic: Node 632 -> 633 -> 632 (pre-call value 632)
  FACT  [2b] after move #23499 Diagram #23058 [traverse 22] Nodes[] census: 7 node(s) -> [23035, 3529, 3560, 3447, 48, 10407, 23499]
  FACT  [2b] #23499 in Diagram #23058's Nodes[] after the move: True (body holds 7 node(s))
  OBSERVED uid 23499 -> owner 'Diagram' uid 23058 | self 'Local'#23499 | 482 says 'Diagram' cast 'Diagram' |  
  FACT  [2b] owner_of(23499) AFTER the move = ('Diagram', 23058) (REPORTED ALONGSIDE the Nodes[] census, never instead of it - 53(d^8))
  FACT  [2b] #23499 AFTER the move: 1 terminal(s), 0 WIRED (was 1)
  FACT  ExecState [07 [UNIT] after move #23499 Local (row 1 carrier)] = 0   (+152.4 s, read cost 0.00 s)
  FACT  [UNIT] after move #23499 Local (row 1 carrier): ExecState 0 - NOT 1, so no intermediate file is written at this boundary
  FACT  [2b] #23523 'Local (row 2 carrier)' BEFORE the move: 1 terminal(s), 1 WIRED  (Local; binds to its control BY LABEL, so the move is scheduling only (rule 1a))
  FACT  [2b] before move #23523 DESTINDEX: Diagram #23058 -> traverse index 22 (array length 173 ; still owns it True)
  FACT  [2b] MOVE #23523 'Local (row 2 carrier)' -> Diagram #23058 [traverse 22] at (40, 520); the op echoed uid 23035 (37(d): the echo is NOT the moved object)
  FACT  [2b] after move #23523 AFTER node census: 633 rows
  FACT  [2b] after move #23523 CENSUS DIFF: Node 632 -> 633 ; 1 new uid(s): [(23786, 'Invoke', (4593, 2718))]
  FACT  [2b] after move #23523 new #23786 #23786 lives at: {'diagram_index': 22, 'diagram_uid': 23058, 'diagram_class': 'Diagram', 'nodes_index': 8, 'nodes_on_diagram': 9, 'label': 'Invoke Node'}  (1 diagram(s) scanned of 173, 0.2 s)
  FACT  [2b] after move #23523 new #23786 terminal table of #23786 (Diagram idx 22, Nodes[8], echo 23786): 6 terminal(s)
  FACT      [2b] after move #23523 new #23786 t0  'reference'                        is_source=False wire=0       errs=[0, 0, 0, 1055]
  FACT      [2b] after move #23523 new #23786 t1  'reference out'                    is_source=True  wire=0       errs=[0, 0, 0, 1055]
  FACT      [2b] after move #23523 new #23786 t2  'error in (no error)'              is_source=False wire=0       errs=[0, 0, 0, 1055]
  FACT      [2b] after move #23523 new #23786 t3  'error out'                        is_source=True  wire=0       errs=[0, 0, 0, 1055]
  FACT      [2b] after move #23523 new #23786 t4  'Method'                           is_source=False wire=0       errs=[0, 0, 0, 1055]
  FACT      [2b] after move #23523 new #23786 t5  'Method'                           is_source=True  wire=0       errs=[0, 0, 0, 1055]
  FACT  [2b] after move #23523 THE JUNK NODE'S FULL TERMINAL TABLE IS PRINTED ABOVE; 6 terminal(s), 0 WIRED - the purge precondition (ZERO wired) HOLDS
  FACT  [2b] after move #23523 purge delete Node #23786 at index 98: gone [23786], error '', census 633 -> 632, still present False (1.28 s)
  FACT  [2b] after move #23523 AFTER THE PURGE (the next step's baseline) node census: 632 rows
  FACT  [2b] after move #23523 purge arithmetic: Node 632 -> 633 -> 632 (pre-call value 632)
  FACT  [2b] after move #23523 Diagram #23058 [traverse 22] Nodes[] census: 8 node(s) -> [23035, 3529, 3560, 3447, 48, 10407, 23499, 23523]
  FACT  [2b] #23523 in Diagram #23058's Nodes[] after the move: True (body holds 8 node(s))
  OBSERVED uid 23523 -> owner 'Diagram' uid 23058 | self 'Local'#23523 | 482 says 'Diagram' cast 'Diagram' |  
  FACT  [2b] owner_of(23523) AFTER the move = ('Diagram', 23058) (REPORTED ALONGSIDE the Nodes[] census, never instead of it - 53(d^8))
  FACT  [2b] #23523 AFTER the move: 1 terminal(s), 0 WIRED (was 1)
  FACT  ExecState [08 [UNIT] after move #23523 Local (row 2 carrier)] = 0   (+159.5 s, read cost 0.00 s)
  FACT  [UNIT] after move #23523 Local (row 2 carrier): ExecState 0 - NOT 1, so no intermediate file is written at this boundary
  FACT  [2b] AFTER all seven Diagram #23058 [traverse 22] Nodes[] census: 8 node(s) -> [23035, 3529, 3560, 3447, 48, 10407, 23499, 23523]
  FACT  [2b] *** ALL SEVEN MOVED UIDS IN Diagram #23058's Nodes[]: True (missing [] ; body holds 8) ***
  FACT  [2b] after the seven moves counts: {'Node': 632, 'Wire': 1907, 'ControlTerminal': 116, 'Local': 10, 'LoopTunnel': 135, 'Tunnel': 471}

---------- [2c] THE SEVEN INTERNAL ROWS, VERBATIM FROM diag_c66b_s3b_m3.py
  FACT  [2c] row #48 t0 <- #3529 t0 : {'sink_diag': 22, 'sink_node': 4, 'sink_term': 0, 'src_diag': 22, 'src_node': 1, 'src_term': 0} ; sink by NAME '-Inc reference' (unique among 5 sink terminals) ; src by NAME '- Inc (PgDn)' (unique among 1 source terminals) ; same diagram True
      op readback {'UID': 48, 'Name': '-Inc reference', 'UID 2': 0, 'Is Broken?': False}
  FACT  [2c] connect_nested_v1 -> {'wire_delta': 1, 'exec_state': 0, 'machine_error': ''}
  FACT  [2c] after row #48 t0 AFTER node census: 633 rows
  FACT  [2c] after row #48 t0 CENSUS DIFF: Node 632 -> 633 ; 1 new uid(s): [(23786, 'Invoke', (4593, 2718))]
  FACT  [2c] after row #48 t0 new #23786 #23786 lives at: {'diagram_index': 22, 'diagram_uid': 23058, 'diagram_class': 'Diagram', 'nodes_index': 8, 'nodes_on_diagram': 9, 'label': 'Invoke Node'}  (1 diagram(s) scanned of 173, 0.2 s)
  FACT  [2c] after row #48 t0 new #23786 terminal table of #23786 (Diagram idx 22, Nodes[8], echo 23786): 6 terminal(s)
  FACT      [2c] after row #48 t0 new #23786 t0  'reference'                        is_source=False wire=0       errs=[0, 0, 0, 1055]
  FACT      [2c] after row #48 t0 new #23786 t1  'reference out'                    is_source=True  wire=0       errs=[0, 0, 0, 1055]
  FACT      [2c] after row #48 t0 new #23786 t2  'error in (no error)'              is_source=False wire=0       errs=[0, 0, 0, 1055]
  FACT      [2c] after row #48 t0 new #23786 t3  'error out'                        is_source=True  wire=0       errs=[0, 0, 0, 1055]
  FACT      [2c] after row #48 t0 new #23786 t4  'Method'                           is_source=False wire=0       errs=[0, 0, 0, 1055]
  FACT      [2c] after row #48 t0 new #23786 t5  'Method'                           is_source=True  wire=0       errs=[0, 0, 0, 1055]
  FACT  [2c] after row #48 t0 THE JUNK NODE'S FULL TERMINAL TABLE IS PRINTED ABOVE; 6 terminal(s), 0 WIRED - the purge precondition (ZERO wired) HOLDS
  FACT  [2c] after row #48 t0 purge delete Node #23786 at index 98: gone [23786], error '', census 633 -> 632, still present False (1.30 s)
  FACT  [2c] after row #48 t0 AFTER THE PURGE (the next step's baseline) node census: 632 rows
  FACT  [2c] after row #48 t0 purge arithmetic: Node 632 -> 633 -> 632 (pre-call value 632)
  FACT  [2c] row #48 t0 <- #3529 t0 : sink wire 23804 / src wire 23804 ; same net True ; WIRED-TERMINAL counts sink 0 -> 1, src 0 -> 1 ; LANDED True
  FACT  ExecState [09 [UNIT] after row #48 t0 <- #3529 t0] = 0   (+165.6 s, read cost 0.00 s)
  FACT  [UNIT] after row #48 t0 <- #3529 t0: ExecState 0 - NOT 1, so no intermediate file is written at this boundary
  FACT  [2c] row #48 t1 <- #3560 t0 : {'sink_diag': 22, 'sink_node': 4, 'sink_term': 1, 'src_diag': 22, 'src_node': 2, 'src_term': 0} ; sink by NAME '+Inc reference' (unique among 5 sink terminals) ; src by NAME '+ Inc (PgUp)' (unique among 1 source terminals) ; same diagram True
      op readback {'UID': 48, 'Name': '+Inc reference', 'UID 2': 0, 'Is Broken?': False}
  FACT  [2c] connect_nested_v1 -> {'wire_delta': 1, 'exec_state': 0, 'machine_error': ''}
  FACT  [2c] after row #48 t1 AFTER node census: 633 rows
  FACT  [2c] after row #48 t1 CENSUS DIFF: Node 632 -> 633 ; 1 new uid(s): [(23786, 'Invoke', (4593, 2718))]
  FACT  [2c] after row #48 t1 new #23786 #23786 lives at: {'diagram_index': 22, 'diagram_uid': 23058, 'diagram_class': 'Diagram', 'nodes_index': 8, 'nodes_on_diagram': 9, 'label': 'Invoke Node'}  (1 diagram(s) scanned of 173, 0.3 s)
  FACT  [2c] after row #48 t1 new #23786 terminal table of #23786 (Diagram idx 22, Nodes[8], echo 23786): 6 terminal(s)
  FACT      [2c] after row #48 t1 new #23786 t0  'reference'                        is_source=False wire=0       errs=[0, 0, 0, 1055]
  FACT      [2c] after row #48 t1 new #23786 t1  'reference out'                    is_source=True  wire=0       errs=[0, 0, 0, 1055]
  FACT      [2c] after row #48 t1 new #23786 t2  'error in (no error)'              is_source=False wire=0       errs=[0, 0, 0, 1055]
  FACT      [2c] after row #48 t1 new #23786 t3  'error out'                        is_source=True  wire=0       errs=[0, 0, 0, 1055]
  FACT      [2c] after row #48 t1 new #23786 t4  'Method'                           is_source=False wire=0       errs=[0, 0, 0, 1055]
  FACT      [2c] after row #48 t1 new #23786 t5  'Method'                           is_source=True  wire=0       errs=[0, 0, 0, 1055]
  FACT  [2c] after row #48 t1 THE JUNK NODE'S FULL TERMINAL TABLE IS PRINTED ABOVE; 6 terminal(s), 0 WIRED - the purge precondition (ZERO wired) HOLDS
  FACT  [2c] after row #48 t1 purge delete Node #23786 at index 98: gone [23786], error '', census 633 -> 632, still present False (1.34 s)
  FACT  [2c] after row #48 t1 AFTER THE PURGE (the next step's baseline) node census: 632 rows
  FACT  [2c] after row #48 t1 purge arithmetic: Node 632 -> 633 -> 632 (pre-call value 632)
  FACT  [2c] row #48 t1 <- #3560 t0 : sink wire 23811 / src wire 23811 ; same net True ; WIRED-TERMINAL counts sink 1 -> 2, src 0 -> 1 ; LANDED True
  FACT  ExecState [10 [UNIT] after row #48 t1 <- #3560 t0] = 0   (+171.2 s, read cost 0.00 s)
  FACT  [UNIT] after row #48 t1 <- #3560 t0: ExecState 0 - NOT 1, so no intermediate file is written at this boundary
  FACT  [2c] row #48 t2 <- #3447 t0 : {'sink_diag': 22, 'sink_node': 4, 'sink_term': 2, 'src_diag': 22, 'src_node': 3, 'src_term': 0} ; sink by NAME 'Focus inc reference' (unique among 5 sink terminals) ; src by NAME 'Focus Step (F1)' (unique among 1 source terminals) ; same diagram True
      op readback {'UID': 48, 'Name': 'Focus inc reference', 'UID 2': 0, 'Is Broken?': False}
  FACT  [2c] connect_nested_v1 -> {'wire_delta': 1, 'exec_state': 0, 'machine_error': ''}
  FACT  [2c] after row #48 t2 AFTER node census: 633 rows
  FACT  [2c] after row #48 t2 CENSUS DIFF: Node 632 -> 633 ; 1 new uid(s): [(23786, 'Invoke', (4593, 2718))]
  FACT  [2c] after row #48 t2 new #23786 #23786 lives at: {'diagram_index': 22, 'diagram_uid': 23058, 'diagram_class': 'Diagram', 'nodes_index': 8, 'nodes_on_diagram': 9, 'label': 'Invoke Node'}  (1 diagram(s) scanned of 173, 0.2 s)
  FACT  [2c] after row #48 t2 new #23786 terminal table of #23786 (Diagram idx 22, Nodes[8], echo 23786): 6 terminal(s)
  FACT      [2c] after row #48 t2 new #23786 t0  'reference'                        is_source=False wire=0       errs=[0, 0, 0, 1055]
  FACT      [2c] after row #48 t2 new #23786 t1  'reference out'                    is_source=True  wire=0       errs=[0, 0, 0, 1055]
  FACT      [2c] after row #48 t2 new #23786 t2  'error in (no error)'              is_source=False wire=0       errs=[0, 0, 0, 1055]
  FACT      [2c] after row #48 t2 new #23786 t3  'error out'                        is_source=True  wire=0       errs=[0, 0, 0, 1055]
  FACT      [2c] after row #48 t2 new #23786 t4  'Method'                           is_source=False wire=0       errs=[0, 0, 0, 1055]
  FACT      [2c] after row #48 t2 new #23786 t5  'Method'                           is_source=True  wire=0       errs=[0, 0, 0, 1055]
  FACT  [2c] after row #48 t2 THE JUNK NODE'S FULL TERMINAL TABLE IS PRINTED ABOVE; 6 terminal(s), 0 WIRED - the purge precondition (ZERO wired) HOLDS
  FACT  [2c] after row #48 t2 purge delete Node #23786 at index 98: gone [23786], error '', census 633 -> 632, still present False (1.29 s)
  FACT  [2c] after row #48 t2 AFTER THE PURGE (the next step's baseline) node census: 632 rows
  FACT  [2c] after row #48 t2 purge arithmetic: Node 632 -> 633 -> 632 (pre-call value 632)
  FACT  [2c] row #48 t2 <- #3447 t0 : sink wire 23910 / src wire 23910 ; same net True ; WIRED-TERMINAL counts sink 2 -> 3, src 0 -> 1 ; LANDED True
  FACT  ExecState [11 [UNIT] after row #48 t2 <- #3447 t0] = 0   (+176.9 s, read cost 0.00 s)
  FACT  [UNIT] after row #48 t2 <- #3447 t0: ExecState 0 - NOT 1, so no intermediate file is written at this boundary
  FACT  [2c] row #10407 t3 <- #48 t6 : {'sink_diag': 22, 'sink_node': 5, 'sink_term': 3, 'src_diag': 22, 'src_node': 4, 'src_term': 6} ; sink by NAME 'Outgoing Handle' (unique among 5 sink terminals) ; src by NAME 'Outgoing Handle' (unique among 2 source terminals) ; same diagram True
      op readback {'UID': 10407, 'Name': 'Outgoing Handle', 'UID 2': 0, 'Is Broken?': False}
  FACT  [2c] connect_nested_v1 -> {'wire_delta': 1, 'exec_state': 0, 'machine_error': ''}
  FACT  [2c] after row #10407 t3 AFTER node census: 633 rows
  FACT  [2c] after row #10407 t3 CENSUS DIFF: Node 632 -> 633 ; 1 new uid(s): [(23786, 'Invoke', (4593, 2718))]
  FACT  [2c] after row #10407 t3 new #23786 #23786 lives at: {'diagram_index': 22, 'diagram_uid': 23058, 'diagram_class': 'Diagram', 'nodes_index': 8, 'nodes_on_diagram': 9, 'label': 'Invoke Node'}  (1 diagram(s) scanned of 173, 0.3 s)
  FACT  [2c] after row #10407 t3 new #23786 terminal table of #23786 (Diagram idx 22, Nodes[8], echo 23786): 6 terminal(s)
  FACT      [2c] after row #10407 t3 new #23786 t0  'reference'                        is_source=False wire=0       errs=[0, 0, 0, 1055]
  FACT      [2c] after row #10407 t3 new #23786 t1  'reference out'                    is_source=True  wire=0       errs=[0, 0, 0, 1055]
  FACT      [2c] after row #10407 t3 new #23786 t2  'error in (no error)'              is_source=False wire=0       errs=[0, 0, 0, 1055]
  FACT      [2c] after row #10407 t3 new #23786 t3  'error out'                        is_source=True  wire=0       errs=[0, 0, 0, 1055]
  FACT      [2c] after row #10407 t3 new #23786 t4  'Method'                           is_source=False wire=0       errs=[0, 0, 0, 1055]
  FACT      [2c] after row #10407 t3 new #23786 t5  'Method'                           is_source=True  wire=0       errs=[0, 0, 0, 1055]
  FACT  [2c] after row #10407 t3 THE JUNK NODE'S FULL TERMINAL TABLE IS PRINTED ABOVE; 6 terminal(s), 0 WIRED - the purge precondition (ZERO wired) HOLDS
  FACT  [2c] after row #10407 t3 purge delete Node #23786 at index 98: gone [23786], error '', census 633 -> 632, still present False (1.28 s)
  FACT  [2c] after row #10407 t3 AFTER THE PURGE (the next step's baseline) node census: 632 rows
  FACT  [2c] after row #10407 t3 purge arithmetic: Node 632 -> 633 -> 632 (pre-call value 632)
  FACT  [2c] row #10407 t3 <- #48 t6 : sink wire 23820 / src wire 23820 ; same net True ; WIRED-TERMINAL counts sink 0 -> 1, src 3 -> 4 ; LANDED True
  FACT  ExecState [12 [UNIT] after row #10407 t3 <- #48 t6] = 0   (+182.4 s, read cost 0.00 s)
  FACT  [UNIT] after row #10407 t3 <- #48 t6: ExecState 0 - NOT 1, so no intermediate file is written at this boundary
  FACT  [2c] row #10407 t5 <- #48 t5 : {'sink_diag': 22, 'sink_node': 5, 'sink_term': 5, 'src_diag': 22, 'src_node': 4, 'src_term': 5} ; sink by NAME 'Out position' (unique among 5 sink terminals) ; src by NAME 'Out position' (unique among 2 source terminals) ; same diagram True
      op readback {'UID': 10407, 'Name': 'Out position', 'UID 2': 0, 'Is Broken?': False}
  FACT  [2c] connect_nested_v1 -> {'wire_delta': 1, 'exec_state': 0, 'machine_error': ''}
  FACT  [2c] after row #10407 t5 AFTER node census: 633 rows
  FACT  [2c] after row #10407 t5 CENSUS DIFF: Node 632 -> 633 ; 1 new uid(s): [(23786, 'Invoke', (4593, 2718))]
  FACT  [2c] after row #10407 t5 new #23786 #23786 lives at: {'diagram_index': 22, 'diagram_uid': 23058, 'diagram_class': 'Diagram', 'nodes_index': 8, 'nodes_on_diagram': 9, 'label': 'Invoke Node'}  (1 diagram(s) scanned of 173, 0.2 s)
  FACT  [2c] after row #10407 t5 new #23786 terminal table of #23786 (Diagram idx 22, Nodes[8], echo 23786): 6 terminal(s)
  FACT      [2c] after row #10407 t5 new #23786 t0  'reference'                        is_source=False wire=0       errs=[0, 0, 0, 1055]
  FACT      [2c] after row #10407 t5 new #23786 t1  'reference out'                    is_source=True  wire=0       errs=[0, 0, 0, 1055]
  FACT      [2c] after row #10407 t5 new #23786 t2  'error in (no error)'              is_source=False wire=0       errs=[0, 0, 0, 1055]
  FACT      [2c] after row #10407 t5 new #23786 t3  'error out'                        is_source=True  wire=0       errs=[0, 0, 0, 1055]
  FACT      [2c] after row #10407 t5 new #23786 t4  'Method'                           is_source=False wire=0       errs=[0, 0, 0, 1055]
  FACT      [2c] after row #10407 t5 new #23786 t5  'Method'                           is_source=True  wire=0       errs=[0, 0, 0, 1055]
  FACT  [2c] after row #10407 t5 THE JUNK NODE'S FULL TERMINAL TABLE IS PRINTED ABOVE; 6 terminal(s), 0 WIRED - the purge precondition (ZERO wired) HOLDS
  FACT  [2c] after row #10407 t5 purge delete Node #23786 at index 98: gone [23786], error '', census 633 -> 632, still present False (1.27 s)
  FACT  [2c] after row #10407 t5 AFTER THE PURGE (the next step's baseline) node census: 632 rows
  FACT  [2c] after row #10407 t5 purge arithmetic: Node 632 -> 633 -> 632 (pre-call value 632)
  FACT  [2c] row #10407 t5 <- #48 t5 : sink wire 23829 / src wire 23829 ; same net True ; WIRED-TERMINAL counts sink 1 -> 2, src 4 -> 5 ; LANDED True
  FACT  ExecState [13 [UNIT] after row #10407 t5 <- #48 t5] = 0   (+187.9 s, read cost 0.00 s)
  FACT  [UNIT] after row #10407 t5 <- #48 t5: ExecState 0 - NOT 1, so no intermediate file is written at this boundary
  FACT  [2c] row #10407 t0 <- #23499 t0 : {'sink_diag': 22, 'sink_node': 5, 'sink_term': 0, 'src_diag': 22, 'src_node': 6, 'src_term': 0} ; sink by RE-MEASURED INDEX t0 (name '' is empty or not unique); that terminal reads name '' is_source False ; src by RE-MEASURED INDEX t0 (name '' is empty or not unique); that terminal reads name 'Automatic Error Handling' is_source True ; same diagram True
      op readback {'UID': 10407, 'Name': '', 'UID 2': 0, 'Is Broken?': False}
  FACT  [2c] connect_nested_v1 -> {'wire_delta': 1, 'exec_state': 0, 'machine_error': ''}
  FACT  [2c] after row #10407 t0 AFTER node census: 633 rows
  FACT  [2c] after row #10407 t0 CENSUS DIFF: Node 632 -> 633 ; 1 new uid(s): [(23786, 'Invoke', (4593, 2718))]
  FACT  [2c] after row #10407 t0 new #23786 #23786 lives at: {'diagram_index': 22, 'diagram_uid': 23058, 'diagram_class': 'Diagram', 'nodes_index': 8, 'nodes_on_diagram': 9, 'label': 'Invoke Node'}  (1 diagram(s) scanned of 173, 0.2 s)
  FACT  [2c] after row #10407 t0 new #23786 terminal table of #23786 (Diagram idx 22, Nodes[8], echo 23786): 6 terminal(s)
  FACT      [2c] after row #10407 t0 new #23786 t0  'reference'                        is_source=False wire=0       errs=[0, 0, 0, 1055]
  FACT      [2c] after row #10407 t0 new #23786 t1  'reference out'                    is_source=True  wire=0       errs=[0, 0, 0, 1055]
  FACT      [2c] after row #10407 t0 new #23786 t2  'error in (no error)'              is_source=False wire=0       errs=[0, 0, 0, 1055]
  FACT      [2c] after row #10407 t0 new #23786 t3  'error out'                        is_source=True  wire=0       errs=[0, 0, 0, 1055]
  FACT      [2c] after row #10407 t0 new #23786 t4  'Method'                           is_source=False wire=0       errs=[0, 0, 0, 1055]
  FACT      [2c] after row #10407 t0 new #23786 t5  'Method'                           is_source=True  wire=0       errs=[0, 0, 0, 1055]
  FACT  [2c] after row #10407 t0 THE JUNK NODE'S FULL TERMINAL TABLE IS PRINTED ABOVE; 6 terminal(s), 0 WIRED - the purge precondition (ZERO wired) HOLDS
  FACT  [2c] after row #10407 t0 purge delete Node #23786 at index 98: gone [23786], error '', census 633 -> 632, still present False (1.27 s)
  FACT  [2c] after row #10407 t0 AFTER THE PURGE (the next step's baseline) node census: 632 rows
  FACT  [2c] after row #10407 t0 purge arithmetic: Node 632 -> 633 -> 632 (pre-call value 632)
  FACT  [2c] row #10407 t0 <- #23499 t0 : sink wire 23838 / src wire 23838 ; same net True ; WIRED-TERMINAL counts sink 2 -> 3, src 0 -> 1 ; LANDED True
  FACT  ExecState [14 [UNIT] after row #10407 t0 <- #23499 t0] = 0   (+193.3 s, read cost 0.00 s)
  FACT  [UNIT] after row #10407 t0 <- #23499 t0: ExecState 0 - NOT 1, so no intermediate file is written at this boundary
  FACT  [2c] row #10407 t2 <- #23523 t0 : {'sink_diag': 22, 'sink_node': 5, 'sink_term': 2, 'src_diag': 22, 'src_node': 7, 'src_term': 0} ; sink by NAME 'index' (unique among 5 sink terminals) ; src by NAME 'index' (unique among 1 source terminals) ; same diagram True
      op readback {'UID': 10407, 'Name': 'index', 'UID 2': 0, 'Is Broken?': False}
  FACT  [2c] connect_nested_v1 -> {'wire_delta': 1, 'exec_state': 0, 'machine_error': ''}
  FACT  [2c] after row #10407 t2 AFTER node census: 633 rows
  FACT  [2c] after row #10407 t2 CENSUS DIFF: Node 632 -> 633 ; 1 new uid(s): [(23786, 'Invoke', (4593, 2718))]
  FACT  [2c] after row #10407 t2 new #23786 #23786 lives at: {'diagram_index': 22, 'diagram_uid': 23058, 'diagram_class': 'Diagram', 'nodes_index': 8, 'nodes_on_diagram': 9, 'label': 'Invoke Node'}  (1 diagram(s) scanned of 173, 0.2 s)
  FACT  [2c] after row #10407 t2 new #23786 terminal table of #23786 (Diagram idx 22, Nodes[8], echo 23786): 6 terminal(s)
  FACT      [2c] after row #10407 t2 new #23786 t0  'reference'                        is_source=False wire=0       errs=[0, 0, 0, 1055]
  FACT      [2c] after row #10407 t2 new #23786 t1  'reference out'                    is_source=True  wire=0       errs=[0, 0, 0, 1055]
  FACT      [2c] after row #10407 t2 new #23786 t2  'error in (no error)'              is_source=False wire=0       errs=[0, 0, 0, 1055]
  FACT      [2c] after row #10407 t2 new #23786 t3  'error out'                        is_source=True  wire=0       errs=[0, 0, 0, 1055]
  FACT      [2c] after row #10407 t2 new #23786 t4  'Method'                           is_source=False wire=0       errs=[0, 0, 0, 1055]
  FACT      [2c] after row #10407 t2 new #23786 t5  'Method'                           is_source=True  wire=0       errs=[0, 0, 0, 1055]
  FACT  [2c] after row #10407 t2 THE JUNK NODE'S FULL TERMINAL TABLE IS PRINTED ABOVE; 6 terminal(s), 0 WIRED - the purge precondition (ZERO wired) HOLDS
  FACT  [2c] after row #10407 t2 purge delete Node #23786 at index 98: gone [23786], error '', census 633 -> 632, still present False (1.29 s)
  FACT  [2c] after row #10407 t2 AFTER THE PURGE (the next step's baseline) node census: 632 rows
  FACT  [2c] after row #10407 t2 purge arithmetic: Node 632 -> 633 -> 632 (pre-call value 632)
  FACT  [2c] row #10407 t2 <- #23523 t0 : sink wire 23982 / src wire 23982 ; same net True ; WIRED-TERMINAL counts sink 3 -> 4, src 0 -> 1 ; LANDED True
  FACT  ExecState [15 [UNIT] after row #10407 t2 <- #23523 t0] = 0   (+198.8 s, read cost 0.00 s)
  FACT  [UNIT] after row #10407 t2 <- #23523 t0: ExecState 0 - NOT 1, so no intermediate file is written at this boundary
  FACT  [2c] INTERNAL ROWS LANDED: 7 of 7

---------- [3] TWO `add_shift_reg` PAIRS ON #23032, WITH THE CYCLE-67 REPAIRED WRAPPER
  FACT  [3] before the two add_shift_reg calls shift-register class counts: {'LeftShiftRegister': 36, 'RightShiftRegister': 36}
  FACT  [3] before add_shift_reg #1 (VISA) A7 ECHO: report_all('WhileLoop')[2].uid == 23032 (want #23032; 6 WhileLoop row(s))
  FACT  [3] add_shift_reg #1 for the VISA pair at y=120 -> RightShiftRegister uid 23847
  FACT  [3] after add_shift_reg #1 (VISA) shift-register class counts: {'LeftShiftRegister': 37, 'RightShiftRegister': 37}
  FACT  ExecState [16 [UNIT] after add_shift_reg #1 (VISA pair)] = 0   (+199.0 s, read cost 0.00 s)
  FACT  [UNIT] after add_shift_reg #1 (VISA pair): ExecState 0 - NOT 1, so no intermediate file is written at this boundary
  FACT  [3] before add_shift_reg #2 (POS) A7 ECHO: report_all('WhileLoop')[2].uid == 23032 (want #23032; 6 WhileLoop row(s))
  FACT  [3] add_shift_reg #2 for the POS pair at y=210 -> RightShiftRegister uid 23868
  FACT  [3] after add_shift_reg #2 (POS) shift-register class counts: {'LeftShiftRegister': 38, 'RightShiftRegister': 38}
  FACT  ExecState [17 [UNIT] after add_shift_reg #2 (POS pair)] = 0   (+199.2 s, read cost 0.00 s)
  FACT  [UNIT] after add_shift_reg #2 (POS pair): ExecState 0 - NOT 1, so no intermediate file is written at this boundary
  FACT  [3] NOTE FOR THE RECORD: both registers come back UNTYPED with BOTH SIDES UNWIRED, so `ExecState` 0 from here on is CORRECT, NOT A FAILURE (tools/gscript.py:683-687). The names 'VISA' and 'POS' are THIS RUN'S assignment of a pair to a row set; the terminal NAMES read off the machine below are what justify each row's membership.
  FACT  [3] before the reg_index readback A7 ECHO: report_all('WhileLoop')[2].uid == 23032 (want #23032; 6 WhileLoop row(s))
  FACT  [3] *** loop_cast READBACK on #23032: loop_uid 23032 ; shift_reg_uids [23847, 23868] ; op errors {} ***
  FACT  [3] VISA pair shift_reg[reg_index=0] -> uid 23847 ; out {'name': '', 'is_source': True, 'wire': 0} ; inside [{'name': '', 'is_source': False, 'wire': 0}] ; errors {}
  FACT  [3] VISA pair shift_reg[reg_index=1] -> uid 23868 ; out {'name': '', 'is_source': True, 'wire': 0} ; inside [{'name': '', 'is_source': False, 'wire': 0}] ; errors {}
  FACT  [3] VISA pair shift_reg[reg_index=2] -> uid None ; out {'name': '', 'is_source': False, 'wire': 0} ; inside [] ; errors {'OuterErr': 'error 1055: Property Node in OpShiftRegs_v0.vi', 'OutConnErr': 'error 1055: Property Node in OpShiftRegs_v0.vi', 'InsideErr': 'error 1055: Property Node in OpShiftRegs_v0.vi'}
  FACT  [3] VISA pair shift_reg[reg_index=3] -> uid None ; out {'name': '', 'is_source': False, 'wire': 0} ; inside [] ; errors {'OuterErr': 'error 1055: Property Node in OpShiftRegs_v0.vi', 'OutConnErr': 'error 1055: Property Node in OpShiftRegs_v0.vi', 'InsideErr': 'error 1055: Property Node in OpShiftRegs_v0.vi'}
  FACT  [3] VISA pair shift_reg[reg_index=4] -> uid None ; out {'name': '', 'is_source': False, 'wire': 0} ; inside [] ; errors {'OuterErr': 'error 1055: Property Node in OpShiftRegs_v0.vi', 'OutConnErr': 'error 1055: Property Node in OpShiftRegs_v0.vi', 'InsideErr': 'error 1055: Property Node in OpShiftRegs_v0.vi'}
  FACT  [3] VISA pair shift_reg[reg_index=5] -> uid None ; out {'name': '', 'is_source': False, 'wire': 0} ; inside [] ; errors {'OuterErr': 'error 1055: Property Node in OpShiftRegs_v0.vi', 'OutConnErr': 'error 1055: Property Node in OpShiftRegs_v0.vi', 'InsideErr': 'error 1055: Property Node in OpShiftRegs_v0.vi'}
  FACT  [3] VISA pair shift_reg[reg_index=6] -> uid None ; out {'name': '', 'is_source': False, 'wire': 0} ; inside [] ; errors {'OuterErr': 'error 1055: Property Node in OpShiftRegs_v0.vi', 'OutConnErr': 'error 1055: Property Node in OpShiftRegs_v0.vi', 'InsideErr': 'error 1055: Property Node in OpShiftRegs_v0.vi'}
  FACT  [3] VISA pair shift_reg[reg_index=7] -> uid None ; out {'name': '', 'is_source': False, 'wire': 0} ; inside [] ; errors {'OuterErr': 'error 1055: Property Node in OpShiftRegs_v0.vi', 'OutConnErr': 'error 1055: Property Node in OpShiftRegs_v0.vi', 'InsideErr': 'error 1055: Property Node in OpShiftRegs_v0.vi'}
  FACT  [3] VISA pair REGINDEX: RightShiftRegister #23847 -> reg_index 0 (READ, never assumed)
  FACT  [3] POS pair shift_reg[reg_index=0] -> uid 23847 ; out {'name': '', 'is_source': True, 'wire': 0} ; inside [{'name': '', 'is_source': False, 'wire': 0}] ; errors {}
  FACT  [3] POS pair shift_reg[reg_index=1] -> uid 23868 ; out {'name': '', 'is_source': True, 'wire': 0} ; inside [{'name': '', 'is_source': False, 'wire': 0}] ; errors {}
  FACT  [3] POS pair shift_reg[reg_index=2] -> uid None ; out {'name': '', 'is_source': False, 'wire': 0} ; inside [] ; errors {'OuterErr': 'error 1055: Property Node in OpShiftRegs_v0.vi', 'OutConnErr': 'error 1055: Property Node in OpShiftRegs_v0.vi', 'InsideErr': 'error 1055: Property Node in OpShiftRegs_v0.vi'}
  FACT  [3] POS pair shift_reg[reg_index=3] -> uid None ; out {'name': '', 'is_source': False, 'wire': 0} ; inside [] ; errors {'OuterErr': 'error 1055: Property Node in OpShiftRegs_v0.vi', 'OutConnErr': 'error 1055: Property Node in OpShiftRegs_v0.vi', 'InsideErr': 'error 1055: Property Node in OpShiftRegs_v0.vi'}
  FACT  [3] POS pair shift_reg[reg_index=4] -> uid None ; out {'name': '', 'is_source': False, 'wire': 0} ; inside [] ; errors {'OuterErr': 'error 1055: Property Node in OpShiftRegs_v0.vi', 'OutConnErr': 'error 1055: Property Node in OpShiftRegs_v0.vi', 'InsideErr': 'error 1055: Property Node in OpShiftRegs_v0.vi'}
  FACT  [3] POS pair shift_reg[reg_index=5] -> uid None ; out {'name': '', 'is_source': False, 'wire': 0} ; inside [] ; errors {'OuterErr': 'error 1055: Property Node in OpShiftRegs_v0.vi', 'OutConnErr': 'error 1055: Property Node in OpShiftRegs_v0.vi', 'InsideErr': 'error 1055: Property Node in OpShiftRegs_v0.vi'}
  FACT  [3] POS pair shift_reg[reg_index=6] -> uid None ; out {'name': '', 'is_source': False, 'wire': 0} ; inside [] ; errors {'OuterErr': 'error 1055: Property Node in OpShiftRegs_v0.vi', 'OutConnErr': 'error 1055: Property Node in OpShiftRegs_v0.vi', 'InsideErr': 'error 1055: Property Node in OpShiftRegs_v0.vi'}
  FACT  [3] POS pair shift_reg[reg_index=7] -> uid None ; out {'name': '', 'is_source': False, 'wire': 0} ; inside [] ; errors {'OuterErr': 'error 1055: Property Node in OpShiftRegs_v0.vi', 'OutConnErr': 'error 1055: Property Node in OpShiftRegs_v0.vi', 'InsideErr': 'error 1055: Property Node in OpShiftRegs_v0.vi'}
  FACT  [3] POS pair REGINDEX: RightShiftRegister #23868 -> reg_index 1 (READ, never assumed)
  FACT  [3] MINTED: {'VISA': {'right_uid': 23847, 'reg_index': 0}, 'POS': {'right_uid': 23868, 'reg_index': 1}}
  FACT  [3] after the two add_shift_reg calls counts: {'Node': 632, 'Wire': 1914, 'ControlTerminal': 116, 'Local': 10, 'LoopTunnel': 135, 'Tunnel': 475}

---------- [4] THE FOUR SHIFT-REGISTER ROWS - RightIn BEFORE LeftIn (the sources type the register)
  FACT  [4] VISA RightIn #10407 terminal table of #10407 (Diagram idx 22, Nodes[5], echo 10407): 7 terminal(s)
  FACT      [4] VISA RightIn #10407 t0  ''                                 is_source=False wire=23838   errs=[0, 0, 0, 0]
  FACT      [4] VISA RightIn #10407 t1  '# slices in stack'                is_source=False wire=0       errs=[0, 0, 0, 1055]
  FACT      [4] VISA RightIn #10407 t2  'index'                            is_source=False wire=23982   errs=[0, 0, 0, 0]
  FACT      [4] VISA RightIn #10407 t3  'Outgoing Handle'                  is_source=False wire=23820   errs=[0, 0, 0, 0]
  FACT      [4] VISA RightIn #10407 t4  'VISA out'                         is_source=True  wire=0       errs=[0, 0, 0, 1055]
  FACT      [4] VISA RightIn #10407 t5  'Out position'                     is_source=False wire=23829   errs=[0, 0, 0, 0]
  FACT      [4] VISA RightIn #10407 t6  'position [internal units]'        is_source=True  wire=0       errs=[0, 0, 0, 1055]
  FACT  [4] VISA RightIn row: node #10407 at Nodes[5] of Diagram #23058 [traverse 22], terminal 4 resolved by NAME 'VISA out' (unique among 2 source terminals)
  FACT  [4] before wire_sr(RightIn, VISA) A7 ECHO: report_all('WhileLoop')[2].uid == 23032 (want #23032; 6 WhileLoop row(s))
  FACT  [4] before wire_sr(RightIn, VISA) REGECHO: shift_reg[reg_index=0].uid == 23847 (want #23847)
  FACT  [4] before wire_sr(RightIn, VISA) node census: 632 rows
  FACT  [4] wire_sr('RightIn', loop_index=2, reg_index=0, node_index=5, term_index=4) -> error '' (0.06 s)
  FACT  [4] after wire_sr(RightIn, VISA) AFTER node census: 632 rows
  FACT  [4] after wire_sr(RightIn, VISA) CENSUS DIFF: Node 632 -> 632 ; 0 new uid(s): []
  FACT  [4] *** VISA RightIn row #10407 t4 <-> reg_index 0: node terminal carries wire 23906 ; the RIGHT register's INSIDE terminal carries [23906] ; ONE NON-ZERO WIRE UID AT BOTH ENDS: True ***
  FACT  ExecState [18 [UNIT] after the VISA RightIn row on #10407] = 0   (+201.8 s, read cost 0.00 s)
  FACT  [UNIT] after the VISA RightIn row on #10407: ExecState 0 - NOT 1, so no intermediate file is written at this boundary
  FACT  [4] POS RightIn #10407 terminal table of #10407 (Diagram idx 22, Nodes[5], echo 10407): 7 terminal(s)
  FACT      [4] POS RightIn #10407 t0  ''                                 is_source=False wire=23838   errs=[0, 0, 0, 0]
  FACT      [4] POS RightIn #10407 t1  '# slices in stack'                is_source=False wire=0       errs=[0, 0, 0, 1055]
  FACT      [4] POS RightIn #10407 t2  'index'                            is_source=False wire=23982   errs=[0, 0, 0, 0]
  FACT      [4] POS RightIn #10407 t3  'Outgoing Handle'                  is_source=False wire=23820   errs=[0, 0, 0, 0]
  FACT      [4] POS RightIn #10407 t4  'VISA out'                         is_source=True  wire=23906   errs=[0, 0, 0, 0]
  FACT      [4] POS RightIn #10407 t5  'Out position'                     is_source=False wire=23829   errs=[0, 0, 0, 0]
  FACT      [4] POS RightIn #10407 t6  'position [internal units]'        is_source=True  wire=0       errs=[0, 0, 0, 1055]
  FACT  [4] POS RightIn row: node #10407 at Nodes[5] of Diagram #23058 [traverse 22], terminal 6 resolved by NAME 'position [internal units]' (unique among 2 source terminals)
  FACT  [4] before wire_sr(RightIn, POS) A7 ECHO: report_all('WhileLoop')[2].uid == 23032 (want #23032; 6 WhileLoop row(s))
  FACT  [4] before wire_sr(RightIn, POS) REGECHO: shift_reg[reg_index=1].uid == 23868 (want #23868)
  FACT  [4] before wire_sr(RightIn, POS) node census: 632 rows
  FACT  [4] wire_sr('RightIn', loop_index=2, reg_index=1, node_index=5, term_index=6) -> error '' (0.04 s)
  FACT  [4] after wire_sr(RightIn, POS) AFTER node census: 632 rows
  FACT  [4] after wire_sr(RightIn, POS) CENSUS DIFF: Node 632 -> 632 ; 0 new uid(s): []
  FACT  [4] *** POS RightIn row #10407 t6 <-> reg_index 1: node terminal carries wire 23955 ; the RIGHT register's INSIDE terminal carries [23955] ; ONE NON-ZERO WIRE UID AT BOTH ENDS: True ***
  FACT  ExecState [19 [UNIT] after the POS RightIn row on #10407] = 0   (+203.5 s, read cost 0.00 s)
  FACT  [UNIT] after the POS RightIn row on #10407: ExecState 0 - NOT 1, so no intermediate file is written at this boundary
  FACT  [4] VISA LeftIn #48 terminal table of #48 (Diagram idx 22, Nodes[4], echo 48): 7 terminal(s)
  FACT      [4] VISA LeftIn #48 t0  '-Inc reference'                   is_source=False wire=23804   errs=[0, 0, 0, 0]
  FACT      [4] VISA LeftIn #48 t1  '+Inc reference'                   is_source=False wire=23811   errs=[0, 0, 0, 0]
  FACT      [4] VISA LeftIn #48 t2  'Focus inc reference'              is_source=False wire=23910   errs=[0, 0, 0, 0]
  FACT      [4] VISA LeftIn #48 t3  'VISA resource name'               is_source=False wire=0       errs=[0, 0, 0, 1055]
  FACT      [4] VISA LeftIn #48 t4  'In position'                      is_source=False wire=0       errs=[0, 0, 0, 1055]
  FACT      [4] VISA LeftIn #48 t5  'Out position'                     is_source=True  wire=23829   errs=[0, 0, 0, 0]
  FACT      [4] VISA LeftIn #48 t6  'Outgoing Handle'                  is_source=True  wire=23820   errs=[0, 0, 0, 0]
  FACT  [4] VISA LeftIn row: node #48 at Nodes[4] of Diagram #23058 [traverse 22], terminal 3 resolved by NAME 'VISA resource name' (unique among 5 sink terminals)
  FACT  [4] before wire_sr(LeftIn, VISA) A7 ECHO: report_all('WhileLoop')[2].uid == 23032 (want #23032; 6 WhileLoop row(s))
  FACT  [4] before wire_sr(LeftIn, VISA) REGECHO: shift_reg[reg_index=0].uid == 23847 (want #23847)
  FACT  [4] before wire_sr(LeftIn, VISA) node census: 632 rows
  FACT  [4] wire_sr('LeftIn', loop_index=2, reg_index=0, node_index=4, term_index=3) -> error '' (0.05 s)
  FACT  [4] after wire_sr(LeftIn, VISA) AFTER node census: 632 rows
  FACT  [4] after wire_sr(LeftIn, VISA) CENSUS DIFF: Node 632 -> 632 ; 0 new uid(s): []
  FACT  [4] *** VISA LeftIn row #48 t3 <-> reg_index 0: node terminal carries wire 23978 ; the LEFT register's INSIDE terminal carries [23978] ; ONE NON-ZERO WIRE UID AT BOTH ENDS: True ***
  FACT  ExecState [20 [UNIT] after the VISA LeftIn row on #48] = 0   (+205.2 s, read cost 0.00 s)
  FACT  [UNIT] after the VISA LeftIn row on #48: ExecState 0 - NOT 1, so no intermediate file is written at this boundary
  FACT  [4] POS LeftIn #48 terminal table of #48 (Diagram idx 22, Nodes[4], echo 48): 7 terminal(s)
  FACT      [4] POS LeftIn #48 t0  '-Inc reference'                   is_source=False wire=23804   errs=[0, 0, 0, 0]
  FACT      [4] POS LeftIn #48 t1  '+Inc reference'                   is_source=False wire=23811   errs=[0, 0, 0, 0]
  FACT      [4] POS LeftIn #48 t2  'Focus inc reference'              is_source=False wire=23910   errs=[0, 0, 0, 0]
  FACT      [4] POS LeftIn #48 t3  'VISA resource name'               is_source=False wire=23978   errs=[0, 0, 0, 0]
  FACT      [4] POS LeftIn #48 t4  'In position'                      is_source=False wire=0       errs=[0, 0, 0, 1055]
  FACT      [4] POS LeftIn #48 t5  'Out position'                     is_source=True  wire=23829   errs=[0, 0, 0, 0]
  FACT      [4] POS LeftIn #48 t6  'Outgoing Handle'                  is_source=True  wire=23820   errs=[0, 0, 0, 0]
  FACT  [4] POS LeftIn row: node #48 at Nodes[4] of Diagram #23058 [traverse 22], terminal 4 resolved by NAME 'In position' (unique among 5 sink terminals)
  FACT  [4] before wire_sr(LeftIn, POS) A7 ECHO: report_all('WhileLoop')[2].uid == 23032 (want #23032; 6 WhileLoop row(s))
  FACT  [4] before wire_sr(LeftIn, POS) REGECHO: shift_reg[reg_index=1].uid == 23868 (want #23868)
  FACT  [4] before wire_sr(LeftIn, POS) node census: 632 rows
  FACT  [4] wire_sr('LeftIn', loop_index=2, reg_index=1, node_index=4, term_index=4) -> error '' (0.04 s)
  FACT  [4] after wire_sr(LeftIn, POS) AFTER node census: 632 rows
  FACT  [4] after wire_sr(LeftIn, POS) CENSUS DIFF: Node 632 -> 632 ; 0 new uid(s): []
  FACT  [4] *** POS LeftIn row #48 t4 <-> reg_index 1: node terminal carries wire 24002 ; the LEFT register's INSIDE terminal carries [24002] ; ONE NON-ZERO WIRE UID AT BOTH ENDS: True ***
  FACT  ExecState [21 [UNIT] after the POS LeftIn row on #48] = 0   (+206.8 s, read cost 0.00 s)
  FACT  [UNIT] after the POS LeftIn row on #48: ExecState 0 - NOT 1, so no intermediate file is written at this boundary
  FACT  [4] SR ROWS LANDED: 4 of 4
  FACT  [4] NOT CALLED, DELIBERATELY OUT OF SCOPE: wire_sr('LeftOutNode') and wire_sr('LeftOutCtl') - the registers' INITIAL VALUES are STAGE M3a-2. An uninitialised register is legal LabVIEW and the initial values are a rule-1a question, not a compile question.

---------- [5] THE FIFTH ROW: #10407 t1 '# slices in stack', VIA `connect_from_wire` OFF WIRE 9649
  FACT  [5] (i) SOURCE MEASURED ON THE LIVE TARGET: wire 9649 Terms[] walk [{'i': 0, 'is_source': True, 'owner_class': 'FlatSequenceInnerTunnel', 'owner_uid': 9655, 'recip': 9649}, {'i': 1, 'is_source': False, 'owner_class': 'LoopTunnel', 'owner_uid': 9641, 'recip': 9649}, {'i': 2, 'is_source': False, 'owner_class': '', 'owner_uid': 0, 'recip': 0}] -> SOURCE endpoint {'i': 0, 'is_source': True, 'owner_class': 'FlatSequenceInnerTunnel', 'owner_uid': 9655, 'recip': 9649}
  FACT  [5] (a) SOURCE WIRE 9649 IMMEDIATELY BEFORE THE t1 BORDER WRITE OpWireSource_v5(UID 2 = 9649): 3 row(s), 2 with a REAL owner
  FACT      [5] (a) SOURCE WIRE 9649 IMMEDIATELY BEFORE THE t1 BORDER WRITE   t0  is_source=True  owner_class='FlatSequenceInnerTunnel'  owner_uid=9655    recip=9649
  FACT      [5] (a) SOURCE WIRE 9649 IMMEDIATELY BEFORE THE t1 BORDER WRITE   t1  is_source=False owner_class='LoopTunnel'               owner_uid=9641    recip=9649
  FACT      [5] (a) SOURCE WIRE 9649 IMMEDIATELY BEFORE THE t1 BORDER WRITE   t2  is_source=False owner_class=''                         owner_uid=0       recip=0
  FACT  [5] (i) source terminal index 0, owner #9655 'FlatSequenceInnerTunnel' (recorded owner #9655 ; match True)
  FACT  [5] (ii) SINK RE-READ ON THE LIVE POST-MOVE TARGET: #10407 at Diagram idx 22 Nodes[5], terminal 1 resolved by NAME '# slices in stack' (unique among 5 sink terminals) ; it currently carries wire 0 (NEVER carried from the pre-move census - T2c2)
  FACT  [5] baselines before the write: {'LoopTunnel': 135, 'Tunnel': 475, 'Wire': 1918, 'loop_23032_terminals': 5}
  FACT  [5] before connect_from_wire node census: 632 rows
  FACT  [5] connect_from_wire(wire=9649, wire_term=0, sink_diag=22, sink_node=5, sink_term=1) -> {'wire_delta': 1, 'exec_state': 0, 'op_error': '', 'op_readback': {'err_uidvi': '', 'err_wirepn': '', 'UID 2': 24009, 'Is Broken?': False, 'Name': '# slices in stack'}} (0.34 s)
  FACT  [5] (a) LoopTunnel 135 -> 136 (delta 1): this write CREATED a LoopTunnel
  FACT  [5] (a) SOURCE WIRE 9649 IMMEDIATELY AFTER THE WRITE, BEFORE THE PURGE OpWireSource_v5(UID 2 = 9649): 1 row(s), 0 with a REAL owner
  FACT      [5] (a) SOURCE WIRE 9649 IMMEDIATELY AFTER THE WRITE, BEFORE THE PURGE   t0  is_source=False owner_class=''                         owner_uid=0       recip=0
  FACT  [5] (a) the sink terminal #10407 t1 carries wire 24009 immediately after the write (last run's `UID 2` readback was 24009 - RECORDED, never carried)
  FACT  [5] (a) SINK WIRE 24009 IMMEDIATELY AFTER THE WRITE OpWireSource_v5(UID 2 = 24009): 3 row(s), 2 with a REAL owner
  FACT      [5] (a) SINK WIRE 24009 IMMEDIATELY AFTER THE WRITE   t0  is_source=True  owner_class='LoopTunnel'               owner_uid=24035   recip=24009
  FACT      [5] (a) SINK WIRE 24009 IMMEDIATELY AFTER THE WRITE   t1  is_source=False owner_class='SelectorTunnel'           owner_uid=9623    recip=24009
  FACT      [5] (a) SINK WIRE 24009 IMMEDIATELY AFTER THE WRITE   t2  is_source=False owner_class=''                         owner_uid=0       recip=0
  FACT  [5](a) the t1 border row, immediately after the write IDENTITY: source wire 9649 LoopTunnel SINK owners [9641] -> [] (NEW []) ; ALL sink terminals on the source wire [('LoopTunnel', 9641), ('', 0)] -> [('', 0)] ; ALL source terminals on it []
  FACT  [5](a) the t1 border row, immediately after the write IDENTITY (FIX 4, COUNT BEFORE FILTER): sink wire 24009 has 1 source terminal(s) OF ANY CLASS [('LoopTunnel', 24035)] (want EXACTLY 1) ; of those 1 are LoopTunnel-owned [24035] ; the ONE is the new LoopTunnel T: False ; SAME uid T on both sides: None
  FAIL  A3-ID [5](a) the t1 border row, immediately after the write: the SAME LoopTunnel uid is a SINK on the source wire and the SOURCE of the sink wire (Pre-decided 70)  T=None ; new-on-source [] ; sink-side LoopTunnel [24035] ; sink wire 24009 ; ALL source terminals on the sink wire 1 [('LoopTunnel', 24035)] (want exactly 1, and it must be T - FIX 4)
  FACT  [5] after the t1 row AFTER node census: 633 rows
  FACT  [5] after the t1 row CENSUS DIFF: Node 632 -> 633 ; 1 new uid(s): [(9649, 'Invoke', (4593, 2718))]
  FACT  [5] after the t1 row new #9649 #9649 lives at: {'diagram_index': 22, 'diagram_uid': 23058, 'diagram_class': 'Diagram', 'nodes_index': 8, 'nodes_on_diagram': 9, 'label': 'Invoke Node'}  (1 diagram(s) scanned of 173, 0.2 s)
  FACT  [5] after the t1 row new #9649 terminal table of #9649 (Diagram idx 22, Nodes[8], echo 9649): 6 terminal(s)
  FACT      [5] after the t1 row new #9649 t0  'reference'                        is_source=False wire=0       errs=[0, 0, 0, 1055]
  FACT      [5] after the t1 row new #9649 t1  'reference out'                    is_source=True  wire=0       errs=[0, 0, 0, 1055]
  FACT      [5] after the t1 row new #9649 t2  'error in (no error)'              is_source=False wire=0       errs=[0, 0, 0, 1055]
  FACT      [5] after the t1 row new #9649 t3  'error out'                        is_source=True  wire=0       errs=[0, 0, 0, 1055]
  FACT      [5] after the t1 row new #9649 t4  'Method'                           is_source=False wire=0       errs=[0, 0, 0, 1055]
  FACT      [5] after the t1 row new #9649 t5  'Method'                           is_source=True  wire=0       errs=[0, 0, 0, 1055]
  FACT  [5] after the t1 row THE JUNK NODE'S FULL TERMINAL TABLE IS PRINTED ABOVE; 6 terminal(s), 0 WIRED - the purge precondition (ZERO wired) HOLDS
  FACT  [5] after the t1 row purge delete Node #9649 at index 98: gone [9649], error '', census 633 -> 632, still present False (1.27 s)
  FACT  [5] after the t1 row AFTER THE PURGE (the next step's baseline) node census: 632 rows
  FACT  [5] after the t1 row purge arithmetic: Node 632 -> 633 -> 632 (pre-call value 632)
  FACT  [5] *** PRE-DECIDED 71 MEASUREMENT: the call MINTED [(9649, 'Invoke', (4593, 2718))] ; the op's own `UID 2` readback (the wire it created at the sink) is 24009 ; MINTED UID == THE LIVE SOURCE WIRE UID 9649 : True. Last run the junk `Invoke` carried 9649 - the source wire's own uid - while every other object created took a monotonic uid in the 23,800-24,009 band. This FACT never gates the run. ***
  FACT  [5] (b) SOURCE WIRE 9649 AFTER THE JUNK PURGE OpWireSource_v5(UID 2 = 9649): 3 row(s), 2 with a REAL owner
  FACT      [5] (b) SOURCE WIRE 9649 AFTER THE JUNK PURGE   t0  is_source=True  owner_class='LoopTunnel'               owner_uid=24035   recip=24009
  FACT      [5] (b) SOURCE WIRE 9649 AFTER THE JUNK PURGE   t1  is_source=False owner_class='SelectorTunnel'           owner_uid=9623    recip=24009
  FACT      [5] (b) SOURCE WIRE 9649 AFTER THE JUNK PURGE   t2  is_source=False owner_class=''                         owner_uid=0       recip=0
  FACT  [5] (b) SINK WIRE 24009 AFTER THE JUNK PURGE OpWireSource_v5(UID 2 = 24009): 3 row(s), 2 with a REAL owner
  FACT      [5] (b) SINK WIRE 24009 AFTER THE JUNK PURGE   t0  is_source=True  owner_class='LoopTunnel'               owner_uid=24035   recip=24009
  FACT      [5] (b) SINK WIRE 24009 AFTER THE JUNK PURGE   t1  is_source=False owner_class='SelectorTunnel'           owner_uid=9623    recip=24009
  FACT      [5] (b) SINK WIRE 24009 AFTER THE JUNK PURGE   t2  is_source=False owner_class=''                         owner_uid=0       recip=0
  FACT  [5](b) the t1 border row, after the junk purge IDENTITY: source wire 9649 LoopTunnel SINK owners [9641] -> [] (NEW []) ; ALL sink terminals on the source wire [('LoopTunnel', 9641), ('', 0)] -> [('SelectorTunnel', 9623), ('', 0)] ; ALL source terminals on it [('LoopTunnel', 24035)]
  FACT  [5](b) the t1 border row, after the junk purge IDENTITY (FIX 4, COUNT BEFORE FILTER): sink wire 24009 has 1 source terminal(s) OF ANY CLASS [('LoopTunnel', 24035)] (want EXACTLY 1) ; of those 1 are LoopTunnel-owned [24035] ; the ONE is the new LoopTunnel T: False ; SAME uid T on both sides: None
  FAIL  A3-ID [5](b) the t1 border row, after the junk purge: the SAME LoopTunnel uid is a SINK on the source wire and the SOURCE of the sink wire (Pre-decided 70)  T=None ; new-on-source [] ; sink-side LoopTunnel [24035] ; sink wire 24009 ; ALL source terminals on the sink wire 1 [('LoopTunnel', 24035)] (want exactly 1, and it must be T - FIX 4)
  FACT  [5] *** BORDER-ROW REPORT - A3 IS WITHDRAWN AS AN ACCEPTANCE TEST BY PRE-DECIDED 70 AND THESE FOUR NUMBERS ARE NOW FACT LINES ONLY; the acceptance test is the A3-ID identity gate above: wire_delta 1 (the old expectation was 3) ; SOURCE-side wire 9649 vs SINK-side wire 24009 -> TWO DIFFERENT uids True ; `Wire.Is Broken?` False ; sink WIRED-terminal count 6 -> 7 ; LANDED True ***
  FACT  [5] THE ONE-WIRE-UID-AT-BOTH-ENDS CHECK IS DELIBERATELY NOT APPLIED TO THIS ROW: LabVIEW auto-tunnels #23032's border (docs/toolkit-capabilities.md:68, docs/cycle27-plan.md:2477-2479), so a CORRECT border wire reads TWO different uids. Same-diagram rows keep that check unchanged.
  FACT  [5] *** THE AUTO-TUNNEL MEASUREMENT: before {'LoopTunnel': 135, 'Tunnel': 475, 'Wire': 1918, 'loop_23032_terminals': 5} -> after {'LoopTunnel': 136, 'Tunnel': 476, 'Wire': 1919, 'loop_23032_terminals': 6} ***
  FACT  ExecState [22 [UNIT] after the t1 row #10407 t1] = 0   (+215.2 s, read cost 0.00 s)
  FACT  [UNIT] after the t1 row #10407 t1: ExecState 0 - NOT 1, so no intermediate file is written at this boundary

---------- [5b] THE SIXTH ROW: SelectorTunnel #12673 (row label `Q_focusback`) <- #10407 t6 'position [internal units]', VIA `connect_from_wire` OFF t6's LIVE NET
  OBSERVED uid 12673 -> owner 'CaseStructure' uid 12589 | self 'SelectorTunnel'#12673 | 482 says 'CaseStructure' cast 'CaseStructure' |  
  FACT  [5b] OWNER CHAIN hop 1: #12673 -> owner_class 'CaseStructure' owner_uid 12589
  FACT  [5b] FIX 1(b) FACT, NOT A GATE: the MEASURED owning Case Structure uid is 12589 ; the recorded census value is 12589 (tools/bench/main_vi_nodeterms.json:14287) ; EQUAL True. THE MEASUREMENT GOVERNS - a mismatch is reported and the walk below still decides the row.
  FACT  [5b] the owning CaseStructure #12589 #12589 lives at: {'diagram_index': 48, 'diagram_uid': 639, 'diagram_class': 'Diagram', 'nodes_index': 47, 'nodes_on_diagram': 68, 'label': 'Case Structure'}  (49 diagram(s) scanned of 173, 1.8 s)
  FACT  [5b] the owning CaseStructure #12589 terminal table of #12589 (Diagram idx 48, Nodes[47], echo 12589): 3 terminal(s)
  FACT      [5b] the owning CaseStructure #12589 t0  ''                                 is_source=False wire=3050    errs=[0, 0, 0, 0]
  FACT      [5b] the owning CaseStructure #12589 t1  'position [internal units]'        is_source=False wire=9113    errs=[0, 0, 0, 0]
  FACT      [5b] the owning CaseStructure #12589 t2  ''                                 is_source=True  wire=12070   errs=[0, 0, 0, 0]
  FACT  [5b] (2) Terms[t0] of #12589 carries wire 3050 OpWireSource_v5(UID 2 = 3050): 5 row(s), 4 with a REAL owner
  FACT      [5b] (2) Terms[t0] of #12589 carries wire 3050   t0  is_source=True  owner_class='Function'                 owner_uid=3057    recip=3050
  FACT      [5b] (2) Terms[t0] of #12589 carries wire 3050   t1  is_source=False owner_class='Tunnel'                   owner_uid=3302    recip=3050
  FACT      [5b] (2) Terms[t0] of #12589 carries wire 3050   t2  is_source=False owner_class='Function'                 owner_uid=10686   recip=3050
  FACT      [5b] (2) Terms[t0] of #12589 carries wire 3050   t3  is_source=False owner_class='Tunnel'                   owner_uid=12633   recip=3050
  FACT      [5b] (2) Terms[t0] of #12589 carries wire 3050   t4  is_source=False owner_class=''                         owner_uid=0       recip=0
  FACT  [5b] (2) ENTRY t0  name ''                             is_source False wire 3050    EXPOSES owner uid(s) [3057, 3302, 10686, 12633]
  FACT  [5b] (2) Terms[t1] of #12589 carries wire 9113 OpWireSource_v5(UID 2 = 9113): 3 row(s), 2 with a REAL owner
  FACT      [5b] (2) Terms[t1] of #12589 carries wire 9113   t0  is_source=False owner_class='RightShiftRegister'       owner_uid=4256    recip=9113
  FACT      [5b] (2) Terms[t1] of #12589 carries wire 9113   t1  is_source=False owner_class='SelectorTunnel'           owner_uid=12673   recip=9113
  FACT      [5b] (2) Terms[t1] of #12589 carries wire 9113   t2  is_source=False owner_class=''                         owner_uid=0       recip=0
  FACT  [5b] (2) ENTRY t1  name 'position [internal units]'    is_source False wire 9113    EXPOSES owner uid(s) [4256, 12673]
  FACT  [5b] (2) Terms[t2] of #12589 carries wire 12070 OpWireSource_v5(UID 2 = 12070): 3 row(s), 2 with a REAL owner
  FACT      [5b] (2) Terms[t2] of #12589 carries wire 12070   t0  is_source=True  owner_class='SelectorTunnel'           owner_uid=12081   recip=12070
  FACT      [5b] (2) Terms[t2] of #12589 carries wire 12070   t1  is_source=False owner_class='CompoundArithmetic'       owner_uid=11639   recip=12070
  FACT      [5b] (2) Terms[t2] of #12589 carries wire 12070   t2  is_source=False owner_class=''                         owner_uid=0       recip=0
  FACT  [5b] (2) ENTRY t2  name ''                             is_source True  wire 12070   EXPOSES owner uid(s) [11639, 12081]
  FACT  [5b] FIX 1(d) FACT, NOT A GATE: the resolved entry's NAME is 'position [internal units]' ; the recorded census value is 'position [internal units]' (tools/bench/main_vi_nodeterms.json:14304) ; EQUAL True. The row label 'Q_focusback' is a FUTURE QUEUE name (docs/d1-build-plan.md:576) and is on NO lookup path (FIX 1).
  FACT  [5b] (2) SINK RESOLVED BY UID - Terms[t1] of #12589 is the ONE entry exposing uid 12673 (its wire 9113 carries a terminal owned by #12673) ; CaseStructure #12589 at Diagram idx 48 Nodes[47], terminal t1, is_source False, it currently carries wire 9113 (NEVER a carried index - T2c2)
  FACT  [5b] (3) #10407 t6 'position [internal units]' resolved by NAME 'position [internal units]' (unique among 2 source terminals) ; ITS LIVE NET IS 23955 (last run's was 23963 ; equal False). The LIVE value is what is used - this uid is minted by THIS build, so the recorded one is only compared.
  FACT  [5b] (3) t6's LIVE net 23955 BEFORE the write OpWireSource_v5(UID 2 = 23955): 3 row(s), 2 with a REAL owner
  FACT      [5b] (3) t6's LIVE net 23955 BEFORE the write   t0  is_source=True  owner_class='SelectorTunnel'           owner_uid=2017    recip=23955
  FACT      [5b] (3) t6's LIVE net 23955 BEFORE the write   t1  is_source=False owner_class='RightShiftRegister'       owner_uid=23868   recip=23955
  FACT      [5b] (3) t6's LIVE net 23955 BEFORE the write   t2  is_source=False owner_class=''                         owner_uid=0       recip=0
  PASS  A5 the sixth row is ADDRESSABLE: #12673's owner chain reaches a Case Structure one of whose Terms[] entries EXPOSES UID 12673  CaseStructure #12589, Diagram idx 48 Nodes[47], t1 ; source net 23955 t0
  FACT  [5b] before connect_from_wire node census: 632 rows
  FACT  [5b] connect_from_wire(wire=23955, wire_term=0, sink_diag=48, sink_node=47, sink_term=1) -> {'wire_delta': 1, 'exec_state': 0, 'op_error': '', 'op_readback': {'err_uidvi': '', 'err_wirepn': '', 'UID 2': 9113, 'Is Broken?': False, 'Name': 'position [internal units]'}} (0.33 s)
  FACT  [5b] LoopTunnel 136 -> 138 (delta 2): this write CREATED a LoopTunnel, so Pre-decided 70's identity gate APPLIES to it
  FACT  [5b] SOURCE net 23955 IMMEDIATELY AFTER THE WRITE, BEFORE THE PURGE OpWireSource_v5(UID 2 = 23955): 1 row(s), 0 with a REAL owner
  FACT      [5b] SOURCE net 23955 IMMEDIATELY AFTER THE WRITE, BEFORE THE PURGE   t0  is_source=False owner_class=''                         owner_uid=0       recip=0
  FACT  [5b] SINK WIRE 9113 IMMEDIATELY AFTER THE WRITE OpWireSource_v5(UID 2 = 9113): 4 row(s), 3 with a REAL owner
  FACT      [5b] SINK WIRE 9113 IMMEDIATELY AFTER THE WRITE   t0  is_source=True  owner_class='LoopTunnel'               owner_uid=24018   recip=9113
  FACT      [5b] SINK WIRE 9113 IMMEDIATELY AFTER THE WRITE   t1  is_source=False owner_class='SelectorTunnel'           owner_uid=12673   recip=9113
  FACT      [5b] SINK WIRE 9113 IMMEDIATELY AFTER THE WRITE   t2  is_source=False owner_class='RightShiftRegister'       owner_uid=4256    recip=9113
  FACT      [5b] SINK WIRE 9113 IMMEDIATELY AFTER THE WRITE   t3  is_source=False owner_class=''                         owner_uid=0       recip=0
  FACT  [5b] the sixth row IDENTITY: source wire 23955 LoopTunnel SINK owners [] -> [] (NEW []) ; ALL sink terminals on the source wire [('RightShiftRegister', 23868), ('', 0)] -> [('', 0)] ; ALL source terminals on it []
  FACT  [5b] the sixth row IDENTITY (FIX 4, COUNT BEFORE FILTER): sink wire 9113 has 1 source terminal(s) OF ANY CLASS [('LoopTunnel', 24018)] (want EXACTLY 1) ; of those 1 are LoopTunnel-owned [24018] ; the ONE is the new LoopTunnel T: False ; SAME uid T on both sides: None
  FAIL  A3-ID [5b] the sixth row: the SAME LoopTunnel uid is a SINK on the source wire and the SOURCE of the sink wire (Pre-decided 70)  T=None ; new-on-source [] ; sink-side LoopTunnel [24018] ; sink wire 9113 ; ALL source terminals on the sink wire 1 [('LoopTunnel', 24018)] (want exactly 1, and it must be T - FIX 4)
  FACT  [5b] after the sixth row AFTER node census: 633 rows
  FACT  [5b] after the sixth row CENSUS DIFF: Node 632 -> 633 ; 1 new uid(s): [(9649, 'Invoke', (2639, 933))]
  FACT  [5b] after the sixth row new #9649 #9649 lives at: {'diagram_index': 48, 'diagram_uid': 639, 'diagram_class': 'Diagram', 'nodes_index': 68, 'nodes_on_diagram': 69, 'label': 'Invoke Node'}  (49 diagram(s) scanned of 173, 1.8 s)
  FACT  [5b] after the sixth row new #9649 terminal table of #9649 (Diagram idx 48, Nodes[68], echo 9649): 6 terminal(s)
  FACT      [5b] after the sixth row new #9649 t0  'reference'                        is_source=False wire=0       errs=[0, 0, 0, 1055]
  FACT      [5b] after the sixth row new #9649 t1  'reference out'                    is_source=True  wire=0       errs=[0, 0, 0, 1055]
  FACT      [5b] after the sixth row new #9649 t2  'error in (no error)'              is_source=False wire=0       errs=[0, 0, 0, 1055]
  FACT      [5b] after the sixth row new #9649 t3  'error out'                        is_source=True  wire=0       errs=[0, 0, 0, 1055]
  FACT      [5b] after the sixth row new #9649 t4  'Method'                           is_source=False wire=0       errs=[0, 0, 0, 1055]
  FACT      [5b] after the sixth row new #9649 t5  'Method'                           is_source=True  wire=0       errs=[0, 0, 0, 1055]
  FACT  [5b] after the sixth row THE JUNK NODE'S FULL TERMINAL TABLE IS PRINTED ABOVE; 6 terminal(s), 0 WIRED - the purge precondition (ZERO wired) HOLDS
  FACT  [5b] after the sixth row purge delete Node #9649 at index 178: gone [9649], error '', census 633 -> 632, still present False (1.26 s)
  FACT  [5b] after the sixth row AFTER THE PURGE (the next step's baseline) node census: 632 rows
  FACT  [5b] after the sixth row purge arithmetic: Node 632 -> 633 -> 632 (pre-call value 632)
  FACT  [5b] PRE-DECIDED 71 MEASUREMENT: the call MINTED [(9649, 'Invoke', (2639, 933))] ; `UID 2` readback 9113 ; MINTED UID == THE LIVE SOURCE NET 23955 : False. This FACT never gates the run.
  FACT  [5b] *** THE SIXTH ROW: sink terminal t1 of CaseStructure #12589 carries wire 9113 ; CaseStructure WIRED-terminal count 3 -> 3 ; `Wire.Is Broken?` False ; LANDED False. THE DECIDING GATE IS A4 BELOW, WHICH RE-READS #10407 t6's NET AND LOOKS FOR #12673 ON IT. ***
  FACT  ExecState [23 [UNIT] after the sixth row SelectorTunnel #12673 (row label `Q_focusback`)] = 0   (+226.2 s, read cost 0.00 s)
  FACT  [UNIT] after the sixth row SelectorTunnel #12673 (row label `Q_focusback`): ExecState 0 - NOT 1, so no intermediate file is written at this boundary

---------- [6] FULL `node_terms` CENSUS OF THE SEVEN MOVED NODES PLUS BOTH SHIFT REGISTERS
  FACT  ExecState [24 [6] at the census] = 0   (+226.2 s, read cost 0.00 s)
  FACT  [6] #3529 - Inc (PgDn) #3529 lives at: {'diagram_index': 22, 'diagram_uid': 23058, 'diagram_class': 'Diagram', 'nodes_index': 1, 'nodes_on_diagram': 8, 'label': '- Inc (PgDn)'}  (1 diagram(s) scanned of 173, 0.2 s)
  FACT  [6] #3529 - Inc (PgDn) terminal table of #3529 (Diagram idx 22, Nodes[1], echo 3529): 1 terminal(s)
  FACT      [6] #3529 - Inc (PgDn) t0  '- Inc (PgDn)'                     is_source=True  wire=23804   errs=[0, 0, 0, 0]
  FACT  [6] #3529 '- Inc (PgDn)': 1 terminal(s), 1 WIRED, 0 with WireUID 0
  FACT  [6] #3560 + Inc (PgUp) #3560 lives at: {'diagram_index': 22, 'diagram_uid': 23058, 'diagram_class': 'Diagram', 'nodes_index': 2, 'nodes_on_diagram': 8, 'label': '+ Inc (PgUp)'}  (1 diagram(s) scanned of 173, 0.2 s)
  FACT  [6] #3560 + Inc (PgUp) terminal table of #3560 (Diagram idx 22, Nodes[2], echo 3560): 1 terminal(s)
  FACT      [6] #3560 + Inc (PgUp) t0  '+ Inc (PgUp)'                     is_source=True  wire=23811   errs=[0, 0, 0, 0]
  FACT  [6] #3560 '+ Inc (PgUp)': 1 terminal(s), 1 WIRED, 0 with WireUID 0
  FACT  [6] #3447 Focus Step (F1) #3447 lives at: {'diagram_index': 22, 'diagram_uid': 23058, 'diagram_class': 'Diagram', 'nodes_index': 3, 'nodes_on_diagram': 8, 'label': 'Focus Step (F1)'}  (1 diagram(s) scanned of 173, 0.2 s)
  FACT  [6] #3447 Focus Step (F1) terminal table of #3447 (Diagram idx 22, Nodes[3], echo 3447): 1 terminal(s)
  FACT      [6] #3447 Focus Step (F1) t0  'Focus Step (F1)'                  is_source=True  wire=23910   errs=[0, 0, 0, 0]
  FACT  [6] #3447 'Focus Step (F1)': 1 terminal(s), 1 WIRED, 0 with WireUID 0
  FACT  [6] #48 ASI_adjust focus-subvi.vi #48 lives at: {'diagram_index': 22, 'diagram_uid': 23058, 'diagram_class': 'Diagram', 'nodes_index': 4, 'nodes_on_diagram': 8, 'label': 'ASI_adjust focus-subvi.vi'}  (1 diagram(s) scanned of 173, 0.2 s)
  FACT  [6] #48 ASI_adjust focus-subvi.vi terminal table of #48 (Diagram idx 22, Nodes[4], echo 48): 7 terminal(s)
  FACT      [6] #48 ASI_adjust focus-subvi.vi t0  '-Inc reference'                   is_source=False wire=23804   errs=[0, 0, 0, 0]
  FACT      [6] #48 ASI_adjust focus-subvi.vi t1  '+Inc reference'                   is_source=False wire=23811   errs=[0, 0, 0, 0]
  FACT      [6] #48 ASI_adjust focus-subvi.vi t2  'Focus inc reference'              is_source=False wire=23910   errs=[0, 0, 0, 0]
  FACT      [6] #48 ASI_adjust focus-subvi.vi t3  'VISA resource name'               is_source=False wire=23978   errs=[0, 0, 0, 0]
  FACT      [6] #48 ASI_adjust focus-subvi.vi t4  'In position'                      is_source=False wire=24002   errs=[0, 0, 0, 0]
  FACT      [6] #48 ASI_adjust focus-subvi.vi t5  'Out position'                     is_source=True  wire=23829   errs=[0, 0, 0, 0]
  FACT      [6] #48 ASI_adjust focus-subvi.vi t6  'Outgoing Handle'                  is_source=True  wire=23820   errs=[0, 0, 0, 0]
  FACT  [6] #48 'ASI_adjust focus-subvi.vi': 7 terminal(s), 7 WIRED, 0 with WireUID 0
  FACT  [6] #10407 Case Structure #10407 lives at: {'diagram_index': 22, 'diagram_uid': 23058, 'diagram_class': 'Diagram', 'nodes_index': 5, 'nodes_on_diagram': 8, 'label': 'Case Structure'}  (1 diagram(s) scanned of 173, 0.2 s)
  FACT  [6] #10407 Case Structure terminal table of #10407 (Diagram idx 22, Nodes[5], echo 10407): 7 terminal(s)
  FACT      [6] #10407 Case Structure t0  ''                                 is_source=False wire=23838   errs=[0, 0, 0, 0]
  FACT      [6] #10407 Case Structure t1  '# slices in stack'                is_source=False wire=24009   errs=[0, 0, 0, 0]
  FACT      [6] #10407 Case Structure t2  'index'                            is_source=False wire=23982   errs=[0, 0, 0, 0]
  FACT      [6] #10407 Case Structure t3  'Outgoing Handle'                  is_source=False wire=23820   errs=[0, 0, 0, 0]
  FACT      [6] #10407 Case Structure t4  'VISA out'                         is_source=True  wire=23906   errs=[0, 0, 0, 0]
  FACT      [6] #10407 Case Structure t5  'Out position'                     is_source=False wire=23829   errs=[0, 0, 0, 0]
  FACT      [6] #10407 Case Structure t6  'position [internal units]'        is_source=True  wire=24226   errs=[0, 0, 0, 0]
  FACT  [6] #10407 'Case Structure': 7 terminal(s), 7 WIRED, 0 with WireUID 0
  FACT  [6] #23499 Local (row 1 carrier) #23499 lives at: {'diagram_index': 22, 'diagram_uid': 23058, 'diagram_class': 'Diagram', 'nodes_index': 6, 'nodes_on_diagram': 8, 'label': 'WORK_C68M3A1_20260921_223809.vi'}  (1 diagram(s) scanned of 173, 0.2 s)
  FACT  [6] #23499 Local (row 1 carrier) terminal table of #23499 (Diagram idx 22, Nodes[6], echo 23499): 1 terminal(s)
  FACT      [6] #23499 Local (row 1 carrier) t0  'Automatic Error Handling'         is_source=True  wire=23838   errs=[0, 0, 0, 0]
  FACT  [6] #23499 'Local (row 1 carrier)': 1 terminal(s), 1 WIRED, 0 with WireUID 0
  FACT  [6] #23523 Local (row 2 carrier) #23523 lives at: {'diagram_index': 22, 'diagram_uid': 23058, 'diagram_class': 'Diagram', 'nodes_index': 7, 'nodes_on_diagram': 8, 'label': 'WORK_C68M3A1_20260921_223809.vi'}  (1 diagram(s) scanned of 173, 0.2 s)
  FACT  [6] #23523 Local (row 2 carrier) terminal table of #23523 (Diagram idx 22, Nodes[7], echo 23523): 1 terminal(s)
  FACT      [6] #23523 Local (row 2 carrier) t0  'index'                            is_source=True  wire=23982   errs=[0, 0, 0, 0]
  FACT  [6] #23523 'Local (row 2 carrier)': 1 terminal(s), 1 WIRED, 0 with WireUID 0
  FACT  [6] before the register read A7 ECHO: report_all('WhileLoop')[2].uid == 23032 (want #23032; 6 WhileLoop row(s))
  FACT  [6] VISA pair reg_index 0 -> right #23847 out {'name': 'VISA out', 'is_source': True, 'wire': 0} inside [{'name': 'VISA out', 'is_source': False, 'wire': 23906}] ; left #23856 out {'name': 'VISA out', 'is_source': False, 'wire': 0} inside [{'name': 'VISA out', 'is_source': True, 'wire': 23978}]
  FACT  [6] POS pair reg_index 1 -> right #23868 out {'name': 'position [internal units]', 'is_source': True, 'wire': 0} inside [{'name': 'position [internal units]', 'is_source': False, 'wire': 24226}] ; left #23886 out {'name': 'position [internal units]', 'is_source': False, 'wire': 0} inside [{'name': 'position [internal units]', 'is_source': True, 'wire': 24002}]

  *** [6] THE BARE LIST - EVERY TERMINAL WITH WireUID 0 (4 row(s)) ***
  FACT  [6] BARE  node #23847  'VISA SR right outer'      tNone 'VISA out'                         is_source=True  state=BARE (WireUID 0)
  FACT  [6] BARE  node #23856  'VISA SR left outer'       tNone 'VISA out'                         is_source=False state=BARE (WireUID 0)
  FACT  [6] BARE  node #23868  'POS SR right outer'       tNone 'position [internal units]'        is_source=True  state=BARE (WireUID 0)
  FACT  [6] BARE  node #23886  'POS SR left outer'        tNone 'position [internal units]'        is_source=False state=BARE (WireUID 0)
  FACT  [6] BARE LIST SIZE: 4 terminal(s) with WireUID 0

---------- [6b] A4 THE BARE-SINK GATE: is `Q_focusback` SelectorTunnel #12673 still a sink of #10407 t6's net?
  FACT  [6b] #10407 t6 'position [internal units]' resolved by NAME 'position [internal units]' (unique among 2 source terminals) ; it carries wire 24226
  FACT  [6b] t6's net 24226 Terms[] walk: [{'i': 0, 'is_source': True, 'owner_class': 'SelectorTunnel', 'owner_uid': 2017, 'recip': 24226}, {'i': 1, 'is_source': False, 'owner_class': 'LoopTunnel', 'owner_uid': 24154, 'recip': 24226}, {'i': 2, 'is_source': False, 'owner_class': 'RightShiftRegister', 'owner_uid': 23868, 'recip': 24226}, {'i': 3, 'is_source': False, 'owner_class': '', 'owner_uid': 0, 'recip': 0}] ; owner uids [2017, 24154, 23868]
  FACT  [6b] BRANCH 1 (SAME-DIAGRAM): #12673 is **NOT** a NON-SOURCE terminal of #10407 t6's own net 24226
  FACT  [6b] BRANCH 2 (BORDER): LoopTunnel SINK(s) on t6's net: [24154]
  FACT  [6b] BRANCH 2: LoopTunnel #24154 = traverse index 11 ; out_wire 24130 ; in_wires [24226] ; OTHER-side wire(s) to walk [24130]
  FACT  [6b] BRANCH 2: the other-side wire 24130 of LoopTunnel #24154 has owner uids [24154, 24018] ; #12673 present as a NON-SOURCE terminal: False
  FACT  [6b] *** #12673 (SelectorTunnel, row label `Q_focusback`) IS **NOT** A NON-SOURCE TERMINAL OF #10407 t6's NET OR OF THE OTHER SIDE OF ITS LOOP BORDER - branch that passed: NEITHER (tunnel T=None, other-side wire None) ***
  FACT  [6b] *** SIXTH ROW, ON FILE AND NOT PASSED OVER: `Q_focusback` SelectorTunnel #12673 must be re-connected to #10407 t6 'position [internal units]' (original net 9113, tools/bench/diag_c67_addsr.log:389). The inventory for this stage was FIVE rows; this makes SIX. It is NOT attempted here and it is NOT worked around. ***
  FAIL  A4 no SINK that was wired on the bed is left bare by this stage (SelectorTunnel #12673 on #10407 t6's net, EITHER SIDE of the loop border - FIX 2)  branch NEITHER ; t6 wire 24226 ; net owner uids [2017, 24154, 23868] ; LoopTunnel sinks [24154] ; border walk [{'T': 24154, 'tunnel_index': 11, 'other_wire': 24130, 'owner_uids': [24154, 24018], 'hit': False, 'walk_error': ''}]

---------- [7] ExecState AND THE SAVE
  FACT  ExecState [25 [7] the decision point] = 0   (+229.0 s, read cost 0.00 s)
  FACT  [7] final, in memory counts: {'Node': 632, 'Wire': 1920, 'ControlTerminal': 116, 'Local': 10, 'LoopTunnel': 138, 'Tunnel': 478}
  FACT  [7] final, in memory shift-register class counts: {'LeftShiftRegister': 38, 'RightShiftRegister': 38}
  FACT  [7] #637 (WhileLoop): {'n_terms': 60, 'n_wired': 49} (before {'n_terms': 59, 'n_wired': 48}) - 37(e)/50(e)'s no-new-tunnel comparison, REPORTED
  FACT  [7] ExecState 0. The brief asks for `D1_s3b_m3a_BROKEN_20260921_223809.vi` in this case, so THE SAVE IS ATTEMPTED and whatever the machine answers is recorded verbatim below.
  FACT  ExecState [26 [7] the BROKEN M3a-1 artefact immediately before the save] = 0   (+230.4 s, read cost 0.00 s)
  FACT  [7] the BROKEN M3a-1 artefact THE SAVE WAS REFUSED, VERBATIM: RuntimeError: refusing to save a BROKEN VI - SaveInstrument blocks forever on one
  FACT  [7] the BROKEN M3a-1 artefact NO FILE IS WRITTEN AT D1_s3b_m3a_BROKEN_20260921_223809.vi. Copying the working copy's DISK bytes would produce a file byte-identical to the bed - the in-memory edits would not be in it - so nothing is copied. The two bypasses named in tools/gscript.py:2088-2090 are FORBIDDEN by this brief and are not used.
  FACT  [7] *** NO BROKEN ARTEFACT IS ON DISK: the save path refused it (verbatim above) and the two bypasses at tools/gscript.py:2088-2090 are FORBIDDEN by this brief. NOTHING WAS WRITTEN UNDER D1_s3b_m3a_BROKEN_20260921_223809.vi. This is reported to judgement, not worked around. ***
  FACT  [7] NO COLD REOPEN IS ATTEMPTED at ExecState 0 - the labview-automation skill's rule: never cold-load a broken-saved VI headless (recompile spin).
  PASS  H scratch WORK_C68M3A1_20260921_223809.vi is gone (exists=False)

---------- [H] THE md5 PINS AFTER, THE TOOL PINS, THE REFS AND THE HANDLES
  FACT  H ORIGINAL AFTER: HASH G:\Codes\LabVIEW_Codes\MinLab\zz_LabView VI\AAA_UNIST\2. Tracking\Min_Track N beads V6_ParallelLoop.vi | exists=1 | size=473317 | md5=2a78e17c449cacdaf5da389818526859 | sha256=f827a67e91cc2a51284cdce0ada5d34ecf89cf865bca5f0bdfa870f0020df4bb
  PASS  H ORIGINAL md5 is STILL its pin 2a78e17c  '2a78e17c449cacdaf5da389818526859'
  FACT  H S1 D1_s1_copy AFTER: HASH C:\Program Files\National Instruments\LabVIEW 2026\user.lib\claudeDev\D1_s1_copy.vi | exists=1 | size=474202 | md5=3e3d23cefd3a334001aa9d6156bf1aee | sha256=1ab3360021cb04f03e8fe4a503d1972aefa26a34ed5b8fd9393ec6899330e0f7
  PASS  H S1 D1_s1_copy md5 is STILL its pin 3e3d23ce  '3e3d23cefd3a334001aa9d6156bf1aee'
  FACT  H S2 D1_s2_loops AFTER: HASH C:\Program Files\National Instruments\LabVIEW 2026\user.lib\claudeDev\D1_s2_loops.vi | exists=1 | size=475707 | md5=6ff19497f2309e007a214660bb64b911 | sha256=d52e754e29a85e9cc3ddeb039f6c5e325c9094c5e1f8c944059d4a5f7b33c3f5
  PASS  H S2 D1_s2_loops md5 is STILL its pin 6ff19497  '6ff19497f2309e007a214660bb64b911'
  FACT  H THE BED AFTER: HASH C:\Program Files\National Instruments\LabVIEW 2026\user.lib\claudeDev\D1_s3b_row2_20260921_160311.vi | exists=1 | size=476759 | md5=26c54ff784cb5cea21edbd214d2cc3a0 | sha256=17b63cb1c83d5f4a50285ced08b1ecc5a65605979b17ee798b1228f7017d275d
  PASS  H THE BED md5 is STILL its pin 26c54ff7  '26c54ff784cb5cea21edbd214d2cc3a0'
  FACT  H TOOL gscript.py AFTER: HASH G:\Codes\LabVIEW_Codes\MinLab\zz_LabView VI\AAA_UNIST\2. Tracking\V6_ParallelLoop\tools\gscript.py | exists=1 | size=161971 | md5=99f00da7e03874426061d112967acf6c | sha256=6ad59177ad4c91e63b2301ecae42c7c9d54016bd71ff6bb2ad3d6e13e9f56ecf
  PASS  H TOOL gscript.py is byte-identical before and after  '99f00da7e03874426061d112967acf6c' vs '99f00da7e03874426061d112967acf6c'
  FACT  H TOOL c60c_astcheck.py AFTER: HASH G:\Codes\LabVIEW_Codes\MinLab\zz_LabView VI\AAA_UNIST\2. Tracking\V6_ParallelLoop\tools\bench\c60c_astcheck.py | exists=1 | size=8079 | md5=12ee5c4b17a4c590f87888c5c62766f4 | sha256=3c6ac4de3a6724c991f1ed6d01b7ca0e01854279d916af594fbc2485cbbbfa47
  PASS  H TOOL c60c_astcheck.py is byte-identical before and after  '12ee5c4b17a4c590f87888c5c62766f4' vs '12ee5c4b17a4c590f87888c5c62766f4'
  FACT  refs: {'opened': 38, 'closed': 38, 'live': 0, 'cached_op_vis': 17}
  PASS  H refs opened == closed and 0 live  {'opened': 38, 'closed': 38, 'live': 0, 'cached_op_vis': 17}
  FACT  LabVIEW handles AFTER: 38316 (before 34195)
  PASS  H the LabVIEW handle count was read at entry and at exit  34195 -> 38316
  PASS  H no mutator call was REFUSED BY THE MACHINE  0 refusal(s): []

THE FILES THIS RUN LEFT ON DISK: []
  FACT  THE FILES THIS RUN LEFT ON DISK: []

=== GATES: 17 pass / 4 fail; failing: A3-ID [5](a) the t1 border row, immediately after the write: the SAME LoopTunnel uid is a SINK on the source wire and the SOURCE of the sink wire (Pre-decided 70), A3-ID [5](b) the t1 border row, after the junk purge: the SAME LoopTunnel uid is a SINK on the source wire and the SOURCE of the sink wire (Pre-decided 70), A3-ID [5b] the sixth row: the SAME LoopTunnel uid is a SINK on the source wire and the SOURCE of the sink wire (Pre-decided 70), A4 no SINK that was wired on the bed is left bare by this stage (SelectorTunnel #12673 on #10407 t6's net, EITHER SIDE of the loop border - FIX 2)
=== JSON: G:\Codes\LabVIEW_Codes\MinLab\zz_LabView VI\AAA_UNIST\2. Tracking\V6_ParallelLoop\tools\bench\build_d1_m3a1.json
BGRUN END rc=1 after 231s
BGRUN START 2026-09-21 23:42:16 limit 45.0 min: py -u tools/recipes/build_d1_m3a1.py
=== build_d1_m3a1  20260921_234216  (bgrun --material --max-min 45)
=== STAGE M3a-1. ANY ARTEFACT THIS RUN SAVES IS **NOT COMPUTATION-EQUIVALENT TO THE ORIGINAL** - ITS SHIFT REGISTERS ARE UNINITIALISED (initial values = stage M3a-2). IT IS NEVER RUN (34(f)).

---------- [0] FILES ONLY, ZERO LabVIEW - the md5 pins BEFORE, then the pre-batch restart
  FACT  LabVIEW handles BEFORE: 34118 (fresh-instance baseline ~31,500; the pre-batch restart below is MANDATORY - 44(e))
  FACT  H ORIGINAL BEFORE: HASH G:\Codes\LabVIEW_Codes\MinLab\zz_LabView VI\AAA_UNIST\2. Tracking\Min_Track N beads V6_ParallelLoop.vi | exists=1 | size=473317 | md5=2a78e17c449cacdaf5da389818526859 | sha256=f827a67e91cc2a51284cdce0ada5d34ecf89cf865bca5f0bdfa870f0020df4bb
  PASS  H ORIGINAL md5 == its pin 2a78e17c  '2a78e17c449cacdaf5da389818526859'
  FACT  H S1 D1_s1_copy BEFORE: HASH C:\Program Files\National Instruments\LabVIEW 2026\user.lib\claudeDev\D1_s1_copy.vi | exists=1 | size=474202 | md5=3e3d23cefd3a334001aa9d6156bf1aee | sha256=1ab3360021cb04f03e8fe4a503d1972aefa26a34ed5b8fd9393ec6899330e0f7
  PASS  H S1 D1_s1_copy md5 == its pin 3e3d23ce  '3e3d23cefd3a334001aa9d6156bf1aee'
  FACT  H S2 D1_s2_loops BEFORE: HASH C:\Program Files\National Instruments\LabVIEW 2026\user.lib\claudeDev\D1_s2_loops.vi | exists=1 | size=475707 | md5=6ff19497f2309e007a214660bb64b911 | sha256=d52e754e29a85e9cc3ddeb039f6c5e325c9094c5e1f8c944059d4a5f7b33c3f5
  PASS  H S2 D1_s2_loops md5 == its pin 6ff19497  '6ff19497f2309e007a214660bb64b911'
  FACT  H THE BED BEFORE: HASH C:\Program Files\National Instruments\LabVIEW 2026\user.lib\claudeDev\D1_s3b_row2_20260921_160311.vi | exists=1 | size=476759 | md5=26c54ff784cb5cea21edbd214d2cc3a0 | sha256=17b63cb1c83d5f4a50285ced08b1ecc5a65605979b17ee798b1228f7017d275d
  PASS  H THE BED md5 == its pin 26c54ff7  '26c54ff784cb5cea21edbd214d2cc3a0'
  FACT  H THE BED size: HASH C:\Program Files\National Instruments\LabVIEW 2026\user.lib\claudeDev\D1_s3b_row2_20260921_160311.vi | exists=1 | size=476759 | md5=26c54ff784cb5cea21edbd214d2cc3a0 | sha256=17b63cb1c83d5f4a50285ced08b1ecc5a65605979b17ee798b1228f7017d275d
  PASS  H the bed is 476759 B  '476759'
  FACT  H TOOL gscript.py BEFORE: HASH G:\Codes\LabVIEW_Codes\MinLab\zz_LabView VI\AAA_UNIST\2. Tracking\V6_ParallelLoop\tools\gscript.py | exists=1 | size=161971 | md5=99f00da7e03874426061d112967acf6c | sha256=6ad59177ad4c91e63b2301ecae42c7c9d54016bd71ff6bb2ad3d6e13e9f56ecf
  FACT  H TOOL c60c_astcheck.py BEFORE: HASH G:\Codes\LabVIEW_Codes\MinLab\zz_LabView VI\AAA_UNIST\2. Tracking\V6_ParallelLoop\tools\bench\c60c_astcheck.py | exists=1 | size=8545 | md5=3440d819d4e5ca8a1736b8f5dd5c98d7 | sha256=bdff77b668bb18d4e9eb0b64b74820d6a997e907509fea569a152abcd22e3af5
  FACT  [0] pre-batch LabVIEW restart (44(e)): lv_restart rc=0 ['dialogs: 1346,762| / ENABLED|245368470|0,0,0,0|LabVIEW / VERDICT: clear (no modal dialog)']
  FACT  LabVIEW handles AFTER the restart: 30695

---------- [2a] THE WORKING COPY AND ITS COLD BASELINE
  FACT  [2a] the working copy: HASH C:\Program Files\National Instruments\LabVIEW 2026\user.lib\claudeDev\WORK_C68M3A1_20260921_234216.vi | exists=1 | size=476759 | md5=26c54ff784cb5cea21edbd214d2cc3a0 | sha256=17b63cb1c83d5f4a50285ced08b1ecc5a65605979b17ee798b1228f7017d275d
  PASS  H the working copy starts byte-identical to the bed  '26c54ff784cb5cea21edbd214d2cc3a0'
  FACT  ExecState [01 [2a] the working copy, COLD] = 1   (+67.7 s, read cost 1.81 s)
  FACT  [2a] COLD counts: {'Node': 632, 'Wire': 1907, 'ControlTerminal': 116, 'Local': 10, 'LoopTunnel': 135, 'Tunnel': 471}
  FACT  [2a] Node == 632 (recorded baseline 632 ; match True)
  FACT  [2a] Wire == 1907 (recorded baseline 1907 ; match True)
  FACT  [2a] ControlTerminal == 116 (recorded baseline 116 ; match True)
  FACT  [2a] Local == 10 (recorded baseline 10 ; match True)
  FACT  [2a] LoopTunnel == 135 (recorded baseline 135 ; match True)
  FACT  [2a] Tunnel == 471 (recorded baseline 471 ; match True)
  FACT  [2a] COLD shift-register class counts: {'LeftShiftRegister': 36, 'RightShiftRegister': 36}
  FACT  [2a] Diagram #639 -> traverse index 46 (recorded 46) ; 75 node(s) (recorded 75)
  FACT  [2a] whole-VI Node node census: 632 rows
  FACT  [2a] #637 (WhileLoop): 59 terminals, 48 WIRED (recorded 59 / 48)

---------- [2b] THE SEVEN `move_in` CALLS, VERBATIM FROM diag_c66b_s3b_m3.py (37(d) severs every wire on the moved object)
  FACT  [2b] BEFORE Diagram #23058 [traverse 22] Nodes[] census: 1 node(s) -> [23035]
  FACT  [2b] #3529 '- Inc (PgDn)' BEFORE the move: 1 terminal(s), 1 WIRED  (ControlReferenceConstant; docs/d1-build-plan.md:330)
  FACT  [2b] before move #3529 DESTINDEX: Diagram #23058 -> traverse index 22 (array length 173 ; still owns it True)
  FACT  [2b] MOVE #3529 '- Inc (PgDn)' -> Diagram #23058 [traverse 22] at (40, 60); the op echoed uid 23035 (37(d): the echo is NOT the moved object)
  FACT  [2b] after move #3529 AFTER node census: 633 rows
  FACT  [2b] after move #3529 CENSUS DIFF: Node 632 -> 633 ; 1 new uid(s): [(23522, 'Invoke', (4593, 2718))]
  FACT  [2b] after move #3529 new #23522 #23522 lives at: {'diagram_index': 22, 'diagram_uid': 23058, 'diagram_class': 'Diagram', 'nodes_index': 2, 'nodes_on_diagram': 3, 'label': 'Invoke Node'}  (1 diagram(s) scanned of 173, 0.9 s)
  FACT  [2b] after move #3529 new #23522 terminal table of #23522 (Diagram idx 22, Nodes[2], echo 23522): 6 terminal(s)
  FACT      [2b] after move #3529 new #23522 t0  'reference'                        is_source=False wire=0       errs=[0, 0, 0, 1055]
  FACT      [2b] after move #3529 new #23522 t1  'reference out'                    is_source=True  wire=0       errs=[0, 0, 0, 1055]
  FACT      [2b] after move #3529 new #23522 t2  'error in (no error)'              is_source=False wire=0       errs=[0, 0, 0, 1055]
  FACT      [2b] after move #3529 new #23522 t3  'error out'                        is_source=True  wire=0       errs=[0, 0, 0, 1055]
  FACT      [2b] after move #3529 new #23522 t4  'Method'                           is_source=False wire=0       errs=[0, 0, 0, 1055]
  FACT      [2b] after move #3529 new #23522 t5  'Method'                           is_source=True  wire=0       errs=[0, 0, 0, 1055]
  FACT  [2b] after move #3529 THE JUNK NODE'S FULL TERMINAL TABLE IS PRINTED ABOVE; 6 terminal(s), 0 WIRED - the purge precondition (ZERO wired) HOLDS
  FACT  [2b] after move #3529 purge delete Node #23522 at index 98: gone [23522], error '', census 633 -> 632, still present False (1.47 s)
  FACT  [2b] after move #3529 AFTER THE PURGE (the next step's baseline) node census: 632 rows
  FACT  [2b] after move #3529 purge arithmetic: Node 632 -> 633 -> 632 (pre-call value 632)
  FACT  [2b] after move #3529 Diagram #23058 [traverse 22] Nodes[] census: 2 node(s) -> [23035, 3529]
  FACT  [2b] #3529 in Diagram #23058's Nodes[] after the move: True (body holds 2 node(s))
  OBSERVED uid 3529 -> owner 'Diagram' uid 23058 | self 'ControlReferenceConstant'#3529 | 482 says 'Diagram' cast 'Diagram' |  
  FACT  [2b] owner_of(3529) AFTER the move = ('Diagram', 23058) (REPORTED ALONGSIDE the Nodes[] census, never instead of it - 53(d^8))
  FACT  [2b] #3529 AFTER the move: 1 terminal(s), 0 WIRED (was 1)
  FACT  ExecState [02 [UNIT] after move #3529 - Inc (PgDn)] = 0   (+118.8 s, read cost 0.02 s)
  FACT  [UNIT] after move #3529 - Inc (PgDn): ExecState 0 - NOT 1, so no intermediate file is written at this boundary
  FACT  [2b] #3560 '+ Inc (PgUp)' BEFORE the move: 1 terminal(s), 1 WIRED  (ControlReferenceConstant; docs/d1-build-plan.md:331)
  FACT  [2b] before move #3560 DESTINDEX: Diagram #23058 -> traverse index 22 (array length 173 ; still owns it True)
  FACT  [2b] MOVE #3560 '+ Inc (PgUp)' -> Diagram #23058 [traverse 22] at (40, 170); the op echoed uid 23035 (37(d): the echo is NOT the moved object)
  FACT  [2b] after move #3560 AFTER node census: 633 rows
  FACT  [2b] after move #3560 CENSUS DIFF: Node 632 -> 633 ; 1 new uid(s): [(23522, 'Invoke', (4593, 2718))]
  FACT  [2b] after move #3560 new #23522 #23522 lives at: {'diagram_index': 22, 'diagram_uid': 23058, 'diagram_class': 'Diagram', 'nodes_index': 3, 'nodes_on_diagram': 4, 'label': 'Invoke Node'}  (1 diagram(s) scanned of 173, 0.3 s)
  FACT  [2b] after move #3560 new #23522 terminal table of #23522 (Diagram idx 22, Nodes[3], echo 23522): 6 terminal(s)
  FACT      [2b] after move #3560 new #23522 t0  'reference'                        is_source=False wire=0       errs=[0, 0, 0, 1055]
  FACT      [2b] after move #3560 new #23522 t1  'reference out'                    is_source=True  wire=0       errs=[0, 0, 0, 1055]
  FACT      [2b] after move #3560 new #23522 t2  'error in (no error)'              is_source=False wire=0       errs=[0, 0, 0, 1055]
  FACT      [2b] after move #3560 new #23522 t3  'error out'                        is_source=True  wire=0       errs=[0, 0, 0, 1055]
  FACT      [2b] after move #3560 new #23522 t4  'Method'                           is_source=False wire=0       errs=[0, 0, 0, 1055]
  FACT      [2b] after move #3560 new #23522 t5  'Method'                           is_source=True  wire=0       errs=[0, 0, 0, 1055]
  FACT  [2b] after move #3560 THE JUNK NODE'S FULL TERMINAL TABLE IS PRINTED ABOVE; 6 terminal(s), 0 WIRED - the purge precondition (ZERO wired) HOLDS
  FACT  [2b] after move #3560 purge delete Node #23522 at index 98: gone [23522], error '', census 633 -> 632, still present False (1.46 s)
  FACT  [2b] after move #3560 AFTER THE PURGE (the next step's baseline) node census: 632 rows
  FACT  [2b] after move #3560 purge arithmetic: Node 632 -> 633 -> 632 (pre-call value 632)
  FACT  [2b] after move #3560 Diagram #23058 [traverse 22] Nodes[] census: 3 node(s) -> [23035, 3529, 3560]
  FACT  [2b] #3560 in Diagram #23058's Nodes[] after the move: True (body holds 3 node(s))
  OBSERVED uid 3560 -> owner 'Diagram' uid 23058 | self 'ControlReferenceConstant'#3560 | 482 says 'Diagram' cast 'Diagram' |  
  FACT  [2b] owner_of(3560) AFTER the move = ('Diagram', 23058) (REPORTED ALONGSIDE the Nodes[] census, never instead of it - 53(d^8))
  FACT  [2b] #3560 AFTER the move: 1 terminal(s), 0 WIRED (was 1)
  FACT  ExecState [03 [UNIT] after move #3560 + Inc (PgUp)] = 0   (+125.3 s, read cost 0.00 s)
  FACT  [UNIT] after move #3560 + Inc (PgUp): ExecState 0 - NOT 1, so no intermediate file is written at this boundary
  FACT  [2b] #3447 'Focus Step (F1)' BEFORE the move: 1 terminal(s), 1 WIRED  (ControlReferenceConstant; docs/d1-build-plan.md:332)
  FACT  [2b] before move #3447 DESTINDEX: Diagram #23058 -> traverse index 22 (array length 173 ; still owns it True)
  FACT  [2b] MOVE #3447 'Focus Step (F1)' -> Diagram #23058 [traverse 22] at (40, 280); the op echoed uid 23035 (37(d): the echo is NOT the moved object)
  FACT  [2b] after move #3447 AFTER node census: 633 rows
  FACT  [2b] after move #3447 CENSUS DIFF: Node 632 -> 633 ; 1 new uid(s): [(23522, 'Invoke', (4593, 2718))]
  FACT  [2b] after move #3447 new #23522 #23522 lives at: {'diagram_index': 22, 'diagram_uid': 23058, 'diagram_class': 'Diagram', 'nodes_index': 4, 'nodes_on_diagram': 5, 'label': 'Invoke Node'}  (1 diagram(s) scanned of 173, 0.6 s)
  FACT  [2b] after move #3447 new #23522 terminal table of #23522 (Diagram idx 22, Nodes[4], echo 23522): 6 terminal(s)
  FACT      [2b] after move #3447 new #23522 t0  'reference'                        is_source=False wire=0       errs=[0, 0, 0, 1055]
  FACT      [2b] after move #3447 new #23522 t1  'reference out'                    is_source=True  wire=0       errs=[0, 0, 0, 1055]
  FACT      [2b] after move #3447 new #23522 t2  'error in (no error)'              is_source=False wire=0       errs=[0, 0, 0, 1055]
  FACT      [2b] after move #3447 new #23522 t3  'error out'                        is_source=True  wire=0       errs=[0, 0, 0, 1055]
  FACT      [2b] after move #3447 new #23522 t4  'Method'                           is_source=False wire=0       errs=[0, 0, 0, 1055]
  FACT      [2b] after move #3447 new #23522 t5  'Method'                           is_source=True  wire=0       errs=[0, 0, 0, 1055]
  FACT  [2b] after move #3447 THE JUNK NODE'S FULL TERMINAL TABLE IS PRINTED ABOVE; 6 terminal(s), 0 WIRED - the purge precondition (ZERO wired) HOLDS
  FACT  [2b] after move #3447 purge delete Node #23522 at index 98: gone [23522], error '', census 633 -> 632, still present False (1.34 s)
  FACT  [2b] after move #3447 AFTER THE PURGE (the next step's baseline) node census: 632 rows
  FACT  [2b] after move #3447 purge arithmetic: Node 632 -> 633 -> 632 (pre-call value 632)
  FACT  [2b] after move #3447 Diagram #23058 [traverse 22] Nodes[] census: 4 node(s) -> [23035, 3529, 3560, 3447]
  FACT  [2b] #3447 in Diagram #23058's Nodes[] after the move: True (body holds 4 node(s))
  OBSERVED uid 3447 -> owner 'Diagram' uid 23058 | self 'ControlReferenceConstant'#3447 | 482 says 'Diagram' cast 'Diagram' |  
  FACT  [2b] owner_of(3447) AFTER the move = ('Diagram', 23058) (REPORTED ALONGSIDE the Nodes[] census, never instead of it - 53(d^8))
  FACT  [2b] #3447 AFTER the move: 1 terminal(s), 0 WIRED (was 1)
  FACT  ExecState [04 [UNIT] after move #3447 Focus Step (F1)] = 0   (+132.1 s, read cost 0.00 s)
  FACT  [UNIT] after move #3447 Focus Step (F1): ExecState 0 - NOT 1, so no intermediate file is written at this boundary
  FACT  [2b] #48 'ASI_adjust focus-subvi.vi' BEFORE the move: 7 terminal(s), 7 WIRED  (SubVI; docs/d1-build-plan.md:306)
  FACT  [2b] before move #48 DESTINDEX: Diagram #23058 -> traverse index 22 (array length 173 ; still owns it True)
  FACT  [2b] MOVE #48 'ASI_adjust focus-subvi.vi' -> Diagram #23058 [traverse 22] at (300, 170); the op echoed uid 23035 (37(d): the echo is NOT the moved object)
  FACT  [2b] after move #48 AFTER node census: 633 rows
  FACT  [2b] after move #48 CENSUS DIFF: Node 632 -> 633 ; 1 new uid(s): [(23522, 'Invoke', (4593, 2718))]
  FACT  [2b] after move #48 new #23522 #23522 lives at: {'diagram_index': 22, 'diagram_uid': 23058, 'diagram_class': 'Diagram', 'nodes_index': 5, 'nodes_on_diagram': 6, 'label': 'Invoke Node'}  (1 diagram(s) scanned of 173, 0.4 s)
  FACT  [2b] after move #48 new #23522 terminal table of #23522 (Diagram idx 22, Nodes[5], echo 23522): 6 terminal(s)
  FACT      [2b] after move #48 new #23522 t0  'reference'                        is_source=False wire=0       errs=[0, 0, 0, 1055]
  FACT      [2b] after move #48 new #23522 t1  'reference out'                    is_source=True  wire=0       errs=[0, 0, 0, 1055]
  FACT      [2b] after move #48 new #23522 t2  'error in (no error)'              is_source=False wire=0       errs=[0, 0, 0, 1055]
  FACT      [2b] after move #48 new #23522 t3  'error out'                        is_source=True  wire=0       errs=[0, 0, 0, 1055]
  FACT      [2b] after move #48 new #23522 t4  'Method'                           is_source=False wire=0       errs=[0, 0, 0, 1055]
  FACT      [2b] after move #48 new #23522 t5  'Method'                           is_source=True  wire=0       errs=[0, 0, 0, 1055]
  FACT  [2b] after move #48 THE JUNK NODE'S FULL TERMINAL TABLE IS PRINTED ABOVE; 6 terminal(s), 0 WIRED - the purge precondition (ZERO wired) HOLDS
  FACT  [2b] after move #48 purge delete Node #23522 at index 98: gone [23522], error '', census 633 -> 632, still present False (1.44 s)
  FACT  [2b] after move #48 AFTER THE PURGE (the next step's baseline) node census: 632 rows
  FACT  [2b] after move #48 purge arithmetic: Node 632 -> 633 -> 632 (pre-call value 632)
  FACT  [2b] after move #48 Diagram #23058 [traverse 22] Nodes[] census: 5 node(s) -> [23035, 3529, 3560, 3447, 48]
  FACT  [2b] #48 in Diagram #23058's Nodes[] after the move: True (body holds 5 node(s))
  OBSERVED uid 48 -> owner 'Diagram' uid 23058 | self 'SubVI'#48 | 482 says 'Diagram' cast 'Diagram' |  
  FACT  [2b] owner_of(48) AFTER the move = ('Diagram', 23058) (REPORTED ALONGSIDE the Nodes[] census, never instead of it - 53(d^8))
  FACT  [2b] #48 AFTER the move: 7 terminal(s), 0 WIRED (was 7)
  FACT  ExecState [05 [UNIT] after move #48 ASI_adjust focus-subvi.vi] = 0   (+138.9 s, read cost 0.00 s)
  FACT  [UNIT] after move #48 ASI_adjust focus-subvi.vi: ExecState 0 - NOT 1, so no intermediate file is written at this boundary
  FACT  [2b] #10407 'Case Structure' BEFORE the move: 7 terminal(s), 7 WIRED  (CaseStructure (autofocus); docs/d1-build-plan.md:305)
  FACT  [2b] before move #10407 DESTINDEX: Diagram #23058 -> traverse index 22 (array length 173 ; still owns it True)
  FACT  [2b] MOVE #10407 'Case Structure' -> Diagram #23058 [traverse 22] at (620, 60); the op echoed uid 23035 (37(d): the echo is NOT the moved object)
  FACT  [2b] after move #10407 AFTER node census: 633 rows
  FACT  [2b] after move #10407 CENSUS DIFF: Node 632 -> 633 ; 1 new uid(s): [(23522, 'Invoke', (4593, 2718))]
  FACT  [2b] after move #10407 new #23522 #23522 lives at: {'diagram_index': 22, 'diagram_uid': 23058, 'diagram_class': 'Diagram', 'nodes_index': 6, 'nodes_on_diagram': 7, 'label': 'Invoke Node'}  (1 diagram(s) scanned of 173, 0.2 s)
  FACT  [2b] after move #10407 new #23522 terminal table of #23522 (Diagram idx 22, Nodes[6], echo 23522): 6 terminal(s)
  FACT      [2b] after move #10407 new #23522 t0  'reference'                        is_source=False wire=0       errs=[0, 0, 0, 1055]
  FACT      [2b] after move #10407 new #23522 t1  'reference out'                    is_source=True  wire=0       errs=[0, 0, 0, 1055]
  FACT      [2b] after move #10407 new #23522 t2  'error in (no error)'              is_source=False wire=0       errs=[0, 0, 0, 1055]
  FACT      [2b] after move #10407 new #23522 t3  'error out'                        is_source=True  wire=0       errs=[0, 0, 0, 1055]
  FACT      [2b] after move #10407 new #23522 t4  'Method'                           is_source=False wire=0       errs=[0, 0, 0, 1055]
  FACT      [2b] after move #10407 new #23522 t5  'Method'                           is_source=True  wire=0       errs=[0, 0, 0, 1055]
  FACT  [2b] after move #10407 THE JUNK NODE'S FULL TERMINAL TABLE IS PRINTED ABOVE; 6 terminal(s), 0 WIRED - the purge precondition (ZERO wired) HOLDS
  FACT  [2b] after move #10407 purge delete Node #23522 at index 98: gone [23522], error '', census 633 -> 632, still present False (1.26 s)
  FACT  [2b] after move #10407 AFTER THE PURGE (the next step's baseline) node census: 632 rows
  FACT  [2b] after move #10407 purge arithmetic: Node 632 -> 633 -> 632 (pre-call value 632)
  FACT  [2b] after move #10407 Diagram #23058 [traverse 22] Nodes[] census: 6 node(s) -> [23035, 3529, 3560, 3447, 48, 10407]
  FACT  [2b] #10407 in Diagram #23058's Nodes[] after the move: True (body holds 6 node(s))
  OBSERVED uid 10407 -> owner 'Diagram' uid 23058 | self 'CaseStructure'#10407 | 482 says 'Diagram' cast 'Diagram' |  
  FACT  [2b] owner_of(10407) AFTER the move = ('Diagram', 23058) (REPORTED ALONGSIDE the Nodes[] census, never instead of it - 53(d^8))
  FACT  [2b] #10407 AFTER the move: 7 terminal(s), 0 WIRED (was 7)
  FACT  ExecState [06 [UNIT] after move #10407 Case Structure] = 0   (+144.0 s, read cost 0.00 s)
  FACT  [UNIT] after move #10407 Case Structure: ExecState 0 - NOT 1, so no intermediate file is written at this boundary
  FACT  [2b] #23499 'Local (row 1 carrier)' BEFORE the move: 1 terminal(s), 1 WIRED  (Local; binds to its control BY LABEL, so the move is scheduling only (rule 1a))
  FACT  [2b] before move #23499 DESTINDEX: Diagram #23058 -> traverse index 22 (array length 173 ; still owns it True)
  FACT  [2b] MOVE #23499 'Local (row 1 carrier)' -> Diagram #23058 [traverse 22] at (40, 430); the op echoed uid 23035 (37(d): the echo is NOT the moved object)
  FACT  [2b] after move #23499 AFTER node census: 633 rows
  FACT  [2b] after move #23499 CENSUS DIFF: Node 632 -> 633 ; 1 new uid(s): [(23786, 'Invoke', (4593, 2718))]
  FACT  [2b] after move #23499 new #23786 #23786 lives at: {'diagram_index': 22, 'diagram_uid': 23058, 'diagram_class': 'Diagram', 'nodes_index': 7, 'nodes_on_diagram': 8, 'label': 'Invoke Node'}  (1 diagram(s) scanned of 173, 0.3 s)
  FACT  [2b] after move #23499 new #23786 terminal table of #23786 (Diagram idx 22, Nodes[7], echo 23786): 6 terminal(s)
  FACT      [2b] after move #23499 new #23786 t0  'reference'                        is_source=False wire=0       errs=[0, 0, 0, 1055]
  FACT      [2b] after move #23499 new #23786 t1  'reference out'                    is_source=True  wire=0       errs=[0, 0, 0, 1055]
  FACT      [2b] after move #23499 new #23786 t2  'error in (no error)'              is_source=False wire=0       errs=[0, 0, 0, 1055]
  FACT      [2b] after move #23499 new #23786 t3  'error out'                        is_source=True  wire=0       errs=[0, 0, 0, 1055]
  FACT      [2b] after move #23499 new #23786 t4  'Method'                           is_source=False wire=0       errs=[0, 0, 0, 1055]
  FACT      [2b] after move #23499 new #23786 t5  'Method'                           is_source=True  wire=0       errs=[0, 0, 0, 1055]
  FACT  [2b] after move #23499 THE JUNK NODE'S FULL TERMINAL TABLE IS PRINTED ABOVE; 6 terminal(s), 0 WIRED - the purge precondition (ZERO wired) HOLDS
  FACT  [2b] after move #23499 purge delete Node #23786 at index 98: gone [23786], error '', census 633 -> 632, still present False (1.26 s)
  FACT  [2b] after move #23499 AFTER THE PURGE (the next step's baseline) node census: 632 rows
  FACT  [2b] after move #23499 purge arithmetic: Node 632 -> 633 -> 632 (pre-call value 632)
  FACT  [2b] after move #23499 Diagram #23058 [traverse 22] Nodes[] census: 7 node(s) -> [23035, 3529, 3560, 3447, 48, 10407, 23499]
  FACT  [2b] #23499 in Diagram #23058's Nodes[] after the move: True (body holds 7 node(s))
  OBSERVED uid 23499 -> owner 'Diagram' uid 23058 | self 'Local'#23499 | 482 says 'Diagram' cast 'Diagram' |  
  FACT  [2b] owner_of(23499) AFTER the move = ('Diagram', 23058) (REPORTED ALONGSIDE the Nodes[] census, never instead of it - 53(d^8))
  FACT  [2b] #23499 AFTER the move: 1 terminal(s), 0 WIRED (was 1)
  FACT  ExecState [07 [UNIT] after move #23499 Local (row 1 carrier)] = 0   (+150.8 s, read cost 0.00 s)
  FACT  [UNIT] after move #23499 Local (row 1 carrier): ExecState 0 - NOT 1, so no intermediate file is written at this boundary
  FACT  [2b] #23523 'Local (row 2 carrier)' BEFORE the move: 1 terminal(s), 1 WIRED  (Local; binds to its control BY LABEL, so the move is scheduling only (rule 1a))
  FACT  [2b] before move #23523 DESTINDEX: Diagram #23058 -> traverse index 22 (array length 173 ; still owns it True)
  FACT  [2b] MOVE #23523 'Local (row 2 carrier)' -> Diagram #23058 [traverse 22] at (40, 520); the op echoed uid 23035 (37(d): the echo is NOT the moved object)
  FACT  [2b] after move #23523 AFTER node census: 633 rows
  FACT  [2b] after move #23523 CENSUS DIFF: Node 632 -> 633 ; 1 new uid(s): [(23786, 'Invoke', (4593, 2718))]
  FACT  [2b] after move #23523 new #23786 #23786 lives at: {'diagram_index': 22, 'diagram_uid': 23058, 'diagram_class': 'Diagram', 'nodes_index': 8, 'nodes_on_diagram': 9, 'label': 'Invoke Node'}  (1 diagram(s) scanned of 173, 0.2 s)
  FACT  [2b] after move #23523 new #23786 terminal table of #23786 (Diagram idx 22, Nodes[8], echo 23786): 6 terminal(s)
  FACT      [2b] after move #23523 new #23786 t0  'reference'                        is_source=False wire=0       errs=[0, 0, 0, 1055]
  FACT      [2b] after move #23523 new #23786 t1  'reference out'                    is_source=True  wire=0       errs=[0, 0, 0, 1055]
  FACT      [2b] after move #23523 new #23786 t2  'error in (no error)'              is_source=False wire=0       errs=[0, 0, 0, 1055]
  FACT      [2b] after move #23523 new #23786 t3  'error out'                        is_source=True  wire=0       errs=[0, 0, 0, 1055]
  FACT      [2b] after move #23523 new #23786 t4  'Method'                           is_source=False wire=0       errs=[0, 0, 0, 1055]
  FACT      [2b] after move #23523 new #23786 t5  'Method'                           is_source=True  wire=0       errs=[0, 0, 0, 1055]
  FACT  [2b] after move #23523 THE JUNK NODE'S FULL TERMINAL TABLE IS PRINTED ABOVE; 6 terminal(s), 0 WIRED - the purge precondition (ZERO wired) HOLDS
  FACT  [2b] after move #23523 purge delete Node #23786 at index 98: gone [23786], error '', census 633 -> 632, still present False (1.32 s)
  FACT  [2b] after move #23523 AFTER THE PURGE (the next step's baseline) node census: 632 rows
  FACT  [2b] after move #23523 purge arithmetic: Node 632 -> 633 -> 632 (pre-call value 632)
  FACT  [2b] after move #23523 Diagram #23058 [traverse 22] Nodes[] census: 8 node(s) -> [23035, 3529, 3560, 3447, 48, 10407, 23499, 23523]
  FACT  [2b] #23523 in Diagram #23058's Nodes[] after the move: True (body holds 8 node(s))
  OBSERVED uid 23523 -> owner 'Diagram' uid 23058 | self 'Local'#23523 | 482 says 'Diagram' cast 'Diagram' |  
  FACT  [2b] owner_of(23523) AFTER the move = ('Diagram', 23058) (REPORTED ALONGSIDE the Nodes[] census, never instead of it - 53(d^8))
  FACT  [2b] #23523 AFTER the move: 1 terminal(s), 0 WIRED (was 1)
  FACT  ExecState [08 [UNIT] after move #23523 Local (row 2 carrier)] = 0   (+158.0 s, read cost 0.00 s)
  FACT  [UNIT] after move #23523 Local (row 2 carrier): ExecState 0 - NOT 1, so no intermediate file is written at this boundary
  FACT  [2b] AFTER all seven Diagram #23058 [traverse 22] Nodes[] census: 8 node(s) -> [23035, 3529, 3560, 3447, 48, 10407, 23499, 23523]
  FACT  [2b] *** ALL SEVEN MOVED UIDS IN Diagram #23058's Nodes[]: True (missing [] ; body holds 8) ***
  FACT  [2b] after the seven moves counts: {'Node': 632, 'Wire': 1907, 'ControlTerminal': 116, 'Local': 10, 'LoopTunnel': 135, 'Tunnel': 471}

---------- [2c] THE SEVEN INTERNAL ROWS, VERBATIM FROM diag_c66b_s3b_m3.py
  FACT  [2c] row #48 t0 <- #3529 t0 : {'sink_diag': 22, 'sink_node': 4, 'sink_term': 0, 'src_diag': 22, 'src_node': 1, 'src_term': 0} ; sink by NAME '-Inc reference' (unique among 5 sink terminals) ; src by NAME '- Inc (PgDn)' (unique among 1 source terminals) ; same diagram True
      op readback {'UID': 48, 'Name': '-Inc reference', 'UID 2': 0, 'Is Broken?': False}
  FACT  [2c] connect_nested_v1 -> {'wire_delta': 1, 'exec_state': 0, 'machine_error': ''}
  FACT  [2c] after row #48 t0 AFTER node census: 633 rows
  FACT  [2c] after row #48 t0 CENSUS DIFF: Node 632 -> 633 ; 1 new uid(s): [(23786, 'Invoke', (4593, 2718))]
  FACT  [2c] after row #48 t0 new #23786 #23786 lives at: {'diagram_index': 22, 'diagram_uid': 23058, 'diagram_class': 'Diagram', 'nodes_index': 8, 'nodes_on_diagram': 9, 'label': 'Invoke Node'}  (1 diagram(s) scanned of 173, 0.2 s)
  FACT  [2c] after row #48 t0 new #23786 terminal table of #23786 (Diagram idx 22, Nodes[8], echo 23786): 6 terminal(s)
  FACT      [2c] after row #48 t0 new #23786 t0  'reference'                        is_source=False wire=0       errs=[0, 0, 0, 1055]
  FACT      [2c] after row #48 t0 new #23786 t1  'reference out'                    is_source=True  wire=0       errs=[0, 0, 0, 1055]
  FACT      [2c] after row #48 t0 new #23786 t2  'error in (no error)'              is_source=False wire=0       errs=[0, 0, 0, 1055]
  FACT      [2c] after row #48 t0 new #23786 t3  'error out'                        is_source=True  wire=0       errs=[0, 0, 0, 1055]
  FACT      [2c] after row #48 t0 new #23786 t4  'Method'                           is_source=False wire=0       errs=[0, 0, 0, 1055]
  FACT      [2c] after row #48 t0 new #23786 t5  'Method'                           is_source=True  wire=0       errs=[0, 0, 0, 1055]
  FACT  [2c] after row #48 t0 THE JUNK NODE'S FULL TERMINAL TABLE IS PRINTED ABOVE; 6 terminal(s), 0 WIRED - the purge precondition (ZERO wired) HOLDS
  FACT  [2c] after row #48 t0 purge delete Node #23786 at index 98: gone [23786], error '', census 633 -> 632, still present False (1.29 s)
  FACT  [2c] after row #48 t0 AFTER THE PURGE (the next step's baseline) node census: 632 rows
  FACT  [2c] after row #48 t0 purge arithmetic: Node 632 -> 633 -> 632 (pre-call value 632)
  FACT  [2c] row #48 t0 <- #3529 t0 : sink wire 23889 / src wire 23889 ; same net True ; WIRED-TERMINAL counts sink 0 -> 1, src 0 -> 1 ; LANDED True
  FACT  ExecState [09 [UNIT] after row #48 t0 <- #3529 t0] = 0   (+164.2 s, read cost 0.00 s)
  FACT  [UNIT] after row #48 t0 <- #3529 t0: ExecState 0 - NOT 1, so no intermediate file is written at this boundary
  FACT  [2c] row #48 t1 <- #3560 t0 : {'sink_diag': 22, 'sink_node': 4, 'sink_term': 1, 'src_diag': 22, 'src_node': 2, 'src_term': 0} ; sink by NAME '+Inc reference' (unique among 5 sink terminals) ; src by NAME '+ Inc (PgUp)' (unique among 1 source terminals) ; same diagram True
      op readback {'UID': 48, 'Name': '+Inc reference', 'UID 2': 0, 'Is Broken?': False}
  FACT  [2c] connect_nested_v1 -> {'wire_delta': 1, 'exec_state': 0, 'machine_error': ''}
  FACT  [2c] after row #48 t1 AFTER node census: 633 rows
  FACT  [2c] after row #48 t1 CENSUS DIFF: Node 632 -> 633 ; 1 new uid(s): [(23786, 'Invoke', (4593, 2718))]
  FACT  [2c] after row #48 t1 new #23786 #23786 lives at: {'diagram_index': 22, 'diagram_uid': 23058, 'diagram_class': 'Diagram', 'nodes_index': 8, 'nodes_on_diagram': 9, 'label': 'Invoke Node'}  (1 diagram(s) scanned of 173, 0.2 s)
  FACT  [2c] after row #48 t1 new #23786 terminal table of #23786 (Diagram idx 22, Nodes[8], echo 23786): 6 terminal(s)
  FACT      [2c] after row #48 t1 new #23786 t0  'reference'                        is_source=False wire=0       errs=[0, 0, 0, 1055]
  FACT      [2c] after row #48 t1 new #23786 t1  'reference out'                    is_source=True  wire=0       errs=[0, 0, 0, 1055]
  FACT      [2c] after row #48 t1 new #23786 t2  'error in (no error)'              is_source=False wire=0       errs=[0, 0, 0, 1055]
  FACT      [2c] after row #48 t1 new #23786 t3  'error out'                        is_source=True  wire=0       errs=[0, 0, 0, 1055]
  FACT      [2c] after row #48 t1 new #23786 t4  'Method'                           is_source=False wire=0       errs=[0, 0, 0, 1055]
  FACT      [2c] after row #48 t1 new #23786 t5  'Method'                           is_source=True  wire=0       errs=[0, 0, 0, 1055]
  FACT  [2c] after row #48 t1 THE JUNK NODE'S FULL TERMINAL TABLE IS PRINTED ABOVE; 6 terminal(s), 0 WIRED - the purge precondition (ZERO wired) HOLDS
  FACT  [2c] after row #48 t1 purge delete Node #23786 at index 98: gone [23786], error '', census 633 -> 632, still present False (1.29 s)
  FACT  [2c] after row #48 t1 AFTER THE PURGE (the next step's baseline) node census: 632 rows
  FACT  [2c] after row #48 t1 purge arithmetic: Node 632 -> 633 -> 632 (pre-call value 632)
  FACT  [2c] row #48 t1 <- #3560 t0 : sink wire 23804 / src wire 23804 ; same net True ; WIRED-TERMINAL counts sink 1 -> 2, src 0 -> 1 ; LANDED True
  FACT  ExecState [10 [UNIT] after row #48 t1 <- #3560 t0] = 0   (+169.9 s, read cost 0.00 s)
  FACT  [UNIT] after row #48 t1 <- #3560 t0: ExecState 0 - NOT 1, so no intermediate file is written at this boundary
  FACT  [2c] row #48 t2 <- #3447 t0 : {'sink_diag': 22, 'sink_node': 4, 'sink_term': 2, 'src_diag': 22, 'src_node': 3, 'src_term': 0} ; sink by NAME 'Focus inc reference' (unique among 5 sink terminals) ; src by NAME 'Focus Step (F1)' (unique among 1 source terminals) ; same diagram True
      op readback {'UID': 48, 'Name': 'Focus inc reference', 'UID 2': 0, 'Is Broken?': False}
  FACT  [2c] connect_nested_v1 -> {'wire_delta': 1, 'exec_state': 0, 'machine_error': ''}
  FACT  [2c] after row #48 t2 AFTER node census: 633 rows
  FACT  [2c] after row #48 t2 CENSUS DIFF: Node 632 -> 633 ; 1 new uid(s): [(23786, 'Invoke', (4593, 2718))]
  FACT  [2c] after row #48 t2 new #23786 #23786 lives at: {'diagram_index': 22, 'diagram_uid': 23058, 'diagram_class': 'Diagram', 'nodes_index': 8, 'nodes_on_diagram': 9, 'label': 'Invoke Node'}  (1 diagram(s) scanned of 173, 0.2 s)
  FACT  [2c] after row #48 t2 new #23786 terminal table of #23786 (Diagram idx 22, Nodes[8], echo 23786): 6 terminal(s)
  FACT      [2c] after row #48 t2 new #23786 t0  'reference'                        is_source=False wire=0       errs=[0, 0, 0, 1055]
  FACT      [2c] after row #48 t2 new #23786 t1  'reference out'                    is_source=True  wire=0       errs=[0, 0, 0, 1055]
  FACT      [2c] after row #48 t2 new #23786 t2  'error in (no error)'              is_source=False wire=0       errs=[0, 0, 0, 1055]
  FACT      [2c] after row #48 t2 new #23786 t3  'error out'                        is_source=True  wire=0       errs=[0, 0, 0, 1055]
  FACT      [2c] after row #48 t2 new #23786 t4  'Method'                           is_source=False wire=0       errs=[0, 0, 0, 1055]
  FACT      [2c] after row #48 t2 new #23786 t5  'Method'                           is_source=True  wire=0       errs=[0, 0, 0, 1055]
  FACT  [2c] after row #48 t2 THE JUNK NODE'S FULL TERMINAL TABLE IS PRINTED ABOVE; 6 terminal(s), 0 WIRED - the purge precondition (ZERO wired) HOLDS
  FACT  [2c] after row #48 t2 purge delete Node #23786 at index 98: gone [23786], error '', census 633 -> 632, still present False (1.31 s)
  FACT  [2c] after row #48 t2 AFTER THE PURGE (the next step's baseline) node census: 632 rows
  FACT  [2c] after row #48 t2 purge arithmetic: Node 632 -> 633 -> 632 (pre-call value 632)
  FACT  [2c] row #48 t2 <- #3447 t0 : sink wire 23811 / src wire 23811 ; same net True ; WIRED-TERMINAL counts sink 2 -> 3, src 0 -> 1 ; LANDED True
  FACT  ExecState [11 [UNIT] after row #48 t2 <- #3447 t0] = 0   (+175.4 s, read cost 0.00 s)
  FACT  [UNIT] after row #48 t2 <- #3447 t0: ExecState 0 - NOT 1, so no intermediate file is written at this boundary
  FACT  [2c] row #10407 t3 <- #48 t6 : {'sink_diag': 22, 'sink_node': 5, 'sink_term': 3, 'src_diag': 22, 'src_node': 4, 'src_term': 6} ; sink by NAME 'Outgoing Handle' (unique among 5 sink terminals) ; src by NAME 'Outgoing Handle' (unique among 2 source terminals) ; same diagram True
      op readback {'UID': 10407, 'Name': 'Outgoing Handle', 'UID 2': 0, 'Is Broken?': False}
  FACT  [2c] connect_nested_v1 -> {'wire_delta': 1, 'exec_state': 0, 'machine_error': ''}
  FACT  [2c] after row #10407 t3 AFTER node census: 633 rows
  FACT  [2c] after row #10407 t3 CENSUS DIFF: Node 632 -> 633 ; 1 new uid(s): [(23786, 'Invoke', (4593, 2718))]
  FACT  [2c] after row #10407 t3 new #23786 #23786 lives at: {'diagram_index': 22, 'diagram_uid': 23058, 'diagram_class': 'Diagram', 'nodes_index': 8, 'nodes_on_diagram': 9, 'label': 'Invoke Node'}  (1 diagram(s) scanned of 173, 0.2 s)
  FACT  [2c] after row #10407 t3 new #23786 terminal table of #23786 (Diagram idx 22, Nodes[8], echo 23786): 6 terminal(s)
  FACT      [2c] after row #10407 t3 new #23786 t0  'reference'                        is_source=False wire=0       errs=[0, 0, 0, 1055]
  FACT      [2c] after row #10407 t3 new #23786 t1  'reference out'                    is_source=True  wire=0       errs=[0, 0, 0, 1055]
  FACT      [2c] after row #10407 t3 new #23786 t2  'error in (no error)'              is_source=False wire=0       errs=[0, 0, 0, 1055]
  FACT      [2c] after row #10407 t3 new #23786 t3  'error out'                        is_source=True  wire=0       errs=[0, 0, 0, 1055]
  FACT      [2c] after row #10407 t3 new #23786 t4  'Method'                           is_source=False wire=0       errs=[0, 0, 0, 1055]
  FACT      [2c] after row #10407 t3 new #23786 t5  'Method'                           is_source=True  wire=0       errs=[0, 0, 0, 1055]
  FACT  [2c] after row #10407 t3 THE JUNK NODE'S FULL TERMINAL TABLE IS PRINTED ABOVE; 6 terminal(s), 0 WIRED - the purge precondition (ZERO wired) HOLDS
  FACT  [2c] after row #10407 t3 purge delete Node #23786 at index 98: gone [23786], error '', census 633 -> 632, still present False (1.27 s)
  FACT  [2c] after row #10407 t3 AFTER THE PURGE (the next step's baseline) node census: 632 rows
  FACT  [2c] after row #10407 t3 purge arithmetic: Node 632 -> 633 -> 632 (pre-call value 632)
  FACT  [2c] row #10407 t3 <- #48 t6 : sink wire 23820 / src wire 23820 ; same net True ; WIRED-TERMINAL counts sink 0 -> 1, src 3 -> 4 ; LANDED True
  FACT  ExecState [12 [UNIT] after row #10407 t3 <- #48 t6] = 0   (+180.9 s, read cost 0.00 s)
  FACT  [UNIT] after row #10407 t3 <- #48 t6: ExecState 0 - NOT 1, so no intermediate file is written at this boundary
  FACT  [2c] row #10407 t5 <- #48 t5 : {'sink_diag': 22, 'sink_node': 5, 'sink_term': 5, 'src_diag': 22, 'src_node': 4, 'src_term': 5} ; sink by NAME 'Out position' (unique among 5 sink terminals) ; src by NAME 'Out position' (unique among 2 source terminals) ; same diagram True
      op readback {'UID': 10407, 'Name': 'Out position', 'UID 2': 0, 'Is Broken?': False}
  FACT  [2c] connect_nested_v1 -> {'wire_delta': 1, 'exec_state': 0, 'machine_error': ''}
  FACT  [2c] after row #10407 t5 AFTER node census: 633 rows
  FACT  [2c] after row #10407 t5 CENSUS DIFF: Node 632 -> 633 ; 1 new uid(s): [(23786, 'Invoke', (4593, 2718))]
  FACT  [2c] after row #10407 t5 new #23786 #23786 lives at: {'diagram_index': 22, 'diagram_uid': 23058, 'diagram_class': 'Diagram', 'nodes_index': 8, 'nodes_on_diagram': 9, 'label': 'Invoke Node'}  (1 diagram(s) scanned of 173, 0.2 s)
  FACT  [2c] after row #10407 t5 new #23786 terminal table of #23786 (Diagram idx 22, Nodes[8], echo 23786): 6 terminal(s)
  FACT      [2c] after row #10407 t5 new #23786 t0  'reference'                        is_source=False wire=0       errs=[0, 0, 0, 1055]
  FACT      [2c] after row #10407 t5 new #23786 t1  'reference out'                    is_source=True  wire=0       errs=[0, 0, 0, 1055]
  FACT      [2c] after row #10407 t5 new #23786 t2  'error in (no error)'              is_source=False wire=0       errs=[0, 0, 0, 1055]
  FACT      [2c] after row #10407 t5 new #23786 t3  'error out'                        is_source=True  wire=0       errs=[0, 0, 0, 1055]
  FACT      [2c] after row #10407 t5 new #23786 t4  'Method'                           is_source=False wire=0       errs=[0, 0, 0, 1055]
  FACT      [2c] after row #10407 t5 new #23786 t5  'Method'                           is_source=True  wire=0       errs=[0, 0, 0, 1055]
  FACT  [2c] after row #10407 t5 THE JUNK NODE'S FULL TERMINAL TABLE IS PRINTED ABOVE; 6 terminal(s), 0 WIRED - the purge precondition (ZERO wired) HOLDS
  FACT  [2c] after row #10407 t5 purge delete Node #23786 at index 98: gone [23786], error '', census 633 -> 632, still present False (1.26 s)
  FACT  [2c] after row #10407 t5 AFTER THE PURGE (the next step's baseline) node census: 632 rows
  FACT  [2c] after row #10407 t5 purge arithmetic: Node 632 -> 633 -> 632 (pre-call value 632)
  FACT  [2c] row #10407 t5 <- #48 t5 : sink wire 23829 / src wire 23829 ; same net True ; WIRED-TERMINAL counts sink 1 -> 2, src 4 -> 5 ; LANDED True
  FACT  ExecState [13 [UNIT] after row #10407 t5 <- #48 t5] = 0   (+186.2 s, read cost 0.00 s)
  FACT  [UNIT] after row #10407 t5 <- #48 t5: ExecState 0 - NOT 1, so no intermediate file is written at this boundary
  FACT  [2c] row #10407 t0 <- #23499 t0 : {'sink_diag': 22, 'sink_node': 5, 'sink_term': 0, 'src_diag': 22, 'src_node': 6, 'src_term': 0} ; sink by RE-MEASURED INDEX t0 (name '' is empty or not unique); that terminal reads name '' is_source False ; src by RE-MEASURED INDEX t0 (name '' is empty or not unique); that terminal reads name 'Automatic Error Handling' is_source True ; same diagram True
      op readback {'UID': 10407, 'Name': '', 'UID 2': 0, 'Is Broken?': False}
  FACT  [2c] connect_nested_v1 -> {'wire_delta': 1, 'exec_state': 0, 'machine_error': ''}
  FACT  [2c] after row #10407 t0 AFTER node census: 633 rows
  FACT  [2c] after row #10407 t0 CENSUS DIFF: Node 632 -> 633 ; 1 new uid(s): [(23786, 'Invoke', (4593, 2718))]
  FACT  [2c] after row #10407 t0 new #23786 #23786 lives at: {'diagram_index': 22, 'diagram_uid': 23058, 'diagram_class': 'Diagram', 'nodes_index': 8, 'nodes_on_diagram': 9, 'label': 'Invoke Node'}  (1 diagram(s) scanned of 173, 0.2 s)
  FACT  [2c] after row #10407 t0 new #23786 terminal table of #23786 (Diagram idx 22, Nodes[8], echo 23786): 6 terminal(s)
  FACT      [2c] after row #10407 t0 new #23786 t0  'reference'                        is_source=False wire=0       errs=[0, 0, 0, 1055]
  FACT      [2c] after row #10407 t0 new #23786 t1  'reference out'                    is_source=True  wire=0       errs=[0, 0, 0, 1055]
  FACT      [2c] after row #10407 t0 new #23786 t2  'error in (no error)'              is_source=False wire=0       errs=[0, 0, 0, 1055]
  FACT      [2c] after row #10407 t0 new #23786 t3  'error out'                        is_source=True  wire=0       errs=[0, 0, 0, 1055]
  FACT      [2c] after row #10407 t0 new #23786 t4  'Method'                           is_source=False wire=0       errs=[0, 0, 0, 1055]
  FACT      [2c] after row #10407 t0 new #23786 t5  'Method'                           is_source=True  wire=0       errs=[0, 0, 0, 1055]
  FACT  [2c] after row #10407 t0 THE JUNK NODE'S FULL TERMINAL TABLE IS PRINTED ABOVE; 6 terminal(s), 0 WIRED - the purge precondition (ZERO wired) HOLDS
  FACT  [2c] after row #10407 t0 purge delete Node #23786 at index 98: gone [23786], error '', census 633 -> 632, still present False (1.29 s)
  FACT  [2c] after row #10407 t0 AFTER THE PURGE (the next step's baseline) node census: 632 rows
  FACT  [2c] after row #10407 t0 purge arithmetic: Node 632 -> 633 -> 632 (pre-call value 632)
  FACT  [2c] row #10407 t0 <- #23499 t0 : sink wire 23838 / src wire 23838 ; same net True ; WIRED-TERMINAL counts sink 2 -> 3, src 0 -> 1 ; LANDED True
  FACT  ExecState [14 [UNIT] after row #10407 t0 <- #23499 t0] = 0   (+191.7 s, read cost 0.00 s)
  FACT  [UNIT] after row #10407 t0 <- #23499 t0: ExecState 0 - NOT 1, so no intermediate file is written at this boundary
  FACT  [2c] row #10407 t2 <- #23523 t0 : {'sink_diag': 22, 'sink_node': 5, 'sink_term': 2, 'src_diag': 22, 'src_node': 7, 'src_term': 0} ; sink by NAME 'index' (unique among 5 sink terminals) ; src by NAME 'index' (unique among 1 source terminals) ; same diagram True
      op readback {'UID': 10407, 'Name': 'index', 'UID 2': 0, 'Is Broken?': False}
  FACT  [2c] connect_nested_v1 -> {'wire_delta': 1, 'exec_state': 0, 'machine_error': ''}
  FACT  [2c] after row #10407 t2 AFTER node census: 633 rows
  FACT  [2c] after row #10407 t2 CENSUS DIFF: Node 632 -> 633 ; 1 new uid(s): [(23786, 'Invoke', (4593, 2718))]
  FACT  [2c] after row #10407 t2 new #23786 #23786 lives at: {'diagram_index': 22, 'diagram_uid': 23058, 'diagram_class': 'Diagram', 'nodes_index': 8, 'nodes_on_diagram': 9, 'label': 'Invoke Node'}  (1 diagram(s) scanned of 173, 0.2 s)
  FACT  [2c] after row #10407 t2 new #23786 terminal table of #23786 (Diagram idx 22, Nodes[8], echo 23786): 6 terminal(s)
  FACT      [2c] after row #10407 t2 new #23786 t0  'reference'                        is_source=False wire=0       errs=[0, 0, 0, 1055]
  FACT      [2c] after row #10407 t2 new #23786 t1  'reference out'                    is_source=True  wire=0       errs=[0, 0, 0, 1055]
  FACT      [2c] after row #10407 t2 new #23786 t2  'error in (no error)'              is_source=False wire=0       errs=[0, 0, 0, 1055]
  FACT      [2c] after row #10407 t2 new #23786 t3  'error out'                        is_source=True  wire=0       errs=[0, 0, 0, 1055]
  FACT      [2c] after row #10407 t2 new #23786 t4  'Method'                           is_source=False wire=0       errs=[0, 0, 0, 1055]
  FACT      [2c] after row #10407 t2 new #23786 t5  'Method'                           is_source=True  wire=0       errs=[0, 0, 0, 1055]
  FACT  [2c] after row #10407 t2 THE JUNK NODE'S FULL TERMINAL TABLE IS PRINTED ABOVE; 6 terminal(s), 0 WIRED - the purge precondition (ZERO wired) HOLDS
  FACT  [2c] after row #10407 t2 purge delete Node #23786 at index 98: gone [23786], error '', census 633 -> 632, still present False (1.29 s)
  FACT  [2c] after row #10407 t2 AFTER THE PURGE (the next step's baseline) node census: 632 rows
  FACT  [2c] after row #10407 t2 purge arithmetic: Node 632 -> 633 -> 632 (pre-call value 632)
  FACT  [2c] row #10407 t2 <- #23523 t0 : sink wire 23847 / src wire 23847 ; same net True ; WIRED-TERMINAL counts sink 3 -> 4, src 0 -> 1 ; LANDED True
  FACT  ExecState [15 [UNIT] after row #10407 t2 <- #23523 t0] = 0   (+197.3 s, read cost 0.00 s)
  FACT  [UNIT] after row #10407 t2 <- #23523 t0: ExecState 0 - NOT 1, so no intermediate file is written at this boundary
  FACT  [2c] INTERNAL ROWS LANDED: 7 of 7

---------- [3] TWO `add_shift_reg` PAIRS ON #23032, WITH THE CYCLE-67 REPAIRED WRAPPER
  FACT  [3] before the two add_shift_reg calls shift-register class counts: {'LeftShiftRegister': 36, 'RightShiftRegister': 36}
  FACT  [3] before add_shift_reg #1 (VISA) A7 ECHO: report_all('WhileLoop')[2].uid == 23032 (want #23032; 6 WhileLoop row(s))
  FACT  [3] add_shift_reg #1 for the VISA pair at y=120 -> RightShiftRegister uid 23856
  FACT  [3] after add_shift_reg #1 (VISA) shift-register class counts: {'LeftShiftRegister': 37, 'RightShiftRegister': 37}
  FACT  ExecState [16 [UNIT] after add_shift_reg #1 (VISA pair)] = 0   (+197.5 s, read cost 0.00 s)
  FACT  [UNIT] after add_shift_reg #1 (VISA pair): ExecState 0 - NOT 1, so no intermediate file is written at this boundary
  FACT  [3] before add_shift_reg #2 (POS) A7 ECHO: report_all('WhileLoop')[2].uid == 23032 (want #23032; 6 WhileLoop row(s))
  FACT  [3] add_shift_reg #2 for the POS pair at y=210 -> RightShiftRegister uid 23880
  FACT  [3] after add_shift_reg #2 (POS) shift-register class counts: {'LeftShiftRegister': 38, 'RightShiftRegister': 38}
  FACT  ExecState [17 [UNIT] after add_shift_reg #2 (POS pair)] = 0   (+197.7 s, read cost 0.00 s)
  FACT  [UNIT] after add_shift_reg #2 (POS pair): ExecState 0 - NOT 1, so no intermediate file is written at this boundary
  FACT  [3] NOTE FOR THE RECORD: both registers come back UNTYPED with BOTH SIDES UNWIRED, so `ExecState` 0 from here on is CORRECT, NOT A FAILURE (tools/gscript.py:683-687). The names 'VISA' and 'POS' are THIS RUN'S assignment of a pair to a row set; the terminal NAMES read off the machine below are what justify each row's membership.
  FACT  [3] before the reg_index readback A7 ECHO: report_all('WhileLoop')[2].uid == 23032 (want #23032; 6 WhileLoop row(s))
  FACT  [3] *** loop_cast READBACK on #23032: loop_uid 23032 ; shift_reg_uids [23856, 23880] ; op errors {} ***
  FACT  [3] VISA pair shift_reg[reg_index=0] -> uid 23856 ; out {'name': '', 'is_source': True, 'wire': 0} ; inside [{'name': '', 'is_source': False, 'wire': 0}] ; errors {}
  FACT  [3] VISA pair shift_reg[reg_index=1] -> uid 23880 ; out {'name': '', 'is_source': True, 'wire': 0} ; inside [{'name': '', 'is_source': False, 'wire': 0}] ; errors {}
  FACT  [3] VISA pair shift_reg[reg_index=2] -> uid None ; out {'name': '', 'is_source': False, 'wire': 0} ; inside [] ; errors {'OuterErr': 'error 1055: Property Node in OpShiftRegs_v0.vi', 'OutConnErr': 'error 1055: Property Node in OpShiftRegs_v0.vi', 'InsideErr': 'error 1055: Property Node in OpShiftRegs_v0.vi'}
  FACT  [3] VISA pair shift_reg[reg_index=3] -> uid None ; out {'name': '', 'is_source': False, 'wire': 0} ; inside [] ; errors {'OuterErr': 'error 1055: Property Node in OpShiftRegs_v0.vi', 'OutConnErr': 'error 1055: Property Node in OpShiftRegs_v0.vi', 'InsideErr': 'error 1055: Property Node in OpShiftRegs_v0.vi'}
  FACT  [3] VISA pair shift_reg[reg_index=4] -> uid None ; out {'name': '', 'is_source': False, 'wire': 0} ; inside [] ; errors {'OuterErr': 'error 1055: Property Node in OpShiftRegs_v0.vi', 'OutConnErr': 'error 1055: Property Node in OpShiftRegs_v0.vi', 'InsideErr': 'error 1055: Property Node in OpShiftRegs_v0.vi'}
  FACT  [3] VISA pair shift_reg[reg_index=5] -> uid None ; out {'name': '', 'is_source': False, 'wire': 0} ; inside [] ; errors {'OuterErr': 'error 1055: Property Node in OpShiftRegs_v0.vi', 'OutConnErr': 'error 1055: Property Node in OpShiftRegs_v0.vi', 'InsideErr': 'error 1055: Property Node in OpShiftRegs_v0.vi'}
  FACT  [3] VISA pair shift_reg[reg_index=6] -> uid None ; out {'name': '', 'is_source': False, 'wire': 0} ; inside [] ; errors {'OuterErr': 'error 1055: Property Node in OpShiftRegs_v0.vi', 'OutConnErr': 'error 1055: Property Node in OpShiftRegs_v0.vi', 'InsideErr': 'error 1055: Property Node in OpShiftRegs_v0.vi'}
  FACT  [3] VISA pair shift_reg[reg_index=7] -> uid None ; out {'name': '', 'is_source': False, 'wire': 0} ; inside [] ; errors {'OuterErr': 'error 1055: Property Node in OpShiftRegs_v0.vi', 'OutConnErr': 'error 1055: Property Node in OpShiftRegs_v0.vi', 'InsideErr': 'error 1055: Property Node in OpShiftRegs_v0.vi'}
  FACT  [3] VISA pair REGINDEX: RightShiftRegister #23856 -> reg_index 0 (READ, never assumed)
  FACT  [3] POS pair shift_reg[reg_index=0] -> uid 23856 ; out {'name': '', 'is_source': True, 'wire': 0} ; inside [{'name': '', 'is_source': False, 'wire': 0}] ; errors {}
  FACT  [3] POS pair shift_reg[reg_index=1] -> uid 23880 ; out {'name': '', 'is_source': True, 'wire': 0} ; inside [{'name': '', 'is_source': False, 'wire': 0}] ; errors {}
  FACT  [3] POS pair shift_reg[reg_index=2] -> uid None ; out {'name': '', 'is_source': False, 'wire': 0} ; inside [] ; errors {'OuterErr': 'error 1055: Property Node in OpShiftRegs_v0.vi', 'OutConnErr': 'error 1055: Property Node in OpShiftRegs_v0.vi', 'InsideErr': 'error 1055: Property Node in OpShiftRegs_v0.vi'}
  FACT  [3] POS pair shift_reg[reg_index=3] -> uid None ; out {'name': '', 'is_source': False, 'wire': 0} ; inside [] ; errors {'OuterErr': 'error 1055: Property Node in OpShiftRegs_v0.vi', 'OutConnErr': 'error 1055: Property Node in OpShiftRegs_v0.vi', 'InsideErr': 'error 1055: Property Node in OpShiftRegs_v0.vi'}
  FACT  [3] POS pair shift_reg[reg_index=4] -> uid None ; out {'name': '', 'is_source': False, 'wire': 0} ; inside [] ; errors {'OuterErr': 'error 1055: Property Node in OpShiftRegs_v0.vi', 'OutConnErr': 'error 1055: Property Node in OpShiftRegs_v0.vi', 'InsideErr': 'error 1055: Property Node in OpShiftRegs_v0.vi'}
  FACT  [3] POS pair shift_reg[reg_index=5] -> uid None ; out {'name': '', 'is_source': False, 'wire': 0} ; inside [] ; errors {'OuterErr': 'error 1055: Property Node in OpShiftRegs_v0.vi', 'OutConnErr': 'error 1055: Property Node in OpShiftRegs_v0.vi', 'InsideErr': 'error 1055: Property Node in OpShiftRegs_v0.vi'}
  FACT  [3] POS pair shift_reg[reg_index=6] -> uid None ; out {'name': '', 'is_source': False, 'wire': 0} ; inside [] ; errors {'OuterErr': 'error 1055: Property Node in OpShiftRegs_v0.vi', 'OutConnErr': 'error 1055: Property Node in OpShiftRegs_v0.vi', 'InsideErr': 'error 1055: Property Node in OpShiftRegs_v0.vi'}
  FACT  [3] POS pair shift_reg[reg_index=7] -> uid None ; out {'name': '', 'is_source': False, 'wire': 0} ; inside [] ; errors {'OuterErr': 'error 1055: Property Node in OpShiftRegs_v0.vi', 'OutConnErr': 'error 1055: Property Node in OpShiftRegs_v0.vi', 'InsideErr': 'error 1055: Property Node in OpShiftRegs_v0.vi'}
  FACT  [3] POS pair REGINDEX: RightShiftRegister #23880 -> reg_index 1 (READ, never assumed)
  FACT  [3] MINTED: {'VISA': {'right_uid': 23856, 'reg_index': 0}, 'POS': {'right_uid': 23880, 'reg_index': 1}}
  FACT  [3] after the two add_shift_reg calls counts: {'Node': 632, 'Wire': 1914, 'ControlTerminal': 116, 'Local': 10, 'LoopTunnel': 135, 'Tunnel': 475}

---------- [4] THE FOUR SHIFT-REGISTER ROWS - RightIn BEFORE LeftIn (the sources type the register)
  FACT  [4] VISA RightIn #10407 terminal table of #10407 (Diagram idx 22, Nodes[5], echo 10407): 7 terminal(s)
  FACT      [4] VISA RightIn #10407 t0  ''                                 is_source=False wire=23838   errs=[0, 0, 0, 0]
  FACT      [4] VISA RightIn #10407 t1  '# slices in stack'                is_source=False wire=0       errs=[0, 0, 0, 1055]
  FACT      [4] VISA RightIn #10407 t2  'index'                            is_source=False wire=23847   errs=[0, 0, 0, 0]
  FACT      [4] VISA RightIn #10407 t3  'Outgoing Handle'                  is_source=False wire=23820   errs=[0, 0, 0, 0]
  FACT      [4] VISA RightIn #10407 t4  'VISA out'                         is_source=True  wire=0       errs=[0, 0, 0, 1055]
  FACT      [4] VISA RightIn #10407 t5  'Out position'                     is_source=False wire=23829   errs=[0, 0, 0, 0]
  FACT      [4] VISA RightIn #10407 t6  'position [internal units]'        is_source=True  wire=0       errs=[0, 0, 0, 1055]
  FACT  [4] VISA RightIn row: node #10407 at Nodes[5] of Diagram #23058 [traverse 22], terminal 4 resolved by NAME 'VISA out' (unique among 2 source terminals)
  FACT  [4] before wire_sr(RightIn, VISA) A7 ECHO: report_all('WhileLoop')[2].uid == 23032 (want #23032; 6 WhileLoop row(s))
  FACT  [4] before wire_sr(RightIn, VISA) REGECHO: shift_reg[reg_index=0].uid == 23856 (want #23856)
  FACT  [4] before wire_sr(RightIn, VISA) node census: 632 rows
  FACT  [4] wire_sr('RightIn', loop_index=2, reg_index=0, node_index=5, term_index=4) -> error '' (0.05 s)
  FACT  [4] after wire_sr(RightIn, VISA) AFTER node census: 632 rows
  FACT  [4] after wire_sr(RightIn, VISA) CENSUS DIFF: Node 632 -> 632 ; 0 new uid(s): []
  FACT  [4] *** VISA RightIn row #10407 t4 <-> reg_index 0: node terminal carries wire 23952 ; the RIGHT register's INSIDE terminal carries [23952] ; ONE NON-ZERO WIRE UID AT BOTH ENDS: True ***
  FACT  ExecState [18 [UNIT] after the VISA RightIn row on #10407] = 0   (+200.1 s, read cost 0.00 s)
  FACT  [UNIT] after the VISA RightIn row on #10407: ExecState 0 - NOT 1, so no intermediate file is written at this boundary
  FACT  [4] POS RightIn #10407 terminal table of #10407 (Diagram idx 22, Nodes[5], echo 10407): 7 terminal(s)
  FACT      [4] POS RightIn #10407 t0  ''                                 is_source=False wire=23838   errs=[0, 0, 0, 0]
  FACT      [4] POS RightIn #10407 t1  '# slices in stack'                is_source=False wire=0       errs=[0, 0, 0, 1055]
  FACT      [4] POS RightIn #10407 t2  'index'                            is_source=False wire=23847   errs=[0, 0, 0, 0]
  FACT      [4] POS RightIn #10407 t3  'Outgoing Handle'                  is_source=False wire=23820   errs=[0, 0, 0, 0]
  FACT      [4] POS RightIn #10407 t4  'VISA out'                         is_source=True  wire=23952   errs=[0, 0, 0, 0]
  FACT      [4] POS RightIn #10407 t5  'Out position'                     is_source=False wire=23829   errs=[0, 0, 0, 0]
  FACT      [4] POS RightIn #10407 t6  'position [internal units]'        is_source=True  wire=0       errs=[0, 0, 0, 1055]
  FACT  [4] POS RightIn row: node #10407 at Nodes[5] of Diagram #23058 [traverse 22], terminal 6 resolved by NAME 'position [internal units]' (unique among 2 source terminals)
  FACT  [4] before wire_sr(RightIn, POS) A7 ECHO: report_all('WhileLoop')[2].uid == 23032 (want #23032; 6 WhileLoop row(s))
  FACT  [4] before wire_sr(RightIn, POS) REGECHO: shift_reg[reg_index=1].uid == 23880 (want #23880)
  FACT  [4] before wire_sr(RightIn, POS) node census: 632 rows
  FACT  [4] wire_sr('RightIn', loop_index=2, reg_index=1, node_index=5, term_index=6) -> error '' (0.04 s)
  FACT  [4] after wire_sr(RightIn, POS) AFTER node census: 632 rows
  FACT  [4] after wire_sr(RightIn, POS) CENSUS DIFF: Node 632 -> 632 ; 0 new uid(s): []
  FACT  [4] *** POS RightIn row #10407 t6 <-> reg_index 1: node terminal carries wire 23963 ; the RIGHT register's INSIDE terminal carries [23963] ; ONE NON-ZERO WIRE UID AT BOTH ENDS: True ***
  FACT  ExecState [19 [UNIT] after the POS RightIn row on #10407] = 0   (+201.7 s, read cost 0.00 s)
  FACT  [UNIT] after the POS RightIn row on #10407: ExecState 0 - NOT 1, so no intermediate file is written at this boundary
  FACT  [4] VISA LeftIn #48 terminal table of #48 (Diagram idx 22, Nodes[4], echo 48): 7 terminal(s)
  FACT      [4] VISA LeftIn #48 t0  '-Inc reference'                   is_source=False wire=23889   errs=[0, 0, 0, 0]
  FACT      [4] VISA LeftIn #48 t1  '+Inc reference'                   is_source=False wire=23804   errs=[0, 0, 0, 0]
  FACT      [4] VISA LeftIn #48 t2  'Focus inc reference'              is_source=False wire=23811   errs=[0, 0, 0, 0]
  FACT      [4] VISA LeftIn #48 t3  'VISA resource name'               is_source=False wire=0       errs=[0, 0, 0, 1055]
  FACT      [4] VISA LeftIn #48 t4  'In position'                      is_source=False wire=0       errs=[0, 0, 0, 1055]
  FACT      [4] VISA LeftIn #48 t5  'Out position'                     is_source=True  wire=23829   errs=[0, 0, 0, 0]
  FACT      [4] VISA LeftIn #48 t6  'Outgoing Handle'                  is_source=True  wire=23820   errs=[0, 0, 0, 0]
  FACT  [4] VISA LeftIn row: node #48 at Nodes[4] of Diagram #23058 [traverse 22], terminal 3 resolved by NAME 'VISA resource name' (unique among 5 sink terminals)
  FACT  [4] before wire_sr(LeftIn, VISA) A7 ECHO: report_all('WhileLoop')[2].uid == 23032 (want #23032; 6 WhileLoop row(s))
  FACT  [4] before wire_sr(LeftIn, VISA) REGECHO: shift_reg[reg_index=0].uid == 23856 (want #23856)
  FACT  [4] before wire_sr(LeftIn, VISA) node census: 632 rows
  FACT  [4] wire_sr('LeftIn', loop_index=2, reg_index=0, node_index=4, term_index=3) -> error '' (0.05 s)
  FACT  [4] after wire_sr(LeftIn, VISA) AFTER node census: 632 rows
  FACT  [4] after wire_sr(LeftIn, VISA) CENSUS DIFF: Node 632 -> 632 ; 0 new uid(s): []
  FACT  [4] *** VISA LeftIn row #48 t3 <-> reg_index 0: node terminal carries wire 23985 ; the LEFT register's INSIDE terminal carries [23985] ; ONE NON-ZERO WIRE UID AT BOTH ENDS: True ***
  FACT  ExecState [20 [UNIT] after the VISA LeftIn row on #48] = 0   (+203.4 s, read cost 0.00 s)
  FACT  [UNIT] after the VISA LeftIn row on #48: ExecState 0 - NOT 1, so no intermediate file is written at this boundary
  FACT  [4] POS LeftIn #48 terminal table of #48 (Diagram idx 22, Nodes[4], echo 48): 7 terminal(s)
  FACT      [4] POS LeftIn #48 t0  '-Inc reference'                   is_source=False wire=23889   errs=[0, 0, 0, 0]
  FACT      [4] POS LeftIn #48 t1  '+Inc reference'                   is_source=False wire=23804   errs=[0, 0, 0, 0]
  FACT      [4] POS LeftIn #48 t2  'Focus inc reference'              is_source=False wire=23811   errs=[0, 0, 0, 0]
  FACT      [4] POS LeftIn #48 t3  'VISA resource name'               is_source=False wire=23985   errs=[0, 0, 0, 0]
  FACT      [4] POS LeftIn #48 t4  'In position'                      is_source=False wire=0       errs=[0, 0, 0, 1055]
  FACT      [4] POS LeftIn #48 t5  'Out position'                     is_source=True  wire=23829   errs=[0, 0, 0, 0]
  FACT      [4] POS LeftIn #48 t6  'Outgoing Handle'                  is_source=True  wire=23820   errs=[0, 0, 0, 0]
  FACT  [4] POS LeftIn row: node #48 at Nodes[4] of Diagram #23058 [traverse 22], terminal 4 resolved by NAME 'In position' (unique among 5 sink terminals)
  FACT  [4] before wire_sr(LeftIn, POS) A7 ECHO: report_all('WhileLoop')[2].uid == 23032 (want #23032; 6 WhileLoop row(s))
  FACT  [4] before wire_sr(LeftIn, POS) REGECHO: shift_reg[reg_index=1].uid == 23880 (want #23880)
  FACT  [4] before wire_sr(LeftIn, POS) node census: 632 rows
  FACT  [4] wire_sr('LeftIn', loop_index=2, reg_index=1, node_index=4, term_index=4) -> error '' (0.04 s)
  FACT  [4] after wire_sr(LeftIn, POS) AFTER node census: 632 rows
  FACT  [4] after wire_sr(LeftIn, POS) CENSUS DIFF: Node 632 -> 632 ; 0 new uid(s): []
  FACT  [4] *** POS LeftIn row #48 t4 <-> reg_index 1: node terminal carries wire 24002 ; the LEFT register's INSIDE terminal carries [24002] ; ONE NON-ZERO WIRE UID AT BOTH ENDS: True ***
  FACT  ExecState [21 [UNIT] after the POS LeftIn row on #48] = 0   (+205.0 s, read cost 0.00 s)
  FACT  [UNIT] after the POS LeftIn row on #48: ExecState 0 - NOT 1, so no intermediate file is written at this boundary
  FACT  [4] SR ROWS LANDED: 4 of 4
  FACT  [4] NOT CALLED, DELIBERATELY OUT OF SCOPE: wire_sr('LeftOutNode') and wire_sr('LeftOutCtl') - the registers' INITIAL VALUES are STAGE M3a-2. An uninitialised register is legal LabVIEW and the initial values are a rule-1a question, not a compile question.

---------- [5] THE FIFTH ROW: #10407 t1 '# slices in stack', VIA `connect_from_wire` OFF WIRE 9649
  FACT  [5] (i) SOURCE MEASURED ON THE LIVE TARGET: wire 9649 Terms[] walk [{'i': 0, 'is_source': True, 'owner_class': 'FlatSequenceInnerTunnel', 'owner_uid': 9655, 'recip': 9649}, {'i': 1, 'is_source': False, 'owner_class': 'LoopTunnel', 'owner_uid': 9641, 'recip': 9649}, {'i': 2, 'is_source': False, 'owner_class': '', 'owner_uid': 0, 'recip': 0}] -> SOURCE endpoint {'i': 0, 'is_source': True, 'owner_class': 'FlatSequenceInnerTunnel', 'owner_uid': 9655, 'recip': 9649}
  FACT  [5] (a) SOURCE WIRE 9649 IMMEDIATELY BEFORE THE t1 BORDER WRITE OpWireSource_v5(UID 2 = 9649): 3 row(s), 2 with a REAL owner
  FACT      [5] (a) SOURCE WIRE 9649 IMMEDIATELY BEFORE THE t1 BORDER WRITE   t0  is_source=True  owner_class='FlatSequenceInnerTunnel'  owner_uid=9655    recip=9649
  FACT      [5] (a) SOURCE WIRE 9649 IMMEDIATELY BEFORE THE t1 BORDER WRITE   t1  is_source=False owner_class='LoopTunnel'               owner_uid=9641    recip=9649
  FACT      [5] (a) SOURCE WIRE 9649 IMMEDIATELY BEFORE THE t1 BORDER WRITE   t2  is_source=False owner_class=''                         owner_uid=0       recip=0
  FACT  [5] (a) SOURCE WIRE 9649 IMMEDIATELY BEFORE THE t1 BORDER WRITE PD85 PRECONDITION: 2 real-owner row(s), 0 violate recip==queried_uid
  FACT  [5] (i) source terminal index 0, owner #9655 'FlatSequenceInnerTunnel' (recorded owner #9655 ; match True)
  FACT  [5] (ii) SINK RE-READ ON THE LIVE POST-MOVE TARGET: #10407 at Diagram idx 22 Nodes[5], terminal 1 resolved by NAME '# slices in stack' (unique among 5 sink terminals) ; it currently carries wire 0 (NEVER carried from the pre-move census - T2c2)
  FACT  [5] baselines before the write: {'LoopTunnel': 135, 'Tunnel': 475, 'Wire': 1918, 'loop_23032_terminals': 5}
  FACT  [5] before connect_from_wire node census: 632 rows
  FACT  [5] connect_from_wire(wire=9649, wire_term=0, sink_diag=22, sink_node=5, sink_term=1) -> {'wire_delta': 1, 'exec_state': 0, 'op_error': '', 'op_readback': {'err_uidvi': '', 'err_wirepn': '', 'UID 2': 24009, 'Is Broken?': False, 'Name': '# slices in stack'}} (0.34 s)
  FACT  [5] (a) LoopTunnel 135 -> 136 (delta 1): this write CREATED a LoopTunnel
  FACT  [5] (a) SOURCE WIRE 9649 IMMEDIATELY AFTER THE WRITE, BEFORE THE PURGE OpWireSource_v5(UID 2 = 9649): 1 row(s), 0 with a REAL owner
  FACT      [5] (a) SOURCE WIRE 9649 IMMEDIATELY AFTER THE WRITE, BEFORE THE PURGE   t0  is_source=False owner_class=''                         owner_uid=0       recip=0
  FACT  [5] (a) SOURCE WIRE 9649 IMMEDIATELY AFTER THE WRITE, BEFORE THE PURGE PD85 PRECONDITION: 0 real-owner row(s), 0 violate recip==queried_uid
  FACT  [5] (a) the sink terminal #10407 t1 carries wire 24009 immediately after the write (last run's `UID 2` readback was 24009 - RECORDED, never carried)
  FACT  [5] (a) SINK WIRE 24009 IMMEDIATELY AFTER THE WRITE OpWireSource_v5(UID 2 = 24009): 3 row(s), 2 with a REAL owner
  FACT      [5] (a) SINK WIRE 24009 IMMEDIATELY AFTER THE WRITE   t0  is_source=True  owner_class='LoopTunnel'               owner_uid=24035   recip=24009
  FACT      [5] (a) SINK WIRE 24009 IMMEDIATELY AFTER THE WRITE   t1  is_source=False owner_class='SelectorTunnel'           owner_uid=9623    recip=24009
  FACT      [5] (a) SINK WIRE 24009 IMMEDIATELY AFTER THE WRITE   t2  is_source=False owner_class=''                         owner_uid=0       recip=0
  FACT  [5] (a) SINK WIRE 24009 IMMEDIATELY AFTER THE WRITE PD85 PRECONDITION: 2 real-owner row(s), 0 violate recip==queried_uid
  FACT  [5](a) the t1 border row, immediately after the write PD86 OUTCOME A: the post-write walk of source wire 9649 is WHOLLY NULL - the write replaced that wire; same-T is undecidable on the old uid and the gate decides on the SINK side alone (sink_ok True)
  FACT  [5](a) the t1 border row, immediately after the write IDENTITY: source wire 9649 LoopTunnel SINK owners [9641] -> [] (NEW []) ; ALL sink terminals on the source wire [('LoopTunnel', 9641), ('', 0)] -> [('', 0)] ; ALL source terminals on it []
  FACT  [5](a) the t1 border row, immediately after the write IDENTITY (FIX 4, COUNT BEFORE FILTER): sink wire 24009 has 1 source terminal(s) OF ANY CLASS [('LoopTunnel', 24035)] (want EXACTLY 1) ; of those 1 are LoopTunnel-owned [24035] ; the ONE is the new LoopTunnel T: False ; SAME uid T on both sides: None
  PASS  A3-ID [5](a) the t1 border row, immediately after the write: the SAME LoopTunnel uid is a SINK on the source wire and the SOURCE of the sink wire (Pre-decided 70)  T=None ; new-on-source [] ; sink-side LoopTunnel [24035] ; sink wire 24009 ; ALL source terminals on the sink wire 1 [('LoopTunnel', 24035)] (want exactly 1, and it must be T - FIX 4) ; PD85 violations 0 (want 0)
  FACT  [5] after the t1 row AFTER node census: 633 rows
  FACT  [5] after the t1 row CENSUS DIFF: Node 632 -> 633 ; 1 new uid(s): [(9649, 'Invoke', (4593, 2718))]
  FACT  [5] after the t1 row new #9649 #9649 lives at: {'diagram_index': 22, 'diagram_uid': 23058, 'diagram_class': 'Diagram', 'nodes_index': 8, 'nodes_on_diagram': 9, 'label': 'Invoke Node'}  (1 diagram(s) scanned of 173, 0.2 s)
  FACT  [5] after the t1 row new #9649 terminal table of #9649 (Diagram idx 22, Nodes[8], echo 9649): 6 terminal(s)
  FACT      [5] after the t1 row new #9649 t0  'reference'                        is_source=False wire=0       errs=[0, 0, 0, 1055]
  FACT      [5] after the t1 row new #9649 t1  'reference out'                    is_source=True  wire=0       errs=[0, 0, 0, 1055]
  FACT      [5] after the t1 row new #9649 t2  'error in (no error)'              is_source=False wire=0       errs=[0, 0, 0, 1055]
  FACT      [5] after the t1 row new #9649 t3  'error out'                        is_source=True  wire=0       errs=[0, 0, 0, 1055]
  FACT      [5] after the t1 row new #9649 t4  'Method'                           is_source=False wire=0       errs=[0, 0, 0, 1055]
  FACT      [5] after the t1 row new #9649 t5  'Method'                           is_source=True  wire=0       errs=[0, 0, 0, 1055]
  FACT  [5] after the t1 row THE JUNK NODE'S FULL TERMINAL TABLE IS PRINTED ABOVE; 6 terminal(s), 0 WIRED - the purge precondition (ZERO wired) HOLDS
  FACT  [5] after the t1 row purge delete Node #9649 at index 98: gone [9649], error '', census 633 -> 632, still present False (1.26 s)
  FACT  [5] after the t1 row AFTER THE PURGE (the next step's baseline) node census: 632 rows
  FACT  [5] after the t1 row purge arithmetic: Node 632 -> 633 -> 632 (pre-call value 632)
  FACT  [5] *** PRE-DECIDED 71 MEASUREMENT: the call MINTED [(9649, 'Invoke', (4593, 2718))] ; the op's own `UID 2` readback (the wire it created at the sink) is 24009 ; MINTED UID == THE LIVE SOURCE WIRE UID 9649 : True. Last run the junk `Invoke` carried 9649 - the source wire's own uid - while every other object created took a monotonic uid in the 23,800-24,009 band. This FACT never gates the run. ***
  FACT  [5] (b) SOURCE WIRE 9649 AFTER THE JUNK PURGE OpWireSource_v5(UID 2 = 9649): 3 row(s), 2 with a REAL owner
  FACT      [5] (b) SOURCE WIRE 9649 AFTER THE JUNK PURGE   t0  is_source=True  owner_class='LoopTunnel'               owner_uid=24035   recip=24009
  FACT      [5] (b) SOURCE WIRE 9649 AFTER THE JUNK PURGE   t1  is_source=False owner_class='SelectorTunnel'           owner_uid=9623    recip=24009
  FACT      [5] (b) SOURCE WIRE 9649 AFTER THE JUNK PURGE   t2  is_source=False owner_class=''                         owner_uid=0       recip=0
  FACT  [5] (b) SOURCE WIRE 9649 AFTER THE JUNK PURGE PD85 PRECONDITION: 2 real-owner row(s), 2 violate recip==queried_uid -> [(0, 'LoopTunnel', 24035, 24009), (1, 'SelectorTunnel', 9623, 24009)] - THIS WALK IS NOT BELIEVED (Pre-decided 85)
  FACT  [5] (b) SINK WIRE 24009 AFTER THE JUNK PURGE OpWireSource_v5(UID 2 = 24009): 3 row(s), 2 with a REAL owner
  FACT      [5] (b) SINK WIRE 24009 AFTER THE JUNK PURGE   t0  is_source=True  owner_class='LoopTunnel'               owner_uid=24035   recip=24009
  FACT      [5] (b) SINK WIRE 24009 AFTER THE JUNK PURGE   t1  is_source=False owner_class='SelectorTunnel'           owner_uid=9623    recip=24009
  FACT      [5] (b) SINK WIRE 24009 AFTER THE JUNK PURGE   t2  is_source=False owner_class=''                         owner_uid=0       recip=0
  FACT  [5] (b) SINK WIRE 24009 AFTER THE JUNK PURGE PD85 PRECONDITION: 2 real-owner row(s), 0 violate recip==queried_uid
  FACT  [5](b) the t1 border row, after the junk purge IDENTITY: source wire 9649 LoopTunnel SINK owners [9641] -> [] (NEW []) ; ALL sink terminals on the source wire [('LoopTunnel', 9641), ('', 0)] -> [('SelectorTunnel', 9623), ('', 0)] ; ALL source terminals on it [('LoopTunnel', 24035)]
  FACT  [5](b) the t1 border row, after the junk purge IDENTITY (FIX 4, COUNT BEFORE FILTER): sink wire 24009 has 1 source terminal(s) OF ANY CLASS [('LoopTunnel', 24035)] (want EXACTLY 1) ; of those 1 are LoopTunnel-owned [24035] ; the ONE is the new LoopTunnel T: False ; SAME uid T on both sides: None
  FAIL  A3-ID [5](b) the t1 border row, after the junk purge: the SAME LoopTunnel uid is a SINK on the source wire and the SOURCE of the sink wire (Pre-decided 70)  T=None ; new-on-source [] ; sink-side LoopTunnel [24035] ; sink wire 24009 ; ALL source terminals on the sink wire 1 [('LoopTunnel', 24035)] (want exactly 1, and it must be T - FIX 4) ; PD85 violations 2 (want 0)
  FACT  [5] *** BORDER-ROW REPORT - A3 IS WITHDRAWN AS AN ACCEPTANCE TEST BY PRE-DECIDED 70 AND THESE FOUR NUMBERS ARE NOW FACT LINES ONLY; the acceptance test is the A3-ID identity gate above: wire_delta 1 (the old expectation was 3) ; SOURCE-side wire 9649 vs SINK-side wire 24009 -> TWO DIFFERENT uids True ; `Wire.Is Broken?` False ; sink WIRED-terminal count 6 -> 7 ; LANDED True ***
  FACT  [5] THE ONE-WIRE-UID-AT-BOTH-ENDS CHECK IS DELIBERATELY NOT APPLIED TO THIS ROW: LabVIEW auto-tunnels #23032's border (docs/toolkit-capabilities.md:68, docs/cycle27-plan.md:2477-2479), so a CORRECT border wire reads TWO different uids. Same-diagram rows keep that check unchanged.
  FACT  [5] *** THE AUTO-TUNNEL MEASUREMENT: before {'LoopTunnel': 135, 'Tunnel': 475, 'Wire': 1918, 'loop_23032_terminals': 5} -> after {'LoopTunnel': 136, 'Tunnel': 476, 'Wire': 1919, 'loop_23032_terminals': 6} ***
  FACT  ExecState [22 [UNIT] after the t1 row #10407 t1] = 0   (+213.4 s, read cost 0.00 s)
  FACT  [UNIT] after the t1 row #10407 t1: ExecState 0 - NOT 1, so no intermediate file is written at this boundary

---------- [5b] THE SIXTH ROW: SelectorTunnel #12673 (row label `Q_focusback`) <- #10407 t6 'position [internal units]', VIA `connect_from_wire` OFF t6's LIVE NET
  OBSERVED uid 12673 -> owner 'CaseStructure' uid 12589 | self 'SelectorTunnel'#12673 | 482 says 'CaseStructure' cast 'CaseStructure' |  
  FACT  [5b] OWNER CHAIN hop 1: #12673 -> owner_class 'CaseStructure' owner_uid 12589
  FACT  [5b] FIX 1(b) FACT, NOT A GATE: the MEASURED owning Case Structure uid is 12589 ; the recorded census value is 12589 (tools/bench/main_vi_nodeterms.json:14287) ; EQUAL True. THE MEASUREMENT GOVERNS - a mismatch is reported and the walk below still decides the row.
  FACT  [5b] the owning CaseStructure #12589 #12589 lives at: {'diagram_index': 48, 'diagram_uid': 639, 'diagram_class': 'Diagram', 'nodes_index': 47, 'nodes_on_diagram': 68, 'label': 'Case Structure'}  (49 diagram(s) scanned of 173, 1.8 s)
  FACT  [5b] the owning CaseStructure #12589 terminal table of #12589 (Diagram idx 48, Nodes[47], echo 12589): 3 terminal(s)
  FACT      [5b] the owning CaseStructure #12589 t0  ''                                 is_source=False wire=3050    errs=[0, 0, 0, 0]
  FACT      [5b] the owning CaseStructure #12589 t1  'position [internal units]'        is_source=False wire=9113    errs=[0, 0, 0, 0]
  FACT      [5b] the owning CaseStructure #12589 t2  ''                                 is_source=True  wire=12070   errs=[0, 0, 0, 0]
  FACT  [5b] (2) Terms[t0] of #12589 carries wire 3050 OpWireSource_v5(UID 2 = 3050): 5 row(s), 4 with a REAL owner
  FACT      [5b] (2) Terms[t0] of #12589 carries wire 3050   t0  is_source=True  owner_class='Function'                 owner_uid=3057    recip=3050
  FACT      [5b] (2) Terms[t0] of #12589 carries wire 3050   t1  is_source=False owner_class='Tunnel'                   owner_uid=3302    recip=3050
  FACT      [5b] (2) Terms[t0] of #12589 carries wire 3050   t2  is_source=False owner_class='Function'                 owner_uid=10686   recip=3050
  FACT      [5b] (2) Terms[t0] of #12589 carries wire 3050   t3  is_source=False owner_class='Tunnel'                   owner_uid=12633   recip=3050
  FACT      [5b] (2) Terms[t0] of #12589 carries wire 3050   t4  is_source=False owner_class=''                         owner_uid=0       recip=0
  FACT  [5b] (2) Terms[t0] of #12589 carries wire 3050 PD85 PRECONDITION: 4 real-owner row(s), 0 violate recip==queried_uid
  FACT  [5b] (2) ENTRY t0  name ''                             is_source False wire 3050    EXPOSES owner uid(s) [3057, 3302, 10686, 12633]
  FACT  [5b] (2) Terms[t1] of #12589 carries wire 9113 OpWireSource_v5(UID 2 = 9113): 3 row(s), 2 with a REAL owner
  FACT      [5b] (2) Terms[t1] of #12589 carries wire 9113   t0  is_source=False owner_class='RightShiftRegister'       owner_uid=4256    recip=9113
  FACT      [5b] (2) Terms[t1] of #12589 carries wire 9113   t1  is_source=False owner_class='SelectorTunnel'           owner_uid=12673   recip=9113
  FACT      [5b] (2) Terms[t1] of #12589 carries wire 9113   t2  is_source=False owner_class=''                         owner_uid=0       recip=0
  FACT  [5b] (2) Terms[t1] of #12589 carries wire 9113 PD85 PRECONDITION: 2 real-owner row(s), 0 violate recip==queried_uid
  FACT  [5b] (2) ENTRY t1  name 'position [internal units]'    is_source False wire 9113    EXPOSES owner uid(s) [4256, 12673]
  FACT  [5b] (2) Terms[t2] of #12589 carries wire 12070 OpWireSource_v5(UID 2 = 12070): 3 row(s), 2 with a REAL owner
  FACT      [5b] (2) Terms[t2] of #12589 carries wire 12070   t0  is_source=True  owner_class='SelectorTunnel'           owner_uid=12081   recip=12070
  FACT      [5b] (2) Terms[t2] of #12589 carries wire 12070   t1  is_source=False owner_class='CompoundArithmetic'       owner_uid=11639   recip=12070
  FACT      [5b] (2) Terms[t2] of #12589 carries wire 12070   t2  is_source=False owner_class=''                         owner_uid=0       recip=0
  FACT  [5b] (2) Terms[t2] of #12589 carries wire 12070 PD85 PRECONDITION: 2 real-owner row(s), 0 violate recip==queried_uid
  FACT  [5b] (2) ENTRY t2  name ''                             is_source True  wire 12070   EXPOSES owner uid(s) [11639, 12081]
  FACT  [5b] FIX 1(d) FACT, NOT A GATE: the resolved entry's NAME is 'position [internal units]' ; the recorded census value is 'position [internal units]' (tools/bench/main_vi_nodeterms.json:14304) ; EQUAL True. The row label 'Q_focusback' is a FUTURE QUEUE name (docs/d1-build-plan.md:576) and is on NO lookup path (FIX 1).
  FACT  [5b] (2) SINK RESOLVED BY UID - Terms[t1] of #12589 is the ONE entry exposing uid 12673 (its wire 9113 carries a terminal owned by #12673) ; CaseStructure #12589 at Diagram idx 48 Nodes[47], terminal t1, is_source False, it currently carries wire 9113 (NEVER a carried index - T2c2)
  FACT  [5b] (3) #10407 t6 'position [internal units]' resolved by NAME 'position [internal units]' (unique among 2 source terminals) ; ITS LIVE NET IS 23963 (last run's was 23963 ; equal True). The LIVE value is what is used - this uid is minted by THIS build, so the recorded one is only compared.
  FACT  [5b] (3) t6's LIVE net 23963 BEFORE the write OpWireSource_v5(UID 2 = 23963): 3 row(s), 2 with a REAL owner
  FACT      [5b] (3) t6's LIVE net 23963 BEFORE the write   t0  is_source=True  owner_class='SelectorTunnel'           owner_uid=2017    recip=23963
  FACT      [5b] (3) t6's LIVE net 23963 BEFORE the write   t1  is_source=False owner_class='RightShiftRegister'       owner_uid=23880   recip=23963
  FACT      [5b] (3) t6's LIVE net 23963 BEFORE the write   t2  is_source=False owner_class=''                         owner_uid=0       recip=0
  FACT  [5b] (3) t6's LIVE net 23963 BEFORE the write PD85 PRECONDITION: 2 real-owner row(s), 0 violate recip==queried_uid
  PASS  A5 the sixth row is ADDRESSABLE: #12673's owner chain reaches a Case Structure one of whose Terms[] entries EXPOSES UID 12673  CaseStructure #12589, Diagram idx 48 Nodes[47], t1 ; source net 23963 t0
  FACT  [5b] before connect_from_wire node census: 632 rows
  FACT  [5b] connect_from_wire(wire=23963, wire_term=0, sink_diag=48, sink_node=47, sink_term=1) -> {'wire_delta': 1, 'exec_state': 0, 'op_error': '', 'op_readback': {'err_uidvi': '', 'err_wirepn': '', 'UID 2': 9113, 'Is Broken?': False, 'Name': 'position [internal units]'}} (0.33 s)
  FACT  [5b] LoopTunnel 136 -> 138 (delta 2): this write CREATED a LoopTunnel, so Pre-decided 70's identity gate APPLIES to it
  FACT  [5b] SOURCE net 23963 IMMEDIATELY AFTER THE WRITE, BEFORE THE PURGE OpWireSource_v5(UID 2 = 23963): 1 row(s), 0 with a REAL owner
  FACT      [5b] SOURCE net 23963 IMMEDIATELY AFTER THE WRITE, BEFORE THE PURGE   t0  is_source=False owner_class=''                         owner_uid=0       recip=0
  FACT  [5b] SOURCE net 23963 IMMEDIATELY AFTER THE WRITE, BEFORE THE PURGE PD85 PRECONDITION: 0 real-owner row(s), 0 violate recip==queried_uid
  FACT  [5b] SINK WIRE 9113 IMMEDIATELY AFTER THE WRITE OpWireSource_v5(UID 2 = 9113): 4 row(s), 3 with a REAL owner
  FACT      [5b] SINK WIRE 9113 IMMEDIATELY AFTER THE WRITE   t0  is_source=True  owner_class='LoopTunnel'               owner_uid=24018   recip=9113
  FACT      [5b] SINK WIRE 9113 IMMEDIATELY AFTER THE WRITE   t1  is_source=False owner_class='SelectorTunnel'           owner_uid=12673   recip=9113
  FACT      [5b] SINK WIRE 9113 IMMEDIATELY AFTER THE WRITE   t2  is_source=False owner_class='RightShiftRegister'       owner_uid=4256    recip=9113
  FACT      [5b] SINK WIRE 9113 IMMEDIATELY AFTER THE WRITE   t3  is_source=False owner_class=''                         owner_uid=0       recip=0
  FACT  [5b] SINK WIRE 9113 IMMEDIATELY AFTER THE WRITE PD85 PRECONDITION: 3 real-owner row(s), 0 violate recip==queried_uid
  FACT  [5b] the sixth row PD86 OUTCOME A: the post-write walk of source wire 23963 is WHOLLY NULL - the write replaced that wire; same-T is undecidable on the old uid and the gate decides on the SINK side alone (sink_ok True)
  FACT  [5b] the sixth row IDENTITY: source wire 23963 LoopTunnel SINK owners [] -> [] (NEW []) ; ALL sink terminals on the source wire [('RightShiftRegister', 23880), ('', 0)] -> [('', 0)] ; ALL source terminals on it []
  FACT  [5b] the sixth row IDENTITY (FIX 4, COUNT BEFORE FILTER): sink wire 9113 has 1 source terminal(s) OF ANY CLASS [('LoopTunnel', 24018)] (want EXACTLY 1) ; of those 1 are LoopTunnel-owned [24018] ; the ONE is the new LoopTunnel T: False ; SAME uid T on both sides: None
  PASS  A3-ID [5b] the sixth row: the SAME LoopTunnel uid is a SINK on the source wire and the SOURCE of the sink wire (Pre-decided 70)  T=None ; new-on-source [] ; sink-side LoopTunnel [24018] ; sink wire 9113 ; ALL source terminals on the sink wire 1 [('LoopTunnel', 24018)] (want exactly 1, and it must be T - FIX 4) ; PD85 violations 0 (want 0)
  FACT  [5b] after the sixth row AFTER node census: 633 rows
  FACT  [5b] after the sixth row CENSUS DIFF: Node 632 -> 633 ; 1 new uid(s): [(9649, 'Invoke', (2639, 933))]
  FACT  [5b] after the sixth row new #9649 #9649 lives at: {'diagram_index': 48, 'diagram_uid': 639, 'diagram_class': 'Diagram', 'nodes_index': 68, 'nodes_on_diagram': 69, 'label': 'Invoke Node'}  (49 diagram(s) scanned of 173, 1.8 s)
  FACT  [5b] after the sixth row new #9649 terminal table of #9649 (Diagram idx 48, Nodes[68], echo 9649): 6 terminal(s)
  FACT      [5b] after the sixth row new #9649 t0  'reference'                        is_source=False wire=0       errs=[0, 0, 0, 1055]
  FACT      [5b] after the sixth row new #9649 t1  'reference out'                    is_source=True  wire=0       errs=[0, 0, 0, 1055]
  FACT      [5b] after the sixth row new #9649 t2  'error in (no error)'              is_source=False wire=0       errs=[0, 0, 0, 1055]
  FACT      [5b] after the sixth row new #9649 t3  'error out'                        is_source=True  wire=0       errs=[0, 0, 0, 1055]
  FACT      [5b] after the sixth row new #9649 t4  'Method'                           is_source=False wire=0       errs=[0, 0, 0, 1055]
  FACT      [5b] after the sixth row new #9649 t5  'Method'                           is_source=True  wire=0       errs=[0, 0, 0, 1055]
  FACT  [5b] after the sixth row THE JUNK NODE'S FULL TERMINAL TABLE IS PRINTED ABOVE; 6 terminal(s), 0 WIRED - the purge precondition (ZERO wired) HOLDS
  FACT  [5b] after the sixth row purge delete Node #9649 at index 178: gone [9649], error '', census 633 -> 632, still present False (1.27 s)
  FACT  [5b] after the sixth row AFTER THE PURGE (the next step's baseline) node census: 632 rows
  FACT  [5b] after the sixth row purge arithmetic: Node 632 -> 633 -> 632 (pre-call value 632)
  FACT  [5b] PRE-DECIDED 71 MEASUREMENT: the call MINTED [(9649, 'Invoke', (2639, 933))] ; `UID 2` readback 9113 ; MINTED UID == THE LIVE SOURCE NET 23963 : False. This FACT never gates the run.
  FACT  [5b] *** THE SIXTH ROW: sink terminal t1 of CaseStructure #12589 carries wire 9113 ; CaseStructure WIRED-terminal count 3 -> 3 ; `Wire.Is Broken?` False ; LANDED False. THE DECIDING GATE IS A4 BELOW, WHICH RE-READS #10407 t6's NET AND LOOKS FOR #12673 ON IT. ***
  FACT  ExecState [23 [UNIT] after the sixth row SelectorTunnel #12673 (row label `Q_focusback`)] = 0   (+224.5 s, read cost 0.00 s)
  FACT  [UNIT] after the sixth row SelectorTunnel #12673 (row label `Q_focusback`): ExecState 0 - NOT 1, so no intermediate file is written at this boundary

---------- [6] FULL `node_terms` CENSUS OF THE SEVEN MOVED NODES PLUS BOTH SHIFT REGISTERS
  FACT  ExecState [24 [6] at the census] = 0   (+224.5 s, read cost 0.00 s)
  FACT  [6] #3529 - Inc (PgDn) #3529 lives at: {'diagram_index': 22, 'diagram_uid': 23058, 'diagram_class': 'Diagram', 'nodes_index': 1, 'nodes_on_diagram': 8, 'label': '- Inc (PgDn)'}  (1 diagram(s) scanned of 173, 0.2 s)
  FACT  [6] #3529 - Inc (PgDn) terminal table of #3529 (Diagram idx 22, Nodes[1], echo 3529): 1 terminal(s)
  FACT      [6] #3529 - Inc (PgDn) t0  '- Inc (PgDn)'                     is_source=True  wire=23889   errs=[0, 0, 0, 0]
  FACT  [6] #3529 '- Inc (PgDn)': 1 terminal(s), 1 WIRED, 0 with WireUID 0
  FACT  [6] #3560 + Inc (PgUp) #3560 lives at: {'diagram_index': 22, 'diagram_uid': 23058, 'diagram_class': 'Diagram', 'nodes_index': 2, 'nodes_on_diagram': 8, 'label': '+ Inc (PgUp)'}  (1 diagram(s) scanned of 173, 0.2 s)
  FACT  [6] #3560 + Inc (PgUp) terminal table of #3560 (Diagram idx 22, Nodes[2], echo 3560): 1 terminal(s)
  FACT      [6] #3560 + Inc (PgUp) t0  '+ Inc (PgUp)'                     is_source=True  wire=23804   errs=[0, 0, 0, 0]
  FACT  [6] #3560 '+ Inc (PgUp)': 1 terminal(s), 1 WIRED, 0 with WireUID 0
  FACT  [6] #3447 Focus Step (F1) #3447 lives at: {'diagram_index': 22, 'diagram_uid': 23058, 'diagram_class': 'Diagram', 'nodes_index': 3, 'nodes_on_diagram': 8, 'label': 'Focus Step (F1)'}  (1 diagram(s) scanned of 173, 0.2 s)
  FACT  [6] #3447 Focus Step (F1) terminal table of #3447 (Diagram idx 22, Nodes[3], echo 3447): 1 terminal(s)
  FACT      [6] #3447 Focus Step (F1) t0  'Focus Step (F1)'                  is_source=True  wire=23811   errs=[0, 0, 0, 0]
  FACT  [6] #3447 'Focus Step (F1)': 1 terminal(s), 1 WIRED, 0 with WireUID 0
  FACT  [6] #48 ASI_adjust focus-subvi.vi #48 lives at: {'diagram_index': 22, 'diagram_uid': 23058, 'diagram_class': 'Diagram', 'nodes_index': 4, 'nodes_on_diagram': 8, 'label': 'ASI_adjust focus-subvi.vi'}  (1 diagram(s) scanned of 173, 0.2 s)
  FACT  [6] #48 ASI_adjust focus-subvi.vi terminal table of #48 (Diagram idx 22, Nodes[4], echo 48): 7 terminal(s)
  FACT      [6] #48 ASI_adjust focus-subvi.vi t0  '-Inc reference'                   is_source=False wire=23889   errs=[0, 0, 0, 0]
  FACT      [6] #48 ASI_adjust focus-subvi.vi t1  '+Inc reference'                   is_source=False wire=23804   errs=[0, 0, 0, 0]
  FACT      [6] #48 ASI_adjust focus-subvi.vi t2  'Focus inc reference'              is_source=False wire=23811   errs=[0, 0, 0, 0]
  FACT      [6] #48 ASI_adjust focus-subvi.vi t3  'VISA resource name'               is_source=False wire=23985   errs=[0, 0, 0, 0]
  FACT      [6] #48 ASI_adjust focus-subvi.vi t4  'In position'                      is_source=False wire=24002   errs=[0, 0, 0, 0]
  FACT      [6] #48 ASI_adjust focus-subvi.vi t5  'Out position'                     is_source=True  wire=23829   errs=[0, 0, 0, 0]
  FACT      [6] #48 ASI_adjust focus-subvi.vi t6  'Outgoing Handle'                  is_source=True  wire=23820   errs=[0, 0, 0, 0]
  FACT  [6] #48 'ASI_adjust focus-subvi.vi': 7 terminal(s), 7 WIRED, 0 with WireUID 0
  FACT  [6] #10407 Case Structure #10407 lives at: {'diagram_index': 22, 'diagram_uid': 23058, 'diagram_class': 'Diagram', 'nodes_index': 5, 'nodes_on_diagram': 8, 'label': 'Case Structure'}  (1 diagram(s) scanned of 173, 0.2 s)
  FACT  [6] #10407 Case Structure terminal table of #10407 (Diagram idx 22, Nodes[5], echo 10407): 7 terminal(s)
  FACT      [6] #10407 Case Structure t0  ''                                 is_source=False wire=23838   errs=[0, 0, 0, 0]
  FACT      [6] #10407 Case Structure t1  '# slices in stack'                is_source=False wire=24009   errs=[0, 0, 0, 0]
  FACT      [6] #10407 Case Structure t2  'index'                            is_source=False wire=23847   errs=[0, 0, 0, 0]
  FACT      [6] #10407 Case Structure t3  'Outgoing Handle'                  is_source=False wire=23820   errs=[0, 0, 0, 0]
  FACT      [6] #10407 Case Structure t4  'VISA out'                         is_source=True  wire=23952   errs=[0, 0, 0, 0]
  FACT      [6] #10407 Case Structure t5  'Out position'                     is_source=False wire=23829   errs=[0, 0, 0, 0]
  FACT      [6] #10407 Case Structure t6  'position [internal units]'        is_source=True  wire=24226   errs=[0, 0, 0, 0]
  FACT  [6] #10407 'Case Structure': 7 terminal(s), 7 WIRED, 0 with WireUID 0
  FACT  [6] #23499 Local (row 1 carrier) #23499 lives at: {'diagram_index': 22, 'diagram_uid': 23058, 'diagram_class': 'Diagram', 'nodes_index': 6, 'nodes_on_diagram': 8, 'label': 'WORK_C68M3A1_20260921_234216.vi'}  (1 diagram(s) scanned of 173, 0.2 s)
  FACT  [6] #23499 Local (row 1 carrier) terminal table of #23499 (Diagram idx 22, Nodes[6], echo 23499): 1 terminal(s)
  FACT      [6] #23499 Local (row 1 carrier) t0  'Automatic Error Handling'         is_source=True  wire=23838   errs=[0, 0, 0, 0]
  FACT  [6] #23499 'Local (row 1 carrier)': 1 terminal(s), 1 WIRED, 0 with WireUID 0
  FACT  [6] #23523 Local (row 2 carrier) #23523 lives at: {'diagram_index': 22, 'diagram_uid': 23058, 'diagram_class': 'Diagram', 'nodes_index': 7, 'nodes_on_diagram': 8, 'label': 'WORK_C68M3A1_20260921_234216.vi'}  (1 diagram(s) scanned of 173, 0.2 s)
  FACT  [6] #23523 Local (row 2 carrier) terminal table of #23523 (Diagram idx 22, Nodes[7], echo 23523): 1 terminal(s)
  FACT      [6] #23523 Local (row 2 carrier) t0  'index'                            is_source=True  wire=23847   errs=[0, 0, 0, 0]
  FACT  [6] #23523 'Local (row 2 carrier)': 1 terminal(s), 1 WIRED, 0 with WireUID 0
  FACT  [6] before the register read A7 ECHO: report_all('WhileLoop')[2].uid == 23032 (want #23032; 6 WhileLoop row(s))
  FACT  [6] VISA pair reg_index 0 -> right #23856 out {'name': 'VISA out', 'is_source': True, 'wire': 0} inside [{'name': 'VISA out', 'is_source': False, 'wire': 23952}] ; left #23868 out {'name': 'VISA out', 'is_source': False, 'wire': 0} inside [{'name': 'VISA out', 'is_source': True, 'wire': 23985}]
  FACT  [6] POS pair reg_index 1 -> right #23880 out {'name': 'position [internal units]', 'is_source': True, 'wire': 0} inside [{'name': 'position [internal units]', 'is_source': False, 'wire': 24226}] ; left #23909 out {'name': 'position [internal units]', 'is_source': False, 'wire': 0} inside [{'name': 'position [internal units]', 'is_source': True, 'wire': 24002}]

  *** [6] THE BARE LIST - EVERY TERMINAL WITH WireUID 0 (4 row(s)) ***
  FACT  [6] BARE  node #23856  'VISA SR right outer'      tNone 'VISA out'                         is_source=True  state=BARE (WireUID 0)
  FACT  [6] BARE  node #23868  'VISA SR left outer'       tNone 'VISA out'                         is_source=False state=BARE (WireUID 0)
  FACT  [6] BARE  node #23880  'POS SR right outer'       tNone 'position [internal units]'        is_source=True  state=BARE (WireUID 0)
  FACT  [6] BARE  node #23909  'POS SR left outer'        tNone 'position [internal units]'        is_source=False state=BARE (WireUID 0)
  FACT  [6] BARE LIST SIZE: 4 terminal(s) with WireUID 0

---------- [6b] A4 THE BARE-SINK GATE (FIX 3, consumer-anchored): does the CONSUMER entry that exposes SelectorTunnel #12673 still carry a wire, and is #12673 a sink on it?
  FACT  [6b] the CONSUMER entry: #12589 Terms[t1] name 'position [internal units]' re-read LIVE ; it carries wire 9113
  FACT  [6b] the CONSUMER's wire 9113 OpWireSource_v5(UID 2 = 9113): 4 row(s), 3 with a REAL owner
  FACT      [6b] the CONSUMER's wire 9113   t0  is_source=True  owner_class='LoopTunnel'               owner_uid=24018   recip=9113
  FACT      [6b] the CONSUMER's wire 9113   t1  is_source=False owner_class='SelectorTunnel'           owner_uid=12673   recip=9113
  FACT      [6b] the CONSUMER's wire 9113   t2  is_source=False owner_class='RightShiftRegister'       owner_uid=4256    recip=9113
  FACT      [6b] the CONSUMER's wire 9113   t3  is_source=False owner_class=''                         owner_uid=0       recip=0
  FACT  [6b] the CONSUMER's wire 9113 PD85 PRECONDITION: 3 real-owner row(s), 0 violate recip==queried_uid
  FACT  [6b] the CONSUMER's wire 9113: source terminal(s) OF ANY CLASS [('LoopTunnel', 24018)] (want EXACTLY 1) - the source's (class, uid) is a FACT, never a criterion
  FACT  [6b] PROV hop 0: wire 9113 <- source ('LoopTunnel', 24018)
  FACT  [6b] PROV hop 1 wire 24130 OpWireSource_v5(UID 2 = 24130): 3 row(s), 2 with a REAL owner
  FACT      [6b] PROV hop 1 wire 24130   t0  is_source=True  owner_class='LoopTunnel'               owner_uid=24154   recip=24130
  FACT      [6b] PROV hop 1 wire 24130   t1  is_source=False owner_class='LoopTunnel'               owner_uid=24018   recip=24130
  FACT      [6b] PROV hop 1 wire 24130   t2  is_source=False owner_class=''                         owner_uid=0       recip=0
  FACT  [6b] PROV hop 1 wire 24130 PD85 PRECONDITION: 2 real-owner row(s), 0 violate recip==queried_uid
  FACT  [6b] PROV hop 1: wire 24130 <- source ('LoopTunnel', 24154)
  FACT  [6b] PROV hop 2 wire 24226 OpWireSource_v5(UID 2 = 24226): 4 row(s), 3 with a REAL owner
  FACT      [6b] PROV hop 2 wire 24226   t0  is_source=True  owner_class='SelectorTunnel'           owner_uid=2017    recip=24226
  FACT      [6b] PROV hop 2 wire 24226   t1  is_source=False owner_class='LoopTunnel'               owner_uid=24154   recip=24226
  FACT      [6b] PROV hop 2 wire 24226   t2  is_source=False owner_class='RightShiftRegister'       owner_uid=23880   recip=24226
  FACT      [6b] PROV hop 2 wire 24226   t3  is_source=False owner_class=''                         owner_uid=0       recip=0
  FACT  [6b] PROV hop 2 wire 24226 PD85 PRECONDITION: 3 real-owner row(s), 0 violate recip==queried_uid
  FACT  [6b] PROV hop 2: wire 24226 <- source ('SelectorTunnel', 2017)
  FACT  [6b] PROVENANCE (Pre-decided 90): terminated at ('SelectorTunnel', 2017); predicted (SelectorTunnel, 2017): True ; 3 hop(s) [{'wire': 9113, 'source_class': 'LoopTunnel', 'source_uid': 24018}, {'wire': 24130, 'source_class': 'LoopTunnel', 'source_uid': 24154}, {'wire': 24226, 'source_class': 'SelectorTunnel', 'source_uid': 2017}] ; ok True
  FACT  [6b] *** #12673 (SelectorTunnel, row label `Q_focusback`) IS A NON-SOURCE TERMINAL OF THE CONSUMER'S OWN WIRE 9113 (class check True ; single-source True ; PD85 violations 0 ; walk error '') ***
  PASS  A4 no SINK that was wired on the bed is left bare by this stage (SelectorTunnel #12673, consumer-anchored + bounded provenance walk - FIX 3)  consumer wire 9113 ; uid+class hit True ; sources [('LoopTunnel', 24018)] ; PD85 violations 0 ; walk error '' ; provenance ok True (terminated at ('SelectorTunnel', 2017); predicted (SelectorTunnel, 2017): True)

---------- [7] ExecState AND THE SAVE
  FACT  ExecState [25 [7] the decision point] = 0   (+231.3 s, read cost 0.00 s)
  FACT  [7] final, in memory counts: {'Node': 632, 'Wire': 1920, 'ControlTerminal': 116, 'Local': 10, 'LoopTunnel': 138, 'Tunnel': 478}
  FACT  [7] final, in memory shift-register class counts: {'LeftShiftRegister': 38, 'RightShiftRegister': 38}
  FACT  [7] #637 (WhileLoop): {'n_terms': 60, 'n_wired': 49} (before {'n_terms': 59, 'n_wired': 48}) - 37(e)/50(e)'s no-new-tunnel comparison, REPORTED
  FACT  [7] ExecState 0. The brief asks for `D1_s3b_m3a_BROKEN_20260921_234216.vi` in this case, so THE SAVE IS ATTEMPTED and whatever the machine answers is recorded verbatim below.
  FACT  ExecState [26 [7] the BROKEN M3a-1 artefact immediately before the save] = 0   (+232.7 s, read cost 0.00 s)
  FACT  [7] the BROKEN M3a-1 artefact capture->act->capture: before 'm3a1_save_before_20260921_234216.png' (exists True), after 'm3a1_save_after_20260921_234216.png' (exists True)
  FACT  [7] the BROKEN M3a-1 artefact THE SAVE WAS REFUSED EVEN WITH allow_broken=True, VERBATIM: RuntimeError: gui_save(WORK_C68M3A1_20260921_234216.vi): file mtime did not move after Ctrl+S on every candidate window. Check 'lv_gui.ps1 -Action dialogs' - a modal dialog blocks the save.
  FACT  [7] the BROKEN M3a-1 artefact NO FILE IS WRITTEN AT D1_s3b_m3a_BROKEN_20260921_234216.vi. Copying the working copy's DISK bytes would produce a file byte-identical to the bed - the in-memory edits would not be in it - so nothing is copied. This is reported to judgement, not worked around.
  FACT  MACHINE REFUSAL at [7] the BROKEN M3a-1 artefact g.save(WORK, allow_broken=True): RuntimeError: gui_save(WORK_C68M3A1_20260921_234216.vi): file mtime did not move after Ctrl+S on every candidate window. Check 'lv_gui.ps1 -Action dialogs' - a modal dialog blocks the save.
  FACT  [7] *** NO BROKEN ARTEFACT IS ON DISK: even the Pre-decided 88 route (save(allow_broken=True) -> gui_save) refused, verbatim above. NOTHING WAS WRITTEN UNDER D1_s3b_m3a_BROKEN_20260921_234216.vi. This is reported to judgement, not worked around. ***
  FACT  [7] NO COLD REOPEN IS ATTEMPTED at ExecState 0 - the labview-automation skill's rule: never cold-load a broken-saved VI headless (recompile spin).
  PASS  H scratch WORK_C68M3A1_20260921_234216.vi is gone (exists=False)

---------- [H] THE md5 PINS AFTER, THE TOOL PINS, THE REFS AND THE HANDLES
  FACT  H ORIGINAL AFTER: HASH G:\Codes\LabVIEW_Codes\MinLab\zz_LabView VI\AAA_UNIST\2. Tracking\Min_Track N beads V6_ParallelLoop.vi | exists=1 | size=473317 | md5=2a78e17c449cacdaf5da389818526859 | sha256=f827a67e91cc2a51284cdce0ada5d34ecf89cf865bca5f0bdfa870f0020df4bb
  PASS  H ORIGINAL md5 is STILL its pin 2a78e17c  '2a78e17c449cacdaf5da389818526859'
  FACT  H S1 D1_s1_copy AFTER: HASH C:\Program Files\National Instruments\LabVIEW 2026\user.lib\claudeDev\D1_s1_copy.vi | exists=1 | size=474202 | md5=3e3d23cefd3a334001aa9d6156bf1aee | sha256=1ab3360021cb04f03e8fe4a503d1972aefa26a34ed5b8fd9393ec6899330e0f7
  PASS  H S1 D1_s1_copy md5 is STILL its pin 3e3d23ce  '3e3d23cefd3a334001aa9d6156bf1aee'
  FACT  H S2 D1_s2_loops AFTER: HASH C:\Program Files\National Instruments\LabVIEW 2026\user.lib\claudeDev\D1_s2_loops.vi | exists=1 | size=475707 | md5=6ff19497f2309e007a214660bb64b911 | sha256=d52e754e29a85e9cc3ddeb039f6c5e325c9094c5e1f8c944059d4a5f7b33c3f5
  PASS  H S2 D1_s2_loops md5 is STILL its pin 6ff19497  '6ff19497f2309e007a214660bb64b911'
  FACT  H THE BED AFTER: HASH C:\Program Files\National Instruments\LabVIEW 2026\user.lib\claudeDev\D1_s3b_row2_20260921_160311.vi | exists=1 | size=476759 | md5=26c54ff784cb5cea21edbd214d2cc3a0 | sha256=17b63cb1c83d5f4a50285ced08b1ecc5a65605979b17ee798b1228f7017d275d
  PASS  H THE BED md5 is STILL its pin 26c54ff7  '26c54ff784cb5cea21edbd214d2cc3a0'
  FACT  H TOOL gscript.py AFTER: HASH G:\Codes\LabVIEW_Codes\MinLab\zz_LabView VI\AAA_UNIST\2. Tracking\V6_ParallelLoop\tools\gscript.py | exists=1 | size=161971 | md5=99f00da7e03874426061d112967acf6c | sha256=6ad59177ad4c91e63b2301ecae42c7c9d54016bd71ff6bb2ad3d6e13e9f56ecf
  PASS  H TOOL gscript.py is byte-identical before and after  '99f00da7e03874426061d112967acf6c' vs '99f00da7e03874426061d112967acf6c'
  FACT  H TOOL c60c_astcheck.py AFTER: HASH G:\Codes\LabVIEW_Codes\MinLab\zz_LabView VI\AAA_UNIST\2. Tracking\V6_ParallelLoop\tools\bench\c60c_astcheck.py | exists=1 | size=8545 | md5=3440d819d4e5ca8a1736b8f5dd5c98d7 | sha256=bdff77b668bb18d4e9eb0b64b74820d6a997e907509fea569a152abcd22e3af5
  PASS  H TOOL c60c_astcheck.py is byte-identical before and after  '3440d819d4e5ca8a1736b8f5dd5c98d7' vs '3440d819d4e5ca8a1736b8f5dd5c98d7'
  FACT  refs: {'opened': 39, 'closed': 39, 'live': 0, 'cached_op_vis': 17}
  PASS  H refs opened == closed and 0 live  {'opened': 39, 'closed': 39, 'live': 0, 'cached_op_vis': 17}
  FACT  LabVIEW handles AFTER: 38740 (before 34118)
  PASS  H the LabVIEW handle count was read at entry and at exit  34118 -> 38740
  FAIL  H no mutator call was REFUSED BY THE MACHINE  1 refusal(s): ['[7] the BROKEN M3a-1 artefact g.save(WORK, allow_broken=True)']

THE FILES THIS RUN LEFT ON DISK: []
  FACT  THE FILES THIS RUN LEFT ON DISK: []

=== GATES: 19 pass / 2 fail; failing: A3-ID [5](b) the t1 border row, after the junk purge: the SAME LoopTunnel uid is a SINK on the source wire and the SOURCE of the sink wire (Pre-decided 70), H no mutator call was REFUSED BY THE MACHINE
=== JSON: G:\Codes\LabVIEW_Codes\MinLab\zz_LabView VI\AAA_UNIST\2. Tracking\V6_ParallelLoop\tools\bench\build_d1_m3a1.json
BGRUN END rc=1 after 247s
