BGRUN START 2026-09-26 05:42:48 limit 50.0 min: py -u tools/bench/diag_c91_t0_step3c.py

---------- [0] FILES ONLY - the input's md5, the pins, the claudeDev listing
  FACT  claudeDev holds 261 .vi file(s) BEFORE the run
  PASS  K1 input md5 == 3e3d23cefd3a334001aa9d6156bf1aee  got 3e3d23cefd3a334001aa9d6156bf1aee
  FACT  PIN BEFORE ORIGINAL         2a78e17c449cacdaf5da389818526859  (want 2a78e17c449cacdaf5da389818526859) OK
  FACT  PIN BEFORE S1 D1_s1_copy    3e3d23cefd3a334001aa9d6156bf1aee  (want 3e3d23cefd3a334001aa9d6156bf1aee) OK
  FACT  PIN BEFORE S2 D1_s2_loops   6ff19497f2309e007a214660bb64b911  (want 6ff19497f2309e007a214660bb64b911) OK
  FACT  PIN BEFORE ROW2 bed         26c54ff784cb5cea21edbd214d2cc3a0  (want 26c54ff784cb5cea21edbd214d2cc3a0) OK
  FACT  PIN BEFORE M3a-2            3842f5e6f128226235dc78353f26ef44  (want 3842f5e6f128226235dc78353f26ef44) OK
  FACT  PIN BEFORE kswap            e77b8d5805d90f76e426cb06fdc26d1c  (want e77b8d5805d90f76e426cb06fdc26d1c) OK
  FACT  PIN BEFORE L2-A1 bed        51d9b8a3af5b4240cdc2ad193d9b4f41  (want 51d9b8a3af5b4240cdc2ad193d9b4f41) OK
  PASS  K2 the ORIGINAL's md5 is 2a78e17c449cacdaf5da389818526859  got 2a78e17c449cacdaf5da389818526859 at G:\Codes\LabVIEW_Codes\MinLab\zz_LabView VI\AAA_UNIST\2. Tracking\Min_Track N beads V6_ParallelLoop.vi

---------- [1] RESTART LabVIEW (standing authority; fresh ~31,500 handles)
  FACT  LabVIEW handle count BEFORE the restart: 0
  FACT  LabVIEW handle count AFTER the restart: 33994

---------- [2] THE DATED WORK COPY under claudeDev - the input is never opened for writing
  PASS  K3 the work copy is byte-identical to the input  D1_s1_t0_20260926_054248.vi
  FACT  ExecState [after open] D1_s1_t0_20260926_054248.vi = 1

---------- [B] PER-WIRE-CLASS PROBE on a scratch byte copy (retrospective-cycle90 fault 1)
  PASS  B0 scratch scratch_c91_probe_20260926_054248.vi is a byte copy of S1
  FACT  ExecState [scratch after open] scratch_c91_probe_20260926_054248.vi = 1
  FACT  B00 w3268 BEFORE: 9 terminal(s), source [('Diagram', 639, 0)], 8 sink(s)
  FACT  B00 node census: 624 rows
  PASS  B00.1 CLFN #22968 built at top level (6 terms)  ((False, 0, ''), (False, 0, ''))
  FACT  B00 after build AFTER node census: 625 rows
  FACT  B00 after build CENSUS DIFF: Node 624 -> 625 ; 1 new uid(s): [(22968, 'CallLibrary', (200, 60))]
  FACT  B00 after build new #22968 #22968 lives at: {'diagram_index': 0, 'diagram_uid': 536, 'diagram_class': 'TopLevelDiagram', 'nodes_index': 0, 'nodes_on_diagram': 1, 'label': 't0stamp.*:stamp'}  (1 diagram(s) scanned of 170, 0.3 s)
  FACT  B00 after build new #22968 terminal table of #22968 (Diagram idx 0, Nodes[0], echo 22968): 10 terminal(s)
  FACT      B00 after build new #22968 t0  'path in'                          is_source=False wire=0       errs=[0, 0, 0, 1055]
  FACT      B00 after build new #22968 t1  'path out'                         is_source=True  wire=0       errs=[0, 0, 0, 1055]
  FACT      B00 after build new #22968 t2  'error in (no error)'              is_source=False wire=0       errs=[0, 0, 0, 1055]
  FACT      B00 after build new #22968 t3  'error out'                        is_source=True  wire=0       errs=[0, 0, 0, 1055]
  FACT      B00 after build new #22968 t4  ''                                 is_source=False wire=0       errs=[0, 0, 0, 1055]
  FACT      B00 after build new #22968 t5  ''                                 is_source=True  wire=0       errs=[0, 0, 0, 1055]
  FACT      B00 after build new #22968 t6  'site'                             is_source=False wire=0       errs=[0, 0, 0, 1055]
  FACT      B00 after build new #22968 t7  'site'                             is_source=True  wire=0       errs=[0, 0, 0, 1055]
  FACT      B00 after build new #22968 t8  'any'                              is_source=False wire=0       errs=[0, 0, 0, 1055]
  FACT      B00 after build new #22968 t9  'any'                              is_source=True  wire=0       errs=[0, 0, 0, 1055]
  FACT  B00 after build NEW NODE NOT DELETED (not the measured junk shape, or its table could not be read): #22968 class 'CallLibrary' label 't0stamp.*:stamp', 10 terminal(s), 0 wired - REPORTED, left alone
  FACT  move_in node census: 625 rows
  FACT  OP move_in #22968 -> Diagram[43] at (1400, 900) -> err '' (0.2 s)
  FACT  B00 after move AFTER node census: 626 rows
  FACT  B00 after move CENSUS DIFF: Node 625 -> 626 ; 1 new uid(s): [(22989, 'Invoke', (2639, 933))]
  FACT  B00 after move new #22989 #22989 lives at: {'diagram_index': 43, 'diagram_uid': 639, 'diagram_class': 'Diagram', 'nodes_index': 74, 'nodes_on_diagram': 75, 'label': 'Invoke Node'}  (1 diagram(s) scanned of 170, 0.4 s)
  FACT  B00 after move new #22989 terminal table of #22989 (Diagram idx 43, Nodes[74], echo 22989): 6 terminal(s)
  FACT      B00 after move new #22989 t0  'reference'                        is_source=False wire=0       errs=[0, 0, 0, 1055]
  FACT      B00 after move new #22989 t1  'reference out'                    is_source=True  wire=0       errs=[0, 0, 0, 1055]
  FACT      B00 after move new #22989 t2  'error in (no error)'              is_source=False wire=0       errs=[0, 0, 0, 1055]
  FACT      B00 after move new #22989 t3  'error out'                        is_source=True  wire=0       errs=[0, 0, 0, 1055]
  FACT      B00 after move new #22989 t4  'Method'                           is_source=False wire=0       errs=[0, 0, 0, 1055]
  FACT      B00 after move new #22989 t5  'Method'                           is_source=True  wire=0       errs=[0, 0, 0, 1055]
  FACT  B00 after move the junk node's FULL terminal table is printed above; 6 terminal(s), 0 WIRED - the purge precondition (ZERO wired) HOLDS
  FACT  B00 after move purge delete Node #22989 at index 157: gone [22989], error '', census 626 -> 625, still present False (1.50 s)
  FACT  B00 after move AFTER THE PURGE node census: 625 rows
  FACT  B00 after move purge arithmetic: Node 625 -> 626 -> 625
  FACT  B00 after const AFTER node census: 625 rows
  FACT  B00 after const CENSUS DIFF: Node 625 -> 625 ; 0 new uid(s): []
  PASS  B00.2 constant #23090 on WhileLoop[1].N[73].t6 (err '' / '')
  PASS  B00.3 CLFN re-found by uid on Diagram[43]=#639 N[73], uid echo 22968 == #22968, t6 wire 23139
  FACT  connect_from_wire node census: 625 rows
  FACT  OP connect_from_wire sink D[43].N[73].t8 <- w3268[0] -> err '' (0.5 s)
  FACT  B00 after branch AFTER node census: 626 rows
  FACT  B00 after branch CENSUS DIFF: Node 625 -> 626 ; 1 new uid(s): [(22989, 'Invoke', (2639, 933))]
  FACT  B00 after branch new #22989 #22989 lives at: {'diagram_index': 43, 'diagram_uid': 639, 'diagram_class': 'Diagram', 'nodes_index': 74, 'nodes_on_diagram': 75, 'label': 'Invoke Node'}  (1 diagram(s) scanned of 170, 0.3 s)
  FACT  B00 after branch new #22989 terminal table of #22989 (Diagram idx 43, Nodes[74], echo 22989): 6 terminal(s)
  FACT      B00 after branch new #22989 t0  'reference'                        is_source=False wire=0       errs=[0, 0, 0, 1055]
  FACT      B00 after branch new #22989 t1  'reference out'                    is_source=True  wire=0       errs=[0, 0, 0, 1055]
  FACT      B00 after branch new #22989 t2  'error in (no error)'              is_source=False wire=0       errs=[0, 0, 0, 1055]
  FACT      B00 after branch new #22989 t3  'error out'                        is_source=True  wire=0       errs=[0, 0, 0, 1055]
  FACT      B00 after branch new #22989 t4  'Method'                           is_source=False wire=0       errs=[0, 0, 0, 1055]
  FACT      B00 after branch new #22989 t5  'Method'                           is_source=True  wire=0       errs=[0, 0, 0, 1055]
  FACT  B00 after branch the junk node's FULL terminal table is printed above; 6 terminal(s), 0 WIRED - the purge precondition (ZERO wired) HOLDS
  FACT  B00 after branch purge delete Node #22989 at index 157: gone [22989], error '', census 626 -> 625, still present False (1.36 s)
  FACT  B00 after branch AFTER THE PURGE node census: 625 rows
  FACT  B00 after branch purge arithmetic: Node 625 -> 626 -> 625
  FACT  B00 w3268 AFTER: 9 sink(s) (was 8); NEW sink owner(s) [22968] (CLFN #22968); op readback {'err_uidvi': '', 'err_wirepn': '', 'UID 2': 3268, 'Is Broken?': False, 'Name': 'any'}
  PASS  B00.4 branch w3268 -> t8: err '', Is Broken? False, exactly one new sink owned by #22968 ([22968]), t8 wire 3268 == site wire
  FACT  ExecState [B00 after stamp [i I32]] scratch_c91_probe_20260926_054248.vi = 1
  PASS  B00.5 [i I32] w3268 ExecState after the stamp == 1 (got 1)
  FACT  delete_object node census: 625 rows
      B00deleted CallLibrary #22968 -> gone [22968]
  FACT  OP delete_object CallLibrary #22968 -> err '' (0.2 s)
  FACT  delete_object node census: 624 rows
      B00deleted DigitalNumericConstant #23090 -> gone [23090]
  FACT  OP delete_object DigitalNumericConstant #23090 -> err '' (0.6 s)
  FACT  B00 BROKEN-WIRE COUNT: Wire 1899 -> 1899 after Remove Bad Wires = 0 bad wire(s); ExecState after 1
  FACT  ExecState [B00 after delete + Remove Bad Wires] scratch_c91_probe_20260926_054248.vi = 1
  FACT  B00 UNSTAMP: bad wires removed 0, site wire w3268 alive True with 8 sink(s), ExecState 1
  PASS  B00.6 [i I32] after delete: wire alive, sinks back to 8, ExecState 1 (got 1)
  FACT  B02 w5859 BEFORE: 2 terminal(s), source [('SubVI', 5058, 0)], 1 sink(s)
  FACT  B02 node census: 624 rows
  PASS  B02.1 CLFN #22968 built at top level (6 terms)  ((False, 0, ''), (False, 0, ''))
  FACT  B02 after build AFTER node census: 625 rows
  FACT  B02 after build CENSUS DIFF: Node 624 -> 625 ; 1 new uid(s): [(22968, 'CallLibrary', (270, 60))]
  FACT  B02 after build new #22968 #22968 lives at: {'diagram_index': 0, 'diagram_uid': 536, 'diagram_class': 'TopLevelDiagram', 'nodes_index': 0, 'nodes_on_diagram': 1, 'label': 't0stamp.*:stamp'}  (1 diagram(s) scanned of 170, 0.3 s)
  FACT  B02 after build new #22968 terminal table of #22968 (Diagram idx 0, Nodes[0], echo 22968): 10 terminal(s)
  FACT      B02 after build new #22968 t0  'path in'                          is_source=False wire=0       errs=[0, 0, 0, 1055]
  FACT      B02 after build new #22968 t1  'path out'                         is_source=True  wire=0       errs=[0, 0, 0, 1055]
  FACT      B02 after build new #22968 t2  'error in (no error)'              is_source=False wire=0       errs=[0, 0, 0, 1055]
  FACT      B02 after build new #22968 t3  'error out'                        is_source=True  wire=0       errs=[0, 0, 0, 1055]
  FACT      B02 after build new #22968 t4  ''                                 is_source=False wire=0       errs=[0, 0, 0, 1055]
  FACT      B02 after build new #22968 t5  ''                                 is_source=True  wire=0       errs=[0, 0, 0, 1055]
  FACT      B02 after build new #22968 t6  'site'                             is_source=False wire=0       errs=[0, 0, 0, 1055]
  FACT      B02 after build new #22968 t7  'site'                             is_source=True  wire=0       errs=[0, 0, 0, 1055]
  FACT      B02 after build new #22968 t8  'any'                              is_source=False wire=0       errs=[0, 0, 0, 1055]
  FACT      B02 after build new #22968 t9  'any'                              is_source=True  wire=0       errs=[0, 0, 0, 1055]
  FACT  B02 after build NEW NODE NOT DELETED (not the measured junk shape, or its table could not be read): #22968 class 'CallLibrary' label 't0stamp.*:stamp', 10 terminal(s), 0 wired - REPORTED, left alone
  FACT  move_in node census: 625 rows
  FACT  OP move_in #22968 -> Diagram[43] at (1430, 960) -> err '' (0.2 s)
  FACT  B02 after move AFTER node census: 626 rows
  FACT  B02 after move CENSUS DIFF: Node 625 -> 626 ; 1 new uid(s): [(22994, 'Invoke', (2639, 933))]
  FACT  B02 after move new #22994 #22994 lives at: {'diagram_index': 43, 'diagram_uid': 639, 'diagram_class': 'Diagram', 'nodes_index': 74, 'nodes_on_diagram': 75, 'label': 'Invoke Node'}  (1 diagram(s) scanned of 170, 0.4 s)
  FACT  B02 after move new #22994 terminal table of #22994 (Diagram idx 43, Nodes[74], echo 22994): 6 terminal(s)
  FACT      B02 after move new #22994 t0  'reference'                        is_source=False wire=0       errs=[0, 0, 0, 1055]
  FACT      B02 after move new #22994 t1  'reference out'                    is_source=True  wire=0       errs=[0, 0, 0, 1055]
  FACT      B02 after move new #22994 t2  'error in (no error)'              is_source=False wire=0       errs=[0, 0, 0, 1055]
  FACT      B02 after move new #22994 t3  'error out'                        is_source=True  wire=0       errs=[0, 0, 0, 1055]
  FACT      B02 after move new #22994 t4  'Method'                           is_source=False wire=0       errs=[0, 0, 0, 1055]
  FACT      B02 after move new #22994 t5  'Method'                           is_source=True  wire=0       errs=[0, 0, 0, 1055]
  FACT  B02 after move the junk node's FULL terminal table is printed above; 6 terminal(s), 0 WIRED - the purge precondition (ZERO wired) HOLDS
  FACT  B02 after move purge delete Node #22994 at index 157: gone [22994], error '', census 626 -> 625, still present False (1.46 s)
  FACT  B02 after move AFTER THE PURGE node census: 625 rows
  FACT  B02 after move purge arithmetic: Node 625 -> 626 -> 625
  FACT  B02 after const AFTER node census: 625 rows
  FACT  B02 after const CENSUS DIFF: Node 625 -> 625 ; 0 new uid(s): []
  PASS  B02.2 constant #23096 on WhileLoop[1].N[73].t6 (err '' / '')
  PASS  B02.3 CLFN re-found by uid on Diagram[43]=#639 N[73], uid echo 22968 == #22968, t6 wire 23145
  FACT  connect_from_wire node census: 625 rows
  FACT  OP connect_from_wire sink D[43].N[73].t8 <- w5859[0] -> err '' (0.6 s)
  FACT  B02 after branch AFTER node census: 626 rows
  FACT  B02 after branch CENSUS DIFF: Node 625 -> 626 ; 1 new uid(s): [(22994, 'Invoke', (2639, 933))]
  FACT  B02 after branch new #22994 #22994 lives at: {'diagram_index': 43, 'diagram_uid': 639, 'diagram_class': 'Diagram', 'nodes_index': 74, 'nodes_on_diagram': 75, 'label': 'Invoke Node'}  (1 diagram(s) scanned of 170, 0.3 s)
  FACT  B02 after branch new #22994 terminal table of #22994 (Diagram idx 43, Nodes[74], echo 22994): 6 terminal(s)
  FACT      B02 after branch new #22994 t0  'reference'                        is_source=False wire=0       errs=[0, 0, 0, 1055]
  FACT      B02 after branch new #22994 t1  'reference out'                    is_source=True  wire=0       errs=[0, 0, 0, 1055]
  FACT      B02 after branch new #22994 t2  'error in (no error)'              is_source=False wire=0       errs=[0, 0, 0, 1055]
  FACT      B02 after branch new #22994 t3  'error out'                        is_source=True  wire=0       errs=[0, 0, 0, 1055]
  FACT      B02 after branch new #22994 t4  'Method'                           is_source=False wire=0       errs=[0, 0, 0, 1055]
  FACT      B02 after branch new #22994 t5  'Method'                           is_source=True  wire=0       errs=[0, 0, 0, 1055]
  FACT  B02 after branch the junk node's FULL terminal table is printed above; 6 terminal(s), 0 WIRED - the purge precondition (ZERO wired) HOLDS
  FACT  B02 after branch purge delete Node #22994 at index 157: gone [22994], error '', census 626 -> 625, still present False (1.27 s)
  FACT  B02 after branch AFTER THE PURGE node census: 625 rows
  FACT  B02 after branch purge arithmetic: Node 625 -> 626 -> 625
  FACT  B02 w5859 AFTER: 2 sink(s) (was 1); NEW sink owner(s) [22968] (CLFN #22968); op readback {'err_uidvi': '', 'err_wirepn': '', 'UID 2': 5859, 'Is Broken?': False, 'Name': 'any'}
  PASS  B02.4 branch w5859 -> t8: err '', Is Broken? False, exactly one new sink owned by #22968 ([22968]), t8 wire 5859 == site wire
  FACT  ExecState [B02 after stamp [bool[]]] scratch_c91_probe_20260926_054248.vi = 1
  PASS  B02.5 [bool[]] w5859 ExecState after the stamp == 1 (got 1)
  FACT  delete_object node census: 625 rows
      B02deleted CallLibrary #22968 -> gone [22968]
  FACT  OP delete_object CallLibrary #22968 -> err '' (0.1 s)
  FACT  delete_object node census: 624 rows
      B02deleted DigitalNumericConstant #23096 -> gone [23096]
  FACT  OP delete_object DigitalNumericConstant #23096 -> err '' (0.4 s)
  FACT  B02 BROKEN-WIRE COUNT: Wire 1900 -> 1899 after Remove Bad Wires = 1 bad wire(s); ExecState after 1
  FACT  ExecState [B02 after delete + Remove Bad Wires] scratch_c91_probe_20260926_054248.vi = 1
  FACT  B02 UNSTAMP: bad wires removed 1, site wire w5859 alive True with 1 sink(s), ExecState 1
  PASS  B02.6 [bool[]] after delete: wire alive, sinks back to 1, ExecState 1 (got 1)
  FACT  B03 w32890 BEFORE: 2 terminal(s), source [('LoopTunnel', 29172, 0)], 1 sink(s)
  FACT  B03 node census: 624 rows
  PASS  B03.1 CLFN #22968 built at top level (6 terms)  ((False, 0, ''), (False, 0, ''))
  FACT  B03 after build AFTER node census: 625 rows
  FACT  B03 after build CENSUS DIFF: Node 624 -> 625 ; 1 new uid(s): [(22968, 'CallLibrary', (340, 60))]
  FACT  B03 after build new #22968 #22968 lives at: {'diagram_index': 0, 'diagram_uid': 536, 'diagram_class': 'TopLevelDiagram', 'nodes_index': 0, 'nodes_on_diagram': 1, 'label': 't0stamp.*:stamp'}  (1 diagram(s) scanned of 170, 0.2 s)
  FACT  B03 after build new #22968 terminal table of #22968 (Diagram idx 0, Nodes[0], echo 22968): 10 terminal(s)
  FACT      B03 after build new #22968 t0  'path in'                          is_source=False wire=0       errs=[0, 0, 0, 1055]
  FACT      B03 after build new #22968 t1  'path out'                         is_source=True  wire=0       errs=[0, 0, 0, 1055]
  FACT      B03 after build new #22968 t2  'error in (no error)'              is_source=False wire=0       errs=[0, 0, 0, 1055]
  FACT      B03 after build new #22968 t3  'error out'                        is_source=True  wire=0       errs=[0, 0, 0, 1055]
  FACT      B03 after build new #22968 t4  ''                                 is_source=False wire=0       errs=[0, 0, 0, 1055]
  FACT      B03 after build new #22968 t5  ''                                 is_source=True  wire=0       errs=[0, 0, 0, 1055]
  FACT      B03 after build new #22968 t6  'site'                             is_source=False wire=0       errs=[0, 0, 0, 1055]
  FACT      B03 after build new #22968 t7  'site'                             is_source=True  wire=0       errs=[0, 0, 0, 1055]
  FACT      B03 after build new #22968 t8  'any'                              is_source=False wire=0       errs=[0, 0, 0, 1055]
  FACT      B03 after build new #22968 t9  'any'                              is_source=True  wire=0       errs=[0, 0, 0, 1055]
  FACT  B03 after build NEW NODE NOT DELETED (not the measured junk shape, or its table could not be read): #22968 class 'CallLibrary' label 't0stamp.*:stamp', 10 terminal(s), 0 wired - REPORTED, left alone
  FACT  move_in node census: 625 rows
  FACT  OP move_in #22968 -> Diagram[43] at (1460, 1020) -> err '' (0.1 s)
  FACT  B03 after move AFTER node census: 626 rows
  FACT  B03 after move CENSUS DIFF: Node 625 -> 626 ; 1 new uid(s): [(22997, 'Invoke', (2639, 933))]
  FACT  B03 after move new #22997 #22997 lives at: {'diagram_index': 43, 'diagram_uid': 639, 'diagram_class': 'Diagram', 'nodes_index': 74, 'nodes_on_diagram': 75, 'label': 'Invoke Node'}  (1 diagram(s) scanned of 170, 0.3 s)
  FACT  B03 after move new #22997 terminal table of #22997 (Diagram idx 43, Nodes[74], echo 22997): 6 terminal(s)
  FACT      B03 after move new #22997 t0  'reference'                        is_source=False wire=0       errs=[0, 0, 0, 1055]
  FACT      B03 after move new #22997 t1  'reference out'                    is_source=True  wire=0       errs=[0, 0, 0, 1055]
  FACT      B03 after move new #22997 t2  'error in (no error)'              is_source=False wire=0       errs=[0, 0, 0, 1055]
  FACT      B03 after move new #22997 t3  'error out'                        is_source=True  wire=0       errs=[0, 0, 0, 1055]
  FACT      B03 after move new #22997 t4  'Method'                           is_source=False wire=0       errs=[0, 0, 0, 1055]
  FACT      B03 after move new #22997 t5  'Method'                           is_source=True  wire=0       errs=[0, 0, 0, 1055]
  FACT  B03 after move the junk node's FULL terminal table is printed above; 6 terminal(s), 0 WIRED - the purge precondition (ZERO wired) HOLDS
  FACT  B03 after move purge delete Node #22997 at index 157: gone [22997], error '', census 626 -> 625, still present False (1.26 s)
  FACT  B03 after move AFTER THE PURGE node census: 625 rows
  FACT  B03 after move purge arithmetic: Node 625 -> 626 -> 625
  FACT  B03 after const AFTER node census: 625 rows
  FACT  B03 after const CENSUS DIFF: Node 625 -> 625 ; 0 new uid(s): []
  PASS  B03.2 constant #23105 on WhileLoop[1].N[73].t6 (err '' / '')
  PASS  B03.3 CLFN re-found by uid on Diagram[43]=#639 N[73], uid echo 22968 == #22968, t6 wire 23151
  FACT  connect_from_wire node census: 625 rows
  FACT  OP connect_from_wire sink D[43].N[73].t8 <- w32890[0] -> err '' (0.3 s)
  FACT  B03 after branch AFTER node census: 626 rows
  FACT  B03 after branch CENSUS DIFF: Node 625 -> 626 ; 1 new uid(s): [(22997, 'Invoke', (2639, 933))]
  FACT  B03 after branch new #22997 #22997 lives at: {'diagram_index': 43, 'diagram_uid': 639, 'diagram_class': 'Diagram', 'nodes_index': 74, 'nodes_on_diagram': 75, 'label': 'Invoke Node'}  (1 diagram(s) scanned of 170, 0.3 s)
  FACT  B03 after branch new #22997 terminal table of #22997 (Diagram idx 43, Nodes[74], echo 22997): 6 terminal(s)
  FACT      B03 after branch new #22997 t0  'reference'                        is_source=False wire=0       errs=[0, 0, 0, 1055]
  FACT      B03 after branch new #22997 t1  'reference out'                    is_source=True  wire=0       errs=[0, 0, 0, 1055]
  FACT      B03 after branch new #22997 t2  'error in (no error)'              is_source=False wire=0       errs=[0, 0, 0, 1055]
  FACT      B03 after branch new #22997 t3  'error out'                        is_source=True  wire=0       errs=[0, 0, 0, 1055]
  FACT      B03 after branch new #22997 t4  'Method'                           is_source=False wire=0       errs=[0, 0, 0, 1055]
  FACT      B03 after branch new #22997 t5  'Method'                           is_source=True  wire=0       errs=[0, 0, 0, 1055]
  FACT  B03 after branch the junk node's FULL terminal table is printed above; 6 terminal(s), 0 WIRED - the purge precondition (ZERO wired) HOLDS
  FACT  B03 after branch purge delete Node #22997 at index 157: gone [22997], error '', census 626 -> 625, still present False (1.31 s)
  FACT  B03 after branch AFTER THE PURGE node census: 625 rows
  FACT  B03 after branch purge arithmetic: Node 625 -> 626 -> 625
  FACT  B03 w32890 AFTER: 2 sink(s) (was 1); NEW sink owner(s) [22968] (CLFN #22968); op readback {'err_uidvi': '', 'err_wirepn': '', 'UID 2': 32890, 'Is Broken?': False, 'Name': 'any'}
  PASS  B03.4 branch w32890 -> t8: err '', Is Broken? False, exactly one new sink owned by #22968 ([22968]), t8 wire 32890 == site wire
  FACT  ExecState [B03 after stamp [For tunnel (Median #30306)]] scratch_c91_probe_20260926_054248.vi = 1
  PASS  B03.5 [For tunnel (Median #30306)] w32890 ExecState after the stamp == 1 (got 1)
  FACT  delete_object node census: 625 rows
      B03deleted CallLibrary #22968 -> gone [22968]
  FACT  OP delete_object CallLibrary #22968 -> err '' (0.1 s)
  FACT  delete_object node census: 624 rows
      B03deleted DigitalNumericConstant #23105 -> gone [23105]
  FACT  OP delete_object DigitalNumericConstant #23105 -> err '' (0.5 s)
  FACT  B03 BROKEN-WIRE COUNT: Wire 1899 -> 1899 after Remove Bad Wires = 0 bad wire(s); ExecState after 1
  FACT  ExecState [B03 after delete + Remove Bad Wires] scratch_c91_probe_20260926_054248.vi = 1
  FACT  B03 UNSTAMP: bad wires removed 0, site wire w32890 alive True with 1 sink(s), ExecState 1
  PASS  B03.6 [For tunnel (Median #30306)] after delete: wire alive, sinks back to 1, ExecState 1 (got 1)
  FACT  B04 w11352 BEFORE: 2 terminal(s), source [('LoopTunnel', 11363, 0)], 1 sink(s)
  FACT  B04 node census: 624 rows
  PASS  B04.1 CLFN #22968 built at top level (6 terms)  ((False, 0, ''), (False, 0, ''))
  FACT  B04 after build AFTER node census: 625 rows
  FACT  B04 after build CENSUS DIFF: Node 624 -> 625 ; 1 new uid(s): [(22968, 'CallLibrary', (410, 60))]
  FACT  B04 after build new #22968 #22968 lives at: {'diagram_index': 0, 'diagram_uid': 536, 'diagram_class': 'TopLevelDiagram', 'nodes_index': 0, 'nodes_on_diagram': 1, 'label': 't0stamp.*:stamp'}  (1 diagram(s) scanned of 170, 0.2 s)
  FACT  B04 after build new #22968 terminal table of #22968 (Diagram idx 0, Nodes[0], echo 22968): 10 terminal(s)
  FACT      B04 after build new #22968 t0  'path in'                          is_source=False wire=0       errs=[0, 0, 0, 1055]
  FACT      B04 after build new #22968 t1  'path out'                         is_source=True  wire=0       errs=[0, 0, 0, 1055]
  FACT      B04 after build new #22968 t2  'error in (no error)'              is_source=False wire=0       errs=[0, 0, 0, 1055]
  FACT      B04 after build new #22968 t3  'error out'                        is_source=True  wire=0       errs=[0, 0, 0, 1055]
  FACT      B04 after build new #22968 t4  ''                                 is_source=False wire=0       errs=[0, 0, 0, 1055]
  FACT      B04 after build new #22968 t5  ''                                 is_source=True  wire=0       errs=[0, 0, 0, 1055]
  FACT      B04 after build new #22968 t6  'site'                             is_source=False wire=0       errs=[0, 0, 0, 1055]
  FACT      B04 after build new #22968 t7  'site'                             is_source=True  wire=0       errs=[0, 0, 0, 1055]
  FACT      B04 after build new #22968 t8  'any'                              is_source=False wire=0       errs=[0, 0, 0, 1055]
  FACT      B04 after build new #22968 t9  'any'                              is_source=True  wire=0       errs=[0, 0, 0, 1055]
  FACT  B04 after build NEW NODE NOT DELETED (not the measured junk shape, or its table could not be read): #22968 class 'CallLibrary' label 't0stamp.*:stamp', 10 terminal(s), 0 wired - REPORTED, left alone
  FACT  move_in node census: 625 rows
  FACT  OP move_in #22968 -> Diagram[43] at (1490, 1080) -> err '' (0.1 s)
  FACT  B04 after move AFTER node census: 626 rows
  FACT  B04 after move CENSUS DIFF: Node 625 -> 626 ; 1 new uid(s): [(23000, 'Invoke', (2639, 933))]
  FACT  B04 after move new #23000 #23000 lives at: {'diagram_index': 43, 'diagram_uid': 639, 'diagram_class': 'Diagram', 'nodes_index': 74, 'nodes_on_diagram': 75, 'label': 'Invoke Node'}  (1 diagram(s) scanned of 170, 0.3 s)
  FACT  B04 after move new #23000 terminal table of #23000 (Diagram idx 43, Nodes[74], echo 23000): 6 terminal(s)
  FACT      B04 after move new #23000 t0  'reference'                        is_source=False wire=0       errs=[0, 0, 0, 1055]
  FACT      B04 after move new #23000 t1  'reference out'                    is_source=True  wire=0       errs=[0, 0, 0, 1055]
  FACT      B04 after move new #23000 t2  'error in (no error)'              is_source=False wire=0       errs=[0, 0, 0, 1055]
  FACT      B04 after move new #23000 t3  'error out'                        is_source=True  wire=0       errs=[0, 0, 0, 1055]
  FACT      B04 after move new #23000 t4  'Method'                           is_source=False wire=0       errs=[0, 0, 0, 1055]
  FACT      B04 after move new #23000 t5  'Method'                           is_source=True  wire=0       errs=[0, 0, 0, 1055]
  FACT  B04 after move the junk node's FULL terminal table is printed above; 6 terminal(s), 0 WIRED - the purge precondition (ZERO wired) HOLDS
  FACT  B04 after move purge delete Node #23000 at index 157: gone [23000], error '', census 626 -> 625, still present False (1.30 s)
  FACT  B04 after move AFTER THE PURGE node census: 625 rows
  FACT  B04 after move purge arithmetic: Node 625 -> 626 -> 625
  FACT  B04 after const AFTER node census: 625 rows
  FACT  B04 after const CENSUS DIFF: Node 625 -> 625 ; 0 new uid(s): []
  PASS  B04.2 constant #23117 on WhileLoop[1].N[73].t6 (err '' / '')
  PASS  B04.3 CLFN re-found by uid on Diagram[43]=#639 N[73], uid echo 22968 == #22968, t6 wire 23157
  FACT  connect_from_wire node census: 625 rows
  FACT  OP connect_from_wire sink D[43].N[73].t8 <- w11352[0] -> err '' (0.3 s)
  FACT  B04 after branch AFTER node census: 626 rows
  FACT  B04 after branch CENSUS DIFF: Node 625 -> 626 ; 1 new uid(s): [(23000, 'Invoke', (2639, 933))]
  FACT  B04 after branch new #23000 #23000 lives at: {'diagram_index': 43, 'diagram_uid': 639, 'diagram_class': 'Diagram', 'nodes_index': 74, 'nodes_on_diagram': 75, 'label': 'Invoke Node'}  (1 diagram(s) scanned of 170, 0.3 s)
  FACT  B04 after branch new #23000 terminal table of #23000 (Diagram idx 43, Nodes[74], echo 23000): 6 terminal(s)
  FACT      B04 after branch new #23000 t0  'reference'                        is_source=False wire=0       errs=[0, 0, 0, 1055]
  FACT      B04 after branch new #23000 t1  'reference out'                    is_source=True  wire=0       errs=[0, 0, 0, 1055]
  FACT      B04 after branch new #23000 t2  'error in (no error)'              is_source=False wire=0       errs=[0, 0, 0, 1055]
  FACT      B04 after branch new #23000 t3  'error out'                        is_source=True  wire=0       errs=[0, 0, 0, 1055]
  FACT      B04 after branch new #23000 t4  'Method'                           is_source=False wire=0       errs=[0, 0, 0, 1055]
  FACT      B04 after branch new #23000 t5  'Method'                           is_source=True  wire=0       errs=[0, 0, 0, 1055]
  FACT  B04 after branch the junk node's FULL terminal table is printed above; 6 terminal(s), 0 WIRED - the purge precondition (ZERO wired) HOLDS
  FACT  B04 after branch purge delete Node #23000 at index 157: gone [23000], error '', census 626 -> 625, still present False (1.30 s)
  FACT  B04 after branch AFTER THE PURGE node census: 625 rows
  FACT  B04 after branch purge arithmetic: Node 625 -> 626 -> 625
  FACT  B04 w11352 AFTER: 2 sink(s) (was 1); NEW sink owner(s) [22968] (CLFN #22968); op readback {'err_uidvi': '', 'err_wirepn': '', 'UID 2': 11352, 'Is Broken?': False, 'Name': 'any'}
  PASS  B04.4 branch w11352 -> t8: err '', Is Broken? False, exactly one new sink owned by #22968 ([22968]), t8 wire 11352 == site wire
  FACT  ExecState [B04 after stamp [For tunnel (Median #29009 + FIR #28233, site 5 shares)]] scratch_c91_probe_20260926_054248.vi = 1
  PASS  B04.5 [For tunnel (Median #29009 + FIR #28233, site 5 shares)] w11352 ExecState after the stamp == 1 (got 1)
  FACT  delete_object node census: 625 rows
      B04deleted CallLibrary #22968 -> gone [22968]
  FACT  OP delete_object CallLibrary #22968 -> err '' (0.1 s)
  FACT  delete_object node census: 624 rows
      B04deleted DigitalNumericConstant #23117 -> gone [23117]
  FACT  OP delete_object DigitalNumericConstant #23117 -> err '' (0.4 s)
  FACT  B04 BROKEN-WIRE COUNT: Wire 1899 -> 1899 after Remove Bad Wires = 0 bad wire(s); ExecState after 1
  FACT  ExecState [B04 after delete + Remove Bad Wires] scratch_c91_probe_20260926_054248.vi = 1
  FACT  B04 UNSTAMP: bad wires removed 0, site wire w11352 alive True with 1 sink(s), ExecState 1
  PASS  B04.6 [For tunnel (Median #29009 + FIR #28233, site 5 shares)] after delete: wire alive, sinks back to 1, ExecState 1 (got 1)
  FACT  B06 w4906 BEFORE: 2 terminal(s), source [('SelectorTunnel', 2451, 0)], 1 sink(s)
  FACT  B06 node census: 624 rows
  PASS  B06.1 CLFN #22968 built at top level (6 terms)  ((False, 0, ''), (False, 0, ''))
  FACT  B06 after build AFTER node census: 625 rows
  FACT  B06 after build CENSUS DIFF: Node 624 -> 625 ; 1 new uid(s): [(22968, 'CallLibrary', (480, 60))]
  FACT  B06 after build new #22968 #22968 lives at: {'diagram_index': 0, 'diagram_uid': 536, 'diagram_class': 'TopLevelDiagram', 'nodes_index': 0, 'nodes_on_diagram': 1, 'label': 't0stamp.*:stamp'}  (1 diagram(s) scanned of 170, 0.2 s)
  FACT  B06 after build new #22968 terminal table of #22968 (Diagram idx 0, Nodes[0], echo 22968): 10 terminal(s)
  FACT      B06 after build new #22968 t0  'path in'                          is_source=False wire=0       errs=[0, 0, 0, 1055]
  FACT      B06 after build new #22968 t1  'path out'                         is_source=True  wire=0       errs=[0, 0, 0, 1055]
  FACT      B06 after build new #22968 t2  'error in (no error)'              is_source=False wire=0       errs=[0, 0, 0, 1055]
  FACT      B06 after build new #22968 t3  'error out'                        is_source=True  wire=0       errs=[0, 0, 0, 1055]
  FACT      B06 after build new #22968 t4  ''                                 is_source=False wire=0       errs=[0, 0, 0, 1055]
  FACT      B06 after build new #22968 t5  ''                                 is_source=True  wire=0       errs=[0, 0, 0, 1055]
  FACT      B06 after build new #22968 t6  'site'                             is_source=False wire=0       errs=[0, 0, 0, 1055]
  FACT      B06 after build new #22968 t7  'site'                             is_source=True  wire=0       errs=[0, 0, 0, 1055]
  FACT      B06 after build new #22968 t8  'any'                              is_source=False wire=0       errs=[0, 0, 0, 1055]
  FACT      B06 after build new #22968 t9  'any'                              is_source=True  wire=0       errs=[0, 0, 0, 1055]
  FACT  B06 after build NEW NODE NOT DELETED (not the measured junk shape, or its table could not be read): #22968 class 'CallLibrary' label 't0stamp.*:stamp', 10 terminal(s), 0 wired - REPORTED, left alone
  FACT  move_in node census: 625 rows
  FACT  OP move_in #22968 -> Diagram[43] at (1520, 900) -> err '' (0.1 s)
  FACT  B06 after move AFTER node census: 626 rows
  FACT  B06 after move CENSUS DIFF: Node 625 -> 626 ; 1 new uid(s): [(23004, 'Invoke', (2639, 933))]
  FACT  B06 after move new #23004 #23004 lives at: {'diagram_index': 43, 'diagram_uid': 639, 'diagram_class': 'Diagram', 'nodes_index': 74, 'nodes_on_diagram': 75, 'label': 'Invoke Node'}  (1 diagram(s) scanned of 170, 0.3 s)
  FACT  B06 after move new #23004 terminal table of #23004 (Diagram idx 43, Nodes[74], echo 23004): 6 terminal(s)
  FACT      B06 after move new #23004 t0  'reference'                        is_source=False wire=0       errs=[0, 0, 0, 1055]
  FACT      B06 after move new #23004 t1  'reference out'                    is_source=True  wire=0       errs=[0, 0, 0, 1055]
  FACT      B06 after move new #23004 t2  'error in (no error)'              is_source=False wire=0       errs=[0, 0, 0, 1055]
  FACT      B06 after move new #23004 t3  'error out'                        is_source=True  wire=0       errs=[0, 0, 0, 1055]
  FACT      B06 after move new #23004 t4  'Method'                           is_source=False wire=0       errs=[0, 0, 0, 1055]
  FACT      B06 after move new #23004 t5  'Method'                           is_source=True  wire=0       errs=[0, 0, 0, 1055]
  FACT  B06 after move the junk node's FULL terminal table is printed above; 6 terminal(s), 0 WIRED - the purge precondition (ZERO wired) HOLDS
  FACT  B06 after move purge delete Node #23004 at index 157: gone [23004], error '', census 626 -> 625, still present False (1.32 s)
  FACT  B06 after move AFTER THE PURGE node census: 625 rows
  FACT  B06 after move purge arithmetic: Node 625 -> 626 -> 625
  FACT  B06 after const AFTER node census: 625 rows
  FACT  B06 after const CENSUS DIFF: Node 625 -> 625 ; 0 new uid(s): []
  PASS  B06.2 constant #23121 on WhileLoop[1].N[73].t6 (err '' / '')
  PASS  B06.3 CLFN re-found by uid on Diagram[43]=#639 N[73], uid echo 22968 == #22968, t6 wire 23166
  FACT  connect_from_wire node census: 625 rows
  FACT  OP connect_from_wire sink D[43].N[73].t8 <- w4906[0] -> err '' (0.4 s)
  FACT  B06 after branch AFTER node census: 626 rows
  FACT  B06 after branch CENSUS DIFF: Node 625 -> 626 ; 1 new uid(s): [(23004, 'Invoke', (2639, 933))]
  FACT  B06 after branch new #23004 #23004 lives at: {'diagram_index': 43, 'diagram_uid': 639, 'diagram_class': 'Diagram', 'nodes_index': 74, 'nodes_on_diagram': 75, 'label': 'Invoke Node'}  (1 diagram(s) scanned of 170, 0.3 s)
  FACT  B06 after branch new #23004 terminal table of #23004 (Diagram idx 43, Nodes[74], echo 23004): 6 terminal(s)
  FACT      B06 after branch new #23004 t0  'reference'                        is_source=False wire=0       errs=[0, 0, 0, 1055]
  FACT      B06 after branch new #23004 t1  'reference out'                    is_source=True  wire=0       errs=[0, 0, 0, 1055]
  FACT      B06 after branch new #23004 t2  'error in (no error)'              is_source=False wire=0       errs=[0, 0, 0, 1055]
  FACT      B06 after branch new #23004 t3  'error out'                        is_source=True  wire=0       errs=[0, 0, 0, 1055]
  FACT      B06 after branch new #23004 t4  'Method'                           is_source=False wire=0       errs=[0, 0, 0, 1055]
  FACT      B06 after branch new #23004 t5  'Method'                           is_source=True  wire=0       errs=[0, 0, 0, 1055]
  FACT  B06 after branch the junk node's FULL terminal table is printed above; 6 terminal(s), 0 WIRED - the purge precondition (ZERO wired) HOLDS
  FACT  B06 after branch purge delete Node #23004 at index 157: gone [23004], error '', census 626 -> 625, still present False (1.31 s)
  FACT  B06 after branch AFTER THE PURGE node census: 625 rows
  FACT  B06 after branch purge arithmetic: Node 625 -> 626 -> 625
  FACT  B06 w4906 AFTER: 2 sink(s) (was 1); NEW sink owner(s) [22968] (CLFN #22968); op readback {'err_uidvi': '', 'err_wirepn': '', 'UID 2': 4906, 'Is Broken?': False, 'Name': 'any'}
  PASS  B06.4 branch w4906 -> t8: err '', Is Broken? False, exactly one new sink owned by #22968 ([22968]), t8 wire 4906 == site wire
  FACT  ExecState [B06 after stamp [case tunnel (plot Z #6085 + plot dZ #5696, site 7 shares)]] scratch_c91_probe_20260926_054248.vi = 1
  PASS  B06.5 [case tunnel (plot Z #6085 + plot dZ #5696, site 7 shares)] w4906 ExecState after the stamp == 1 (got 1)
  FACT  delete_object node census: 625 rows
      B06deleted CallLibrary #22968 -> gone [22968]
  FACT  OP delete_object CallLibrary #22968 -> err '' (0.1 s)
  FACT  delete_object node census: 624 rows
      B06deleted DigitalNumericConstant #23121 -> gone [23121]
  FACT  OP delete_object DigitalNumericConstant #23121 -> err '' (0.5 s)
  FACT  B06 BROKEN-WIRE COUNT: Wire 1899 -> 1899 after Remove Bad Wires = 0 bad wire(s); ExecState after 1
  FACT  ExecState [B06 after delete + Remove Bad Wires] scratch_c91_probe_20260926_054248.vi = 1
  FACT  B06 UNSTAMP: bad wires removed 0, site wire w4906 alive True with 1 sink(s), ExecState 1
  PASS  B06.6 [case tunnel (plot Z #6085 + plot dZ #5696, site 7 shares)] after delete: wire alive, sinks back to 1, ExecState 1 (got 1)
  FACT  B08 w541 BEFORE: 2 terminal(s), source [('SubVI', 376, 0)], 1 sink(s)
  FACT  B08 node census: 624 rows
  PASS  B08.1 CLFN #22968 built at top level (6 terms)  ((False, 0, ''), (False, 0, ''))
  FACT  B08 after build AFTER node census: 625 rows
  FACT  B08 after build CENSUS DIFF: Node 624 -> 625 ; 1 new uid(s): [(22968, 'CallLibrary', (550, 60))]
  FACT  B08 after build new #22968 #22968 lives at: {'diagram_index': 0, 'diagram_uid': 536, 'diagram_class': 'TopLevelDiagram', 'nodes_index': 0, 'nodes_on_diagram': 1, 'label': 't0stamp.*:stamp'}  (1 diagram(s) scanned of 170, 0.2 s)
  FACT  B08 after build new #22968 terminal table of #22968 (Diagram idx 0, Nodes[0], echo 22968): 10 terminal(s)
  FACT      B08 after build new #22968 t0  'path in'                          is_source=False wire=0       errs=[0, 0, 0, 1055]
  FACT      B08 after build new #22968 t1  'path out'                         is_source=True  wire=0       errs=[0, 0, 0, 1055]
  FACT      B08 after build new #22968 t2  'error in (no error)'              is_source=False wire=0       errs=[0, 0, 0, 1055]
  FACT      B08 after build new #22968 t3  'error out'                        is_source=True  wire=0       errs=[0, 0, 0, 1055]
  FACT      B08 after build new #22968 t4  ''                                 is_source=False wire=0       errs=[0, 0, 0, 1055]
  FACT      B08 after build new #22968 t5  ''                                 is_source=True  wire=0       errs=[0, 0, 0, 1055]
  FACT      B08 after build new #22968 t6  'site'                             is_source=False wire=0       errs=[0, 0, 0, 1055]
  FACT      B08 after build new #22968 t7  'site'                             is_source=True  wire=0       errs=[0, 0, 0, 1055]
  FACT      B08 after build new #22968 t8  'any'                              is_source=False wire=0       errs=[0, 0, 0, 1055]
  FACT      B08 after build new #22968 t9  'any'                              is_source=True  wire=0       errs=[0, 0, 0, 1055]
  FACT  B08 after build NEW NODE NOT DELETED (not the measured junk shape, or its table could not be read): #22968 class 'CallLibrary' label 't0stamp.*:stamp', 10 terminal(s), 0 wired - REPORTED, left alone
  FACT  move_in node census: 625 rows
  FACT  OP move_in #22968 -> Diagram[43] at (1550, 960) -> err '' (0.1 s)
  FACT  B08 after move AFTER node census: 626 rows
  FACT  B08 after move CENSUS DIFF: Node 625 -> 626 ; 1 new uid(s): [(23006, 'Invoke', (2639, 933))]
  FACT  B08 after move new #23006 #23006 lives at: {'diagram_index': 43, 'diagram_uid': 639, 'diagram_class': 'Diagram', 'nodes_index': 74, 'nodes_on_diagram': 75, 'label': 'Invoke Node'}  (1 diagram(s) scanned of 170, 0.3 s)
  FACT  B08 after move new #23006 terminal table of #23006 (Diagram idx 43, Nodes[74], echo 23006): 6 terminal(s)
  FACT      B08 after move new #23006 t0  'reference'                        is_source=False wire=0       errs=[0, 0, 0, 1055]
  FACT      B08 after move new #23006 t1  'reference out'                    is_source=True  wire=0       errs=[0, 0, 0, 1055]
  FACT      B08 after move new #23006 t2  'error in (no error)'              is_source=False wire=0       errs=[0, 0, 0, 1055]
  FACT      B08 after move new #23006 t3  'error out'                        is_source=True  wire=0       errs=[0, 0, 0, 1055]
  FACT      B08 after move new #23006 t4  'Method'                           is_source=False wire=0       errs=[0, 0, 0, 1055]
  FACT      B08 after move new #23006 t5  'Method'                           is_source=True  wire=0       errs=[0, 0, 0, 1055]
  FACT  B08 after move the junk node's FULL terminal table is printed above; 6 terminal(s), 0 WIRED - the purge precondition (ZERO wired) HOLDS
  FACT  B08 after move purge delete Node #23006 at index 157: gone [23006], error '', census 626 -> 625, still present False (1.30 s)
  FACT  B08 after move AFTER THE PURGE node census: 625 rows
  FACT  B08 after move purge arithmetic: Node 625 -> 626 -> 625
  FACT  B08 after const AFTER node census: 625 rows
  FACT  B08 after const CENSUS DIFF: Node 625 -> 625 ; 0 new uid(s): []
  PASS  B08.2 constant #23127 on WhileLoop[1].N[73].t6 (err '' / '')
  PASS  B08.3 CLFN re-found by uid on Diagram[43]=#639 N[73], uid echo 22968 == #22968, t6 wire 23172
  FACT  connect_from_wire node census: 625 rows
  FACT  OP connect_from_wire sink D[43].N[73].t8 <- w541[0] -> err '' (0.3 s)
  FACT  B08 after branch AFTER node census: 626 rows
  FACT  B08 after branch CENSUS DIFF: Node 625 -> 626 ; 1 new uid(s): [(23006, 'Invoke', (2639, 933))]
  FACT  B08 after branch new #23006 #23006 lives at: {'diagram_index': 43, 'diagram_uid': 639, 'diagram_class': 'Diagram', 'nodes_index': 74, 'nodes_on_diagram': 75, 'label': 'Invoke Node'}  (1 diagram(s) scanned of 170, 0.3 s)
  FACT  B08 after branch new #23006 terminal table of #23006 (Diagram idx 43, Nodes[74], echo 23006): 6 terminal(s)
  FACT      B08 after branch new #23006 t0  'reference'                        is_source=False wire=0       errs=[0, 0, 0, 1055]
  FACT      B08 after branch new #23006 t1  'reference out'                    is_source=True  wire=0       errs=[0, 0, 0, 1055]
  FACT      B08 after branch new #23006 t2  'error in (no error)'              is_source=False wire=0       errs=[0, 0, 0, 1055]
  FACT      B08 after branch new #23006 t3  'error out'                        is_source=True  wire=0       errs=[0, 0, 0, 1055]
  FACT      B08 after branch new #23006 t4  'Method'                           is_source=False wire=0       errs=[0, 0, 0, 1055]
  FACT      B08 after branch new #23006 t5  'Method'                           is_source=True  wire=0       errs=[0, 0, 0, 1055]
  FACT  B08 after branch the junk node's FULL terminal table is printed above; 6 terminal(s), 0 WIRED - the purge precondition (ZERO wired) HOLDS
  FACT  B08 after branch purge delete Node #23006 at index 157: gone [23006], error '', census 626 -> 625, still present False (1.30 s)
  FACT  B08 after branch AFTER THE PURGE node census: 625 rows
  FACT  B08 after branch purge arithmetic: Node 625 -> 626 -> 625
  FACT  B08 w541 AFTER: 2 sink(s) (was 1); NEW sink owner(s) [22968] (CLFN #22968); op readback {'err_uidvi': '', 'err_wirepn': '', 'UID 2': 541, 'Is Broken?': False, 'Name': 'any'}
  PASS  B08.4 branch w541 -> t8: err '', Is Broken? False, exactly one new sink owned by #22968 ([22968]), t8 wire 541 == site wire
  FACT  ExecState [B08 after stamp [error cluster]] scratch_c91_probe_20260926_054248.vi = 1
  PASS  B08.5 [error cluster] w541 ExecState after the stamp == 1 (got 1)
  FACT  delete_object node census: 625 rows
      B08deleted CallLibrary #22968 -> gone [22968]
  FACT  OP delete_object CallLibrary #22968 -> err '' (0.1 s)
  FACT  delete_object node census: 624 rows
      B08deleted DigitalNumericConstant #23127 -> gone [23127]
  FACT  OP delete_object DigitalNumericConstant #23127 -> err '' (0.4 s)
  FACT  B08 BROKEN-WIRE COUNT: Wire 1900 -> 1899 after Remove Bad Wires = 1 bad wire(s); ExecState after 1
  FACT  ExecState [B08 after delete + Remove Bad Wires] scratch_c91_probe_20260926_054248.vi = 1
  FACT  B08 UNSTAMP: bad wires removed 1, site wire w541 alive True with 1 sink(s), ExecState 1
  PASS  B08.6 [error cluster] after delete: wire alive, sinks back to 1, ExecState 1 (got 1)
  FACT  B11 w19465 BEFORE: 2 terminal(s), source [('SubVI', 15442, 0)], 1 sink(s)
  FACT  B11 node census: 624 rows
  PASS  B11.1 CLFN #22968 built at top level (6 terms)  ((False, 0, ''), (False, 0, ''))
  FACT  B11 after build AFTER node census: 625 rows
  FACT  B11 after build CENSUS DIFF: Node 624 -> 625 ; 1 new uid(s): [(22968, 'CallLibrary', (620, 60))]
  FACT  B11 after build new #22968 #22968 lives at: {'diagram_index': 0, 'diagram_uid': 536, 'diagram_class': 'TopLevelDiagram', 'nodes_index': 0, 'nodes_on_diagram': 1, 'label': 't0stamp.*:stamp'}  (1 diagram(s) scanned of 170, 0.2 s)
  FACT  B11 after build new #22968 terminal table of #22968 (Diagram idx 0, Nodes[0], echo 22968): 10 terminal(s)
  FACT      B11 after build new #22968 t0  'path in'                          is_source=False wire=0       errs=[0, 0, 0, 1055]
  FACT      B11 after build new #22968 t1  'path out'                         is_source=True  wire=0       errs=[0, 0, 0, 1055]
  FACT      B11 after build new #22968 t2  'error in (no error)'              is_source=False wire=0       errs=[0, 0, 0, 1055]
  FACT      B11 after build new #22968 t3  'error out'                        is_source=True  wire=0       errs=[0, 0, 0, 1055]
  FACT      B11 after build new #22968 t4  ''                                 is_source=False wire=0       errs=[0, 0, 0, 1055]
  FACT      B11 after build new #22968 t5  ''                                 is_source=True  wire=0       errs=[0, 0, 0, 1055]
  FACT      B11 after build new #22968 t6  'site'                             is_source=False wire=0       errs=[0, 0, 0, 1055]
  FACT      B11 after build new #22968 t7  'site'                             is_source=True  wire=0       errs=[0, 0, 0, 1055]
  FACT      B11 after build new #22968 t8  'any'                              is_source=False wire=0       errs=[0, 0, 0, 1055]
  FACT      B11 after build new #22968 t9  'any'                              is_source=True  wire=0       errs=[0, 0, 0, 1055]
  FACT  B11 after build NEW NODE NOT DELETED (not the measured junk shape, or its table could not be read): #22968 class 'CallLibrary' label 't0stamp.*:stamp', 10 terminal(s), 0 wired - REPORTED, left alone
  FACT  move_in node census: 625 rows
  FACT  OP move_in #22968 -> Diagram[99] at (1580, 1020) -> err '' (0.1 s)
  FACT  B11 after move AFTER node census: 626 rows
  FACT  B11 after move CENSUS DIFF: Node 625 -> 626 ; 1 new uid(s): [(23009, 'Invoke', (-14936, 658))]
  FACT  B11 after move new #23009 #23009 lives at: {'diagram_index': 99, 'diagram_uid': 15266, 'diagram_class': 'Diagram', 'nodes_index': 23, 'nodes_on_diagram': 24, 'label': 'Invoke Node'}  (1 diagram(s) scanned of 170, 0.3 s)
  FACT  B11 after move new #23009 terminal table of #23009 (Diagram idx 99, Nodes[23], echo 23009): 6 terminal(s)
  FACT      B11 after move new #23009 t0  'reference'                        is_source=False wire=0       errs=[0, 0, 0, 1055]
  FACT      B11 after move new #23009 t1  'reference out'                    is_source=True  wire=0       errs=[0, 0, 0, 1055]
  FACT      B11 after move new #23009 t2  'error in (no error)'              is_source=False wire=0       errs=[0, 0, 0, 1055]
  FACT      B11 after move new #23009 t3  'error out'                        is_source=True  wire=0       errs=[0, 0, 0, 1055]
  FACT      B11 after move new #23009 t4  'Method'                           is_source=False wire=0       errs=[0, 0, 0, 1055]
  FACT      B11 after move new #23009 t5  'Method'                           is_source=True  wire=0       errs=[0, 0, 0, 1055]
  FACT  B11 after move the junk node's FULL terminal table is printed above; 6 terminal(s), 0 WIRED - the purge precondition (ZERO wired) HOLDS
  FACT  B11 after move purge delete Node #23009 at index 429: gone [23009], error '', census 626 -> 625, still present False (1.34 s)
  FACT  B11 after move AFTER THE PURGE node census: 625 rows
  FACT  B11 after move purge arithmetic: Node 625 -> 626 -> 625
  FACT  B11 after const AFTER node census: 625 rows
  FACT  B11 after const CENSUS DIFF: Node 625 -> 625 ; 0 new uid(s): []
  PASS  B11.2 constant #23151 on WhileLoop[2].N[22].t6 (err '' / '')
  PASS  B11.3 CLFN re-found by uid on Diagram[99]=#15266 N[22], uid echo 22968 == #22968, t6 wire 23240
  FACT  connect_from_wire node census: 625 rows
  FACT  OP connect_from_wire sink D[99].N[22].t8 <- w19465[0] -> err '' (0.4 s)
  FACT  B11 after branch AFTER node census: 626 rows
  FACT  B11 after branch CENSUS DIFF: Node 625 -> 626 ; 1 new uid(s): [(23009, 'Invoke', (-14936, 658))]
  FACT  B11 after branch new #23009 #23009 lives at: {'diagram_index': 99, 'diagram_uid': 15266, 'diagram_class': 'Diagram', 'nodes_index': 23, 'nodes_on_diagram': 24, 'label': 'Invoke Node'}  (1 diagram(s) scanned of 170, 0.2 s)
  FACT  B11 after branch new #23009 terminal table of #23009 (Diagram idx 99, Nodes[23], echo 23009): 6 terminal(s)
  FACT      B11 after branch new #23009 t0  'reference'                        is_source=False wire=0       errs=[0, 0, 0, 1055]
  FACT      B11 after branch new #23009 t1  'reference out'                    is_source=True  wire=0       errs=[0, 0, 0, 1055]
  FACT      B11 after branch new #23009 t2  'error in (no error)'              is_source=False wire=0       errs=[0, 0, 0, 1055]
  FACT      B11 after branch new #23009 t3  'error out'                        is_source=True  wire=0       errs=[0, 0, 0, 1055]
  FACT      B11 after branch new #23009 t4  'Method'                           is_source=False wire=0       errs=[0, 0, 0, 1055]
  FACT      B11 after branch new #23009 t5  'Method'                           is_source=True  wire=0       errs=[0, 0, 0, 1055]
  FACT  B11 after branch the junk node's FULL terminal table is printed above; 6 terminal(s), 0 WIRED - the purge precondition (ZERO wired) HOLDS
  FACT  B11 after branch purge delete Node #23009 at index 429: gone [23009], error '', census 626 -> 625, still present False (1.30 s)
  FACT  B11 after branch AFTER THE PURGE node census: 625 rows
  FACT  B11 after branch purge arithmetic: Node 625 -> 626 -> 625
  FACT  B11 w19465 AFTER: 2 sink(s) (was 1); NEW sink owner(s) [22968] (CLFN #22968); op readback {'err_uidvi': '', 'err_wirepn': '', 'UID 2': 19465, 'Is Broken?': False, 'Name': 'any'}
  PASS  B11.4 branch w19465 -> t8: err '', Is Broken? False, exactly one new sink owned by #22968 ([22968]), t8 wire 19465 == site wire
  FACT  ExecState [B11 after stamp [U8 image]] scratch_c91_probe_20260926_054248.vi = 1
  PASS  B11.5 [U8 image] w19465 ExecState after the stamp == 1 (got 1)
  FACT  delete_object node census: 625 rows
      B11deleted CallLibrary #22968 -> gone [22968]
  FACT  OP delete_object CallLibrary #22968 -> err '' (0.1 s)
  FACT  delete_object node census: 624 rows
      B11deleted DigitalNumericConstant #23151 -> gone [23151]
  FACT  OP delete_object DigitalNumericConstant #23151 -> err '' (0.5 s)
  FACT  B11 BROKEN-WIRE COUNT: Wire 1899 -> 1899 after Remove Bad Wires = 0 bad wire(s); ExecState after 1
  FACT  ExecState [B11 after delete + Remove Bad Wires] scratch_c91_probe_20260926_054248.vi = 1
  FACT  B11 UNSTAMP: bad wires removed 0, site wire w19465 alive True with 1 sink(s), ExecState 1
  PASS  B11.6 [U8 image] after delete: wire alive, sinks back to 1, ExecState 1 (got 1)
  FACT  B12 w19468 BEFORE: 2 terminal(s), source [('SubVI', 15472, 0)], 1 sink(s)
  FACT  B12 node census: 624 rows
  PASS  B12.1 CLFN #22968 built at top level (6 terms)  ((False, 0, ''), (False, 0, ''))
  FACT  B12 after build AFTER node census: 625 rows
  FACT  B12 after build CENSUS DIFF: Node 624 -> 625 ; 1 new uid(s): [(22968, 'CallLibrary', (690, 60))]
  FACT  B12 after build new #22968 #22968 lives at: {'diagram_index': 0, 'diagram_uid': 536, 'diagram_class': 'TopLevelDiagram', 'nodes_index': 0, 'nodes_on_diagram': 1, 'label': 't0stamp.*:stamp'}  (1 diagram(s) scanned of 170, 0.2 s)
  FACT  B12 after build new #22968 terminal table of #22968 (Diagram idx 0, Nodes[0], echo 22968): 10 terminal(s)
  FACT      B12 after build new #22968 t0  'path in'                          is_source=False wire=0       errs=[0, 0, 0, 1055]
  FACT      B12 after build new #22968 t1  'path out'                         is_source=True  wire=0       errs=[0, 0, 0, 1055]
  FACT      B12 after build new #22968 t2  'error in (no error)'              is_source=False wire=0       errs=[0, 0, 0, 1055]
  FACT      B12 after build new #22968 t3  'error out'                        is_source=True  wire=0       errs=[0, 0, 0, 1055]
  FACT      B12 after build new #22968 t4  ''                                 is_source=False wire=0       errs=[0, 0, 0, 1055]
  FACT      B12 after build new #22968 t5  ''                                 is_source=True  wire=0       errs=[0, 0, 0, 1055]
  FACT      B12 after build new #22968 t6  'site'                             is_source=False wire=0       errs=[0, 0, 0, 1055]
  FACT      B12 after build new #22968 t7  'site'                             is_source=True  wire=0       errs=[0, 0, 0, 1055]
  FACT      B12 after build new #22968 t8  'any'                              is_source=False wire=0       errs=[0, 0, 0, 1055]
  FACT      B12 after build new #22968 t9  'any'                              is_source=True  wire=0       errs=[0, 0, 0, 1055]
  FACT  B12 after build NEW NODE NOT DELETED (not the measured junk shape, or its table could not be read): #22968 class 'CallLibrary' label 't0stamp.*:stamp', 10 terminal(s), 0 wired - REPORTED, left alone
  FACT  move_in node census: 625 rows
  FACT  OP move_in #22968 -> Diagram[99] at (1610, 1080) -> err '' (0.1 s)
  FACT  B12 after move AFTER node census: 626 rows
  FACT  B12 after move CENSUS DIFF: Node 625 -> 626 ; 1 new uid(s): [(23026, 'Invoke', (-14936, 658))]
  FACT  B12 after move new #23026 #23026 lives at: {'diagram_index': 99, 'diagram_uid': 15266, 'diagram_class': 'Diagram', 'nodes_index': 23, 'nodes_on_diagram': 24, 'label': 'Invoke Node'}  (1 diagram(s) scanned of 170, 0.2 s)
  FACT  B12 after move new #23026 terminal table of #23026 (Diagram idx 99, Nodes[23], echo 23026): 6 terminal(s)
  FACT      B12 after move new #23026 t0  'reference'                        is_source=False wire=0       errs=[0, 0, 0, 1055]
  FACT      B12 after move new #23026 t1  'reference out'                    is_source=True  wire=0       errs=[0, 0, 0, 1055]
  FACT      B12 after move new #23026 t2  'error in (no error)'              is_source=False wire=0       errs=[0, 0, 0, 1055]
  FACT      B12 after move new #23026 t3  'error out'                        is_source=True  wire=0       errs=[0, 0, 0, 1055]
  FACT      B12 after move new #23026 t4  'Method'                           is_source=False wire=0       errs=[0, 0, 0, 1055]
  FACT      B12 after move new #23026 t5  'Method'                           is_source=True  wire=0       errs=[0, 0, 0, 1055]
  FACT  B12 after move the junk node's FULL terminal table is printed above; 6 terminal(s), 0 WIRED - the purge precondition (ZERO wired) HOLDS
  FACT  B12 after move purge delete Node #23026 at index 429: gone [23026], error '', census 626 -> 625, still present False (1.28 s)
  FACT  B12 after move AFTER THE PURGE node census: 625 rows
  FACT  B12 after move purge arithmetic: Node 625 -> 626 -> 625
  FACT  B12 after const AFTER node census: 625 rows
  FACT  B12 after const CENSUS DIFF: Node 625 -> 625 ; 0 new uid(s): []
  PASS  B12.2 constant #23157 on WhileLoop[2].N[22].t6 (err '' / '')
  PASS  B12.3 CLFN re-found by uid on Diagram[99]=#15266 N[22], uid echo 22968 == #22968, t6 wire 23243
  FACT  connect_from_wire node census: 625 rows
  FACT  OP connect_from_wire sink D[99].N[22].t8 <- w19468[0] -> err '' (0.4 s)
  FACT  B12 after branch AFTER node census: 626 rows
  FACT  B12 after branch CENSUS DIFF: Node 625 -> 626 ; 1 new uid(s): [(23026, 'Invoke', (-14936, 658))]
  FACT  B12 after branch new #23026 #23026 lives at: {'diagram_index': 99, 'diagram_uid': 15266, 'diagram_class': 'Diagram', 'nodes_index': 23, 'nodes_on_diagram': 24, 'label': 'Invoke Node'}  (1 diagram(s) scanned of 170, 0.2 s)
  FACT  B12 after branch new #23026 terminal table of #23026 (Diagram idx 99, Nodes[23], echo 23026): 6 terminal(s)
  FACT      B12 after branch new #23026 t0  'reference'                        is_source=False wire=0       errs=[0, 0, 0, 1055]
  FACT      B12 after branch new #23026 t1  'reference out'                    is_source=True  wire=0       errs=[0, 0, 0, 1055]
  FACT      B12 after branch new #23026 t2  'error in (no error)'              is_source=False wire=0       errs=[0, 0, 0, 1055]
  FACT      B12 after branch new #23026 t3  'error out'                        is_source=True  wire=0       errs=[0, 0, 0, 1055]
  FACT      B12 after branch new #23026 t4  'Method'                           is_source=False wire=0       errs=[0, 0, 0, 1055]
  FACT      B12 after branch new #23026 t5  'Method'                           is_source=True  wire=0       errs=[0, 0, 0, 1055]
  FACT  B12 after branch the junk node's FULL terminal table is printed above; 6 terminal(s), 0 WIRED - the purge precondition (ZERO wired) HOLDS
  FACT  B12 after branch purge delete Node #23026 at index 429: gone [23026], error '', census 626 -> 625, still present False (1.29 s)
  FACT  B12 after branch AFTER THE PURGE node census: 625 rows
  FACT  B12 after branch purge arithmetic: Node 625 -> 626 -> 625
  FACT  B12 w19468 AFTER: 2 sink(s) (was 1); NEW sink owner(s) [22968] (CLFN #22968); op readback {'err_uidvi': '', 'err_wirepn': '', 'UID 2': 19468, 'Is Broken?': False, 'Name': 'any'}
  PASS  B12.4 branch w19468 -> t8: err '', Is Broken? False, exactly one new sink owned by #22968 ([22968]), t8 wire 19468 == site wire
  FACT  ExecState [B12 after stamp [image data]] scratch_c91_probe_20260926_054248.vi = 1
  PASS  B12.5 [image data] w19468 ExecState after the stamp == 1 (got 1)
  FACT  delete_object node census: 625 rows
      B12deleted CallLibrary #22968 -> gone [22968]
  FACT  OP delete_object CallLibrary #22968 -> err '' (0.1 s)
  FACT  delete_object node census: 624 rows
      B12deleted DigitalNumericConstant #23157 -> gone [23157]
  FACT  OP delete_object DigitalNumericConstant #23157 -> err '' (0.5 s)
  FACT  B12 BROKEN-WIRE COUNT: Wire 1899 -> 1899 after Remove Bad Wires = 0 bad wire(s); ExecState after 1
  FACT  ExecState [B12 after delete + Remove Bad Wires] scratch_c91_probe_20260926_054248.vi = 1
  FACT  B12 UNSTAMP: bad wires removed 0, site wire w19468 alive True with 1 sink(s), ExecState 1
  PASS  B12.6 [image data] after delete: wire alive, sinks back to 1, ExecState 1 (got 1)
  FACT  B13 w19429 BEFORE: 2 terminal(s), source [('SubVI', 15511, 0)], 1 sink(s)
  FACT  B13 node census: 624 rows
  PASS  B13.1 CLFN #22968 built at top level (6 terms)  ((False, 0, ''), (False, 0, ''))
  FACT  B13 after build AFTER node census: 625 rows
  FACT  B13 after build CENSUS DIFF: Node 624 -> 625 ; 1 new uid(s): [(22968, 'CallLibrary', (760, 60))]
  FACT  B13 after build new #22968 #22968 lives at: {'diagram_index': 0, 'diagram_uid': 536, 'diagram_class': 'TopLevelDiagram', 'nodes_index': 0, 'nodes_on_diagram': 1, 'label': 't0stamp.*:stamp'}  (1 diagram(s) scanned of 170, 0.2 s)
  FACT  B13 after build new #22968 terminal table of #22968 (Diagram idx 0, Nodes[0], echo 22968): 10 terminal(s)
  FACT      B13 after build new #22968 t0  'path in'                          is_source=False wire=0       errs=[0, 0, 0, 1055]
  FACT      B13 after build new #22968 t1  'path out'                         is_source=True  wire=0       errs=[0, 0, 0, 1055]
  FACT      B13 after build new #22968 t2  'error in (no error)'              is_source=False wire=0       errs=[0, 0, 0, 1055]
  FACT      B13 after build new #22968 t3  'error out'                        is_source=True  wire=0       errs=[0, 0, 0, 1055]
  FACT      B13 after build new #22968 t4  ''                                 is_source=False wire=0       errs=[0, 0, 0, 1055]
  FACT      B13 after build new #22968 t5  ''                                 is_source=True  wire=0       errs=[0, 0, 0, 1055]
  FACT      B13 after build new #22968 t6  'site'                             is_source=False wire=0       errs=[0, 0, 0, 1055]
  FACT      B13 after build new #22968 t7  'site'                             is_source=True  wire=0       errs=[0, 0, 0, 1055]
  FACT      B13 after build new #22968 t8  'any'                              is_source=False wire=0       errs=[0, 0, 0, 1055]
  FACT      B13 after build new #22968 t9  'any'                              is_source=True  wire=0       errs=[0, 0, 0, 1055]
  FACT  B13 after build NEW NODE NOT DELETED (not the measured junk shape, or its table could not be read): #22968 class 'CallLibrary' label 't0stamp.*:stamp', 10 terminal(s), 0 wired - REPORTED, left alone
  FACT  move_in node census: 625 rows
  FACT  OP move_in #22968 -> Diagram[99] at (1640, 900) -> err '' (0.1 s)
  FACT  B13 after move AFTER node census: 626 rows
  FACT  B13 after move CENSUS DIFF: Node 625 -> 626 ; 1 new uid(s): [(23027, 'Invoke', (-14936, 658))]
  FACT  B13 after move new #23027 #23027 lives at: {'diagram_index': 99, 'diagram_uid': 15266, 'diagram_class': 'Diagram', 'nodes_index': 22, 'nodes_on_diagram': 24, 'label': 'Invoke Node'}  (1 diagram(s) scanned of 170, 0.2 s)
  FACT  B13 after move new #23027 terminal table of #23027 (Diagram idx 99, Nodes[22], echo 23027): 6 terminal(s)
  FACT      B13 after move new #23027 t0  'reference'                        is_source=False wire=0       errs=[0, 0, 0, 1055]
  FACT      B13 after move new #23027 t1  'reference out'                    is_source=True  wire=0       errs=[0, 0, 0, 1055]
  FACT      B13 after move new #23027 t2  'error in (no error)'              is_source=False wire=0       errs=[0, 0, 0, 1055]
  FACT      B13 after move new #23027 t3  'error out'                        is_source=True  wire=0       errs=[0, 0, 0, 1055]
  FACT      B13 after move new #23027 t4  'Method'                           is_source=False wire=0       errs=[0, 0, 0, 1055]
  FACT      B13 after move new #23027 t5  'Method'                           is_source=True  wire=0       errs=[0, 0, 0, 1055]
  FACT  B13 after move the junk node's FULL terminal table is printed above; 6 terminal(s), 0 WIRED - the purge precondition (ZERO wired) HOLDS
  FACT  B13 after move purge delete Node #23027 at index 430: gone [23027], error '', census 626 -> 625, still present False (1.29 s)
  FACT  B13 after move AFTER THE PURGE node census: 625 rows
  FACT  B13 after move purge arithmetic: Node 625 -> 626 -> 625
  FACT  B13 after const AFTER node census: 625 rows
  FACT  B13 after const CENSUS DIFF: Node 625 -> 625 ; 0 new uid(s): []
  PASS  B13.2 constant #23166 on WhileLoop[2].N[22].t6 (err '' / '')
  PASS  B13.3 CLFN re-found by uid on Diagram[99]=#15266 N[22], uid echo 22968 == #22968, t6 wire 23249
  FACT  connect_from_wire node census: 625 rows
  FACT  OP connect_from_wire sink D[99].N[22].t8 <- w19429[0] -> err '' (0.4 s)
  FACT  B13 after branch AFTER node census: 626 rows
  FACT  B13 after branch CENSUS DIFF: Node 625 -> 626 ; 1 new uid(s): [(23027, 'Invoke', (-14936, 658))]
  FACT  B13 after branch new #23027 #23027 lives at: {'diagram_index': 99, 'diagram_uid': 15266, 'diagram_class': 'Diagram', 'nodes_index': 23, 'nodes_on_diagram': 24, 'label': 'Invoke Node'}  (1 diagram(s) scanned of 170, 0.2 s)
  FACT  B13 after branch new #23027 terminal table of #23027 (Diagram idx 99, Nodes[23], echo 23027): 6 terminal(s)
  FACT      B13 after branch new #23027 t0  'reference'                        is_source=False wire=0       errs=[0, 0, 0, 1055]
  FACT      B13 after branch new #23027 t1  'reference out'                    is_source=True  wire=0       errs=[0, 0, 0, 1055]
  FACT      B13 after branch new #23027 t2  'error in (no error)'              is_source=False wire=0       errs=[0, 0, 0, 1055]
  FACT      B13 after branch new #23027 t3  'error out'                        is_source=True  wire=0       errs=[0, 0, 0, 1055]
  FACT      B13 after branch new #23027 t4  'Method'                           is_source=False wire=0       errs=[0, 0, 0, 1055]
  FACT      B13 after branch new #23027 t5  'Method'                           is_source=True  wire=0       errs=[0, 0, 0, 1055]
  FACT  B13 after branch the junk node's FULL terminal table is printed above; 6 terminal(s), 0 WIRED - the purge precondition (ZERO wired) HOLDS
  FACT  B13 after branch purge delete Node #23027 at index 429: gone [23027], error '', census 626 -> 625, still present False (1.30 s)
  FACT  B13 after branch AFTER THE PURGE node census: 625 rows
  FACT  B13 after branch purge arithmetic: Node 625 -> 626 -> 625
  FACT  B13 w19429 AFTER: 2 sink(s) (was 1); NEW sink owner(s) [22968] (CLFN #22968); op readback {'err_uidvi': '', 'err_wirepn': '', 'UID 2': 19429, 'Is Broken?': False, 'Name': 'any'}
  PASS  B13.4 branch w19429 -> t8: err '', Is Broken? False, exactly one new sink owned by #22968 ([22968]), t8 wire 19429 == site wire
  FACT  ExecState [B13 after stamp [picture]] scratch_c91_probe_20260926_054248.vi = 1
  PASS  B13.5 [picture] w19429 ExecState after the stamp == 1 (got 1)
  FACT  delete_object node census: 625 rows
      B13deleted CallLibrary #22968 -> gone [22968]
  FACT  OP delete_object CallLibrary #22968 -> err '' (0.1 s)
  FACT  delete_object node census: 624 rows
      B13deleted DigitalNumericConstant #23166 -> gone [23166]
  FACT  OP delete_object DigitalNumericConstant #23166 -> err '' (0.5 s)
  FACT  B13 BROKEN-WIRE COUNT: Wire 1899 -> 1899 after Remove Bad Wires = 0 bad wire(s); ExecState after 1
  FACT  ExecState [B13 after delete + Remove Bad Wires] scratch_c91_probe_20260926_054248.vi = 1
  FACT  B13 UNSTAMP: bad wires removed 0, site wire w19429 alive True with 1 sink(s), ExecState 1
  PASS  B13.6 [picture] after delete: wire alive, sinks back to 1, ExecState 1 (got 1)
  FACT  B16 w19441 BEFORE: 2 terminal(s), source [('SelectorTunnel', 16277, 0)], 1 sink(s)
  FACT  B16 node census: 624 rows
  PASS  B16.1 CLFN #22968 built at top level (6 terms)  ((False, 0, ''), (False, 0, ''))
  FACT  B16 after build AFTER node census: 625 rows
  FACT  B16 after build CENSUS DIFF: Node 624 -> 625 ; 1 new uid(s): [(22968, 'CallLibrary', (830, 60))]
  FACT  B16 after build new #22968 #22968 lives at: {'diagram_index': 0, 'diagram_uid': 536, 'diagram_class': 'TopLevelDiagram', 'nodes_index': 0, 'nodes_on_diagram': 1, 'label': 't0stamp.*:stamp'}  (1 diagram(s) scanned of 170, 0.2 s)
  FACT  B16 after build new #22968 terminal table of #22968 (Diagram idx 0, Nodes[0], echo 22968): 10 terminal(s)
  FACT      B16 after build new #22968 t0  'path in'                          is_source=False wire=0       errs=[0, 0, 0, 1055]
  FACT      B16 after build new #22968 t1  'path out'                         is_source=True  wire=0       errs=[0, 0, 0, 1055]
  FACT      B16 after build new #22968 t2  'error in (no error)'              is_source=False wire=0       errs=[0, 0, 0, 1055]
  FACT      B16 after build new #22968 t3  'error out'                        is_source=True  wire=0       errs=[0, 0, 0, 1055]
  FACT      B16 after build new #22968 t4  ''                                 is_source=False wire=0       errs=[0, 0, 0, 1055]
  FACT      B16 after build new #22968 t5  ''                                 is_source=True  wire=0       errs=[0, 0, 0, 1055]
  FACT      B16 after build new #22968 t6  'site'                             is_source=False wire=0       errs=[0, 0, 0, 1055]
  FACT      B16 after build new #22968 t7  'site'                             is_source=True  wire=0       errs=[0, 0, 0, 1055]
  FACT      B16 after build new #22968 t8  'any'                              is_source=False wire=0       errs=[0, 0, 0, 1055]
  FACT      B16 after build new #22968 t9  'any'                              is_source=True  wire=0       errs=[0, 0, 0, 1055]
  FACT  B16 after build NEW NODE NOT DELETED (not the measured junk shape, or its table could not be read): #22968 class 'CallLibrary' label 't0stamp.*:stamp', 10 terminal(s), 0 wired - REPORTED, left alone
  FACT  move_in node census: 625 rows
  FACT  OP move_in #22968 -> Diagram[99] at (1670, 960) -> err '' (0.1 s)
  FACT  B16 after move AFTER node census: 626 rows
  FACT  B16 after move CENSUS DIFF: Node 625 -> 626 ; 1 new uid(s): [(23029, 'Invoke', (-14936, 658))]
  FACT  B16 after move new #23029 #23029 lives at: {'diagram_index': 99, 'diagram_uid': 15266, 'diagram_class': 'Diagram', 'nodes_index': 23, 'nodes_on_diagram': 24, 'label': 'Invoke Node'}  (1 diagram(s) scanned of 170, 0.2 s)
  FACT  B16 after move new #23029 terminal table of #23029 (Diagram idx 99, Nodes[23], echo 23029): 6 terminal(s)
  FACT      B16 after move new #23029 t0  'reference'                        is_source=False wire=0       errs=[0, 0, 0, 1055]
  FACT      B16 after move new #23029 t1  'reference out'                    is_source=True  wire=0       errs=[0, 0, 0, 1055]
  FACT      B16 after move new #23029 t2  'error in (no error)'              is_source=False wire=0       errs=[0, 0, 0, 1055]
  FACT      B16 after move new #23029 t3  'error out'                        is_source=True  wire=0       errs=[0, 0, 0, 1055]
  FACT      B16 after move new #23029 t4  'Method'                           is_source=False wire=0       errs=[0, 0, 0, 1055]
  FACT      B16 after move new #23029 t5  'Method'                           is_source=True  wire=0       errs=[0, 0, 0, 1055]
  FACT  B16 after move the junk node's FULL terminal table is printed above; 6 terminal(s), 0 WIRED - the purge precondition (ZERO wired) HOLDS
  FACT  B16 after move purge delete Node #23029 at index 429: gone [23029], error '', census 626 -> 625, still present False (1.31 s)
  FACT  B16 after move AFTER THE PURGE node census: 625 rows
  FACT  B16 after move purge arithmetic: Node 625 -> 626 -> 625
  FACT  B16 after const AFTER node census: 625 rows
  FACT  B16 after const CENSUS DIFF: Node 625 -> 625 ; 0 new uid(s): []
  PASS  B16.2 constant #23172 on WhileLoop[2].N[22].t6 (err '' / '')
  PASS  B16.3 CLFN re-found by uid on Diagram[99]=#15266 N[22], uid echo 22968 == #22968, t6 wire 23267
  FACT  connect_from_wire node census: 625 rows
  FACT  OP connect_from_wire sink D[99].N[22].t8 <- w19441[0] -> err '' (0.4 s)
  FACT  B16 after branch AFTER node census: 626 rows
  FACT  B16 after branch CENSUS DIFF: Node 625 -> 626 ; 1 new uid(s): [(23029, 'Invoke', (-14936, 658))]
  FACT  B16 after branch new #23029 #23029 lives at: {'diagram_index': 99, 'diagram_uid': 15266, 'diagram_class': 'Diagram', 'nodes_index': 23, 'nodes_on_diagram': 24, 'label': 'Invoke Node'}  (1 diagram(s) scanned of 170, 0.2 s)
  FACT  B16 after branch new #23029 terminal table of #23029 (Diagram idx 99, Nodes[23], echo 23029): 6 terminal(s)
  FACT      B16 after branch new #23029 t0  'reference'                        is_source=False wire=0       errs=[0, 0, 0, 1055]
  FACT      B16 after branch new #23029 t1  'reference out'                    is_source=True  wire=0       errs=[0, 0, 0, 1055]
  FACT      B16 after branch new #23029 t2  'error in (no error)'              is_source=False wire=0       errs=[0, 0, 0, 1055]
  FACT      B16 after branch new #23029 t3  'error out'                        is_source=True  wire=0       errs=[0, 0, 0, 1055]
  FACT      B16 after branch new #23029 t4  'Method'                           is_source=False wire=0       errs=[0, 0, 0, 1055]
  FACT      B16 after branch new #23029 t5  'Method'                           is_source=True  wire=0       errs=[0, 0, 0, 1055]
  FACT  B16 after branch the junk node's FULL terminal table is printed above; 6 terminal(s), 0 WIRED - the purge precondition (ZERO wired) HOLDS
  FACT  B16 after branch purge delete Node #23029 at index 429: gone [23029], error '', census 626 -> 625, still present False (1.30 s)
  FACT  B16 after branch AFTER THE PURGE node census: 625 rows
  FACT  B16 after branch purge arithmetic: Node 625 -> 626 -> 625
  FACT  B16 w19441 AFTER: 2 sink(s) (was 1); NEW sink owner(s) [22968] (CLFN #22968); op readback {'err_uidvi': '', 'err_wirepn': '', 'UID 2': 19441, 'Is Broken?': False, 'Name': 'any'}
  PASS  B16.4 branch w19441 -> t8: err '', Is Broken? False, exactly one new sink owned by #22968 ([22968]), t8 wire 19441 == site wire
  FACT  ExecState [B16 after stamp [case tunnel (circle #16788 + text #16827, site 17 shares)]] scratch_c91_probe_20260926_054248.vi = 1
  PASS  B16.5 [case tunnel (circle #16788 + text #16827, site 17 shares)] w19441 ExecState after the stamp == 1 (got 1)
  FACT  delete_object node census: 625 rows
      B16deleted CallLibrary #22968 -> gone [22968]
  FACT  OP delete_object CallLibrary #22968 -> err '' (0.2 s)
  FACT  delete_object node census: 624 rows
      B16deleted DigitalNumericConstant #23172 -> gone [23172]
  FACT  OP delete_object DigitalNumericConstant #23172 -> err '' (0.5 s)
  FACT  B16 BROKEN-WIRE COUNT: Wire 1899 -> 1899 after Remove Bad Wires = 0 bad wire(s); ExecState after 1
  FACT  ExecState [B16 after delete + Remove Bad Wires] scratch_c91_probe_20260926_054248.vi = 1
  FACT  B16 UNSTAMP: bad wires removed 0, site wire w19441 alive True with 1 sink(s), ExecState 1
  PASS  B16.6 [case tunnel (circle #16788 + text #16827, site 17 shares)] after delete: wire alive, sinks back to 1, ExecState 1 (got 1)
  FACT  PROBE TABLE wire -> (class, branch ok, ES after stamp, ES after delete): [(3268, 'i I32', True, 1, 1), (5859, 'bool[]', True, 1, 1), (32890, 'For tunnel (Median #30306)', True, 1, 1), (11352, 'For tunnel (Median #29009 + FIR #28233, site 5 shares)', True, 1, 1), (4906, 'case tunnel (plot Z #6085 + plot dZ #5696, site 7 shares)', True, 1, 1), (541, 'error cluster', True, 1, 1), (19465, 'U8 image', True, 1, 1), (19468, 'image data', True, 1, 1), (19429, 'picture', True, 1, 1), (19441, 'case tunnel (circle #16788 + text #16827, site 17 shares)', True, 1, 1)]
  FACT  ExecState [work after the probe] D1_s1_t0_20260926_054248.vi = 1

---------- [C] THE BUILD on D1_s1_t0_20260926_054248.vi - every stamp at While-body level
  FACT  S00 w3268 BEFORE: 9 terminal(s), source [('Diagram', 639, 0)], 8 sink(s)
  FACT  S00 node census: 624 rows
  PASS  S00.1 CLFN #22968 built at top level (6 terms)  ((False, 0, ''), (False, 0, ''))
  FACT  S00 after build AFTER node census: 625 rows
  FACT  S00 after build CENSUS DIFF: Node 624 -> 625 ; 1 new uid(s): [(22968, 'CallLibrary', (200, 60))]
  FACT  S00 after build new #22968 #22968 lives at: {'diagram_index': 0, 'diagram_uid': 536, 'diagram_class': 'TopLevelDiagram', 'nodes_index': 0, 'nodes_on_diagram': 1, 'label': 't0stamp.*:stamp'}  (1 diagram(s) scanned of 170, 0.2 s)
  FACT  S00 after build new #22968 terminal table of #22968 (Diagram idx 0, Nodes[0], echo 22968): 10 terminal(s)
  FACT      S00 after build new #22968 t0  'path in'                          is_source=False wire=0       errs=[0, 0, 0, 1055]
  FACT      S00 after build new #22968 t1  'path out'                         is_source=True  wire=0       errs=[0, 0, 0, 1055]
  FACT      S00 after build new #22968 t2  'error in (no error)'              is_source=False wire=0       errs=[0, 0, 0, 1055]
  FACT      S00 after build new #22968 t3  'error out'                        is_source=True  wire=0       errs=[0, 0, 0, 1055]
  FACT      S00 after build new #22968 t4  ''                                 is_source=False wire=0       errs=[0, 0, 0, 1055]
  FACT      S00 after build new #22968 t5  ''                                 is_source=True  wire=0       errs=[0, 0, 0, 1055]
  FACT      S00 after build new #22968 t6  'site'                             is_source=False wire=0       errs=[0, 0, 0, 1055]
  FACT      S00 after build new #22968 t7  'site'                             is_source=True  wire=0       errs=[0, 0, 0, 1055]
  FACT      S00 after build new #22968 t8  'any'                              is_source=False wire=0       errs=[0, 0, 0, 1055]
  FACT      S00 after build new #22968 t9  'any'                              is_source=True  wire=0       errs=[0, 0, 0, 1055]
  FACT  S00 after build NEW NODE NOT DELETED (not the measured junk shape, or its table could not be read): #22968 class 'CallLibrary' label 't0stamp.*:stamp', 10 terminal(s), 0 wired - REPORTED, left alone
  FACT  move_in node census: 625 rows
  FACT  OP move_in #22968 -> Diagram[43] at (1400, 900) -> err '' (0.1 s)
  FACT  S00 after move AFTER node census: 626 rows
  FACT  S00 after move CENSUS DIFF: Node 625 -> 626 ; 1 new uid(s): [(22989, 'Invoke', (2639, 933))]
  FACT  S00 after move new #22989 #22989 lives at: {'diagram_index': 43, 'diagram_uid': 639, 'diagram_class': 'Diagram', 'nodes_index': 74, 'nodes_on_diagram': 75, 'label': 'Invoke Node'}  (1 diagram(s) scanned of 170, 0.3 s)
  FACT  S00 after move new #22989 terminal table of #22989 (Diagram idx 43, Nodes[74], echo 22989): 6 terminal(s)
  FACT      S00 after move new #22989 t0  'reference'                        is_source=False wire=0       errs=[0, 0, 0, 1055]
  FACT      S00 after move new #22989 t1  'reference out'                    is_source=True  wire=0       errs=[0, 0, 0, 1055]
  FACT      S00 after move new #22989 t2  'error in (no error)'              is_source=False wire=0       errs=[0, 0, 0, 1055]
  FACT      S00 after move new #22989 t3  'error out'                        is_source=True  wire=0       errs=[0, 0, 0, 1055]
  FACT      S00 after move new #22989 t4  'Method'                           is_source=False wire=0       errs=[0, 0, 0, 1055]
  FACT      S00 after move new #22989 t5  'Method'                           is_source=True  wire=0       errs=[0, 0, 0, 1055]
  FACT  S00 after move the junk node's FULL terminal table is printed above; 6 terminal(s), 0 WIRED - the purge precondition (ZERO wired) HOLDS
  FACT  S00 after move purge delete Node #22989 at index 157: gone [22989], error '', census 626 -> 625, still present False (1.24 s)
  FACT  S00 after move AFTER THE PURGE node census: 625 rows
  FACT  S00 after move purge arithmetic: Node 625 -> 626 -> 625
  FACT  S00 after const AFTER node census: 625 rows
  FACT  S00 after const CENSUS DIFF: Node 625 -> 625 ; 0 new uid(s): []
  PASS  S00.2 constant #23090 on WhileLoop[1].N[73].t6 (err '' / '')
  PASS  S00.3 CLFN re-found by uid on Diagram[43]=#639 N[73], uid echo 22968 == #22968, t6 wire 23139
  FACT  connect_from_wire node census: 625 rows
  FACT  OP connect_from_wire sink D[43].N[73].t8 <- w3268[0] -> err '' (0.3 s)
  FACT  S00 after branch AFTER node census: 626 rows
  FACT  S00 after branch CENSUS DIFF: Node 625 -> 626 ; 1 new uid(s): [(22989, 'Invoke', (2639, 933))]
  FACT  S00 after branch new #22989 #22989 lives at: {'diagram_index': 43, 'diagram_uid': 639, 'diagram_class': 'Diagram', 'nodes_index': 74, 'nodes_on_diagram': 75, 'label': 'Invoke Node'}  (1 diagram(s) scanned of 170, 0.3 s)
  FACT  S00 after branch new #22989 terminal table of #22989 (Diagram idx 43, Nodes[74], echo 22989): 6 terminal(s)
  FACT      S00 after branch new #22989 t0  'reference'                        is_source=False wire=0       errs=[0, 0, 0, 1055]
  FACT      S00 after branch new #22989 t1  'reference out'                    is_source=True  wire=0       errs=[0, 0, 0, 1055]
  FACT      S00 after branch new #22989 t2  'error in (no error)'              is_source=False wire=0       errs=[0, 0, 0, 1055]
  FACT      S00 after branch new #22989 t3  'error out'                        is_source=True  wire=0       errs=[0, 0, 0, 1055]
  FACT      S00 after branch new #22989 t4  'Method'                           is_source=False wire=0       errs=[0, 0, 0, 1055]
  FACT      S00 after branch new #22989 t5  'Method'                           is_source=True  wire=0       errs=[0, 0, 0, 1055]
  FACT  S00 after branch the junk node's FULL terminal table is printed above; 6 terminal(s), 0 WIRED - the purge precondition (ZERO wired) HOLDS
  FACT  S00 after branch purge delete Node #22989 at index 157: gone [22989], error '', census 626 -> 625, still present False (1.24 s)
  FACT  S00 after branch AFTER THE PURGE node census: 625 rows
  FACT  S00 after branch purge arithmetic: Node 625 -> 626 -> 625
  FACT  S00 w3268 AFTER: 9 sink(s) (was 8); NEW sink owner(s) [22968] (CLFN #22968); op readback {'err_uidvi': '', 'err_wirepn': '', 'UID 2': 3268, 'Is Broken?': False, 'Name': 'any'}
  PASS  S00.4 branch w3268 -> t8: err '', Is Broken? False, exactly one new sink owned by #22968 ([22968]), t8 wire 3268 == site wire
  FACT  ExecState [after S00 [i I32]] D1_s1_t0_20260926_054248.vi = 1
  PASS  S00.5 [i I32] ExecState after site 0 == 1 (got 1)
  FACT  S02 w5859 BEFORE: 2 terminal(s), source [('SubVI', 5058, 0)], 1 sink(s)
  FACT  S02 node census: 625 rows
  PASS  S02.1 CLFN #22989 built at top level (6 terms)  ((False, 0, ''), (False, 0, ''))
  FACT  S02 after build AFTER node census: 626 rows
  FACT  S02 after build CENSUS DIFF: Node 625 -> 626 ; 1 new uid(s): [(22989, 'CallLibrary', (270, 60))]
  FACT  S02 after build new #22989 #22989 lives at: {'diagram_index': 0, 'diagram_uid': 536, 'diagram_class': 'TopLevelDiagram', 'nodes_index': 0, 'nodes_on_diagram': 1, 'label': 't0stamp.*:stamp'}  (1 diagram(s) scanned of 170, 0.2 s)
  FACT  S02 after build new #22989 terminal table of #22989 (Diagram idx 0, Nodes[0], echo 22989): 10 terminal(s)
  FACT      S02 after build new #22989 t0  'path in'                          is_source=False wire=0       errs=[0, 0, 0, 1055]
  FACT      S02 after build new #22989 t1  'path out'                         is_source=True  wire=0       errs=[0, 0, 0, 1055]
  FACT      S02 after build new #22989 t2  'error in (no error)'              is_source=False wire=0       errs=[0, 0, 0, 1055]
  FACT      S02 after build new #22989 t3  'error out'                        is_source=True  wire=0       errs=[0, 0, 0, 1055]
  FACT      S02 after build new #22989 t4  ''                                 is_source=False wire=0       errs=[0, 0, 0, 1055]
  FACT      S02 after build new #22989 t5  ''                                 is_source=True  wire=0       errs=[0, 0, 0, 1055]
  FACT      S02 after build new #22989 t6  'site'                             is_source=False wire=0       errs=[0, 0, 0, 1055]
  FACT      S02 after build new #22989 t7  'site'                             is_source=True  wire=0       errs=[0, 0, 0, 1055]
  FACT      S02 after build new #22989 t8  'any'                              is_source=False wire=0       errs=[0, 0, 0, 1055]
  FACT      S02 after build new #22989 t9  'any'                              is_source=True  wire=0       errs=[0, 0, 0, 1055]
  FACT  S02 after build NEW NODE NOT DELETED (not the measured junk shape, or its table could not be read): #22989 class 'CallLibrary' label 't0stamp.*:stamp', 10 terminal(s), 0 wired - REPORTED, left alone
  FACT  move_in node census: 626 rows
  FACT  OP move_in #22989 -> Diagram[43] at (1430, 960) -> err '' (0.1 s)
  FACT  S02 after move AFTER node census: 627 rows
  FACT  S02 after move CENSUS DIFF: Node 626 -> 627 ; 1 new uid(s): [(22997, 'Invoke', (2639, 933))]
  FACT  S02 after move new #22997 #22997 lives at: {'diagram_index': 43, 'diagram_uid': 639, 'diagram_class': 'Diagram', 'nodes_index': 75, 'nodes_on_diagram': 76, 'label': 'Invoke Node'}  (1 diagram(s) scanned of 170, 0.2 s)
  FACT  S02 after move new #22997 terminal table of #22997 (Diagram idx 43, Nodes[75], echo 22997): 6 terminal(s)
  FACT      S02 after move new #22997 t0  'reference'                        is_source=False wire=0       errs=[0, 0, 0, 1055]
  FACT      S02 after move new #22997 t1  'reference out'                    is_source=True  wire=0       errs=[0, 0, 0, 1055]
  FACT      S02 after move new #22997 t2  'error in (no error)'              is_source=False wire=0       errs=[0, 0, 0, 1055]
  FACT      S02 after move new #22997 t3  'error out'                        is_source=True  wire=0       errs=[0, 0, 0, 1055]
  FACT      S02 after move new #22997 t4  'Method'                           is_source=False wire=0       errs=[0, 0, 0, 1055]
  FACT      S02 after move new #22997 t5  'Method'                           is_source=True  wire=0       errs=[0, 0, 0, 1055]
  FACT  S02 after move the junk node's FULL terminal table is printed above; 6 terminal(s), 0 WIRED - the purge precondition (ZERO wired) HOLDS
  FACT  S02 after move purge delete Node #22997 at index 157: gone [22997], error '', census 627 -> 626, still present False (1.25 s)
  FACT  S02 after move AFTER THE PURGE node census: 626 rows
  FACT  S02 after move purge arithmetic: Node 626 -> 627 -> 626
  FACT  S02 after const AFTER node census: 626 rows
  FACT  S02 after const CENSUS DIFF: Node 626 -> 626 ; 0 new uid(s): []
  PASS  S02.2 constant #23270 on WhileLoop[1].N[74].t6 (err '' / '')
  PASS  S02.3 CLFN re-found by uid on Diagram[43]=#639 N[74], uid echo 22989 == #22989, t6 wire 23313
  FACT  connect_from_wire node census: 626 rows
  FACT  OP connect_from_wire sink D[43].N[74].t8 <- w5859[0] -> err '' (0.3 s)
  FACT  S02 after branch AFTER node census: 627 rows
  FACT  S02 after branch CENSUS DIFF: Node 626 -> 627 ; 1 new uid(s): [(22997, 'Invoke', (2639, 933))]
  FACT  S02 after branch new #22997 #22997 lives at: {'diagram_index': 43, 'diagram_uid': 639, 'diagram_class': 'Diagram', 'nodes_index': 75, 'nodes_on_diagram': 76, 'label': 'Invoke Node'}  (1 diagram(s) scanned of 170, 0.2 s)
  FACT  S02 after branch new #22997 terminal table of #22997 (Diagram idx 43, Nodes[75], echo 22997): 6 terminal(s)
  FACT      S02 after branch new #22997 t0  'reference'                        is_source=False wire=0       errs=[0, 0, 0, 1055]
  FACT      S02 after branch new #22997 t1  'reference out'                    is_source=True  wire=0       errs=[0, 0, 0, 1055]
  FACT      S02 after branch new #22997 t2  'error in (no error)'              is_source=False wire=0       errs=[0, 0, 0, 1055]
  FACT      S02 after branch new #22997 t3  'error out'                        is_source=True  wire=0       errs=[0, 0, 0, 1055]
  FACT      S02 after branch new #22997 t4  'Method'                           is_source=False wire=0       errs=[0, 0, 0, 1055]
  FACT      S02 after branch new #22997 t5  'Method'                           is_source=True  wire=0       errs=[0, 0, 0, 1055]
  FACT  S02 after branch the junk node's FULL terminal table is printed above; 6 terminal(s), 0 WIRED - the purge precondition (ZERO wired) HOLDS
  FACT  S02 after branch purge delete Node #22997 at index 157: gone [22997], error '', census 627 -> 626, still present False (1.25 s)
  FACT  S02 after branch AFTER THE PURGE node census: 626 rows
  FACT  S02 after branch purge arithmetic: Node 626 -> 627 -> 626
  FACT  S02 w5859 AFTER: 2 sink(s) (was 1); NEW sink owner(s) [22989] (CLFN #22989); op readback {'err_uidvi': '', 'err_wirepn': '', 'UID 2': 5859, 'Is Broken?': False, 'Name': 'any'}
  PASS  S02.4 branch w5859 -> t8: err '', Is Broken? False, exactly one new sink owned by #22989 ([22989]), t8 wire 5859 == site wire
  FACT  ExecState [after S02 [bool[]]] D1_s1_t0_20260926_054248.vi = 1
  PASS  S02.5 [bool[]] ExecState after site 2 == 1 (got 1)
  FACT  S03 w32890 BEFORE: 2 terminal(s), source [('LoopTunnel', 29172, 0)], 1 sink(s)
  FACT  S03 node census: 626 rows
  PASS  S03.1 CLFN #22997 built at top level (6 terms)  ((False, 0, ''), (False, 0, ''))
  FACT  S03 after build AFTER node census: 627 rows
  FACT  S03 after build CENSUS DIFF: Node 626 -> 627 ; 1 new uid(s): [(22997, 'CallLibrary', (340, 60))]
  FACT  S03 after build new #22997 #22997 lives at: {'diagram_index': 0, 'diagram_uid': 536, 'diagram_class': 'TopLevelDiagram', 'nodes_index': 0, 'nodes_on_diagram': 1, 'label': 't0stamp.*:stamp'}  (1 diagram(s) scanned of 170, 0.2 s)
  FACT  S03 after build new #22997 terminal table of #22997 (Diagram idx 0, Nodes[0], echo 22997): 10 terminal(s)
  FACT      S03 after build new #22997 t0  'path in'                          is_source=False wire=0       errs=[0, 0, 0, 1055]
  FACT      S03 after build new #22997 t1  'path out'                         is_source=True  wire=0       errs=[0, 0, 0, 1055]
  FACT      S03 after build new #22997 t2  'error in (no error)'              is_source=False wire=0       errs=[0, 0, 0, 1055]
  FACT      S03 after build new #22997 t3  'error out'                        is_source=True  wire=0       errs=[0, 0, 0, 1055]
  FACT      S03 after build new #22997 t4  ''                                 is_source=False wire=0       errs=[0, 0, 0, 1055]
  FACT      S03 after build new #22997 t5  ''                                 is_source=True  wire=0       errs=[0, 0, 0, 1055]
  FACT      S03 after build new #22997 t6  'site'                             is_source=False wire=0       errs=[0, 0, 0, 1055]
  FACT      S03 after build new #22997 t7  'site'                             is_source=True  wire=0       errs=[0, 0, 0, 1055]
  FACT      S03 after build new #22997 t8  'any'                              is_source=False wire=0       errs=[0, 0, 0, 1055]
  FACT      S03 after build new #22997 t9  'any'                              is_source=True  wire=0       errs=[0, 0, 0, 1055]
  FACT  S03 after build NEW NODE NOT DELETED (not the measured junk shape, or its table could not be read): #22997 class 'CallLibrary' label 't0stamp.*:stamp', 10 terminal(s), 0 wired - REPORTED, left alone
  FACT  move_in node census: 627 rows
  FACT  OP move_in #22997 -> Diagram[43] at (1460, 1020) -> err '' (0.1 s)
  FACT  S03 after move AFTER node census: 628 rows
  FACT  S03 after move CENSUS DIFF: Node 627 -> 628 ; 1 new uid(s): [(23004, 'Invoke', (2639, 933))]
  FACT  S03 after move new #23004 #23004 lives at: {'diagram_index': 43, 'diagram_uid': 639, 'diagram_class': 'Diagram', 'nodes_index': 76, 'nodes_on_diagram': 77, 'label': 'Invoke Node'}  (1 diagram(s) scanned of 170, 0.3 s)
  FACT  S03 after move new #23004 terminal table of #23004 (Diagram idx 43, Nodes[76], echo 23004): 6 terminal(s)
  FACT      S03 after move new #23004 t0  'reference'                        is_source=False wire=0       errs=[0, 0, 0, 1055]
  FACT      S03 after move new #23004 t1  'reference out'                    is_source=True  wire=0       errs=[0, 0, 0, 1055]
  FACT      S03 after move new #23004 t2  'error in (no error)'              is_source=False wire=0       errs=[0, 0, 0, 1055]
  FACT      S03 after move new #23004 t3  'error out'                        is_source=True  wire=0       errs=[0, 0, 0, 1055]
  FACT      S03 after move new #23004 t4  'Method'                           is_source=False wire=0       errs=[0, 0, 0, 1055]
  FACT      S03 after move new #23004 t5  'Method'                           is_source=True  wire=0       errs=[0, 0, 0, 1055]
  FACT  S03 after move the junk node's FULL terminal table is printed above; 6 terminal(s), 0 WIRED - the purge precondition (ZERO wired) HOLDS
  FACT  S03 after move purge delete Node #23004 at index 157: gone [23004], error '', census 628 -> 627, still present False (1.25 s)
  FACT  S03 after move AFTER THE PURGE node census: 627 rows
  FACT  S03 after move purge arithmetic: Node 627 -> 628 -> 627
  FACT  S03 after const AFTER node census: 627 rows
  FACT  S03 after const CENSUS DIFF: Node 627 -> 627 ; 0 new uid(s): []
  PASS  S03.2 constant #23474 on WhileLoop[1].N[75].t6 (err '' / '')
  PASS  S03.3 CLFN re-found by uid on Diagram[43]=#639 N[75], uid echo 22997 == #22997, t6 wire 23495
  FACT  connect_from_wire node census: 627 rows
  FACT  OP connect_from_wire sink D[43].N[75].t8 <- w32890[0] -> err '' (0.3 s)
  FACT  S03 after branch AFTER node census: 628 rows
  FACT  S03 after branch CENSUS DIFF: Node 627 -> 628 ; 1 new uid(s): [(23004, 'Invoke', (2639, 933))]
  FACT  S03 after branch new #23004 #23004 lives at: {'diagram_index': 43, 'diagram_uid': 639, 'diagram_class': 'Diagram', 'nodes_index': 76, 'nodes_on_diagram': 77, 'label': 'Invoke Node'}  (1 diagram(s) scanned of 170, 0.3 s)
  FACT  S03 after branch new #23004 terminal table of #23004 (Diagram idx 43, Nodes[76], echo 23004): 6 terminal(s)
  FACT      S03 after branch new #23004 t0  'reference'                        is_source=False wire=0       errs=[0, 0, 0, 1055]
  FACT      S03 after branch new #23004 t1  'reference out'                    is_source=True  wire=0       errs=[0, 0, 0, 1055]
  FACT      S03 after branch new #23004 t2  'error in (no error)'              is_source=False wire=0       errs=[0, 0, 0, 1055]
  FACT      S03 after branch new #23004 t3  'error out'                        is_source=True  wire=0       errs=[0, 0, 0, 1055]
  FACT      S03 after branch new #23004 t4  'Method'                           is_source=False wire=0       errs=[0, 0, 0, 1055]
  FACT      S03 after branch new #23004 t5  'Method'                           is_source=True  wire=0       errs=[0, 0, 0, 1055]
  FACT  S03 after branch the junk node's FULL terminal table is printed above; 6 terminal(s), 0 WIRED - the purge precondition (ZERO wired) HOLDS
  FACT  S03 after branch purge delete Node #23004 at index 157: gone [23004], error '', census 628 -> 627, still present False (1.26 s)
  FACT  S03 after branch AFTER THE PURGE node census: 627 rows
  FACT  S03 after branch purge arithmetic: Node 627 -> 628 -> 627
  FACT  S03 w32890 AFTER: 2 sink(s) (was 1); NEW sink owner(s) [22997] (CLFN #22997); op readback {'err_uidvi': '', 'err_wirepn': '', 'UID 2': 32890, 'Is Broken?': False, 'Name': 'any'}
  PASS  S03.4 branch w32890 -> t8: err '', Is Broken? False, exactly one new sink owned by #22997 ([22997]), t8 wire 32890 == site wire
  FACT  ExecState [after S03 [For tunnel (Median #30306)]] D1_s1_t0_20260926_054248.vi = 1
  PASS  S03.5 [For tunnel (Median #30306)] ExecState after site 3 == 1 (got 1)
  FACT  S04 w11352 BEFORE: 2 terminal(s), source [('LoopTunnel', 11363, 0)], 1 sink(s)
  FACT  S04 node census: 627 rows
  PASS  S04.1 CLFN #23004 built at top level (6 terms)  ((False, 0, ''), (False, 0, ''))
  FACT  S04 after build AFTER node census: 628 rows
  FACT  S04 after build CENSUS DIFF: Node 627 -> 628 ; 1 new uid(s): [(23004, 'CallLibrary', (410, 60))]
  FACT  S04 after build new #23004 #23004 lives at: {'diagram_index': 0, 'diagram_uid': 536, 'diagram_class': 'TopLevelDiagram', 'nodes_index': 0, 'nodes_on_diagram': 1, 'label': 't0stamp.*:stamp'}  (1 diagram(s) scanned of 170, 0.2 s)
  FACT  S04 after build new #23004 terminal table of #23004 (Diagram idx 0, Nodes[0], echo 23004): 10 terminal(s)
  FACT      S04 after build new #23004 t0  'path in'                          is_source=False wire=0       errs=[0, 0, 0, 1055]
  FACT      S04 after build new #23004 t1  'path out'                         is_source=True  wire=0       errs=[0, 0, 0, 1055]
  FACT      S04 after build new #23004 t2  'error in (no error)'              is_source=False wire=0       errs=[0, 0, 0, 1055]
  FACT      S04 after build new #23004 t3  'error out'                        is_source=True  wire=0       errs=[0, 0, 0, 1055]
  FACT      S04 after build new #23004 t4  ''                                 is_source=False wire=0       errs=[0, 0, 0, 1055]
  FACT      S04 after build new #23004 t5  ''                                 is_source=True  wire=0       errs=[0, 0, 0, 1055]
  FACT      S04 after build new #23004 t6  'site'                             is_source=False wire=0       errs=[0, 0, 0, 1055]
  FACT      S04 after build new #23004 t7  'site'                             is_source=True  wire=0       errs=[0, 0, 0, 1055]
  FACT      S04 after build new #23004 t8  'any'                              is_source=False wire=0       errs=[0, 0, 0, 1055]
  FACT      S04 after build new #23004 t9  'any'                              is_source=True  wire=0       errs=[0, 0, 0, 1055]
  FACT  S04 after build NEW NODE NOT DELETED (not the measured junk shape, or its table could not be read): #23004 class 'CallLibrary' label 't0stamp.*:stamp', 10 terminal(s), 0 wired - REPORTED, left alone
  FACT  move_in node census: 628 rows
  FACT  OP move_in #23004 -> Diagram[43] at (1490, 1080) -> err '' (0.1 s)
  FACT  S04 after move AFTER node census: 629 rows
  FACT  S04 after move CENSUS DIFF: Node 628 -> 629 ; 1 new uid(s): [(23076, 'Invoke', (2639, 933))]
  FACT  S04 after move new #23076 #23076 lives at: {'diagram_index': 43, 'diagram_uid': 639, 'diagram_class': 'Diagram', 'nodes_index': 77, 'nodes_on_diagram': 78, 'label': 'Invoke Node'}  (1 diagram(s) scanned of 170, 0.3 s)
  FACT  S04 after move new #23076 terminal table of #23076 (Diagram idx 43, Nodes[77], echo 23076): 6 terminal(s)
  FACT      S04 after move new #23076 t0  'reference'                        is_source=False wire=0       errs=[0, 0, 0, 1055]
  FACT      S04 after move new #23076 t1  'reference out'                    is_source=True  wire=0       errs=[0, 0, 0, 1055]
  FACT      S04 after move new #23076 t2  'error in (no error)'              is_source=False wire=0       errs=[0, 0, 0, 1055]
  FACT      S04 after move new #23076 t3  'error out'                        is_source=True  wire=0       errs=[0, 0, 0, 1055]
  FACT      S04 after move new #23076 t4  'Method'                           is_source=False wire=0       errs=[0, 0, 0, 1055]
  FACT      S04 after move new #23076 t5  'Method'                           is_source=True  wire=0       errs=[0, 0, 0, 1055]
  FACT  S04 after move the junk node's FULL terminal table is printed above; 6 terminal(s), 0 WIRED - the purge precondition (ZERO wired) HOLDS
  FACT  S04 after move purge delete Node #23076 at index 157: gone [23076], error '', census 629 -> 628, still present False (1.25 s)
  FACT  S04 after move AFTER THE PURGE node census: 628 rows
  FACT  S04 after move purge arithmetic: Node 628 -> 629 -> 628
  FACT  S04 after const AFTER node census: 628 rows
  FACT  S04 after const CENSUS DIFF: Node 628 -> 628 ; 0 new uid(s): []
  PASS  S04.2 constant #23541 on WhileLoop[1].N[76].t6 (err '' / '')
  PASS  S04.3 CLFN re-found by uid on Diagram[43]=#639 N[76], uid echo 23004 == #23004, t6 wire 23562
  FACT  connect_from_wire node census: 628 rows
  FACT  OP connect_from_wire sink D[43].N[76].t8 <- w11352[0] -> err '' (0.3 s)
  FACT  S04 after branch AFTER node census: 629 rows
  FACT  S04 after branch CENSUS DIFF: Node 628 -> 629 ; 1 new uid(s): [(23076, 'Invoke', (2639, 933))]
  FACT  S04 after branch new #23076 #23076 lives at: {'diagram_index': 43, 'diagram_uid': 639, 'diagram_class': 'Diagram', 'nodes_index': 77, 'nodes_on_diagram': 78, 'label': 'Invoke Node'}  (1 diagram(s) scanned of 170, 0.3 s)
  FACT  S04 after branch new #23076 terminal table of #23076 (Diagram idx 43, Nodes[77], echo 23076): 6 terminal(s)
  FACT      S04 after branch new #23076 t0  'reference'                        is_source=False wire=0       errs=[0, 0, 0, 1055]
  FACT      S04 after branch new #23076 t1  'reference out'                    is_source=True  wire=0       errs=[0, 0, 0, 1055]
  FACT      S04 after branch new #23076 t2  'error in (no error)'              is_source=False wire=0       errs=[0, 0, 0, 1055]
  FACT      S04 after branch new #23076 t3  'error out'                        is_source=True  wire=0       errs=[0, 0, 0, 1055]
  FACT      S04 after branch new #23076 t4  'Method'                           is_source=False wire=0       errs=[0, 0, 0, 1055]
  FACT      S04 after branch new #23076 t5  'Method'                           is_source=True  wire=0       errs=[0, 0, 0, 1055]
  FACT  S04 after branch the junk node's FULL terminal table is printed above; 6 terminal(s), 0 WIRED - the purge precondition (ZERO wired) HOLDS
  FACT  S04 after branch purge delete Node #23076 at index 157: gone [23076], error '', census 629 -> 628, still present False (1.27 s)
  FACT  S04 after branch AFTER THE PURGE node census: 628 rows
  FACT  S04 after branch purge arithmetic: Node 628 -> 629 -> 628
  FACT  S04 w11352 AFTER: 2 sink(s) (was 1); NEW sink owner(s) [23004] (CLFN #23004); op readback {'err_uidvi': '', 'err_wirepn': '', 'UID 2': 11352, 'Is Broken?': False, 'Name': 'any'}
  PASS  S04.4 branch w11352 -> t8: err '', Is Broken? False, exactly one new sink owned by #23004 ([23004]), t8 wire 11352 == site wire
  FACT  ExecState [after S04 [For tunnel (Median #29009 + FIR #28233, site 5 shares)]] D1_s1_t0_20260926_054248.vi = 1
  PASS  S04.5 [For tunnel (Median #29009 + FIR #28233, site 5 shares)] ExecState after site 4 == 1 (got 1)
  FACT  S06 w4906 BEFORE: 2 terminal(s), source [('SelectorTunnel', 2451, 0)], 1 sink(s)
  FACT  S06 node census: 628 rows
  PASS  S06.1 CLFN #23076 built at top level (6 terms)  ((False, 0, ''), (False, 0, ''))
  FACT  S06 after build AFTER node census: 629 rows
  FACT  S06 after build CENSUS DIFF: Node 628 -> 629 ; 1 new uid(s): [(23076, 'CallLibrary', (480, 60))]
  FACT  S06 after build new #23076 #23076 lives at: {'diagram_index': 0, 'diagram_uid': 536, 'diagram_class': 'TopLevelDiagram', 'nodes_index': 0, 'nodes_on_diagram': 1, 'label': 't0stamp.*:stamp'}  (1 diagram(s) scanned of 170, 0.2 s)
  FACT  S06 after build new #23076 terminal table of #23076 (Diagram idx 0, Nodes[0], echo 23076): 10 terminal(s)
  FACT      S06 after build new #23076 t0  'path in'                          is_source=False wire=0       errs=[0, 0, 0, 1055]
  FACT      S06 after build new #23076 t1  'path out'                         is_source=True  wire=0       errs=[0, 0, 0, 1055]
  FACT      S06 after build new #23076 t2  'error in (no error)'              is_source=False wire=0       errs=[0, 0, 0, 1055]
  FACT      S06 after build new #23076 t3  'error out'                        is_source=True  wire=0       errs=[0, 0, 0, 1055]
  FACT      S06 after build new #23076 t4  ''                                 is_source=False wire=0       errs=[0, 0, 0, 1055]
  FACT      S06 after build new #23076 t5  ''                                 is_source=True  wire=0       errs=[0, 0, 0, 1055]
  FACT      S06 after build new #23076 t6  'site'                             is_source=False wire=0       errs=[0, 0, 0, 1055]
  FACT      S06 after build new #23076 t7  'site'                             is_source=True  wire=0       errs=[0, 0, 0, 1055]
  FACT      S06 after build new #23076 t8  'any'                              is_source=False wire=0       errs=[0, 0, 0, 1055]
  FACT      S06 after build new #23076 t9  'any'                              is_source=True  wire=0       errs=[0, 0, 0, 1055]
  FACT  S06 after build NEW NODE NOT DELETED (not the measured junk shape, or its table could not be read): #23076 class 'CallLibrary' label 't0stamp.*:stamp', 10 terminal(s), 0 wired - REPORTED, left alone
  FACT  move_in node census: 629 rows
  FACT  OP move_in #23076 -> Diagram[43] at (1520, 900) -> err '' (0.1 s)
  FACT  S06 after move AFTER node census: 630 rows
  FACT  S06 after move CENSUS DIFF: Node 629 -> 630 ; 1 new uid(s): [(23258, 'Invoke', (2639, 933))]
  FACT  S06 after move new #23258 #23258 lives at: {'diagram_index': 43, 'diagram_uid': 639, 'diagram_class': 'Diagram', 'nodes_index': 78, 'nodes_on_diagram': 79, 'label': 'Invoke Node'}  (1 diagram(s) scanned of 170, 0.3 s)
  FACT  S06 after move new #23258 terminal table of #23258 (Diagram idx 43, Nodes[78], echo 23258): 6 terminal(s)
  FACT      S06 after move new #23258 t0  'reference'                        is_source=False wire=0       errs=[0, 0, 0, 1055]
  FACT      S06 after move new #23258 t1  'reference out'                    is_source=True  wire=0       errs=[0, 0, 0, 1055]
  FACT      S06 after move new #23258 t2  'error in (no error)'              is_source=False wire=0       errs=[0, 0, 0, 1055]
  FACT      S06 after move new #23258 t3  'error out'                        is_source=True  wire=0       errs=[0, 0, 0, 1055]
  FACT      S06 after move new #23258 t4  'Method'                           is_source=False wire=0       errs=[0, 0, 0, 1055]
  FACT      S06 after move new #23258 t5  'Method'                           is_source=True  wire=0       errs=[0, 0, 0, 1055]
  FACT  S06 after move the junk node's FULL terminal table is printed above; 6 terminal(s), 0 WIRED - the purge precondition (ZERO wired) HOLDS
  FACT  S06 after move purge delete Node #23258 at index 157: gone [23258], error '', census 630 -> 629, still present False (1.27 s)
  FACT  S06 after move AFTER THE PURGE node census: 629 rows
  FACT  S06 after move purge arithmetic: Node 629 -> 630 -> 629
  FACT  S06 after const AFTER node census: 629 rows
  FACT  S06 after const CENSUS DIFF: Node 629 -> 629 ; 0 new uid(s): []
  PASS  S06.2 constant #23665 on WhileLoop[1].N[77].t6 (err '' / '')
  PASS  S06.3 CLFN re-found by uid on Diagram[43]=#639 N[77], uid echo 23076 == #23076, t6 wire 23727
  FACT  connect_from_wire node census: 629 rows
  FACT  OP connect_from_wire sink D[43].N[77].t8 <- w4906[0] -> err '' (0.3 s)
  FACT  S06 after branch AFTER node census: 630 rows
  FACT  S06 after branch CENSUS DIFF: Node 629 -> 630 ; 1 new uid(s): [(23258, 'Invoke', (2639, 933))]
  FACT  S06 after branch new #23258 #23258 lives at: {'diagram_index': 43, 'diagram_uid': 639, 'diagram_class': 'Diagram', 'nodes_index': 78, 'nodes_on_diagram': 79, 'label': 'Invoke Node'}  (1 diagram(s) scanned of 170, 0.3 s)
  FACT  S06 after branch new #23258 terminal table of #23258 (Diagram idx 43, Nodes[78], echo 23258): 6 terminal(s)
  FACT      S06 after branch new #23258 t0  'reference'                        is_source=False wire=0       errs=[0, 0, 0, 1055]
  FACT      S06 after branch new #23258 t1  'reference out'                    is_source=True  wire=0       errs=[0, 0, 0, 1055]
  FACT      S06 after branch new #23258 t2  'error in (no error)'              is_source=False wire=0       errs=[0, 0, 0, 1055]
  FACT      S06 after branch new #23258 t3  'error out'                        is_source=True  wire=0       errs=[0, 0, 0, 1055]
  FACT      S06 after branch new #23258 t4  'Method'                           is_source=False wire=0       errs=[0, 0, 0, 1055]
  FACT      S06 after branch new #23258 t5  'Method'                           is_source=True  wire=0       errs=[0, 0, 0, 1055]
  FACT  S06 after branch the junk node's FULL terminal table is printed above; 6 terminal(s), 0 WIRED - the purge precondition (ZERO wired) HOLDS
  FACT  S06 after branch purge delete Node #23258 at index 157: gone [23258], error '', census 630 -> 629, still present False (1.27 s)
  FACT  S06 after branch AFTER THE PURGE node census: 629 rows
  FACT  S06 after branch purge arithmetic: Node 629 -> 630 -> 629
  FACT  S06 w4906 AFTER: 2 sink(s) (was 1); NEW sink owner(s) [23076] (CLFN #23076); op readback {'err_uidvi': '', 'err_wirepn': '', 'UID 2': 4906, 'Is Broken?': False, 'Name': 'any'}
  PASS  S06.4 branch w4906 -> t8: err '', Is Broken? False, exactly one new sink owned by #23076 ([23076]), t8 wire 4906 == site wire
  FACT  ExecState [after S06 [case tunnel (plot Z #6085 + plot dZ #5696, site 7 shares)]] D1_s1_t0_20260926_054248.vi = 1
  PASS  S06.5 [case tunnel (plot Z #6085 + plot dZ #5696, site 7 shares)] ExecState after site 6 == 1 (got 1)
  FACT  S08 w541 BEFORE: 2 terminal(s), source [('SubVI', 376, 0)], 1 sink(s)
  FACT  S08 node census: 629 rows
  PASS  S08.1 CLFN #23258 built at top level (6 terms)  ((False, 0, ''), (False, 0, ''))
  FACT  S08 after build AFTER node census: 630 rows
  FACT  S08 after build CENSUS DIFF: Node 629 -> 630 ; 1 new uid(s): [(23258, 'CallLibrary', (550, 60))]
  FACT  S08 after build new #23258 #23258 lives at: {'diagram_index': 0, 'diagram_uid': 536, 'diagram_class': 'TopLevelDiagram', 'nodes_index': 0, 'nodes_on_diagram': 1, 'label': 't0stamp.*:stamp'}  (1 diagram(s) scanned of 170, 0.2 s)
  FACT  S08 after build new #23258 terminal table of #23258 (Diagram idx 0, Nodes[0], echo 23258): 10 terminal(s)
  FACT      S08 after build new #23258 t0  'path in'                          is_source=False wire=0       errs=[0, 0, 0, 1055]
  FACT      S08 after build new #23258 t1  'path out'                         is_source=True  wire=0       errs=[0, 0, 0, 1055]
  FACT      S08 after build new #23258 t2  'error in (no error)'              is_source=False wire=0       errs=[0, 0, 0, 1055]
  FACT      S08 after build new #23258 t3  'error out'                        is_source=True  wire=0       errs=[0, 0, 0, 1055]
  FACT      S08 after build new #23258 t4  ''                                 is_source=False wire=0       errs=[0, 0, 0, 1055]
  FACT      S08 after build new #23258 t5  ''                                 is_source=True  wire=0       errs=[0, 0, 0, 1055]
  FACT      S08 after build new #23258 t6  'site'                             is_source=False wire=0       errs=[0, 0, 0, 1055]
  FACT      S08 after build new #23258 t7  'site'                             is_source=True  wire=0       errs=[0, 0, 0, 1055]
  FACT      S08 after build new #23258 t8  'any'                              is_source=False wire=0       errs=[0, 0, 0, 1055]
  FACT      S08 after build new #23258 t9  'any'                              is_source=True  wire=0       errs=[0, 0, 0, 1055]
  FACT  S08 after build NEW NODE NOT DELETED (not the measured junk shape, or its table could not be read): #23258 class 'CallLibrary' label 't0stamp.*:stamp', 10 terminal(s), 0 wired - REPORTED, left alone
  FACT  move_in node census: 630 rows
  FACT  OP move_in #23258 -> Diagram[43] at (1550, 960) -> err '' (0.1 s)
  FACT  S08 after move AFTER node census: 631 rows
  FACT  S08 after move CENSUS DIFF: Node 630 -> 631 ; 1 new uid(s): [(23466, 'Invoke', (2639, 933))]
  FACT  S08 after move new #23466 #23466 lives at: {'diagram_index': 43, 'diagram_uid': 639, 'diagram_class': 'Diagram', 'nodes_index': 79, 'nodes_on_diagram': 80, 'label': 'Invoke Node'}  (1 diagram(s) scanned of 170, 0.3 s)
  FACT  S08 after move new #23466 terminal table of #23466 (Diagram idx 43, Nodes[79], echo 23466): 6 terminal(s)
  FACT      S08 after move new #23466 t0  'reference'                        is_source=False wire=0       errs=[0, 0, 0, 1055]
  FACT      S08 after move new #23466 t1  'reference out'                    is_source=True  wire=0       errs=[0, 0, 0, 1055]
  FACT      S08 after move new #23466 t2  'error in (no error)'              is_source=False wire=0       errs=[0, 0, 0, 1055]
  FACT      S08 after move new #23466 t3  'error out'                        is_source=True  wire=0       errs=[0, 0, 0, 1055]
  FACT      S08 after move new #23466 t4  'Method'                           is_source=False wire=0       errs=[0, 0, 0, 1055]
  FACT      S08 after move new #23466 t5  'Method'                           is_source=True  wire=0       errs=[0, 0, 0, 1055]
  FACT  S08 after move the junk node's FULL terminal table is printed above; 6 terminal(s), 0 WIRED - the purge precondition (ZERO wired) HOLDS
  FACT  S08 after move purge delete Node #23466 at index 157: gone [23466], error '', census 631 -> 630, still present False (1.26 s)
  FACT  S08 after move AFTER THE PURGE node census: 630 rows
  FACT  S08 after move purge arithmetic: Node 630 -> 631 -> 630
  FACT  S08 after const AFTER node census: 630 rows
  FACT  S08 after const CENSUS DIFF: Node 630 -> 630 ; 0 new uid(s): []
  PASS  S08.2 constant #23817 on WhileLoop[1].N[78].t6 (err '' / '')
  PASS  S08.3 CLFN re-found by uid on Diagram[43]=#639 N[78], uid echo 23258 == #23258, t6 wire 23859
  FACT  connect_from_wire node census: 630 rows
  FACT  OP connect_from_wire sink D[43].N[78].t8 <- w541[0] -> err '' (0.3 s)
  FACT  S08 after branch AFTER node census: 631 rows
  FACT  S08 after branch CENSUS DIFF: Node 630 -> 631 ; 1 new uid(s): [(23466, 'Invoke', (2639, 933))]
  FACT  S08 after branch new #23466 #23466 lives at: {'diagram_index': 43, 'diagram_uid': 639, 'diagram_class': 'Diagram', 'nodes_index': 79, 'nodes_on_diagram': 80, 'label': 'Invoke Node'}  (1 diagram(s) scanned of 170, 0.3 s)
  FACT  S08 after branch new #23466 terminal table of #23466 (Diagram idx 43, Nodes[79], echo 23466): 6 terminal(s)
  FACT      S08 after branch new #23466 t0  'reference'                        is_source=False wire=0       errs=[0, 0, 0, 1055]
  FACT      S08 after branch new #23466 t1  'reference out'                    is_source=True  wire=0       errs=[0, 0, 0, 1055]
  FACT      S08 after branch new #23466 t2  'error in (no error)'              is_source=False wire=0       errs=[0, 0, 0, 1055]
  FACT      S08 after branch new #23466 t3  'error out'                        is_source=True  wire=0       errs=[0, 0, 0, 1055]
  FACT      S08 after branch new #23466 t4  'Method'                           is_source=False wire=0       errs=[0, 0, 0, 1055]
  FACT      S08 after branch new #23466 t5  'Method'                           is_source=True  wire=0       errs=[0, 0, 0, 1055]
  FACT  S08 after branch the junk node's FULL terminal table is printed above; 6 terminal(s), 0 WIRED - the purge precondition (ZERO wired) HOLDS
  FACT  S08 after branch purge delete Node #23466 at index 157: gone [23466], error '', census 631 -> 630, still present False (1.27 s)
  FACT  S08 after branch AFTER THE PURGE node census: 630 rows
  FACT  S08 after branch purge arithmetic: Node 630 -> 631 -> 630
  FACT  S08 w541 AFTER: 2 sink(s) (was 1); NEW sink owner(s) [23258] (CLFN #23258); op readback {'err_uidvi': '', 'err_wirepn': '', 'UID 2': 541, 'Is Broken?': False, 'Name': 'any'}
  PASS  S08.4 branch w541 -> t8: err '', Is Broken? False, exactly one new sink owned by #23258 ([23258]), t8 wire 541 == site wire
  FACT  ExecState [after S08 [error cluster]] D1_s1_t0_20260926_054248.vi = 1
  PASS  S08.5 [error cluster] ExecState after site 8 == 1 (got 1)
  FACT  S10 SKIPPED: probe of w19372 [i I32] read ExecState None after the stamp (card pass (C))
  FACT  S11 w19465 BEFORE: 2 terminal(s), source [('SubVI', 15442, 0)], 1 sink(s)
  FACT  S11 node census: 630 rows
  PASS  S11.1 CLFN #23466 built at top level (6 terms)  ((False, 0, ''), (False, 0, ''))
  FACT  S11 after build AFTER node census: 631 rows
  FACT  S11 after build CENSUS DIFF: Node 630 -> 631 ; 1 new uid(s): [(23466, 'CallLibrary', (690, 60))]
  FACT  S11 after build new #23466 #23466 lives at: {'diagram_index': 0, 'diagram_uid': 536, 'diagram_class': 'TopLevelDiagram', 'nodes_index': 0, 'nodes_on_diagram': 1, 'label': 't0stamp.*:stamp'}  (1 diagram(s) scanned of 170, 0.2 s)
  FACT  S11 after build new #23466 terminal table of #23466 (Diagram idx 0, Nodes[0], echo 23466): 10 terminal(s)
  FACT      S11 after build new #23466 t0  'path in'                          is_source=False wire=0       errs=[0, 0, 0, 1055]
  FACT      S11 after build new #23466 t1  'path out'                         is_source=True  wire=0       errs=[0, 0, 0, 1055]
  FACT      S11 after build new #23466 t2  'error in (no error)'              is_source=False wire=0       errs=[0, 0, 0, 1055]
  FACT      S11 after build new #23466 t3  'error out'                        is_source=True  wire=0       errs=[0, 0, 0, 1055]
  FACT      S11 after build new #23466 t4  ''                                 is_source=False wire=0       errs=[0, 0, 0, 1055]
  FACT      S11 after build new #23466 t5  ''                                 is_source=True  wire=0       errs=[0, 0, 0, 1055]
  FACT      S11 after build new #23466 t6  'site'                             is_source=False wire=0       errs=[0, 0, 0, 1055]
  FACT      S11 after build new #23466 t7  'site'                             is_source=True  wire=0       errs=[0, 0, 0, 1055]
  FACT      S11 after build new #23466 t8  'any'                              is_source=False wire=0       errs=[0, 0, 0, 1055]
  FACT      S11 after build new #23466 t9  'any'                              is_source=True  wire=0       errs=[0, 0, 0, 1055]
  FACT  S11 after build NEW NODE NOT DELETED (not the measured junk shape, or its table could not be read): #23466 class 'CallLibrary' label 't0stamp.*:stamp', 10 terminal(s), 0 wired - REPORTED, left alone
  FACT  move_in node census: 631 rows
  FACT  OP move_in #23466 -> Diagram[99] at (1610, 1080) -> err '' (0.1 s)
  FACT  S11 after move AFTER node census: 632 rows
  FACT  S11 after move CENSUS DIFF: Node 631 -> 632 ; 1 new uid(s): [(23534, 'Invoke', (-14936, 658))]
  FACT  S11 after move new #23534 #23534 lives at: {'diagram_index': 99, 'diagram_uid': 15266, 'diagram_class': 'Diagram', 'nodes_index': 23, 'nodes_on_diagram': 24, 'label': 'Invoke Node'}  (1 diagram(s) scanned of 170, 0.2 s)
  FACT  S11 after move new #23534 terminal table of #23534 (Diagram idx 99, Nodes[23], echo 23534): 6 terminal(s)
  FACT      S11 after move new #23534 t0  'reference'                        is_source=False wire=0       errs=[0, 0, 0, 1055]
  FACT      S11 after move new #23534 t1  'reference out'                    is_source=True  wire=0       errs=[0, 0, 0, 1055]
  FACT      S11 after move new #23534 t2  'error in (no error)'              is_source=False wire=0       errs=[0, 0, 0, 1055]
  FACT      S11 after move new #23534 t3  'error out'                        is_source=True  wire=0       errs=[0, 0, 0, 1055]
  FACT      S11 after move new #23534 t4  'Method'                           is_source=False wire=0       errs=[0, 0, 0, 1055]
  FACT      S11 after move new #23534 t5  'Method'                           is_source=True  wire=0       errs=[0, 0, 0, 1055]
  FACT  S11 after move the junk node's FULL terminal table is printed above; 6 terminal(s), 0 WIRED - the purge precondition (ZERO wired) HOLDS
  FACT  S11 after move purge delete Node #23534 at index 435: gone [23534], error '', census 632 -> 631, still present False (1.28 s)
  FACT  S11 after move AFTER THE PURGE node census: 631 rows
  FACT  S11 after move purge arithmetic: Node 631 -> 632 -> 631
  FACT  S11 after const AFTER node census: 631 rows
  FACT  S11 after const CENSUS DIFF: Node 631 -> 631 ; 0 new uid(s): []
  PASS  S11.2 constant #24018 on WhileLoop[2].N[22].t6 (err '' / '')
  PASS  S11.3 CLFN re-found by uid on Diagram[99]=#15266 N[22], uid echo 23466 == #23466, t6 wire 24091
  FACT  connect_from_wire node census: 631 rows
  FACT  OP connect_from_wire sink D[99].N[22].t8 <- w19465[0] -> err '' (0.3 s)
  FACT  S11 after branch AFTER node census: 632 rows
  FACT  S11 after branch CENSUS DIFF: Node 631 -> 632 ; 1 new uid(s): [(23534, 'Invoke', (-14936, 658))]
  FACT  S11 after branch new #23534 #23534 lives at: {'diagram_index': 99, 'diagram_uid': 15266, 'diagram_class': 'Diagram', 'nodes_index': 23, 'nodes_on_diagram': 24, 'label': 'Invoke Node'}  (1 diagram(s) scanned of 170, 0.2 s)
  FACT  S11 after branch new #23534 terminal table of #23534 (Diagram idx 99, Nodes[23], echo 23534): 6 terminal(s)
  FACT      S11 after branch new #23534 t0  'reference'                        is_source=False wire=0       errs=[0, 0, 0, 1055]
  FACT      S11 after branch new #23534 t1  'reference out'                    is_source=True  wire=0       errs=[0, 0, 0, 1055]
  FACT      S11 after branch new #23534 t2  'error in (no error)'              is_source=False wire=0       errs=[0, 0, 0, 1055]
  FACT      S11 after branch new #23534 t3  'error out'                        is_source=True  wire=0       errs=[0, 0, 0, 1055]
  FACT      S11 after branch new #23534 t4  'Method'                           is_source=False wire=0       errs=[0, 0, 0, 1055]
  FACT      S11 after branch new #23534 t5  'Method'                           is_source=True  wire=0       errs=[0, 0, 0, 1055]
  FACT  S11 after branch the junk node's FULL terminal table is printed above; 6 terminal(s), 0 WIRED - the purge precondition (ZERO wired) HOLDS
  FACT  S11 after branch purge delete Node #23534 at index 435: gone [23534], error '', census 632 -> 631, still present False (1.29 s)
  FACT  S11 after branch AFTER THE PURGE node census: 631 rows
  FACT  S11 after branch purge arithmetic: Node 631 -> 632 -> 631
  FACT  S11 w19465 AFTER: 2 sink(s) (was 1); NEW sink owner(s) [23466] (CLFN #23466); op readback {'err_uidvi': '', 'err_wirepn': '', 'UID 2': 19465, 'Is Broken?': False, 'Name': 'any'}
  PASS  S11.4 branch w19465 -> t8: err '', Is Broken? False, exactly one new sink owned by #23466 ([23466]), t8 wire 19465 == site wire
  FACT  ExecState [after S11 [U8 image]] D1_s1_t0_20260926_054248.vi = 1
  PASS  S11.5 [U8 image] ExecState after site 11 == 1 (got 1)
  FACT  S12 w19468 BEFORE: 2 terminal(s), source [('SubVI', 15472, 0)], 1 sink(s)
  FACT  S12 node census: 631 rows
  PASS  S12.1 CLFN #23534 built at top level (6 terms)  ((False, 0, ''), (False, 0, ''))
  FACT  S12 after build AFTER node census: 632 rows
  FACT  S12 after build CENSUS DIFF: Node 631 -> 632 ; 1 new uid(s): [(23534, 'CallLibrary', (760, 60))]
  FACT  S12 after build new #23534 #23534 lives at: {'diagram_index': 0, 'diagram_uid': 536, 'diagram_class': 'TopLevelDiagram', 'nodes_index': 0, 'nodes_on_diagram': 1, 'label': 't0stamp.*:stamp'}  (1 diagram(s) scanned of 170, 0.2 s)
  FACT  S12 after build new #23534 terminal table of #23534 (Diagram idx 0, Nodes[0], echo 23534): 10 terminal(s)
  FACT      S12 after build new #23534 t0  'path in'                          is_source=False wire=0       errs=[0, 0, 0, 1055]
  FACT      S12 after build new #23534 t1  'path out'                         is_source=True  wire=0       errs=[0, 0, 0, 1055]
  FACT      S12 after build new #23534 t2  'error in (no error)'              is_source=False wire=0       errs=[0, 0, 0, 1055]
  FACT      S12 after build new #23534 t3  'error out'                        is_source=True  wire=0       errs=[0, 0, 0, 1055]
  FACT      S12 after build new #23534 t4  ''                                 is_source=False wire=0       errs=[0, 0, 0, 1055]
  FACT      S12 after build new #23534 t5  ''                                 is_source=True  wire=0       errs=[0, 0, 0, 1055]
  FACT      S12 after build new #23534 t6  'site'                             is_source=False wire=0       errs=[0, 0, 0, 1055]
  FACT      S12 after build new #23534 t7  'site'                             is_source=True  wire=0       errs=[0, 0, 0, 1055]
  FACT      S12 after build new #23534 t8  'any'                              is_source=False wire=0       errs=[0, 0, 0, 1055]
  FACT      S12 after build new #23534 t9  'any'                              is_source=True  wire=0       errs=[0, 0, 0, 1055]
  FACT  S12 after build NEW NODE NOT DELETED (not the measured junk shape, or its table could not be read): #23534 class 'CallLibrary' label 't0stamp.*:stamp', 10 terminal(s), 0 wired - REPORTED, left alone
  FACT  move_in node census: 632 rows
  FACT  OP move_in #23534 -> Diagram[99] at (1640, 900) -> err '' (0.1 s)
  FACT  S12 after move AFTER node census: 633 rows
  FACT  S12 after move CENSUS DIFF: Node 632 -> 633 ; 1 new uid(s): [(24008, 'Invoke', (-14936, 658))]
  FACT  S12 after move new #24008 #24008 lives at: {'diagram_index': 99, 'diagram_uid': 15266, 'diagram_class': 'Diagram', 'nodes_index': 24, 'nodes_on_diagram': 25, 'label': 'Invoke Node'}  (1 diagram(s) scanned of 170, 0.2 s)
  FACT  S12 after move new #24008 terminal table of #24008 (Diagram idx 99, Nodes[24], echo 24008): 6 terminal(s)
  FACT      S12 after move new #24008 t0  'reference'                        is_source=False wire=0       errs=[0, 0, 0, 1055]
  FACT      S12 after move new #24008 t1  'reference out'                    is_source=True  wire=0       errs=[0, 0, 0, 1055]
  FACT      S12 after move new #24008 t2  'error in (no error)'              is_source=False wire=0       errs=[0, 0, 0, 1055]
  FACT      S12 after move new #24008 t3  'error out'                        is_source=True  wire=0       errs=[0, 0, 0, 1055]
  FACT      S12 after move new #24008 t4  'Method'                           is_source=False wire=0       errs=[0, 0, 0, 1055]
  FACT      S12 after move new #24008 t5  'Method'                           is_source=True  wire=0       errs=[0, 0, 0, 1055]
  FACT  S12 after move the junk node's FULL terminal table is printed above; 6 terminal(s), 0 WIRED - the purge precondition (ZERO wired) HOLDS
  FACT  S12 after move purge delete Node #24008 at index 435: gone [24008], error '', census 633 -> 632, still present False (1.28 s)
  FACT  S12 after move AFTER THE PURGE node census: 632 rows
  FACT  S12 after move purge arithmetic: Node 632 -> 633 -> 632
  FACT  S12 after const AFTER node census: 632 rows
  FACT  S12 after const CENSUS DIFF: Node 632 -> 632 ; 0 new uid(s): []
  PASS  S12.2 constant #24333 on WhileLoop[2].N[23].t6 (err '' / '')
  PASS  S12.3 CLFN re-found by uid on Diagram[99]=#15266 N[23], uid echo 23534 == #23534, t6 wire 24372
  FACT  connect_from_wire node census: 632 rows
  FACT  OP connect_from_wire sink D[99].N[23].t8 <- w19468[0] -> err '' (0.3 s)
  FACT  S12 after branch AFTER node census: 633 rows
  FACT  S12 after branch CENSUS DIFF: Node 632 -> 633 ; 1 new uid(s): [(24008, 'Invoke', (-14936, 658))]
  FACT  S12 after branch new #24008 #24008 lives at: {'diagram_index': 99, 'diagram_uid': 15266, 'diagram_class': 'Diagram', 'nodes_index': 24, 'nodes_on_diagram': 25, 'label': 'Invoke Node'}  (1 diagram(s) scanned of 170, 0.2 s)
  FACT  S12 after branch new #24008 terminal table of #24008 (Diagram idx 99, Nodes[24], echo 24008): 6 terminal(s)
  FACT      S12 after branch new #24008 t0  'reference'                        is_source=False wire=0       errs=[0, 0, 0, 1055]
  FACT      S12 after branch new #24008 t1  'reference out'                    is_source=True  wire=0       errs=[0, 0, 0, 1055]
  FACT      S12 after branch new #24008 t2  'error in (no error)'              is_source=False wire=0       errs=[0, 0, 0, 1055]
  FACT      S12 after branch new #24008 t3  'error out'                        is_source=True  wire=0       errs=[0, 0, 0, 1055]
  FACT      S12 after branch new #24008 t4  'Method'                           is_source=False wire=0       errs=[0, 0, 0, 1055]
  FACT      S12 after branch new #24008 t5  'Method'                           is_source=True  wire=0       errs=[0, 0, 0, 1055]
  FACT  S12 after branch the junk node's FULL terminal table is printed above; 6 terminal(s), 0 WIRED - the purge precondition (ZERO wired) HOLDS
  FACT  S12 after branch purge delete Node #24008 at index 435: gone [24008], error '', census 633 -> 632, still present False (1.28 s)
  FACT  S12 after branch AFTER THE PURGE node census: 632 rows
  FACT  S12 after branch purge arithmetic: Node 632 -> 633 -> 632
  FACT  S12 w19468 AFTER: 2 sink(s) (was 1); NEW sink owner(s) [23534] (CLFN #23534); op readback {'err_uidvi': '', 'err_wirepn': '', 'UID 2': 19468, 'Is Broken?': False, 'Name': 'any'}
  PASS  S12.4 branch w19468 -> t8: err '', Is Broken? False, exactly one new sink owned by #23534 ([23534]), t8 wire 19468 == site wire
  FACT  ExecState [after S12 [image data]] D1_s1_t0_20260926_054248.vi = 1
  PASS  S12.5 [image data] ExecState after site 12 == 1 (got 1)
  FACT  S13 w19429 BEFORE: 2 terminal(s), source [('SubVI', 15511, 0)], 1 sink(s)
  FACT  S13 node census: 632 rows
  PASS  S13.1 CLFN #24008 built at top level (6 terms)  ((False, 0, ''), (False, 0, ''))
  FACT  S13 after build AFTER node census: 633 rows
  FACT  S13 after build CENSUS DIFF: Node 632 -> 633 ; 1 new uid(s): [(24008, 'CallLibrary', (830, 60))]
  FACT  S13 after build new #24008 #24008 lives at: {'diagram_index': 0, 'diagram_uid': 536, 'diagram_class': 'TopLevelDiagram', 'nodes_index': 0, 'nodes_on_diagram': 1, 'label': 't0stamp.*:stamp'}  (1 diagram(s) scanned of 170, 0.2 s)
  FACT  S13 after build new #24008 terminal table of #24008 (Diagram idx 0, Nodes[0], echo 24008): 10 terminal(s)
  FACT      S13 after build new #24008 t0  'path in'                          is_source=False wire=0       errs=[0, 0, 0, 1055]
  FACT      S13 after build new #24008 t1  'path out'                         is_source=True  wire=0       errs=[0, 0, 0, 1055]
  FACT      S13 after build new #24008 t2  'error in (no error)'              is_source=False wire=0       errs=[0, 0, 0, 1055]
  FACT      S13 after build new #24008 t3  'error out'                        is_source=True  wire=0       errs=[0, 0, 0, 1055]
  FACT      S13 after build new #24008 t4  ''                                 is_source=False wire=0       errs=[0, 0, 0, 1055]
  FACT      S13 after build new #24008 t5  ''                                 is_source=True  wire=0       errs=[0, 0, 0, 1055]
  FACT      S13 after build new #24008 t6  'site'                             is_source=False wire=0       errs=[0, 0, 0, 1055]
  FACT      S13 after build new #24008 t7  'site'                             is_source=True  wire=0       errs=[0, 0, 0, 1055]
  FACT      S13 after build new #24008 t8  'any'                              is_source=False wire=0       errs=[0, 0, 0, 1055]
  FACT      S13 after build new #24008 t9  'any'                              is_source=True  wire=0       errs=[0, 0, 0, 1055]
  FACT  S13 after build NEW NODE NOT DELETED (not the measured junk shape, or its table could not be read): #24008 class 'CallLibrary' label 't0stamp.*:stamp', 10 terminal(s), 0 wired - REPORTED, left alone
  FACT  move_in node census: 633 rows
  FACT  OP move_in #24008 -> Diagram[99] at (1670, 960) -> err '' (0.1 s)
  FACT  S13 after move AFTER node census: 634 rows
  FACT  S13 after move CENSUS DIFF: Node 633 -> 634 ; 1 new uid(s): [(24012, 'Invoke', (-14936, 658))]
  FACT  S13 after move new #24012 #24012 lives at: {'diagram_index': 99, 'diagram_uid': 15266, 'diagram_class': 'Diagram', 'nodes_index': 25, 'nodes_on_diagram': 26, 'label': 'Invoke Node'}  (1 diagram(s) scanned of 170, 0.2 s)
  FACT  S13 after move new #24012 terminal table of #24012 (Diagram idx 99, Nodes[25], echo 24012): 6 terminal(s)
  FACT      S13 after move new #24012 t0  'reference'                        is_source=False wire=0       errs=[0, 0, 0, 1055]
  FACT      S13 after move new #24012 t1  'reference out'                    is_source=True  wire=0       errs=[0, 0, 0, 1055]
  FACT      S13 after move new #24012 t2  'error in (no error)'              is_source=False wire=0       errs=[0, 0, 0, 1055]
  FACT      S13 after move new #24012 t3  'error out'                        is_source=True  wire=0       errs=[0, 0, 0, 1055]
  FACT      S13 after move new #24012 t4  'Method'                           is_source=False wire=0       errs=[0, 0, 0, 1055]
  FACT      S13 after move new #24012 t5  'Method'                           is_source=True  wire=0       errs=[0, 0, 0, 1055]
  FACT  S13 after move the junk node's FULL terminal table is printed above; 6 terminal(s), 0 WIRED - the purge precondition (ZERO wired) HOLDS
  FACT  S13 after move purge delete Node #24012 at index 435: gone [24012], error '', census 634 -> 633, still present False (1.30 s)
  FACT  S13 after move AFTER THE PURGE node census: 633 rows
  FACT  S13 after move purge arithmetic: Node 633 -> 634 -> 633
  FACT  S13 after const AFTER node census: 633 rows
  FACT  S13 after const CENSUS DIFF: Node 633 -> 633 ; 0 new uid(s): []
  PASS  S13.2 constant #24448 on WhileLoop[2].N[24].t6 (err '' / '')
  PASS  S13.3 CLFN re-found by uid on Diagram[99]=#15266 N[24], uid echo 24008 == #24008, t6 wire 24489
  FACT  connect_from_wire node census: 633 rows
  FACT  OP connect_from_wire sink D[99].N[24].t8 <- w19429[0] -> err '' (0.4 s)
  FACT  S13 after branch AFTER node census: 634 rows
  FACT  S13 after branch CENSUS DIFF: Node 633 -> 634 ; 1 new uid(s): [(24012, 'Invoke', (-14936, 658))]
  FACT  S13 after branch new #24012 #24012 lives at: {'diagram_index': 99, 'diagram_uid': 15266, 'diagram_class': 'Diagram', 'nodes_index': 25, 'nodes_on_diagram': 26, 'label': 'Invoke Node'}  (1 diagram(s) scanned of 170, 0.2 s)
  FACT  S13 after branch new #24012 terminal table of #24012 (Diagram idx 99, Nodes[25], echo 24012): 6 terminal(s)
  FACT      S13 after branch new #24012 t0  'reference'                        is_source=False wire=0       errs=[0, 0, 0, 1055]
  FACT      S13 after branch new #24012 t1  'reference out'                    is_source=True  wire=0       errs=[0, 0, 0, 1055]
  FACT      S13 after branch new #24012 t2  'error in (no error)'              is_source=False wire=0       errs=[0, 0, 0, 1055]
  FACT      S13 after branch new #24012 t3  'error out'                        is_source=True  wire=0       errs=[0, 0, 0, 1055]
  FACT      S13 after branch new #24012 t4  'Method'                           is_source=False wire=0       errs=[0, 0, 0, 1055]
  FACT      S13 after branch new #24012 t5  'Method'                           is_source=True  wire=0       errs=[0, 0, 0, 1055]
  FACT  S13 after branch the junk node's FULL terminal table is printed above; 6 terminal(s), 0 WIRED - the purge precondition (ZERO wired) HOLDS
  FACT  S13 after branch purge delete Node #24012 at index 435: gone [24012], error '', census 634 -> 633, still present False (1.31 s)
  FACT  S13 after branch AFTER THE PURGE node census: 633 rows
  FACT  S13 after branch purge arithmetic: Node 633 -> 634 -> 633
  FACT  S13 w19429 AFTER: 2 sink(s) (was 1); NEW sink owner(s) [24008] (CLFN #24008); op readback {'err_uidvi': '', 'err_wirepn': '', 'UID 2': 19429, 'Is Broken?': False, 'Name': 'any'}
  PASS  S13.4 branch w19429 -> t8: err '', Is Broken? False, exactly one new sink owned by #24008 ([24008]), t8 wire 19429 == site wire
  FACT  ExecState [after S13 [picture]] D1_s1_t0_20260926_054248.vi = 1
  PASS  S13.5 [picture] ExecState after site 13 == 1 (got 1)
  FACT  S16 w19441 BEFORE: 2 terminal(s), source [('SelectorTunnel', 16277, 0)], 1 sink(s)
  FACT  S16 node census: 633 rows
  PASS  S16.1 CLFN #24012 built at top level (6 terms)  ((False, 0, ''), (False, 0, ''))
  FACT  S16 after build AFTER node census: 634 rows
  FACT  S16 after build CENSUS DIFF: Node 633 -> 634 ; 1 new uid(s): [(24012, 'CallLibrary', (900, 60))]
  FACT  S16 after build new #24012 #24012 lives at: {'diagram_index': 0, 'diagram_uid': 536, 'diagram_class': 'TopLevelDiagram', 'nodes_index': 0, 'nodes_on_diagram': 1, 'label': 't0stamp.*:stamp'}  (1 diagram(s) scanned of 170, 0.2 s)
  FACT  S16 after build new #24012 terminal table of #24012 (Diagram idx 0, Nodes[0], echo 24012): 10 terminal(s)
  FACT      S16 after build new #24012 t0  'path in'                          is_source=False wire=0       errs=[0, 0, 0, 1055]
  FACT      S16 after build new #24012 t1  'path out'                         is_source=True  wire=0       errs=[0, 0, 0, 1055]
  FACT      S16 after build new #24012 t2  'error in (no error)'              is_source=False wire=0       errs=[0, 0, 0, 1055]
  FACT      S16 after build new #24012 t3  'error out'                        is_source=True  wire=0       errs=[0, 0, 0, 1055]
  FACT      S16 after build new #24012 t4  ''                                 is_source=False wire=0       errs=[0, 0, 0, 1055]
  FACT      S16 after build new #24012 t5  ''                                 is_source=True  wire=0       errs=[0, 0, 0, 1055]
  FACT      S16 after build new #24012 t6  'site'                             is_source=False wire=0       errs=[0, 0, 0, 1055]
  FACT      S16 after build new #24012 t7  'site'                             is_source=True  wire=0       errs=[0, 0, 0, 1055]
  FACT      S16 after build new #24012 t8  'any'                              is_source=False wire=0       errs=[0, 0, 0, 1055]
  FACT      S16 after build new #24012 t9  'any'                              is_source=True  wire=0       errs=[0, 0, 0, 1055]
  FACT  S16 after build NEW NODE NOT DELETED (not the measured junk shape, or its table could not be read): #24012 class 'CallLibrary' label 't0stamp.*:stamp', 10 terminal(s), 0 wired - REPORTED, left alone
  FACT  move_in node census: 634 rows
  FACT  OP move_in #24012 -> Diagram[99] at (1700, 1020) -> err '' (0.1 s)
  FACT  S16 after move AFTER node census: 635 rows
  FACT  S16 after move CENSUS DIFF: Node 634 -> 635 ; 1 new uid(s): [(24015, 'Invoke', (-14936, 658))]
  FACT  S16 after move new #24015 #24015 lives at: {'diagram_index': 99, 'diagram_uid': 15266, 'diagram_class': 'Diagram', 'nodes_index': 26, 'nodes_on_diagram': 27, 'label': 'Invoke Node'}  (1 diagram(s) scanned of 170, 0.2 s)
  FACT  S16 after move new #24015 terminal table of #24015 (Diagram idx 99, Nodes[26], echo 24015): 6 terminal(s)
  FACT      S16 after move new #24015 t0  'reference'                        is_source=False wire=0       errs=[0, 0, 0, 1055]
  FACT      S16 after move new #24015 t1  'reference out'                    is_source=True  wire=0       errs=[0, 0, 0, 1055]
  FACT      S16 after move new #24015 t2  'error in (no error)'              is_source=False wire=0       errs=[0, 0, 0, 1055]
  FACT      S16 after move new #24015 t3  'error out'                        is_source=True  wire=0       errs=[0, 0, 0, 1055]
  FACT      S16 after move new #24015 t4  'Method'                           is_source=False wire=0       errs=[0, 0, 0, 1055]
  FACT      S16 after move new #24015 t5  'Method'                           is_source=True  wire=0       errs=[0, 0, 0, 1055]
  FACT  S16 after move the junk node's FULL terminal table is printed above; 6 terminal(s), 0 WIRED - the purge precondition (ZERO wired) HOLDS
  FACT  S16 after move purge delete Node #24015 at index 435: gone [24015], error '', census 635 -> 634, still present False (1.28 s)
  FACT  S16 after move AFTER THE PURGE node census: 634 rows
  FACT  S16 after move purge arithmetic: Node 634 -> 635 -> 634
  FACT  S16 after const AFTER node census: 634 rows
  FACT  S16 after const CENSUS DIFF: Node 634 -> 634 ; 0 new uid(s): []
  PASS  S16.2 constant #24584 on WhileLoop[2].N[25].t6 (err '' / '')
  PASS  S16.3 CLFN re-found by uid on Diagram[99]=#15266 N[25], uid echo 24012 == #24012, t6 wire 24676
  FACT  connect_from_wire node census: 634 rows
  FACT  OP connect_from_wire sink D[99].N[25].t8 <- w19441[0] -> err '' (0.4 s)
  FACT  S16 after branch AFTER node census: 635 rows
  FACT  S16 after branch CENSUS DIFF: Node 634 -> 635 ; 1 new uid(s): [(24015, 'Invoke', (-14936, 658))]
  FACT  S16 after branch new #24015 #24015 lives at: {'diagram_index': 99, 'diagram_uid': 15266, 'diagram_class': 'Diagram', 'nodes_index': 26, 'nodes_on_diagram': 27, 'label': 'Invoke Node'}  (1 diagram(s) scanned of 170, 0.2 s)
  FACT  S16 after branch new #24015 terminal table of #24015 (Diagram idx 99, Nodes[26], echo 24015): 6 terminal(s)
  FACT      S16 after branch new #24015 t0  'reference'                        is_source=False wire=0       errs=[0, 0, 0, 1055]
  FACT      S16 after branch new #24015 t1  'reference out'                    is_source=True  wire=0       errs=[0, 0, 0, 1055]
  FACT      S16 after branch new #24015 t2  'error in (no error)'              is_source=False wire=0       errs=[0, 0, 0, 1055]
  FACT      S16 after branch new #24015 t3  'error out'                        is_source=True  wire=0       errs=[0, 0, 0, 1055]
  FACT      S16 after branch new #24015 t4  'Method'                           is_source=False wire=0       errs=[0, 0, 0, 1055]
  FACT      S16 after branch new #24015 t5  'Method'                           is_source=True  wire=0       errs=[0, 0, 0, 1055]
  FACT  S16 after branch the junk node's FULL terminal table is printed above; 6 terminal(s), 0 WIRED - the purge precondition (ZERO wired) HOLDS
  FACT  S16 after branch purge delete Node #24015 at index 435: gone [24015], error '', census 635 -> 634, still present False (1.30 s)
  FACT  S16 after branch AFTER THE PURGE node census: 634 rows
  FACT  S16 after branch purge arithmetic: Node 634 -> 635 -> 634
  FACT  S16 w19441 AFTER: 2 sink(s) (was 1); NEW sink owner(s) [24012] (CLFN #24012); op readback {'err_uidvi': '', 'err_wirepn': '', 'UID 2': 19441, 'Is Broken?': False, 'Name': 'any'}
  PASS  S16.4 branch w19441 -> t8: err '', Is Broken? False, exactly one new sink owned by #24012 ([24012]), t8 wire 19441 == site wire
  FACT  ExecState [after S16 [case tunnel (circle #16788 + text #16827, site 17 shares)]] D1_s1_t0_20260926_054248.vi = 1
  PASS  S16.5 [case tunnel (circle #16788 + text #16827, site 17 shares)] ExecState after site 16 == 1 (got 1)
  FACT  S20 SKIPPED: probe of w34066 [i I32] read ExecState None after the stamp (card pass (C))
  FACT  ES TABLE site -> (ok, ExecState after): [(0, True, 1), (2, True, 1), (3, True, 1), (4, True, 1), (6, True, 1), (8, True, 1), (11, True, 1), (12, True, 1), (13, True, 1), (16, True, 1)]; done [0, 2, 3, 4, 6, 8, 11, 12, 13, 16]; skipped [10, 20]
  FACT  ExecState [after all sites] D1_s1_t0_20260926_054248.vi = 1
  PASS  E1 ExecState 1 after 10/12 sites
  PASS  CD computation_diff(S1,new): rows 0, removed 0, added 20 (classes ['CallLibrary', 'DigitalNumericConstant']) == 2 x 10 sites

---------- [SAVE] D1_s1_t0_20260926_054248.vi
  FACT  ExecState [before the save] D1_s1_t0_20260926_054248.vi = 1
  PASS  S1 the save returned without raising (scripted route)
  FACT  SAVED ARTEFACT: D1_s1_t0_20260926_054248.vi md5 99081cbde03f7447c17d6dbd75607b42 size 483356 B; version bytes [38]
  PASS  S2 the artefact is on disk and non-empty  483356 B
  FACT  ExecState [re-read AFTER the save] D1_s1_t0_20260926_054248.vi = 1
  PASS  S3 ExecState 1 re-read AFTER the save  ExecState 1
  PASS  S4 artefact md5 differs from the input  99081cbde03f7447c17d6dbd75607b42
  FACT  T0_VI C:\Program Files\National Instruments\LabVIEW 2026\user.lib\claudeDev\D1_s1_t0_20260926_054248.vi md5 99081cbde03f7447c17d6dbd75607b42

---------- [H] HYGIENE
  FACT  close_panel(scratch_c91_probe_20260926_054248.vi) raised com_error: (-2147352567, '??? ??????.', (6649, 'LabVIEW', 'LabVIEW: (Hex 0x47D) Cannot close or set the state of a closed front panel. The front panel must already be open before you close it or set its state.', None, 0, 0), None)
  FACT  gscript ref_counts: {'opened': 73, 'closed': 73, 'live': 0, 'cached_op_vis': 0}
  PASS  H5 VI-Server reference counter level (opened == closed)  {'opened': 73, 'closed': 73, 'live': 0, 'cached_op_vis': 0}
  FACT  LabVIEW handle count AFTER the work: 54394
  PASS  H4 scratch deleted: scratch_c91_probe_20260926_054248.vi  C:\Program Files\National Instruments\LabVIEW 2026\user.lib\claudeDev\scratch_c91_probe_20260926_054248.vi
  PASS  H2 the INPUT's md5 is UNCHANGED after the run  before 3e3d23cefd3a334001aa9d6156bf1aee / after 3e3d23cefd3a334001aa9d6156bf1aee
  FACT  PIN AFTER  ORIGINAL         2a78e17c449cacdaf5da389818526859  (want 2a78e17c449cacdaf5da389818526859) OK
  FACT  PIN AFTER  S1 D1_s1_copy    3e3d23cefd3a334001aa9d6156bf1aee  (want 3e3d23cefd3a334001aa9d6156bf1aee) OK
  FACT  PIN AFTER  S2 D1_s2_loops   6ff19497f2309e007a214660bb64b911  (want 6ff19497f2309e007a214660bb64b911) OK
  FACT  PIN AFTER  ROW2 bed         26c54ff784cb5cea21edbd214d2cc3a0  (want 26c54ff784cb5cea21edbd214d2cc3a0) OK
  FACT  PIN AFTER  M3a-2            3842f5e6f128226235dc78353f26ef44  (want 3842f5e6f128226235dc78353f26ef44) OK
  FACT  PIN AFTER  kswap            e77b8d5805d90f76e426cb06fdc26d1c  (want e77b8d5805d90f76e426cb06fdc26d1c) OK
  FACT  PIN AFTER  L2-A1 bed        51d9b8a3af5b4240cdc2ad193d9b4f41  (want 51d9b8a3af5b4240cdc2ad193d9b4f41) OK
  PASS  H3 every md5 pin still holds
  FACT  THE FILES THIS RUN LEFT ON DISK: ['D1_s1_t0_20260926_054248.vi']  (removed: [])
  PASS  H6 the files left on disk == ['D1_s1_t0_20260926_054248.vi'] and nothing was removed  added ['D1_s1_t0_20260926_054248.vi'] removed []
  FACT  LabVIEW handle count at exit: 33990

====================================================================================================
=== GATES: 125 pass / 0 fail
JSON: G:\Codes\LabVIEW_Codes\MinLab\zz_LabView VI\AAA_UNIST\2. Tracking\V6_ParallelLoop\tools\bench\t0_sites_s1_step3c.json   elapsed 637.1 s
RESULT {"schema":"result-line/1","status":"PASS","gates":{"pass":125,"fail":0},"first_fail":null,"artefacts":[{"path":"C:\\Program Files\\National Instruments\\LabVIEW 2026\\user.lib\\claudeDev\\D1_s1_t0_20260926_054248.vi","md5":"99081cbde03f7447c17d6dbd75607b42"}]}

---------- [Q] COM Quit, verify LabVIEW gone
  PASS  Q1 LabVIEW gone (quit rc 1, forced=False)
  FACT  PIN FINAL  ORIGINAL         2a78e17c449cacdaf5da389818526859  (want 2a78e17c449cacdaf5da389818526859) OK
  FACT  PIN FINAL  S1 D1_s1_copy    3e3d23cefd3a334001aa9d6156bf1aee  (want 3e3d23cefd3a334001aa9d6156bf1aee) OK
  FACT  PIN FINAL  S2 D1_s2_loops   6ff19497f2309e007a214660bb64b911  (want 6ff19497f2309e007a214660bb64b911) OK
  FACT  PIN FINAL  ROW2 bed         26c54ff784cb5cea21edbd214d2cc3a0  (want 26c54ff784cb5cea21edbd214d2cc3a0) OK
  FACT  PIN FINAL  M3a-2            3842f5e6f128226235dc78353f26ef44  (want 3842f5e6f128226235dc78353f26ef44) OK
  FACT  PIN FINAL  kswap            e77b8d5805d90f76e426cb06fdc26d1c  (want e77b8d5805d90f76e426cb06fdc26d1c) OK
  FACT  PIN FINAL  L2-A1 bed        51d9b8a3af5b4240cdc2ad193d9b4f41  (want 51d9b8a3af5b4240cdc2ad193d9b4f41) OK
  PASS  Q2 md5 pins after quit

====================================================================================================
=== GATES: 127 pass / 0 fail
JSON: G:\Codes\LabVIEW_Codes\MinLab\zz_LabView VI\AAA_UNIST\2. Tracking\V6_ParallelLoop\tools\bench\t0_sites_s1_step3c.json   elapsed 703.3 s
RESULT {"schema":"result-line/1","status":"PASS","gates":{"pass":127,"fail":0},"first_fail":null,"artefacts":[{"path":"C:\\Program Files\\National Instruments\\LabVIEW 2026\\user.lib\\claudeDev\\D1_s1_t0_20260926_054248.vi","md5":"99081cbde03f7447c17d6dbd75607b42"}]}
BGRUN END rc=0 after 704s
