BGRUN START 2026-10-02 02:21:23 limit 1.0 min: py -u tools/bench/diag_c129_7_a2.py
BGRUN PID 17584
SRC 6897 rows 1
    {'term_uid': 6897, 'term_name': 'current image number', 'is_source': True, 'wire_uid': 3747, 'owner_uid': 6810, 'owner_class': 'SubVI', 'frame_diagram': 639, 'term_class': 'Terminal'}
    owner obj {'uid': 6810, 'class': 'SubVI', 'pos': [4633, 1386], 'owner': 'Diagram'}
    net 3747 terms 8
        27161 'x' snk Comparison 26879 frame 639
        7680 'x' snk Function 5119 frame 639
        3312 'current image number' snk SelectorTunnel 3078 frame 639
        2194 'current image number' snk SelectorTunnel 2179 frame 639
        6897 'current image number' src SubVI 6810 frame 639
        1607 'current image number' snk LoopTunnel 1605 frame 639
        34217 'current image number' snk Diagram 639 frame 639
        27084 'current image number' snk RightShiftRegister 27039 frame 639
SRC 644 rows 2
    {'term_uid': 644, 'term_name': '', 'is_source': True, 'wire_uid': 3268, 'owner_uid': 639, 'owner_class': 'Diagram', 'frame_diagram': 639, 'term_class': 'Terminal'}
    owner obj {'uid': 639, 'class': 'Diagram', 'pos': [3266, 1030], 'owner': 'WhileLoop'}
    net 3268 terms 9
        29256 'x' snk Function 29240 frame 639
        12200 '' snk FlatSequenceOuterTunnel 12195 frame 639
        3509 'index i' snk SubVI 1114 frame 639
        10083 'x' snk Function 10068 frame 639
        3272 '' snk SelectorTunnel 3045 frame 639
        3211 'x' snk Function 2136 frame 639
        644 '' src Diagram 639 frame 639
        644 '' src Diagram 639 frame 639
        2218 '' snk LoopTunnel 2213 frame 639
    {'term_uid': 644, 'term_name': '', 'is_source': True, 'wire_uid': 3268, 'owner_uid': 639, 'owner_class': 'Diagram', 'frame_diagram': 639, 'term_class': 'Terminal'}
    owner obj {'uid': 639, 'class': 'Diagram', 'pos': [3266, 1030], 'owner': 'WhileLoop'}
    net 3268 terms 9
        29256 'x' snk Function 29240 frame 639
        12200 '' snk FlatSequenceOuterTunnel 12195 frame 639
        3509 'index i' snk SubVI 1114 frame 639
        10083 'x' snk Function 10068 frame 639
        3272 '' snk SelectorTunnel 3045 frame 639
        3211 'x' snk Function 2136 frame 639
        644 '' src Diagram 639 frame 639
        644 '' src Diagram 639 frame 639
        2218 '' snk LoopTunnel 2213 frame 639
SRC 23289 rows 1
    {'term_uid': 23289, 'term_name': 'New Image', 'is_source': True, 'wire_uid': 0, 'owner_uid': 23099, 'owner_class': 'SubVI', 'frame_diagram': 23169, 'term_class': 'Terminal'}
    owner obj {'uid': 23099, 'class': 'SubVI', 'pos': [-16927, 2195], 'owner': 'Diagram'}
    net 0 terms 1649
        26585 'error?' src SubVI 26582 frame 3628
        26588 'code out' src SubVI 26582 frame 3628
        26591 '' snk SubVI 26582 frame 3628
        26594 'error code (no error:0)' snk SubVI 26582 frame 3628
        26597 'error source (" ")' snk SubVI 26582 frame 3628
        26600 'source out' src SubVI 26582 frame 3628
        26603 'error out' src SubVI 26582 frame 3628
        26606 'message' src SubVI 26582 frame 3628
        26609 'type of dialog (OK msg:1)' snk SubVI 26582 frame 3628
        26612 'error in (no error)' snk SubVI 26582 frame 3628
        10322 'reference' snk Invoke 10313 frame 3628
        10325 'reference out' src Invoke 10313 frame 3628
        10328 'error in (no error)' snk Invoke 10313 frame 3628
        10332 'error out' src Invoke 10313 frame 3628
        10335 'Reinit To Dflt' snk Invoke 10313 frame 3628
        10347 'Reinit To Dflt' src Invoke 10313 frame 3628
        12483 'reference' snk Property 12476 frame 3628
        12486 'reference out' src Property 12476 frame 3628
        12489 'error in (no error)' snk Property 12476 frame 3628
        12492 'error out' src Property 12476 frame 3628
        10801 'reference' snk Property 10793 frame 3628
        10804 'reference out' src Property 10793 frame 3628
        10807 'error in (no error)' snk Property 10793 frame 3628
        10810 'error out' src Property 10793 frame 3628
        10409 'reference' snk Property 10399 frame 3628
        10414 'reference out' src Property 10399 frame 3628
        10418 'error in (no error)' snk Property 10399 frame 3628
        10422 'error out' src Property 10399 frame 3628
        7994 'reference' snk Property 7987 frame 3628
        7997 'reference out' src Property 7987 frame 3628
        8000 'error in (no error)' snk Property 7987 frame 3628
        8003 'error out' src Property 7987 frame 3628
        31427 '' snk SubVI 30804 frame 3886
        31436 'No.of digits' snk SubVI 30804 frame 3886
        31449 '' snk SubVI 30804 frame 3886
        31455 '' snk SubVI 30804 frame 3886
        31459 '' snk SubVI 30804 frame 3886
        31463 '' snk SubVI 30804 frame 3886
        31466 '' snk SubVI 30804 frame 3886
        31469 '' snk SubVI 30804 frame 3886
        31472 '' snk SubVI 30804 frame 3886
        31475 '' snk SubVI 30804 frame 3886
        31478 '' snk SubVI 30804 frame 3886
        31483 '' snk SubVI 30804 frame 3886
        31486 '' snk SubVI 30804 frame 3886
        31489 '' snk SubVI 30804 frame 3886
        31493 '' snk SubVI 30804 frame 3886
        3844 '' src Tunnel 3831 frame 3886
        4631 '' snk SubVI 4620 frame 4406
        4651 'Axis identifier?' snk SubVI 4620 frame 4406
        4659 '' snk SubVI 4620 frame 4406
        4662 '' snk SubVI 4620 frame 4406
        4666 '' snk SubVI 4620 frame 4406
        4670 '' snk SubVI 4620 frame 4406
        4673 '' snk SubVI 4620 frame 4406
        4677 '' snk SubVI 4620 frame 4406
        4680 '' snk SubVI 4620 frame 4406
        4686 '' snk SubVI 4620 frame 4406
        4691 '' snk SubVI 4620 frame 4406
        4705 '' snk SubVI 4620 frame 4406
        4716 '' snk SubVI 4620 frame 4406
        4720 '' snk SubVI 4620 frame 4406
        4729 '' snk SubVI 4620 frame 4406
        3849 '' src Tunnel 3831 frame 4406
        3861 'If no: current pos z?' src SelectorTunnel 3858 frame 4406
        1271 'error out' snk Tunnel 1165 frame 3667
        6600 'Numeric' snk Tunnel 6598 frame 3667
        29455 'reference' snk Property 29447 frame 5038
        29458 'reference out' src Property 29447 frame 5038
        29461 'error in (no error)' snk Property 29447 frame 5038
        29464 'error out' src Property 29447 frame 5038
        31235 'reference' snk Property 31228 frame 5038
        31239 'reference out' src Property 31228 frame 5038
        31242 'error in (no error)' snk Property 31228 frame 5038
        31267 'error out' src Property 31228 frame 5038
        3517 'index' snk IndexArray 3163 frame 5038
        5413 '' snk SubVI 5403 frame 5038
        5424 'No.of digits' snk SubVI 5403 frame 5038
        5432 'Without axis ID?' snk SubVI 5403 frame 5038
        5436 '' snk SubVI 5403 frame 5038
        5439 '' snk SubVI 5403 frame 5038
        5443 '' snk SubVI 5403 frame 5038
        5446 '' snk SubVI 5403 frame 5038
        5449 '' snk SubVI 5403 frame 5038
        5452 '' snk SubVI 5403 frame 5038
        5456 '' snk SubVI 5403 frame 5038
        5460 'Controller error' src SubVI 5403 frame 5038
        5465 '' snk SubVI 5403 frame 5038
        5473 '' snk SubVI 5403 frame 5038
        5483 '' snk SubVI 5403 frame 5038
        5486 '' snk SubVI 5403 frame 5038
        5509 '' snk SubVI 5497 frame 5038
        5521 'Axis identifier?' snk SubVI 5497 frame 5038
        5532 '' snk SubVI 5497 frame 5038
        5562 '' snk SubVI 5497 frame 5038
        5579 '' snk SubVI 5497 frame 5038
        5590 '' snk SubVI 5497 frame 5038
        5594 '' snk SubVI 5497 frame 5038
        5602 '' snk SubVI 5497 frame 5038
        5618 '' snk SubVI 5497 frame 5038
        5625 '' snk SubVI 5497 frame 5038
        5645 '' snk SubVI 5497 frame 5038
        5652 '' snk SubVI 5497 frame 5038
        5658 '' snk SubVI 5497 frame 5038
        5678 '' snk SubVI 5497 frame 5038
        3706 'If no: current pos z?' src Diagram 5038 frame 5038
        3469 'Set Focus  (0->50)' snk Tunnel 3445 frame 5038
        7548 'Current pos rot?' snk Tunnel 7542 frame 5038
        29218 'error out' src Tunnel 29213 frame 5038
        5856 'Rot step (turns)' src Diagram 3628 frame 3628
        5722 'Send' src Diagram 3628 frame 3628
        7739 'Stop Trans' src Diagram 3628 frame 3628
        27491 '' snk Tunnel 27492 frame 81548
        27665 'cluster' snk Bundler 27660 frame 27537
        27543 '' src Diagram 27537 frame 27537
        27543 '' src Diagram 27537 frame 27537
        27485 'Pixel distance' src NamedUnbundler 27462 frame 81548
        8244 'reference' snk Property 8235 frame 113
        8253 'reference out' src Property 8235 frame 113
        8257 'error in (no error)' snk Property 8235 frame 113
        8260 'error out' src Property 8235 frame 113
        305 'reference' snk Property 8 frame 113
        447 'reference out' src Property 8 frame 113
        455 'error in (no error)' snk Property 8 frame 113
        472 'error out' src Property 8 frame 113
        32830 'reference' snk Property 32823 frame 124
        32833 'reference out' src Property 32823 frame 124
        32836 'error in (no error)' snk Property 32823 frame 124
        32839 'error out' src Property 32823 frame 124
        44039 'error out' src SubVI 44036 frame 43928
        44042 '' snk SubVI 44036 frame 43928
        44045 '' snk SubVI 44036 frame 43928
        44051 '' snk SubVI 44036 frame 43928
        44054 '' snk SubVI 44036 frame 43928
        44057 '' snk SubVI 44036 frame 43928
        44060 'error in (no error)' snk SubVI 44036 frame 43928
        44000 'error out' src SubVI 43997 frame 43928
        44003 '' snk SubVI 43997 frame 43928
        44006 '' snk SubVI 43997 frame 43928
        44012 '' snk SubVI 43997 frame 43928
        44015 'Baud Rate (115200)' snk SubVI 43997 frame 43928
        44018 '' snk SubVI 43997 frame 43928
        44021 'timeout (500ms)' snk SubVI 43997 frame 43928
        44024 'error in (no error)' snk SubVI 43997 frame 43928
        44027 '' snk SubVI 43997 frame 43928
        44030 '' snk SubVI 43997 frame 43928
        44145 'millisecond timer value' src Function 44143 frame 44125
        44199 'error out' src SubVI 44196 frame 44169
        44202 '' snk SubVI 44196 frame 44169
        44211 '' snk SubVI 44196 frame 44169
        44214 '' snk SubVI 44196 frame 44169
        44217 '' snk SubVI 44196 frame 44169
        44220 '' snk SubVI 44196 frame 44169
        44223 'error in (no error)' snk SubVI 44196 frame 44169
        44226 '' snk SubVI 44196 frame 44169
        29723 'replaced substring' src Function 29716 frame 124
        29732 'length' snk Function 29716 frame 124
        3570 'In Set Position' src SelectorTunnel 3537 frame 124
        1363 'In Range?' src InRangeAndCoerce 790 frame 3371
        3418 '' src Tunnel 3410 frame 3371
        3414 '' src Tunnel 3410 frame 3293
        5853 'Set Focus  (0->50)' src SelectorTunnel 5765 frame 3293
        8515 'reference' snk Property 8498 frame 124
        8519 'reference out' src Property 8498 frame 124
        8522 'error in (no error)' snk Property 8498 frame 124
        8525 'error out' src Property 8498 frame 124
        893 'continue tracking' src Diagram 124 frame 124
        7781 'error out' src PolymorphicSubVI 7774 frame 5031
        7784 '' snk PolymorphicSubVI 7774 frame 5031
        7787 '' snk PolymorphicSubVI 7774 frame 5031
        7790 'previous cursor ID' src PolymorphicSubVI 7774 frame 5031
        7793 '' snk PolymorphicSubVI 7774 frame 5031
        7796 '' snk PolymorphicSubVI 7774 frame 5031
        7799 '' snk PolymorphicSubVI 7774 frame 5031
        7802 '' snk PolymorphicSubVI 7774 frame 5031
        7805 'error in (no error)' snk PolymorphicSubVI 7774 frame 5031
        7808 '' snk PolymorphicSubVI 7774 frame 5031
        7811 'VI reference (current VI)' snk PolymorphicSubVI 7774 frame 5031
        35877 'reference' snk Property 35869 frame 3121
        35882 'reference out' src Property 35869 frame 3121
        35886 'error in (no error)' snk Property 35869 frame 3121
        35889 'error out' src Property 35869 frame 3121
        35924 'reference' snk Property 35917 frame 3121
        35927 'reference out' src Property 35917 frame 3121
        35930 'error in (no error)' snk Property 35917 frame 3121
        35933 'error out' src Property 35917 frame 3121
        6255 'color table string' src SubVI 6216 frame 3121
        6020 'Image Out' src SubVI 5987 frame 3121
        6054 'Set obj' snk SubVI 5987 frame 3121
        29142 'reference' snk Property 29139 frame 1817
        29155 'reference out' src Property 29139 frame 1817
        29160 'error in (no error)' snk Property 29139 frame 1817
        29163 'error out' src Property 29139 frame 1817
        26963 'reference' snk Property 26946 frame 1817
        26967 'reference out' src Property 26946 frame 1817
        26972 'error in (no error)' snk Property 26946 frame 1817
        26976 'error out' src Property 26946 frame 1817
        8210 'reference' snk Property 8184 frame 1817
        8214 'reference out' src Property 8184 frame 1817
        8222 'error in (no error)' snk Property 8184 frame 1817
        8226 'error out' src Property 8184 frame 1817
        9951 'error out' src PolymorphicSubVI 9944 frame 1817
        9954 '' snk PolymorphicSubVI 9944 frame 1817
        9957 '' snk PolymorphicSubVI 9944 frame 1817
        9960 'previous cursor ID' src PolymorphicSubVI 9944 frame 1817
        9963 '' snk PolymorphicSubVI 9944 frame 1817
        9966 '' snk PolymorphicSubVI 9944 frame 1817
        9969 '' snk PolymorphicSubVI 9944 frame 1817
        9972 '' snk PolymorphicSubVI 9944 frame 1817
        9975 'error in (no error)' snk PolymorphicSubVI 9944 frame 1817
        9978 '' snk PolymorphicSubVI 9944 frame 1817
        9981 'VI reference (current VI)' snk PolymorphicSubVI 9944 frame 1817
        24199 'reference' snk Property 24144 frame 4866
        24208 'reference out' src Property 24144 frame 4866
        24217 'error in (no error)' snk Property 24144 frame 4866
        24229 'error out' src Property 24144 frame 4866
        9149 'reference' snk Property 8603 frame 4866
        9490 'reference out' src Property 8603 frame 4866
        9626 'error in (no error)' snk Property 8603 frame 4866
        9642 'error out' src Property 8603 frame 4866
        10901 'reference' snk Property 10894 frame 4866
        14562 'reference out' src Property 10894 frame 4866
        14571 'error in (no error)' snk Property 10894 frame 4866
        14606 'error out' src Property 10894 frame 4866
        6319 'indices of all ref' src SubVI 6288 frame 4866
        172 '+ Inc (PgUp)' src Diagram 4866 frame 4866
        152 'Focus Step (F1)' src Diagram 4866 frame 4866
        353 '- Inc (PgDn)' src Diagram 4866 frame 4866
        1539 'File # Saved' snk Diagram 4866 frame 4866
        5754 'current frame data array in' snk SubVI 376 frame 23405
        5763 'frame index' snk SubVI 376 frame 23405
        23444 '' src Diagram 23405 frame 23405
        23444 '' src Diagram 23405 frame 23405
        23841 '' src RightShiftRegister 23508 frame 686
        25303 '' src RightShiftRegister 10850 frame 686
        25355 '' src RightShiftRegister 25339 frame 686
        25393 'Auto-reset zero' src RightShiftRegister 25371 frame 686
        25579 '' src RightShiftRegister 9603 frame 686
        25602 '' src RightShiftRegister 25545 frame 686
        2813 'appended array' src BuildArray 2626 frame 23166
        2832 'array' snk BuildArray 2626 frame 23166
        4160 'array' snk BuildArray 2626 frame 23166
        4165 'array' snk BuildArray 2626 frame 23166
        29917 '' snk Tunnel 29914 frame 23166
        29782 '' snk LoopTunnel 29777 frame 23166
        30318 'error' src SubVI 30306 frame 29894
        30321 '' snk SubVI 30306 frame 29894
        30324 '' snk SubVI 30306 frame 29894
        30330 '' snk SubVI 30306 frame 29894
        30334 '' snk SubVI 30306 frame 29894
        30364 '' snk SubVI 30306 frame 29894
        30382 '' snk SubVI 30306 frame 29894
        30385 '' snk SubVI 30306 frame 29894
        25854 'disabled index (col)' snk IndexArray 30331 frame 29894
        25961 'disabled index (col)' snk IndexArray 30331 frame 29894
        29640 'disabled index (row)' snk GrowableFunction 29625 frame 29894
        29018 'cluster' snk Bundler 29005 frame 29894
        29913 '' src Diagram 29894 frame 29894
        29913 '' src Diagram 29894 frame 29894
        29916 '' src Tunnel 29914 frame 29894
        11270 'array' snk BuildArray 11261 frame 23166
        11273 'element' snk BuildArray 11261 frame 23166
        7928 '' snk Tunnel 7922 frame 23166
        9508 'Value' snk LoopTunnel 9503 frame 23166
        10182 '' snk LoopTunnel 10177 frame 23166
        11369 '' src LoopTunnel 11363 frame 23166
        29016 'error' src SubVI 29009 frame 7911
        29019 '' snk SubVI 29009 frame 7911
        29022 '' snk SubVI 29009 frame 7911
        29028 '' snk SubVI 29009 frame 7911
        29031 '' snk SubVI 29009 frame 7911
        29034 '' snk SubVI 29009 frame 7911
        29037 '' snk SubVI 29009 frame 7911
        29040 '' snk SubVI 29009 frame 7911
        27800 'first subarray' src Function 27716 frame 7911
        28244 'error' src PolymorphicSubVI 28233 frame 7911
        28269 'init/cont (init:F)' snk PolymorphicSubVI 28233 frame 7911
        28286 '' snk PolymorphicSubVI 28233 frame 7911
        28183 'error' src SubVI 28180 frame 7911
        28186 '' snk SubVI 28180 frame 7911
        28192 'reverse coefficients' src SubVI 28180 frame 7911
        28195 '' snk SubVI 28180 frame 7911
        28200 '' snk SubVI 28180 frame 7911
        28204 'fs' snk SubVI 28180 frame 7911
        28209 '' snk SubVI 28180 frame 7911
        28213 'time constant' snk SubVI 28180 frame 7911
        28219 'shape' snk SubVI 28180 frame 7911
        28227 'type' snk SubVI 28180 frame 7911
        11319 'cluster' snk Bundler 11310 frame 7911
        25829 'disabled index (col)' snk IndexArray 8741 frame 7911
        25862 'disabled index (col)' snk IndexArray 8741 frame 7911
        8653 'disabled index (row)' snk GrowableFunction 8634 frame 7911
        7921 '' src Diagram 7911 frame 7911
        7921 '' src Diagram 7911 frame 7911
        7927 '' src Tunnel 7922 frame 7911
        5866 'dY out' src SubVI 5696 frame 2265
        2280 '' src Tunnel 2276 frame 2265
        6151 'Y out' src SubVI 6085 frame 2235
        2279 '' src Tunnel 2276 frame 2235
        6282 'subarray' src IndexArray 6104 frame 23166
        6297 'disabled index (row)' snk IndexArray 6104 frame 23166
        9902 'disabled index (col)' snk IndexArray 9833 frame 23166
        10979 'max value' src Function 10969 frame 23166
        10983 'max index (indices)' src Function 10969 frame 23166
        10992 'min index (indices)' src Function 10969 frame 23166
        17353 'reference' snk Property 17289 frame 23166
        17356 'reference out' src Property 17289 frame 23166
        17359 'error in (no error)' snk Property 17289 frame 23166
        17362 'error out' src Property 17289 frame 23166
        9922 'reference' snk Property 9907 frame 10453
        9926 'reference out' src Property 9907 frame 10453
        9930 'error in (no error)' snk Property 9907 frame 10453
        9938 'error out' src Property 9907 frame 10453
        10467 '' src Tunnel 10465 frame 10453
        10752 'Auto-reset zero' src SelectorTunnel 10750 frame 10453
        10468 '' src Tunnel 10465 frame 10459
        5606 '' src Tunnel 5603 frame 5582
        5969 '' src SelectorTunnel 5967 frame 5582
        5729 '' src SelectorTunnel 5725 frame 5582
        5795 'reference' snk Property 4401 frame 5592
        5799 'reference out' src Property 4401 frame 5592
        5802 'error in (no error)' snk Property 4401 frame 5592
        5834 'error out' src Property 4401 frame 5592
        5607 '' src Tunnel 5603 frame 5592
        6033 '' src SelectorTunnel 5702 frame 5592
        5855 '' src SelectorTunnel 5825 frame 5592
        5089 'Image In' snk SubVI 5058 frame 23166
        5151 '' snk SubVI 5058 frame 23166
        5156 '' snk SubVI 5058 frame 23166
        5180 '' snk SubVI 5058 frame 23166
        23225 '' src Diagram 23166 frame 23166
        23225 '' src Diagram 23166 frame 23166
        23817 'Automatic Error Handling' src RightShiftRegister 23469 frame 686
        23832 'Automatic Error Handling' snk LeftShiftRegister 23796 frame 686
        23903 'millisecond timer value' src Function 23844 frame 23058
        10431 '' src Tunnel 10429 frame 10417
        9625 '# slices in stack' src SelectorTunnel 9623 frame 10417
        10980 'index' src SelectorTunnel 10978 frame 10417
        25467 'In Range?' src InRangeAndCoerce 25455 frame 10423
        26593 'error out' src SubVI 26539 frame 10423
        26605 '' snk SubVI 26539 frame 10423
        26614 '' snk SubVI 26539 frame 10423
        26652 '' snk SubVI 26539 frame 10423
        26659 '' snk SubVI 26539 frame 10423
        26663 '' snk SubVI 26539 frame 10423
        26667 'error in (no error)' snk SubVI 26539 frame 10423
        19107 'error out' src SubVI 19093 frame 10423
        19113 '' snk SubVI 19093 frame 10423
        19128 '' snk SubVI 19093 frame 10423
        19132 '' snk SubVI 19093 frame 10423
        19137 '' snk SubVI 19093 frame 10423
        19141 '' snk SubVI 19093 frame 10423
        19146 'error in (no error)' snk SubVI 19093 frame 10423
        19150 '' snk SubVI 19093 frame 10423
        10432 '' src Tunnel 10429 frame 10423
        11355 'Out position' src SelectorTunnel 11348 frame 10423
        23073 '' src Diagram 23058 frame 23058
        23073 '' src Diagram 23058 frame 23058
        32511 'final trans pos' src RightShiftRegister 32497 frame 686
        2827 'rot pos' snk LeftShiftRegister 2800 frame 686
        4154 'tran pos' snk LeftShiftRegister 3133 frame 686
        29258 'Value' src LoopTunnel 29237 frame 686
        29981 'reference' snk Property 22 frame 25392
        29984 'reference out' src Property 22 frame 25392
        29987 'error in (no error)' snk Property 22 frame 25392
        29990 'error out' src Property 22 frame 25392
        25137 'reference' snk Property 25116 frame 25392
        25145 'reference out' src Property 25116 frame 25392
        25152 'error in (no error)' snk Property 25116 frame 25392
        35107 'error out' src Property 25116 frame 25392
        6451 'reference' snk Property 6440 frame 25392
        6455 'reference out' src Property 6440 frame 25392
        6459 'error in (no error)' snk Property 6440 frame 25392
        6463 'error out' src Property 6440 frame 25392
        30907 'error in' snk SubVI 30846 frame 25392
        31037 '' snk SubVI 30846 frame 25392
        31046 '' snk SubVI 30846 frame 25392
        31066 'Rot VISA out' src SubVI 30846 frame 25392
        31074 '' snk SubVI 30846 frame 25392
        31140 '' snk SubVI 30846 frame 25392
        29001 'reference' snk Property 28991 frame 25767
        29042 'reference out' src Property 28991 frame 25767
        29054 'error in (no error)' snk Property 28991 frame 25767
        29064 'error out' src Property 28991 frame 25767
        28956 'reference' snk Property 28939 frame 25767
        28960 'reference out' src Property 28939 frame 25767
        28963 'error in (no error)' snk Property 28939 frame 25767
        28966 'error out' src Property 28939 frame 25767
        28866 'reference' snk Property 28853 frame 25767
        28887 'reference out' src Property 28853 frame 25767
        28897 'error in (no error)' snk Property 28853 frame 25767
        28900 'error out' src Property 28853 frame 25767
        28801 'reference' snk Property 28796 frame 25767
        28804 'reference out' src Property 28796 frame 25767
        28807 'error in (no error)' snk Property 28796 frame 25767
        28810 'error out' src Property 28796 frame 25767
        28683 'reference' snk Property 28677 frame 25767
        28702 'reference out' src Property 28677 frame 25767
        28710 'error in (no error)' snk Property 28677 frame 25767
        28738 'error out' src Property 28677 frame 25767
        28641 'reference' snk Property 28631 frame 25767
        28647 'reference out' src Property 28631 frame 25767
        28650 'error in (no error)' snk Property 28631 frame 25767
        28654 'error out' src Property 28631 frame 25767
        27913 '' src Tunnel 27910 frame 27980
        27947 'Value' src SelectorTunnel 27941 frame 27980
        28203 'Pos_degree' src SubVI 28094 frame 28036
        28289 'VISA resource name Out' src SubVI 28094 frame 28036
        28488 'reference' snk Property 28484 frame 28426
        28492 'reference out' src Property 28484 frame 28426
        28496 'error in (no error)' snk Property 28484 frame 28426
        28505 'error out' src Property 28484 frame 28426
        27914 '' src Tunnel 27910 frame 27996
        27369 '' src Tunnel 27367 frame 27389
        27384 'Value' src SelectorTunnel 27382 frame 27389
        27488 'Pos_degree' src SubVI 27466 frame 27425
        27497 'VISA resource name Out' src SubVI 27466 frame 27425
        27812 'reference' snk Property 27777 frame 27723
        27836 'reference out' src Property 27777 frame 27723
        27845 'error in (no error)' snk Property 27777 frame 27723
        27854 'error out' src Property 27777 frame 27723
        27370 '' src Tunnel 27367 frame 27399
        27000 '' src Tunnel 26997 frame 27024
        27020 'Value' src SelectorTunnel 27018 frame 27024
        27200 'Pos_degree' src SubVI 27194 frame 27076
        27204 'VISA resource name Out' src SubVI 27194 frame 27076
        27171 'Pos_degree' src SubVI 27165 frame 27076
        27142 'reference' snk Property 27139 frame 27076
        27145 'reference out' src Property 27139 frame 27076
        27148 'error in (no error)' snk Property 27139 frame 27076
        27152 'error out' src Property 27139 frame 27076
        27117 'reference' snk Property 27113 frame 27076
        27120 'reference out' src Property 27113 frame 27076
        27123 'error in (no error)' snk Property 27113 frame 27076
        27127 'error out' src Property 27113 frame 27076
        27320 'reference' snk Property 27317 frame 27259
        27323 'reference out' src Property 27317 frame 27259
        27326 'error in (no error)' snk Property 27317 frame 27259
        27329 'error out' src Property 27317 frame 27259
        27296 'reference' snk Property 27292 frame 27259
        27299 'reference out' src Property 27292 frame 27259
        27302 'error in (no error)' snk Property 27292 frame 27259
        27306 'error out' src Property 27292 frame 27259
        27002 '' src Tunnel 26997 frame 27037
        26457 '' src Tunnel 26447 frame 26496
        26492 '' src SelectorTunnel 26490 frame 26496
        26748 '' snk SubVI 26739 frame 26535
        26762 'No.of digits' snk SubVI 26739 frame 26535
        26772 '' snk SubVI 26739 frame 26535
        26777 '' snk SubVI 26739 frame 26535
        26781 '' snk SubVI 26739 frame 26535
        26786 '' snk SubVI 26739 frame 26535
        26790 '' snk SubVI 26739 frame 26535
        26795 '' snk SubVI 26739 frame 26535
        26799 '' snk SubVI 26739 frame 26535
        26804 '' snk SubVI 26739 frame 26535
        26808 '' snk SubVI 26739 frame 26535
        26813 '' snk SubVI 26739 frame 26535
        26817 '' snk SubVI 26739 frame 26535
        26822 '' snk SubVI 26739 frame 26535
        26826 '' snk SubVI 26739 frame 26535
        26531 '' src FlatSequenceOuterTunnel 26529 frame 26535
        26916 'reference' snk Property 26912 frame 26880
        26921 'reference out' src Property 26912 frame 26880
        26925 'error in (no error)' snk Property 26912 frame 26880
        26930 'error out' src Property 26912 frame 26880
        26460 '' src Tunnel 26447 frame 26505
        25815 '' src Tunnel 25813 frame 25834
        25830 'Value' src SelectorTunnel 25828 frame 25834
        26094 '' snk SubVI 26085 frame 25892
        26108 'No.of digits' snk SubVI 26085 frame 25892
        26111 'error in' snk SubVI 26085 frame 25892
        26115 '' snk SubVI 26085 frame 25892
        26119 '' snk SubVI 26085 frame 25892
        26125 '' snk SubVI 26085 frame 25892
        26132 '' snk SubVI 26085 frame 25892
        26140 '' snk SubVI 26085 frame 25892
        26146 '' snk SubVI 26085 frame 25892
        26158 '' snk SubVI 26085 frame 25892
        26166 '' snk SubVI 26085 frame 25892
        26176 '' snk SubVI 26085 frame 25892
        26182 '' snk SubVI 26085 frame 25892
        26191 '' snk SubVI 26085 frame 25892
        26206 '' snk SubVI 26085 frame 25892
        26214 '' snk SubVI 26085 frame 25892
        26220 'error out' src SubVI 26085 frame 25892
        26356 'reference' snk Property 26341 frame 26292
        26364 'reference out' src Property 26341 frame 26292
        26373 'error in (no error)' snk Property 26341 frame 26292
        26378 'error out' src Property 26341 frame 26292
        25816 '' src Tunnel 25813 frame 25846
        28717 '' src Tunnel 28713 frame 28686
        349 'error in (no error)' snk Property 250 frame 686
        6413 '' snk SubVI 6384 frame 686
        6432 '' snk SubVI 6384 frame 686
        6441 '' snk SubVI 6384 frame 686
        6450 '' snk SubVI 6384 frame 686
        4407 'index' snk GrowableFunction 2048 frame 686
        4429 'length' snk GrowableFunction 2048 frame 686
        5362 'LastBufferNumber' src RightShiftRegister 1117 frame 686
        3941 'F-x out' src RightShiftRegister 862 frame 686
        4030 'F-x out' snk LeftShiftRegister 2853 frame 686
        15211 'System no.' src RightShiftRegister 15197 frame 686
        1781 'Value' src RightShiftRegister 580 frame 686
        27103 'current image number' src RightShiftRegister 27039 frame 686
        27273 '' src RightShiftRegister 27250 frame 686
        27394 'floor(x/y)' src Function 27373 frame 27219
        27401 'x-y*floor(x/y)' src Function 27373 frame 27219
        27192 '' src Tunnel 27185 frame 27219
        27196 '' src Tunnel 27185 frame 27232
        26807 'millisecond timer value' src Function 26747 frame 639
        23222 'stripped path' src Function 23175 frame 639
        23228 'name' src Function 23175 frame 639
        22834 'initial string' snk FormatScanString 22703 frame 639
        22844 'resulting string' src FormatScanString 22703 frame 639
        22848 'error in' snk FormatScanString 22703 frame 639
        22852 'error out' src FormatScanString 22703 frame 639
        22605 'reference' snk Property 22542 frame 639
        22620 'reference out' src Property 22542 frame 639
        22648 'error in (no error)' snk Property 22542 frame 639
        22668 'error out' src Property 22542 frame 639
        22640 'reference' snk Property 22560 frame 639
        22649 'reference out' src Property 22560 frame 639
        22653 'error in (no error)' snk Property 22560 frame 639
        22662 'error out' src Property 22560 frame 639
        2638 '' src Tunnel 2634 frame 2603
        10376 'Event Registration Refnum' snk Tunnel 10251 frame 639
        10379 'Event Registration Refnum' src Tunnel 10263 frame 639
        10806 'input cluster' snk NamedUnbundler 10764 frame 10213
        10790 'Source' src NamedUnbundler 10764 frame 10213
        10373 'Event Registration Refnum' src Tunnel 10251 frame 10213
        10378 'Event Registration Refnum' snk Tunnel 10263 frame 10213
        10565 '' src Tunnel 10557 frame 10213
        32300 'Value' src SelectorTunnel 32295 frame 10213
        24378 '' src SelectorTunnel 24375 frame 10213
        9066 '' src SelectorTunnel 9062 frame 10213
        32544 'Value' src SelectorTunnel 24364 frame 10213
        22879 'reference' snk Property 22858 frame 32067
        22890 'reference out' src Property 22858 frame 32067
        22896 'error in (no error)' snk Property 22858 frame 32067
        22906 'error out' src Property 22858 frame 32067
        32678 'index' snk GrowableFunction 32664 frame 32067
        32682 'length' snk GrowableFunction 32664 frame 32067
        32783 'index' snk GrowableFunction 32664 frame 32067
        32085 'input cluster' snk NamedUnbundler 32083 frame 32067
        32089 'Source' src NamedUnbundler 32083 frame 32067
        32074 'Event Registration Refnum' src Tunnel 10251 frame 32067
        32077 '' src Tunnel 10557 frame 32067
        32080 'Event Registration Refnum' snk Tunnel 10263 frame 32067
        24384 '' src SelectorTunnel 24375 frame 32067
        9074 '' src SelectorTunnel 9062 frame 32067
        32548 'Value' src SelectorTunnel 24364 frame 32067
        22369 'reference' snk Property 22347 frame 32166
        22373 'reference out' src Property 22347 frame 32166
        22380 'error in (no error)' snk Property 22347 frame 32166
        22384 'error out' src Property 22347 frame 32166
        6800 'reference' snk Property 3973 frame 32166
        6856 'reference out' src Property 3973 frame 32166
        6860 'error in (no error)' snk Property 3973 frame 32166
        6866 'error out' src Property 3973 frame 32166
        31610 'disabled index (col)' snk GrowableFunction 31401 frame 32166
        30794 'reference' snk Property 30783 frame 32166
        30797 'reference out' src Property 30783 frame 32166
        30802 'error in (no error)' snk Property 30783 frame 32166
        30806 'error out' src Property 30783 frame 32166
        10013 'disabled index (col)' snk IndexArray 50 frame 32166
        24682 '' snk Tunnel 24673 frame 32166
        24165 'start index (0)' snk Function 24141 frame 24642
        24670 '' src Diagram 24642 frame 24642
        24670 '' src Diagram 24642 frame 24642
        24679 '' src Tunnel 24673 frame 24642
        32200 'input cluster' snk NamedUnbundler 32194 frame 32166
        32212 'Source' src NamedUnbundler 32194 frame 32166
        32179 'Event Registration Refnum' src Tunnel 10251 frame 32166
        32184 '' src Tunnel 10557 frame 32166
        32189 'Event Registration Refnum' snk Tunnel 10263 frame 32166
        32315 'Value' src SelectorTunnel 32295 frame 32166
        32555 'Value' src SelectorTunnel 24364 frame 32166
        4703 'reference' snk Property 4580 frame 639
        4709 'reference out' src Property 4580 frame 639
        4718 'error in (no error)' snk Property 4580 frame 639
        4722 'error out' src Property 4580 frame 639
        30125 'reference' snk Property 30117 frame 639
        30128 'reference out' src Property 30117 frame 639
        30133 'error in (no error)' snk Property 30117 frame 639
        30138 'error out' src Property 30117 frame 639
        21576 'disabled index (row)' snk GrowableFunction 21554 frame 29629
        29652 '' src Tunnel 29650 frame 29629
        30160 'reference' snk Property 30146 frame 639
        30163 'reference out' src Property 30146 frame 639
        30167 'error in (no error)' snk Property 30146 frame 639
        30172 'error out' src Property 30146 frame 639
        29247 'floor(x/y)' src Function 29240 frame 639
        12637 '' src Tunnel 12633 frame 12599
        12675 'position [internal units]' src SelectorTunnel 12673 frame 12599
        12638 '' src Tunnel 12633 frame 12617
        11944 '' src Tunnel 11942 frame 11926
        50790 '# DT points' src SelectorTunnel 50788 frame 11926
        50184 'reference' snk Property 50177 frame 11936
        50187 'reference out' src Property 50177 frame 11936
        50190 'error in (no error)' snk Property 50177 frame 11936
        50193 'error out' src Property 50177 frame 11936
        50251 'reference' snk Property 50244 frame 11936
        50254 'reference out' src Property 50244 frame 11936
        50257 'error in (no error)' snk Property 50244 frame 11936
        50260 'error out' src Property 50244 frame 11936
        30624 'reference' snk Property 30617 frame 11936
        30627 'reference out' src Property 30617 frame 11936
        30630 'error in (no error)' snk Property 30617 frame 11936
        30633 'error out' src Property 30617 frame 11936
        30559 'reference' snk Property 30549 frame 11936
        30562 'reference out' src Property 30549 frame 11936
        30565 'error in (no error)' snk Property 30549 frame 11936
        30568 'error out' src Property 30549 frame 11936
        11625 'reference' snk Property 11611 frame 11936
        11628 'reference out' src Property 11611 frame 11936
        11631 'error in (no error)' snk Property 11611 frame 11936
        11634 'error out' src Property 11611 frame 11936
        11945 '' src Tunnel 11942 frame 11936
        10846 'reference' snk Property 10824 frame 16565
        10849 'reference out' src Property 10824 frame 16565
        10853 'error in (no error)' snk Property 10824 frame 16565
        10856 'error out' src Property 10824 frame 16565
        16374 'reference' snk Property 16367 frame 16565
        16377 'reference out' src Property 16367 frame 16565
        16380 'error in (no error)' snk Property 16367 frame 16565
        16383 'error out' src Property 16367 frame 16565
        17787 'reference' snk Property 17780 frame 639
        17790 'reference out' src Property 17780 frame 639
        17793 'error in (no error)' snk Property 17780 frame 639
        17796 'error out' src Property 17780 frame 639
        24116 'reference' snk Property 8718 frame 18724
        24119 'reference out' src Property 8718 frame 18724
        24122 'error in (no error)' snk Property 8718 frame 18724
        24125 'error out' src Property 8718 frame 18724
        18738 '' src Tunnel 18736 frame 18724
        19207 'reference' snk Property 19200 frame 18730
        19210 'reference out' src Property 19200 frame 18730
        19213 'error in (no error)' snk Property 19200 frame 18730
        19216 'error out' src Property 19200 frame 18730
        18739 '' src Tunnel 18736 frame 18730
        22264 'reference' snk Property 22261 frame 639
        22267 'reference out' src Property 22261 frame 639
        22270 'error in (no error)' snk Property 22261 frame 639
        22273 'error out' src Property 22261 frame 639
        22089 'error out' src SelectorTunnel 22090 frame 639
        22087 '' src Tunnel 22085 frame 22116
        28080 'reference' snk Property 28073 frame 22128
        28084 'reference out' src Property 28073 frame 22128
        28087 'error in (no error)' snk Property 28073 frame 22128
        28097 'error out' src Property 28073 frame 22128
        11146 'reference' snk Property 11139 frame 22128
        11149 'reference out' src Property 11139 frame 22128
        11152 'error in (no error)' snk Property 11139 frame 22128
        11155 'error out' src Property 11139 frame 22128
        22216 'reference' snk Property 22213 frame 22128
        22219 'reference out' src Property 22213 frame 22128
        22222 'error in (no error)' snk Property 22213 frame 22128
        22225 'error out' src Property 22213 frame 22128
        22171 'reference' snk Property 22168 frame 22128
        22174 'reference out' src Property 22168 frame 22128
        22177 'error in (no error)' snk Property 22168 frame 22128
        22180 'error out' src Property 22168 frame 22128
        22088 '' src Tunnel 22085 frame 22128
        22108 'System no.' src SelectorTunnel 22105 frame 22128
        20479 '' src Tunnel 20477 frame 20518
        20499 'Value' src SelectorTunnel 20497 frame 20518
        18607 'millisecond timer value' src SelectorTunnel 18605 frame 20518
        28418 'Value' src SelectorTunnel 28416 frame 20518
        25035 '' src SelectorTunnel 25032 frame 20518
        9248 'Value' src SelectorTunnel 9008 frame 20518
        21939 'reference' snk Property 21936 frame 20530
        21942 'reference out' src Property 21936 frame 20530
        21945 'error in (no error)' snk Property 21936 frame 20530
        21948 'error out' src Property 21936 frame 20530
        21635 '' src Tunnel 21633 frame 21649
        28011 'Numeric' src SelectorTunnel 28005 frame 21649
        21731 '' src Tunnel 21729 frame 21745
        21796 'reference' snk Property 21793 frame 21754
        21799 'reference out' src Property 21793 frame 21754
        21802 'error in (no error)' snk Property 21793 frame 21754
        21805 'error out' src Property 21793 frame 21754
        21773 'reference' snk Property 21770 frame 21754
        21776 'reference out' src Property 21770 frame 21754
        21779 'error in (no error)' snk Property 21770 frame 21754
        21782 'error out' src Property 21770 frame 21754
        21732 '' src Tunnel 21729 frame 21754
        21679 'reference' snk Property 21676 frame 21658
        21682 'reference out' src Property 21676 frame 21658
        21685 'error in (no error)' snk Property 21676 frame 21658
        21688 'error out' src Property 21676 frame 21658
        21636 '' src Tunnel 21633 frame 21658
        21605 '' src Tunnel 21603 frame 21624
        21895 'reference' snk Property 21892 frame 21871
        21898 'reference out' src Property 21892 frame 21871
        21901 'error in (no error)' snk Property 21892 frame 21871
        21904 'error out' src Property 21892 frame 21871
        21606 '' src Tunnel 21603 frame 21871
        21621 'Value' src SelectorTunnel 21618 frame 21871
        28119 'Numeric' src SelectorTunnel 28067 frame 21871
        24724 'reference' snk Property 2320 frame 20530
        29535 'reference out' src Property 2320 frame 20530
        29538 'error in (no error)' snk Property 2320 frame 20530
        29564 'error out' src Property 2320 frame 20530
        29567 'Value' src Property 2320 frame 20530
        21989 'reference' snk Property 21986 frame 20530
        21992 'reference out' src Property 21986 frame 20530
        21995 'error in (no error)' snk Property 21986 frame 20530
        21998 'error out' src Property 21986 frame 20530
        20553 '' src Tunnel 20551 frame 20602
        28817 '' src SelectorTunnel 27843 frame 20602
        7880 '' snk SubVI 1779 frame 20774
        9953 'No.of digits' snk SubVI 1779 frame 20774
        10015 '' snk SubVI 1779 frame 20774
        10042 '' snk SubVI 1779 frame 20774
        10052 '' snk SubVI 1779 frame 20774
        10085 '' snk SubVI 1779 frame 20774
        10129 '' snk SubVI 1779 frame 20774
        10704 '' snk SubVI 1779 frame 20774
        10711 '' snk SubVI 1779 frame 20774
        11392 '' snk SubVI 1779 frame 20774
        11398 '' snk SubVI 1779 frame 20774
        11404 '' snk SubVI 1779 frame 20774
        11468 '' snk SubVI 1779 frame 20774
        11475 '' snk SubVI 1779 frame 20774
        12117 '' snk SubVI 1779 frame 20774
        21052 '' snk SubVI 21046 frame 20774
        21061 'No.of digits' snk SubVI 21046 frame 20774
        21067 'Without axis ID?' snk SubVI 21046 frame 20774
        21070 '' snk SubVI 21046 frame 20774
        21073 '' snk SubVI 21046 frame 20774
        21076 '' snk SubVI 21046 frame 20774
        21079 '' snk SubVI 21046 frame 20774
        21082 '' snk SubVI 21046 frame 20774
        21085 '' snk SubVI 21046 frame 20774
        21088 '' snk SubVI 21046 frame 20774
        21091 'Controller error' src SubVI 21046 frame 20774
        21094 '' snk SubVI 21046 frame 20774
        21097 '' snk SubVI 21046 frame 20774
        21100 '' snk SubVI 21046 frame 20774
        21103 '' snk SubVI 21046 frame 20774
        21026 'reference' snk Property 21023 frame 20774
        21029 'reference out' src Property 21023 frame 20774
        21032 'error in (no error)' snk Property 21023 frame 20774
        21035 'error out' src Property 21023 frame 20774
        20862 'reference' snk Property 20859 frame 20774
        20865 'reference out' src Property 20859 frame 20774
        20868 'error in (no error)' snk Property 20859 frame 20774
        20871 'error out' src Property 20859 frame 20774
        20554 '' src Tunnel 20551 frame 20774
        28824 '' src SelectorTunnel 27843 frame 20774
        20480 '' src Tunnel 20477 frame 20530
        6380 'reference' snk Property 1469 frame 639
        8513 'reference out' src Property 1469 frame 639
        9438 'error in (no error)' snk Property 1469 frame 639
        9448 'error out' src Property 1469 frame 639
        9886 'reference' snk Property 9879 frame 639
        9890 'reference out' src Property 9879 frame 639
        9893 'error in (no error)' snk Property 9879 frame 639
        9900 'error out' src Property 9879 frame 639
        11617 'cluster' snk Bundler 11608 frame 639
        8113 '' snk SubVI 1114 frame 639
        8125 '' snk SubVI 1114 frame 639
        8140 '' snk SubVI 1114 frame 639
        10074 'floor(x/y)' src Function 10068 frame 639
        3305 '' src Tunnel 3302 frame 3227
        3047 '' src SelectorTunnel 3045 frame 3227
        3080 'current image number' src SelectorTunnel 3078 frame 3227
        3342 'LastBufferNumber' src SelectorTunnel 3340 frame 3227
        3306 '' src Tunnel 3302 frame 3292
        3198 'floor(x/y)' src Function 2136 frame 639
        274 '' src Tunnel 270 frame 206
        1461 'LastBufferNumber' src SelectorTunnel 1445 frame 206
        275 '' src Tunnel 270 frame 253
        2188 'current image number' src SelectorTunnel 2179 frame 253
        6825 '' snk SubVI 6810 frame 639
        6829 '' snk SubVI 6810 frame 639
        6835 '' snk SubVI 6810 frame 639
        6894 '' snk SubVI 6810 frame 639
        6907 '' snk SubVI 6810 frame 639
        6916 '' snk SubVI 6810 frame 639
        6920 '' snk SubVI 6810 frame 639
        4837 'Image' snk Diagram 639 frame 639
        6775 'Numeric' src FlatSequenceInnerTunnel 6555 frame 686
        7215 'Current pos rot?' src FlatSequenceInnerTunnel 7212 frame 686
        7512 'final trans pos' src DigitalNumericConstant 7476 frame 686
        29838 'error out' src SubVI 29815 frame 759
        29856 '' snk SubVI 29815 frame 759
        29893 '' snk SubVI 29815 frame 759
        29909 '' snk SubVI 29815 frame 759
        29927 '' snk SubVI 29815 frame 759
        29934 '' snk SubVI 29815 frame 759
        29938 '' snk SubVI 29815 frame 759
        29942 '' snk SubVI 29815 frame 759
        29945 'error in (no error)' snk SubVI 29815 frame 759
        29951 '' snk SubVI 29815 frame 759
        29966 '' snk SubVI 29815 frame 759
        3607 'error?' src SubVI 3587 frame 759
        3612 'code out' src SubVI 3587 frame 759
        3621 '' snk SubVI 3587 frame 759
        3624 'error code (no error:0)' snk SubVI 3587 frame 759
        3627 'error source (" ")' snk SubVI 3587 frame 759
        3632 'source out' src SubVI 3587 frame 759
        3635 'error out' src SubVI 3587 frame 759
        3639 'message' src SubVI 3587 frame 759
        3643 'type of dialog (OK msg:1)' snk SubVI 3587 frame 759
        12291 'reference' snk Property 12284 frame 1493
        12294 'reference out' src Property 12284 frame 1493
        12297 'error in (no error)' snk Property 12284 frame 1493
        12300 'error out' src Property 12284 frame 1493
        1199 '' src Tunnel 1185 frame 1493
        1274 '' src Tunnel 1185 frame 1610
        2433 '' snk SubVI 2431 frame 759
        2435 'All Images? (No)' snk SubVI 2431 frame 759
        2439 'error out' src SubVI 2431 frame 759
        2442 '' snk SubVI 2431 frame 759
        2445 '' snk SubVI 2431 frame 759
        2448 'error in (no error)' snk SubVI 2431 frame 759
        2084 '' snk SubVI 2078 frame 759
        2089 '' snk SubVI 2078 frame 759
        2092 '' snk SubVI 2078 frame 759
        2095 '' snk SubVI 2078 frame 759
        2099 '' snk SubVI 2078 frame 759
        2102 '' snk SubVI 2078 frame 759
        2105 '' snk SubVI 2078 frame 759
        2113 '' snk SubVI 2078 frame 759
        2117 '' snk SubVI 2078 frame 759
        1848 '' snk SubVI 1839 frame 759
        1911 '' snk SubVI 1839 frame 759
        1971 '' snk SubVI 1839 frame 759
        1975 '' snk SubVI 1839 frame 759
        1996 '' snk SubVI 1839 frame 759
        2049 '' snk SubVI 1839 frame 759
        2059 '' snk SubVI 1839 frame 759
        2065 '' snk SubVI 1839 frame 759
        559 'error?' src SubVI 560 frame 759
        563 'code out' src SubVI 560 frame 759
        564 '' snk SubVI 560 frame 759
        608 'error code (no error:0)' snk SubVI 560 frame 759
        605 'error source (" ")' snk SubVI 560 frame 759
        609 'source out' src SubVI 560 frame 759
        611 'error out' src SubVI 560 frame 759
        615 'message' src SubVI 560 frame 759
        617 'type of dialog (OK msg:1)' snk SubVI 560 frame 759
        32198 'reference' snk Property 32191 frame 12960
        32201 'reference out' src Property 32191 frame 12960
        32204 'error in (no error)' snk Property 32191 frame 12960
        32207 'error out' src Property 32191 frame 12960
        13081 'reference' snk Property 13078 frame 12960
        13084 'reference out' src Property 13078 frame 12960
        13087 'error in (no error)' snk Property 13078 frame 12960
        13090 'error out' src Property 13078 frame 12960
        23142 '' snk Tunnel 23148 frame 13236
        23289 'New Image' src SubVI 23099 frame 23169
        23307 'Border Size' snk SubVI 23099 frame 23169
        23408 'error out' src SubVI 23099 frame 23169
        23438 '' snk SubVI 23099 frame 23169
        23468 'error in (no error)' snk SubVI 23099 frame 23169
        23249 '' src Diagram 23169 frame 23169
        23249 '' src Diagram 23169 frame 23169
        23154 '' src Tunnel 23148 frame 23169
        9783 'error in (no error)' snk Property 9775 frame 13236
        9786 'error out' src Property 9775 frame 13236
        28356 'reference' snk Property 28344 frame 13236
        28368 'reference out' src Property 28344 frame 13236
        28375 'error in (no error)' snk Property 28344 frame 13236
        28382 'error out' src Property 28344 frame 13236
        33158 'error out' src SubVI 33151 frame 13236
        33161 '' snk SubVI 33151 frame 13236
        33164 '' snk SubVI 33151 frame 13236
        33183 '' snk SubVI 33151 frame 13236
        33186 '' snk SubVI 33151 frame 13236
        33189 '' snk SubVI 33151 frame 13236
        33192 'Camera Control Mode' snk SubVI 33151 frame 13236
        33195 'error in' snk SubVI 33151 frame 13236
        33198 '' snk SubVI 33151 frame 13236
        33201 '' snk SubVI 33151 frame 13236
        41739 'In Range?' src InRangeAndCoerce 41725 frame 18402
        30715 'error out' src SubVI 30697 frame 18402
        30718 '' snk SubVI 30697 frame 18402
        30722 '' snk SubVI 30697 frame 18402
        30729 '' snk SubVI 30697 frame 18402
        30734 '' snk SubVI 30697 frame 18402
        30737 '' snk SubVI 30697 frame 18402
        30741 'error in (no error)' snk SubVI 30697 frame 18402
        30836 'error out' src SubVI 30828 frame 18402
        30840 '' snk SubVI 30828 frame 18402
        37020 '' snk SubVI 30828 frame 18402
        37026 '' snk SubVI 30828 frame 18402
        37029 'Baud Rate (115200)' snk SubVI 30828 frame 18402
        37032 '' snk SubVI 30828 frame 18402
        37035 'timeout (500ms)' snk SubVI 30828 frame 18402
        37038 'error in (no error)' snk SubVI 30828 frame 18402
        37041 '' snk SubVI 30828 frame 18402
        37044 '' snk SubVI 30828 frame 18402
        32549 'millisecond timer value' src Function 32538 frame 32410
        30495 'error out' src SubVI 1675 frame 33688
        30520 '' snk SubVI 1675 frame 33688
        30542 '' snk SubVI 1675 frame 33688
        30547 '' snk SubVI 1675 frame 33688
        30551 '' snk SubVI 1675 frame 33688
        30555 '' snk SubVI 1675 frame 33688
        30567 'error in (no error)' snk SubVI 1675 frame 33688
        30577 '' snk SubVI 1675 frame 33688
        27935 'reference' snk Property 27926 frame 13236
        27938 'reference out' src Property 27926 frame 13236
        27942 'error in (no error)' snk Property 27926 frame 13236
        27945 'error out' src Property 27926 frame 13236
        31279 '' snk SubVI 31263 frame 14037
        31285 'All axes?' snk SubVI 31263 frame 14037
        31288 'Axis identifier?' snk SubVI 31263 frame 14037
        31294 '' snk SubVI 31263 frame 14037
        31297 '' snk SubVI 31263 frame 14037
        31300 '' snk SubVI 31263 frame 14037
        31303 '' snk SubVI 31263 frame 14037
        31306 '' snk SubVI 31263 frame 14037
        31309 '' snk SubVI 31263 frame 14037
        31312 '' snk SubVI 31263 frame 14037
        31315 '' snk SubVI 31263 frame 14037
        31318 'Minimum travel limit' src SubVI 31263 frame 14037
        31321 '' snk SubVI 31263 frame 14037
        31324 '' snk SubVI 31263 frame 14037
        31327 '' snk SubVI 31263 frame 14037
        31330 '' snk SubVI 31263 frame 14037
        31100 '' snk SubVI 31090 frame 14037
        31106 'All axes?' snk SubVI 31090 frame 14037
        31109 'Axis identifier?' snk SubVI 31090 frame 14037
        31116 '' snk SubVI 31090 frame 14037
        31119 '' snk SubVI 31090 frame 14037
        31122 '' snk SubVI 31090 frame 14037
        31126 '' snk SubVI 31090 frame 14037
        31131 '' snk SubVI 31090 frame 14037
        31135 '' snk SubVI 31090 frame 14037
        31138 '' snk SubVI 31090 frame 14037
        31141 '' snk SubVI 31090 frame 14037
        31147 '' snk SubVI 31090 frame 14037
        31150 '' snk SubVI 31090 frame 14037
        31153 '' snk SubVI 31090 frame 14037
        31156 '' snk SubVI 31090 frame 14037
        14337 '' snk SubVI 14331 frame 14037
        14346 'Axis identifier?' snk SubVI 14331 frame 14037
        14352 '' snk SubVI 14331 frame 14037
        14355 '' snk SubVI 14331 frame 14037
        14358 '' snk SubVI 14331 frame 14037
        14361 '' snk SubVI 14331 frame 14037
        14364 '' snk SubVI 14331 frame 14037
        14367 '' snk SubVI 14331 frame 14037
        14370 '' snk SubVI 14331 frame 14037
        14373 '' snk SubVI 14331 frame 14037
        14376 '' snk SubVI 14331 frame 14037
        14379 '' snk SubVI 14331 frame 14037
        14382 '' snk SubVI 14331 frame 14037
        14385 '' snk SubVI 14331 frame 14037
        14388 '' snk SubVI 14331 frame 14037
        14274 'RON settings' snk SubVI 14268 frame 14037
        14277 'Interface' snk SubVI 14268 frame 14037
        14286 'error in' snk SubVI 14268 frame 14037
        14292 'Timeout' snk SubVI 14268 frame 14037
        14295 'DaisyChain settings' snk SubVI 14268 frame 14037
        14298 'USB settings' snk SubVI 14268 frame 14037
        14301 'Reference Move' snk SubVI 14268 frame 14037
        14307 'Stop refnum' snk SubVI 14268 frame 14037
        14310 'Device ID out' src SubVI 14268 frame 14037
        14313 'Identification' src SubVI 14268 frame 14037
        14316 'SN out' src SubVI 14268 frame 14037
        14319 'Conn. \nAxes' src SubVI 14268 frame 14037
        14322 'Position' src SubVI 14268 frame 14037
        14325 '+/- movement\nrange' src SubVI 14268 frame 14037
        14202 '' snk SubVI 14196 frame 14037
        14211 'No.of digits' snk SubVI 14196 frame 14037
        14217 'Without axis ID?' snk SubVI 14196 frame 14037
        14220 '' snk SubVI 14196 frame 14037
        14223 '' snk SubVI 14196 frame 14037
        14226 '' snk SubVI 14196 frame 14037
        14229 '' snk SubVI 14196 frame 14037
        14232 '' snk SubVI 14196 frame 14037
        14235 '' snk SubVI 14196 frame 14037
        14238 '' snk SubVI 14196 frame 14037
        14241 'Controller error' src SubVI 14196 frame 14037
        14244 '' snk SubVI 14196 frame 14037
        14247 '' snk SubVI 14196 frame 14037
        14250 '' snk SubVI 14196 frame 14037
        14253 '' snk SubVI 14196 frame 14037
        14017 'Use dialog to define\nconnected stages?' src FlatSequenceInnerTunnel 14015 frame 14435
        14025 'All axes?' src FlatSequenceInnerTunnel 14023 frame 14435
        14033 'Axes to move' src FlatSequenceInnerTunnel 14031 frame 14435
        13968 '' snk SubVI 13962 frame 13236
        13971 '' snk SubVI 13962 frame 13236
        13977 '' snk SubVI 13962 frame 13236
        13980 '' snk SubVI 13962 frame 13236
        13983 '' snk SubVI 13962 frame 13236
        13986 '' snk SubVI 13962 frame 13236
        13992 '' snk SubVI 13962 frame 13236
        13995 'Number of Buffers' snk SubVI 13962 frame 13236
        13370 'reference' snk Property 13366 frame 13236
        13373 'reference out' src Property 13366 frame 13236
        13376 'error in (no error)' snk Property 13366 frame 13236
        13379 'error out' src Property 13366 frame 13236
        13559 'error out' src FlattenString 13557 frame 13531
        13562 'type string' src FlattenString 13557 frame 13531
        13568 'error in (no error)' snk FlattenString 13557 frame 13531
        13571 'byte order (0:big-endian, network order)' snk FlattenString 13557 frame 13531
        13574 'prepend array or string size? (T)' snk FlattenString 13557 frame 13531
        13512 '' src Tunnel 13510 frame 13531
        13517 '' src SelectorTunnel 13515 frame 13531
        13522 '' src SelectorTunnel 13520 frame 13531
        13661 'error out' src FlattenString 13659 frame 13589
        13664 'type string' src FlattenString 13659 frame 13589
        13670 'error in (no error)' snk FlattenString 13659 frame 13589
        13673 'byte order (0:big-endian, network order)' snk FlattenString 13659 frame 13589
        13676 'prepend array or string size? (T)' snk FlattenString 13659 frame 13589
        13651 'cluster' snk Bundler 13646 frame 13589
        13685 '' snk Tunnel 13686 frame 13589
        13814 'error out' src FlattenString 13812 frame 13706
        13817 'type string' src FlattenString 13812 frame 13706
        13823 'error in (no error)' snk FlattenString 13812 frame 13706
        13829 'byte order (0:big-endian, network order)' snk FlattenString 13812 frame 13706
        13832 'prepend array or string size? (T)' snk FlattenString 13812 frame 13706
        13798 'cluster' snk Bundler 13793 frame 13706
        13776 'hi(x)' src Function 13771 frame 13706
        13712 '' src Diagram 13706 frame 13706
        13712 '' src Diagram 13706 frame 13706
        13688 '' src Tunnel 13686 frame 13706
        13513 '' src Tunnel 13510 frame 13589
        13395 '' src Tunnel 13393 frame 13404
        13944 'Border Size' snk SubVI 13938 frame 13236
        13953 '' snk SubVI 13938 frame 13236
        13959 'error in (no error)' snk SubVI 13938 frame 13236
        11620 'Rot \nSpeed' src Diagram 13236 frame 13236
        24241 'y' src DigitalNumericConstant 24244 frame 13236
        22709 'y' src DigitalNumericConstant 22712 frame 13236
        30523 'cluster' snk Bundler 30512 frame 14840
        30475 'reference' snk Property 30471 frame 14840
        30479 'reference out' src Property 30471 frame 14840
        30484 'error in (no error)' snk Property 30471 frame 14840
        30492 'error out' src Property 30471 frame 14840
        30448 'reference' snk Property 30445 frame 14840
        30451 'reference out' src Property 30445 frame 14840
        30455 'error in (no error)' snk Property 30445 frame 14840
        30460 'error out' src Property 30445 frame 14840
        30425 'reference' snk Property 30422 frame 14840
        30428 'reference out' src Property 30422 frame 14840
        30431 'error in (no error)' snk Property 30422 frame 14840
        30434 'error out' src Property 30422 frame 14840
        30139 'reference' snk Property 30118 frame 14840
        30148 'reference out' src Property 30118 frame 14840
        30151 'error in (no error)' snk Property 30118 frame 14840
        30155 'error out' src Property 30118 frame 14840
        14861 'error out' src PolymorphicSubVI 14858 frame 14840
        14864 '' snk PolymorphicSubVI 14858 frame 14840
        14867 '' snk PolymorphicSubVI 14858 frame 14840
        14870 'previous cursor ID' src PolymorphicSubVI 14858 frame 14840
        14873 '' snk PolymorphicSubVI 14858 frame 14840
        14876 '' snk PolymorphicSubVI 14858 frame 14840
        14879 '' snk PolymorphicSubVI 14858 frame 14840
        14882 '' snk PolymorphicSubVI 14858 frame 14840
        14885 'error in (no error)' snk PolymorphicSubVI 14858 frame 14840
        14888 '' snk PolymorphicSubVI 14858 frame 14840
        14891 'VI reference (current VI)' snk PolymorphicSubVI 14858 frame 14840
        1592 'reference' snk Property 1565 frame 15266
        1596 'reference out' src Property 1565 frame 15266
        1601 'error in (no error)' snk Property 1565 frame 15266
        1606 'error out' src Property 1565 frame 15266
        19335 'floor(x/y)' src Function 19333 frame 15266
        4422 'reference' snk Property 4276 frame 16964
        6757 'reference out' src Property 4276 frame 16964
        6766 'error in (no error)' snk Property 4276 frame 16964
        6778 'error out' src Property 4276 frame 16964
        18981 '' src Tunnel 18978 frame 19002
        19679 'VISA resource name out' src SelectorTunnel 19391 frame 19002
        1576 'Pos_degree' src SubVI 1566 frame 19033
        1579 'VISA resource name Out' src SubVI 1566 frame 19033
        19246 'reference' snk Property 19243 frame 19227
        19249 'reference out' src Property 19243 frame 19227
        19252 'error in (no error)' snk Property 19243 frame 19227
        19255 'error out' src Property 19243 frame 19227
        18982 '' src Tunnel 18978 frame 19011
        18671 '' src Tunnel 18669 frame 18686
        35892 'VISA resource name out' src SelectorTunnel 35890 frame 18686
        35658 'Pos_degree' src SubVI 35648 frame 18718
        35661 'VISA resource name Out' src SubVI 35648 frame 18718
        18937 'reference' snk Property 18934 frame 18914
        18940 'reference out' src Property 18934 frame 18914
        18943 'error in (no error)' snk Property 18934 frame 18914
        18946 'error out' src Property 18934 frame 18914
        18672 '' src Tunnel 18669 frame 18695
        18272 '' src Tunnel 18270 frame 18286
        31452 'VISA resource name out' src SelectorTunnel 31446 frame 18286
        33892 'Pos_degree' src SubVI 33882 frame 18317
        33895 'VISA resource name Out' src SubVI 33882 frame 18317
        33124 'Pos_degree' src SubVI 33114 frame 18317
        30940 'reference' snk Property 30933 frame 18317
        30943 'reference out' src Property 30933 frame 18317
        30946 'error in (no error)' snk Property 30933 frame 18317
        30949 'error out' src Property 30933 frame 18317
        18625 'reference' snk Property 18622 frame 18565
        18628 'reference out' src Property 18622 frame 18565
        18631 'error in (no error)' snk Property 18622 frame 18565
        18634 'error out' src Property 18622 frame 18565
        18597 'reference' snk Property 18593 frame 18565
        18600 'reference out' src Property 18593 frame 18565
        18603 'error in (no error)' snk Property 18593 frame 18565
        18608 'error out' src Property 18593 frame 18565
        18273 '' src Tunnel 18270 frame 18295
        18041 '' src Tunnel 18039 frame 18055
        35225 'VISA resource name out' src SelectorTunnel 35223 frame 18055
        34897 'error out' src SubVI 34890 frame 28412
        34903 'VISA resource name Out' src SubVI 34890 frame 28412
        34906 'error in (no error)' snk SubVI 34890 frame 28412
        34909 'Numeric' snk SubVI 34890 frame 28412
        42906 'reference' snk Property 42899 frame 28823
        42909 'reference out' src Property 42899 frame 28823
        42912 'error in (no error)' snk Property 42899 frame 28823
        42915 'error out' src Property 42899 frame 28823
        18142 '' snk SubVI 18136 frame 18096
        18145 'Axes to query' snk SubVI 18136 frame 18096
        18151 'Axis identifier?' snk SubVI 18136 frame 18096
        18157 '' snk SubVI 18136 frame 18096
        18160 '' snk SubVI 18136 frame 18096
        18163 '' snk SubVI 18136 frame 18096
        18166 '' snk SubVI 18136 frame 18096
        18169 '' snk SubVI 18136 frame 18096
        18172 '' snk SubVI 18136 frame 18096
        18175 '' snk SubVI 18136 frame 18096
        18178 '' snk SubVI 18136 frame 18096
        18184 '' snk SubVI 18136 frame 18096
        18187 '' snk SubVI 18136 frame 18096
        18190 '' snk SubVI 18136 frame 18096
        18193 '' snk SubVI 18136 frame 18096
        18042 '' src Tunnel 18039 frame 18065
        17727 '' src Tunnel 17725 frame 17741
        28756 '' src SelectorTunnel 14052 frame 17741
        28858 '' snk SubVI 16184 frame 17772
        28876 'No.of digits' snk SubVI 16184 frame 17772
        28888 '' snk SubVI 16184 frame 17772
        28891 '' snk SubVI 16184 frame 17772
        28895 '' snk SubVI 16184 frame 17772
        28903 '' snk SubVI 16184 frame 17772
        28906 '' snk SubVI 16184 frame 17772
        28910 '' snk SubVI 16184 frame 17772
        28919 '' snk SubVI 16184 frame 17772
        28922 '' snk SubVI 16184 frame 17772
        28927 '' snk SubVI 16184 frame 17772
        28931 '' snk SubVI 16184 frame 17772
        28934 '' snk SubVI 16184 frame 17772
        28937 '' snk SubVI 16184 frame 17772
        28941 '' snk SubVI 16184 frame 17772
        28774 '' src FlatSequenceOuterTunnel 28772 frame 17772
        17998 'reference' snk Property 17995 frame 17977
        18001 'reference out' src Property 17995 frame 17977
        18004 'error in (no error)' snk Property 17995 frame 17977
        18007 'error out' src Property 17995 frame 17977
        17728 '' src Tunnel 17725 frame 17750
        17416 '' src Tunnel 17414 frame 17430
        26015 'Value' src SelectorTunnel 26011 frame 17430
        31882 '' snk SubVI 31870 frame 17471
        31898 'No.of digits' snk SubVI 31870 frame 17471
        31915 '' snk SubVI 31870 frame 17471
        31921 '' snk SubVI 31870 frame 17471
        31926 '' snk SubVI 31870 frame 17471
        31930 '' snk SubVI 31870 frame 17471
        31947 '' snk SubVI 31870 frame 17471
        31950 '' snk SubVI 31870 frame 17471
        31953 '' snk SubVI 31870 frame 17471
        31966 '' snk SubVI 31870 frame 17471
        31969 '' snk SubVI 31870 frame 17471
        31973 '' snk SubVI 31870 frame 17471
        31977 '' snk SubVI 31870 frame 17471
        31981 '' snk SubVI 31870 frame 17471
        31984 '' snk SubVI 31870 frame 17471
        17683 'reference' snk Property 17680 frame 17664
        17686 'reference out' src Property 17680 frame 17664
        17690 'error in (no error)' snk Property 17680 frame 17664
        17693 'error out' src Property 17680 frame 17664
        17417 '' src Tunnel 17414 frame 17439
        16975 '' src Tunnel 16973 frame 16989
        30798 '' snk SubVI 30780 frame 17020
        30824 'No.of digits' snk SubVI 30780 frame 17020
        30831 '' snk SubVI 30780 frame 17020
        30838 '' snk SubVI 30780 frame 17020
        30843 '' snk SubVI 30780 frame 17020
        30851 '' snk SubVI 30780 frame 17020
        30856 '' snk SubVI 30780 frame 17020
        30860 '' snk SubVI 30780 frame 17020
        30863 '' snk SubVI 30780 frame 17020
        30866 '' snk SubVI 30780 frame 17020
        30869 '' snk SubVI 30780 frame 17020
        30872 '' snk SubVI 30780 frame 17020
        30875 '' snk SubVI 30780 frame 17020
        30878 '' snk SubVI 30780 frame 17020
        30881 '' snk SubVI 30780 frame 17020
        28942 'reference' snk Property 7462 frame 17020
        28945 'reference out' src Property 7462 frame 17020
        28948 'error in (no error)' snk Property 7462 frame 17020
        28951 'error out' src Property 7462 frame 17020
        17170 '' snk SubVI 17164 frame 17020
        17179 'No.of digits' snk SubVI 17164 frame 17020
        17185 'Without axis ID?' snk SubVI 17164 frame 17020
        17188 '' snk SubVI 17164 frame 17020
        17191 '' snk SubVI 17164 frame 17020
        17194 '' snk SubVI 17164 frame 17020
        17197 '' snk SubVI 17164 frame 17020
        17200 '' snk SubVI 17164 frame 17020
        17203 '' snk SubVI 17164 frame 17020
        17206 '' snk SubVI 17164 frame 17020
        17209 'Controller error' src SubVI 17164 frame 17020
        17212 '' snk SubVI 17164 frame 17020
        17215 '' snk SubVI 17164 frame 17020
        17218 '' snk SubVI 17164 frame 17020
        17221 '' snk SubVI 17164 frame 17020
        17333 'reference' snk Property 17330 frame 17299
        17336 'reference out' src Property 17330 frame 17299
        17339 'error in (no error)' snk Property 17330 frame 17299
        17342 'error out' src Property 17330 frame 17299
        17367 'reference' snk Property 17358 frame 17299
        17371 'reference out' src Property 17358 frame 17299
        17374 'error in (no error)' snk Property 17358 frame 17299
        17377 'error out' src Property 17358 frame 17299
        16976 '' src Tunnel 16973 frame 16998
        15409 'Buffer Number Out' src SubVI 15403 frame 15266
        15418 '' snk SubVI 15403 frame 15266
        15421 '' snk SubVI 15403 frame 15266
        15424 '' snk SubVI 15403 frame 15266
        15427 '' snk SubVI 15403 frame 15266
        15433 'Wait for Next Buffer? (Yes)' snk SubVI 15403 frame 15266
        15942 'Outgoing Handle' src SubVI 15921 frame 15266
        15973 '' src Tunnel 15971 frame 16002
        15978 'X' src SelectorTunnel 15976 frame 16002
        15983 'Y' src SelectorTunnel 15981 frame 16002
        15998 '' src SelectorTunnel 15996 frame 16002
        16082 '' snk SubVI 16073 frame 16013
        16095 '' snk SubVI 16073 frame 16013
        16104 'color(black)' snk SubVI 16073 frame 16013
        15974 '' src Tunnel 15971 frame 16013
        15335 'reference' snk Property 15332 frame 15266
        15338 'reference out' src Property 15332 frame 15266
        15341 'error in (no error)' snk Property 15332 frame 15266
        15344 'error out' src Property 15332 frame 15266
        16317 '' snk Tunnel 16321 frame 16303
        16398 '' src Tunnel 16394 frame 16411
        16400 '' src Tunnel 16394 frame 16463
        16364 '' src Diagram 16355 frame 16355
        16364 '' src Diagram 16355 frame 16355
        16325 '' src Tunnel 16321 frame 16355
        16564 '' snk Tunnel 16568 frame 16303
        16830 'text orientation ' snk SubVI 16827 frame 16621
        16833 '' snk SubVI 16827 frame 16621
        16836 'text rect' src SubVI 16827 frame 16621
        16842 'BG color(transparent)' snk SubVI 16827 frame 16621
        16845 '[user-specified font]' snk SubVI 16827 frame 16621
        16851 'desired font(Application)' snk SubVI 16827 frame 16621
        16857 'alignment(left, top)' snk SubVI 16827 frame 16621
        16791 '' snk SubVI 16788 frame 16621
        16794 '' snk SubVI 16788 frame 16621
        16797 '' snk SubVI 16788 frame 16621
        16803 'pen' snk SubVI 16788 frame 16621
        16806 'arc size(360)' snk SubVI 16788 frame 16621
        16812 'start angle(0)' snk SubVI 16788 frame 16621
        16575 '' src Tunnel 16568 frame 16621
        16253 '' src Tunnel 16247 frame 16303
        16256 '' src Tunnel 16247 frame 16930
        16289 'Array of bead\nx/y pos' src SelectorTunnel 16285 frame 16930
        16297 'exp/ref array' src SelectorTunnel 16292 frame 16930
        15445 'error in (no error)' snk SubVI 15442 frame 15266
        15448 'Optional Rectangle' snk SubVI 15442 frame 15266
        15451 '' snk SubVI 15442 frame 15266
        15454 'Image Pixels (U16)' src SubVI 15442 frame 15266
        15457 'Image Pixels (Float)' src SubVI 15442 frame 15266
        15460 'error out' src SubVI 15442 frame 15266
        15469 'Image Pixels (I16)' src SubVI 15442 frame 15266
        15475 '' snk SubVI 15472 frame 15266
        15478 '' snk SubVI 15472 frame 15266
        15484 '' snk SubVI 15472 frame 15266
        15487 'mask' snk SubVI 15472 frame 15266
        15490 '' snk SubVI 15472 frame 15266
        15496 'top left' snk SubVI 15472 frame 15266
        15499 '1-bit pixmap  ' snk SubVI 15472 frame 15266
        15502 '4-bit pixmap' snk SubVI 15472 frame 15266
        15508 '24-bit pixmap' snk SubVI 15472 frame 15266
        15514 '' snk SubVI 15511 frame 15266
        15517 '' snk SubVI 15511 frame 15266
        15520 '' snk SubVI 15511 frame 15266
        15526 '' snk SubVI 15511 frame 15266
        15529 '' snk SubVI 15511 frame 15266
        15532 '' snk SubVI 15511 frame 15266
        15535 '' snk SubVI 15511 frame 15266
        15541 'picture' snk SubVI 15511 frame 15266
        15546 'Event Registration Refnum' snk Tunnel 15547 frame 15266
        15555 'Event Registration Refnum' src Tunnel 15551 frame 15266
        15601 'input cluster' snk NamedUnbundler 15599 frame 15593
        15604 'Type' src NamedUnbundler 15599 frame 15593
        15607 'Time' src NamedUnbundler 15599 frame 15593
        15549 'Event Registration Refnum' src Tunnel 15547 frame 15593
        15559 '' src Tunnel 15557 frame 15593
        15553 'Event Registration Refnum' snk Tunnel 15551 frame 15593
        15728 'Mouse Modifiers' src Unbundler 15720 frame 15683
        15700 'reference' snk Property 15697 frame 15683
        15703 'reference out' src Property 15697 frame 15683
        15706 'error in (no error)' snk Property 15697 frame 15683
        15709 'error out' src Property 15697 frame 15683
        15674 'exp/ref array' src Tunnel 15672 frame 15683
        15679 '' snk Tunnel 15677 frame 15683
        28749 '' src Tunnel 28747 frame 28735
        30695 'reference' snk Property 30688 frame 28741
        30698 'reference out' src Property 30688 frame 28741
        30701 'error in (no error)' snk Property 30688 frame 28741
        30704 'error out' src Property 30688 frame 28741
        28750 '' src Tunnel 28747 frame 28741
        15655 '' snk Tunnel 15652 frame 15795
        15660 '' src Tunnel 15657 frame 15795
        15665 '' snk Tunnel 15662 frame 15795
        15670 'Array of bead\nx/y pos' src Tunnel 15667 frame 15795
        15630 'input cluster' snk NamedUnbundler 15628 frame 15622
        15633 'Source' src NamedUnbundler 15628 frame 15622
        15636 'Type' src NamedUnbundler 15628 frame 15622
        15639 'Time' src NamedUnbundler 15628 frame 15622
        15642 'CtlRef' src NamedUnbundler 15628 frame 15622
        15645 'Coords' src NamedUnbundler 15628 frame 15622
        15550 'Event Registration Refnum' src Tunnel 15547 frame 15622
        15560 '' src Tunnel 15557 frame 15622
        15554 'Event Registration Refnum' snk Tunnel 15551 frame 15622
        19708 'error out' src PolymorphicSubVI 19705 frame 19687
        19711 '' snk PolymorphicSubVI 19705 frame 19687
        19714 '' snk PolymorphicSubVI 19705 frame 19687
        19718 'previous cursor ID' src PolymorphicSubVI 19705 frame 19687
        19721 '' snk PolymorphicSubVI 19705 frame 19687
        19732 '' snk PolymorphicSubVI 19705 frame 19687
        19737 '' snk PolymorphicSubVI 19705 frame 19687
        19740 '' snk PolymorphicSubVI 19705 frame 19687
        19744 'error in (no error)' snk PolymorphicSubVI 19705 frame 19687
        19755 '' snk PolymorphicSubVI 19705 frame 19687
        19768 'VI reference (current VI)' snk PolymorphicSubVI 19705 frame 19687
        13353 'error out' src SubVI 13341 frame 19887
        13362 '' snk SubVI 13341 frame 19887
        14454 '' snk SubVI 13341 frame 19887
        14457 '' snk SubVI 13341 frame 19887
        14463 '' snk SubVI 13341 frame 19887
        14467 '' snk SubVI 13341 frame 19887
        14470 'error in (no error)' snk SubVI 13341 frame 19887
        14476 '' snk SubVI 13341 frame 19887
        20057 'reference' snk Property 20054 frame 19887
        20060 'reference out' src Property 20054 frame 19887
        20063 'error in (no error)' snk Property 20054 frame 19887
        20066 'error out' src Property 20054 frame 19887
        19611 'error out' src FlatSequenceInnerTunnel 19609 frame 19887
        19627 'position [internal units]' src FlatSequenceInnerTunnel 19625 frame 19887
        20442 'Border Size' snk SubVI 20436 frame 20261
        20448 'error out' src SubVI 20436 frame 20261
        20451 '' snk SubVI 20436 frame 20261
        20457 'error in (no error)' snk SubVI 20436 frame 20261
        34155 'error out' src SubVI 34148 frame 21134
        34158 '' snk SubVI 34148 frame 21134
        34164 'VISA out' src SubVI 34148 frame 21134
        34167 '' snk SubVI 34148 frame 21134
        34170 '' snk SubVI 34148 frame 21134
        34173 '' snk SubVI 34148 frame 21134
        34177 '' snk SubVI 34148 frame 21134
        34181 'error in (no error)' snk SubVI 34148 frame 21134
        34184 '' snk SubVI 34148 frame 21134
        25527 'reference' snk Property 25524 frame 21134
        25530 'reference out' src Property 25524 frame 21134
        25533 'error in (no error)' snk Property 25524 frame 21134
        25536 'error out' src Property 25524 frame 21134
        21392 'error out' snk LeftShiftRegister 21385 frame 21134
        21551 'position [internal units]' src RightShiftRegister 21555 frame 21134
        34829 'error out' src SubVI 34822 frame 22160
        34832 '' snk SubVI 34822 frame 22160
        34835 '' snk SubVI 34822 frame 22160
        34838 'VISA out' src SubVI 34822 frame 22160
        34841 '' snk SubVI 34822 frame 22160
        34844 '' snk SubVI 34822 frame 22160
        34847 '' snk SubVI 34822 frame 22160
        34850 'error in (no error)' snk SubVI 34822 frame 22160
        22111 '' src Tunnel 22101 frame 22160
        22114 '' src Tunnel 22101 frame 22295
        22121 'z step between images' src SelectorTunnel 22117 frame 22295
        22129 'VISA out' src SelectorTunnel 22124 frame 22295
        21597 'error out' src Tunnel 21595 frame 22013
        21623 'Session Out' src Tunnel 21619 frame 22013
        21644 'data string' src Tunnel 21634 frame 22013
        21657 'Real-space cosine window' src Tunnel 21654 frame 22013
        21675 'Cosine bandpass for Hilbert' src Tunnel 21668 frame 22013
        22029 'Session Out' snk Diagram 22013 frame 22013
        22043 'error out' snk Diagram 22013 frame 22013
        22053 'LastBufferNumber' snk Diagram 22013 frame 22013
        21714 'Session Out' snk Tunnel 21709 frame 22013
        21740 'error out' snk Tunnel 21730 frame 22013
        22064 '' snk Diagram 22013 frame 22013
        21753 '' snk Tunnel 21750 frame 22013
        21769 '# to avg per image' src Tunnel 21764 frame 22013
        21790 '' src Tunnel 21787 frame 22013
        21810 'Array of bead\nx/y pos' src Tunnel 21804 frame 22013
        21821 '' src Tunnel 21818 frame 22013
        21839 'Array of bead\nx/y pos' snk Tunnel 21836 frame 22013
        21851 'Picture' src Tunnel 21848 frame 22013
        21864 '' src Tunnel 21860 frame 22013
        21876 '' src Tunnel 21873 frame 22013
        21897 'cross length' src Tunnel 21891 frame 22013
        21953 'New Image' src Tunnel 21947 frame 22013
        21968 'Value' snk Tunnel 21963 frame 22013
        22354 'reference' snk Property 22351 frame 22325
        22357 'reference out' src Property 22351 frame 22325
        22360 'error in (no error)' snk Property 22351 frame 22325
        22363 'error out' src Property 22351 frame 22325
        22345 'millisecond timer value' src Function 22343 frame 22325
        21599 'error out' src Tunnel 21595 frame 22325
        21625 'Session Out' src Tunnel 21619 frame 22325
        21647 'data string' src Tunnel 21634 frame 22325
        21659 'Real-space cosine window' src Tunnel 21654 frame 22325
        21678 'Cosine bandpass for Hilbert' src Tunnel 21668 frame 22325
        21697 '' src Tunnel 21693 frame 22325
        22037 'Session Out' snk Diagram 22325 frame 22325
        22047 'error out' snk Diagram 22325 frame 22325
        22058 'LastBufferNumber' snk Diagram 22325 frame 22325
        21716 'Session Out' snk Tunnel 21709 frame 22325
        21743 'error out' snk Tunnel 21730 frame 22325
        22068 '' snk Diagram 22325 frame 22325
        21755 '' snk Tunnel 21750 frame 22325
        21772 '# to avg per image' src Tunnel 21764 frame 22325
        21791 '' src Tunnel 21787 frame 22325
        21811 'Array of bead\nx/y pos' src Tunnel 21804 frame 22325
        21824 '' src Tunnel 21818 frame 22325
        21841 'Array of bead\nx/y pos' snk Tunnel 21836 frame 22325
        21853 'Picture' src Tunnel 21848 frame 22325
        21866 '' src Tunnel 21860 frame 22325
        21879 '' src Tunnel 21873 frame 22325
        21900 'cross length' src Tunnel 21891 frame 22325
        21916 'z step between images' src Tunnel 21912 frame 22325
        21932 'VISA out' src Tunnel 21923 frame 22325
        21954 'New Image' src Tunnel 21947 frame 22325
        21981 'position [internal units]' src Tunnel 21977 frame 22325
        22003 'position [internal units]' snk Tunnel 21994 frame 22325
        21648 'data string' src Tunnel 21634 frame 22382
        21660 'Real-space cosine window' src Tunnel 21654 frame 22382
        21681 'Cosine bandpass for Hilbert' src Tunnel 21668 frame 22382
        21698 '' src Tunnel 21693 frame 22382
        21719 'Session Out' snk Tunnel 21709 frame 22382
        21744 'error out' snk Tunnel 21730 frame 22382
        22069 '' snk Diagram 22382 frame 22382
        21756 '' snk Tunnel 21750 frame 22382
        21775 '# to avg per image' src Tunnel 21764 frame 22382
        21792 '' src Tunnel 21787 frame 22382
        21813 'Array of bead\nx/y pos' src Tunnel 21804 frame 22382
        21827 '' src Tunnel 21818 frame 22382
        21842 'Array of bead\nx/y pos' snk Tunnel 21836 frame 22382
        21854 'Picture' src Tunnel 21848 frame 22382
        21867 '' src Tunnel 21860 frame 22382
        21881 '' src Tunnel 21873 frame 22382
        21903 'cross length' src Tunnel 21891 frame 22382
        21917 'z step between images' src Tunnel 21912 frame 22382
        21935 'VISA out' src Tunnel 21923 frame 22382
        21956 'New Image' src Tunnel 21947 frame 22382
        21971 'Value' snk Tunnel 21963 frame 22382
        21983 'position [internal units]' src Tunnel 21977 frame 22382
        22004 'position [internal units]' snk Tunnel 21994 frame 22382
        27960 'reference' snk Property 27951 frame 22650
        27963 'reference out' src Property 27951 frame 22650
        27966 'error in (no error)' snk Property 27951 frame 22650
        27969 'error out' src Property 27951 frame 22650
        22707 '' snk SubVI 22692 frame 22650
        22710 '' snk SubVI 22692 frame 22650
        22713 '' snk SubVI 22692 frame 22650
        22561 'data string' src Tunnel 22559 frame 22650
        22566 'Real-space cosine window' src Tunnel 22564 frame 22650
        22571 'Cosine bandpass for Hilbert' src Tunnel 22569 frame 22650
        22576 '' src Tunnel 22574 frame 22650
        22596 '' src Tunnel 22594 frame 22650
        22601 'Array of bead\nx/y pos' src Tunnel 22599 frame 22650
        22606 '' src Tunnel 22604 frame 22650
        22611 'Array of bead\nx/y pos' snk Tunnel 22609 frame 22650
        22616 'Picture' src Tunnel 22614 frame 22650
        22621 '' src Tunnel 22619 frame 22650
        22626 '' snk Tunnel 22624 frame 22650
        22631 '' src Tunnel 22629 frame 22650
        22636 'Cosine bandpass for Hilbert' src Tunnel 22634 frame 22650
        22641 'cross length' src Tunnel 22639 frame 22650
        23624 '' src Tunnel 23622 frame 23714
        23631 'Cosine bandpass for Hilbert' src SelectorTunnel 23629 frame 23714
        23638 'Real-space cosine window' src SelectorTunnel 23636 frame 23714
        23673 '' src SelectorTunnel 23671 frame 23714
        23694 'data string' src SelectorTunnel 23692 frame 23714
        23701 'Image Out' src SelectorTunnel 23699 frame 23714
        23708 'cross length' src SelectorTunnel 23706 frame 23714
        23821 '' snk SubVI 23812 frame 23729
        23824 '' snk SubVI 23812 frame 23729
        23827 '' snk SubVI 23812 frame 23729
        23830 '' snk SubVI 23812 frame 23729
        23833 '' snk SubVI 23812 frame 23729
        23836 '' snk SubVI 23812 frame 23729
        23854 '' snk SubVI 23812 frame 23729
        23857 '' snk SubVI 23812 frame 23729
        23866 '' snk SubVI 23812 frame 23729
        23869 '' snk SubVI 23812 frame 23729
        23872 '' snk SubVI 23812 frame 23729
        23884 '' snk SubVI 23812 frame 23729
        23887 '' snk SubVI 23812 frame 23729
        23890 '' snk SubVI 23812 frame 23729
        23893 '' snk SubVI 23812 frame 23729
        23896 '' snk SubVI 23812 frame 23729
        23625 '' src Tunnel 23622 frame 23729
        24179 '' snk SubVI 24170 frame 24013
        24182 '' snk SubVI 24170 frame 24013
        24191 '' snk SubVI 24170 frame 24013
        24194 '' snk SubVI 24170 frame 24013
        24212 '' snk SubVI 24170 frame 24013
        24215 '' snk SubVI 24170 frame 24013
        24224 '' snk SubVI 24170 frame 24013
        24227 '' snk SubVI 24170 frame 24013
        24230 '' snk SubVI 24170 frame 24013
        24242 '' snk SubVI 24170 frame 24013
        24254 '' snk SubVI 24170 frame 24013
        23626 '' src Tunnel 23622 frame 24013
        24824 '' snk SubVI 24815 frame 24449
        24827 '' snk SubVI 24815 frame 24449
        24830 '' snk SubVI 24815 frame 24449
        24833 '' snk SubVI 24815 frame 24449
        24836 '' snk SubVI 24815 frame 24449
        24839 '' snk SubVI 24815 frame 24449
        24857 '' snk SubVI 24815 frame 24449
        24860 '' snk SubVI 24815 frame 24449
        24869 '' snk SubVI 24815 frame 24449
        24872 '' snk SubVI 24815 frame 24449
        24875 '' snk SubVI 24815 frame 24449
        24887 '' snk SubVI 24815 frame 24449
        24890 '' snk SubVI 24815 frame 24449
        24893 '' snk SubVI 24815 frame 24449
        24896 '' snk SubVI 24815 frame 24449
        24899 '' snk SubVI 24815 frame 24449
        24665 '' snk SubVI 24656 frame 24449
        24668 '' snk SubVI 24656 frame 24449
        24677 '' snk SubVI 24656 frame 24449
        24680 '' snk SubVI 24656 frame 24449
        24698 '' snk SubVI 24656 frame 24449
        24701 '' snk SubVI 24656 frame 24449
        24710 '' snk SubVI 24656 frame 24449
        24713 '' snk SubVI 24656 frame 24449
        24716 '' snk SubVI 24656 frame 24449
        24728 '' snk SubVI 24656 frame 24449
        24740 '' snk SubVI 24656 frame 24449
        23627 '' src Tunnel 23622 frame 24449
        23287 '' snk SubVI 23278 frame 22847
        23290 '' snk SubVI 23278 frame 22847
        23299 '' snk SubVI 23278 frame 22847
        23302 '' snk SubVI 23278 frame 22847
        23320 '' snk SubVI 23278 frame 22847
        23323 '' snk SubVI 23278 frame 22847
        23332 '' snk SubVI 23278 frame 22847
        23335 '' snk SubVI 23278 frame 22847
        23338 '' snk SubVI 23278 frame 22847
        23350 '' snk SubVI 23278 frame 22847
        23362 '' snk SubVI 23278 frame 22847
        23128 '' snk SubVI 23119 frame 22847
        23131 '' snk SubVI 23119 frame 22847
        23140 '' snk SubVI 23119 frame 22847
        23143 '' snk SubVI 23119 frame 22847
        23161 '' snk SubVI 23119 frame 22847
        23164 '' snk SubVI 23119 frame 22847
        23173 '' snk SubVI 23119 frame 22847
        23176 '' snk SubVI 23119 frame 22847
        23179 '' snk SubVI 23119 frame 22847
        23191 '' snk SubVI 23119 frame 22847
        23203 '' snk SubVI 23119 frame 22847
        22791 '' src Tunnel 22789 frame 22847
        22547 'error out' src Tunnel 22544 frame 22780
        22552 'error out' snk Tunnel 22549 frame 22780
        22557 '' src Tunnel 22554 frame 22780
        22577 '' src Tunnel 22574 frame 22780
        22582 'Session Out' src Tunnel 22579 frame 22780
        22587 'LastBufferNumber' src Tunnel 22584 frame 22780
        22592 'Session Out' snk Tunnel 22589 frame 22780
        22597 '' src Tunnel 22594 frame 22780
        22647 'New Image' src Tunnel 22644 frame 22780
        22438 '' src Tunnel 22436 frame 22532
        21604 'error out' src Tunnel 21595 frame 22427
        21627 'Session Out' src Tunnel 21619 frame 22427
        21700 '' src Tunnel 21693 frame 22427
        21757 '' snk Tunnel 21750 frame 22427
        21919 'z step between images' src Tunnel 21912 frame 22427
        21938 'VISA out' src Tunnel 21923 frame 22427
        21972 'Value' snk Tunnel 21963 frame 22427
        21984 'position [internal units]' src Tunnel 21977 frame 22427
        22006 'position [internal units]' snk Tunnel 21994 frame 22427
        25307 'disabled index (page)' snk IndexArray 25299 frame 25290
        25313 'disabled index (col)' snk IndexArray 25299 frame 25290
        25327 '' snk Tunnel 25328 frame 25290
        25351 '' src Diagram 25345 frame 25345
        25351 '' src Diagram 25345 frame 25345
        25330 '' src Tunnel 25328 frame 25345
        25277 '' src Tunnel 25275 frame 25290
        21609 'error out' src Tunnel 21595 frame 25266
        21629 'Session Out' src Tunnel 21619 frame 25266
        21651 'data string' src Tunnel 21634 frame 25266
        21663 'Real-space cosine window' src Tunnel 21654 frame 25266
        21687 'Cosine bandpass for Hilbert' src Tunnel 21668 frame 25266
        21703 '' src Tunnel 21693 frame 25266
        21725 'Session Out' snk Tunnel 21709 frame 25266
        21747 'error out' snk Tunnel 21730 frame 25266
        22041 'Session Out' src Diagram 25266 frame 25266
        22052 'error out' src Diagram 25266 frame 25266
        22062 'LastBufferNumber' src Diagram 25266 frame 25266
        21781 '# to avg per image' src Tunnel 21764 frame 25266
        21815 'Array of bead\nx/y pos' src Tunnel 21804 frame 25266
        21833 '' src Tunnel 21818 frame 25266
        21845 'Array of bead\nx/y pos' snk Tunnel 21836 frame 25266
        21857 'Picture' src Tunnel 21848 frame 25266
        21870 '' src Tunnel 21860 frame 25266
        21886 '' src Tunnel 21873 frame 25266
        21909 'cross length' src Tunnel 21891 frame 25266
        21920 'z step between images' src Tunnel 21912 frame 25266
        21941 'VISA out' src Tunnel 21923 frame 25266
        21958 'New Image' src Tunnel 21947 frame 25266
        21974 'Value' snk Tunnel 21963 frame 25266
        21988 'position [internal units]' src Tunnel 21977 frame 25266
        22007 'position [internal units]' snk Tunnel 21994 frame 25266
        21319 '' src Tunnel 21314 frame 21577
        35556 'error out' src SubVI 35532 frame 25769
        35559 '' snk SubVI 35532 frame 25769
        35562 '' snk SubVI 35532 frame 25769
        35565 'VISA out' src SubVI 35532 frame 25769
        35568 '' snk SubVI 35532 frame 25769
        35571 '' snk SubVI 35532 frame 25769
        35574 '' snk SubVI 35532 frame 25769
        35577 'error in (no error)' snk SubVI 35532 frame 25769
        25783 'index' snk GrowableFunction 25775 frame 25769
        25789 'index' snk GrowableFunction 25775 frame 25769
        25792 'length' snk GrowableFunction 25775 frame 25769
        25956 'color table' snk SubVI 25950 frame 25890
        25965 'pic of cal image' src SubVI 25950 frame 25890
        25933 'initial string' snk FormatScanString 25928 frame 25890
        25939 'error in' snk FormatScanString 25928 frame 25890
        25942 'error out' src FormatScanString 25928 frame 25890
        25918 'disabled index (page)' snk IndexArray 25910 frame 25890
        25924 'disabled index (col)' snk IndexArray 25910 frame 25890
        25855 '' src Tunnel 25853 frame 25890
        20918 'error out' src FlatSequenceInnerTunnel 20915 frame 25769
        26399 'cross length' src NamedUnbundler 26388 frame 26117
        26617 'error out' src ReadWriteFile 26615 frame 26117
        26620 'cancelled' src ReadWriteFile 26615 frame 26117
        26626 'prepend array or string size? (T)' snk ReadWriteFile 26615 frame 26117
        26632 'error in' snk ReadWriteFile 26615 frame 26117
        26635 'byte order (0:big-endian, network order)' snk ReadWriteFile 26615 frame 26117
        26641 'file (use dialog)' snk ReadWriteFile 26615 frame 26117
        25677 'Low bandpass' src FlatSequenceInnerTunnel 25675 frame 26117
        25685 'High bandpass' src FlatSequenceInnerTunnel 25683 frame 26117
        25693 'forget radius' src FlatSequenceInnerTunnel 25691 frame 26117
        25701 'Low bandpass' src FlatSequenceInnerTunnel 25699 frame 26117
        25709 'High bandpass' src FlatSequenceInnerTunnel 25707 frame 26117
        25717 'forget radius' src FlatSequenceInnerTunnel 25715 frame 26117
        25725 '2-sided cal image' src FlatSequenceInnerTunnel 25723 frame 26117
SRC 27373 rows 0
    obj? {'uid': 27373, 'class': 'Function', 'pos': [6937, 2645], 'owner': 'Diagram'}
SRC 27401 rows 1
    {'term_uid': 27401, 'term_name': 'x-y*floor(x/y)', 'is_source': True, 'wire_uid': 0, 'owner_uid': 27373, 'owner_class': 'Function', 'frame_diagram': 27219, 'term_class': 'ParameterTerminal'}
    owner obj {'uid': 27373, 'class': 'Function', 'pos': [6937, 2645], 'owner': 'Diagram'}
    net 0 terms 1649
        26585 'error?' src SubVI 26582 frame 3628
        26588 'code out' src SubVI 26582 frame 3628
        26591 '' snk SubVI 26582 frame 3628
        26594 'error code (no error:0)' snk SubVI 26582 frame 3628
        26597 'error source (" ")' snk SubVI 26582 frame 3628
        26600 'source out' src SubVI 26582 frame 3628
        26603 'error out' src SubVI 26582 frame 3628
        26606 'message' src SubVI 26582 frame 3628
        26609 'type of dialog (OK msg:1)' snk SubVI 26582 frame 3628
        26612 'error in (no error)' snk SubVI 26582 frame 3628
        10322 'reference' snk Invoke 10313 frame 3628
        10325 'reference out' src Invoke 10313 frame 3628
        10328 'error in (no error)' snk Invoke 10313 frame 3628
        10332 'error out' src Invoke 10313 frame 3628
        10335 'Reinit To Dflt' snk Invoke 10313 frame 3628
        10347 'Reinit To Dflt' src Invoke 10313 frame 3628
        12483 'reference' snk Property 12476 frame 3628
        12486 'reference out' src Property 12476 frame 3628
        12489 'error in (no error)' snk Property 12476 frame 3628
        12492 'error out' src Property 12476 frame 3628
        10801 'reference' snk Property 10793 frame 3628
        10804 'reference out' src Property 10793 frame 3628
        10807 'error in (no error)' snk Property 10793 frame 3628
        10810 'error out' src Property 10793 frame 3628
        10409 'reference' snk Property 10399 frame 3628
        10414 'reference out' src Property 10399 frame 3628
        10418 'error in (no error)' snk Property 10399 frame 3628
        10422 'error out' src Property 10399 frame 3628
        7994 'reference' snk Property 7987 frame 3628
        7997 'reference out' src Property 7987 frame 3628
        8000 'error in (no error)' snk Property 7987 frame 3628
        8003 'error out' src Property 7987 frame 3628
        31427 '' snk SubVI 30804 frame 3886
        31436 'No.of digits' snk SubVI 30804 frame 3886
        31449 '' snk SubVI 30804 frame 3886
        31455 '' snk SubVI 30804 frame 3886
        31459 '' snk SubVI 30804 frame 3886
        31463 '' snk SubVI 30804 frame 3886
        31466 '' snk SubVI 30804 frame 3886
        31469 '' snk SubVI 30804 frame 3886
        31472 '' snk SubVI 30804 frame 3886
        31475 '' snk SubVI 30804 frame 3886
        31478 '' snk SubVI 30804 frame 3886
        31483 '' snk SubVI 30804 frame 3886
        31486 '' snk SubVI 30804 frame 3886
        31489 '' snk SubVI 30804 frame 3886
        31493 '' snk SubVI 30804 frame 3886
        3844 '' src Tunnel 3831 frame 3886
        4631 '' snk SubVI 4620 frame 4406
        4651 'Axis identifier?' snk SubVI 4620 frame 4406
        4659 '' snk SubVI 4620 frame 4406
        4662 '' snk SubVI 4620 frame 4406
        4666 '' snk SubVI 4620 frame 4406
        4670 '' snk SubVI 4620 frame 4406
        4673 '' snk SubVI 4620 frame 4406
        4677 '' snk SubVI 4620 frame 4406
        4680 '' snk SubVI 4620 frame 4406
        4686 '' snk SubVI 4620 frame 4406
        4691 '' snk SubVI 4620 frame 4406
        4705 '' snk SubVI 4620 frame 4406
        4716 '' snk SubVI 4620 frame 4406
        4720 '' snk SubVI 4620 frame 4406
        4729 '' snk SubVI 4620 frame 4406
        3849 '' src Tunnel 3831 frame 4406
        3861 'If no: current pos z?' src SelectorTunnel 3858 frame 4406
        1271 'error out' snk Tunnel 1165 frame 3667
        6600 'Numeric' snk Tunnel 6598 frame 3667
        29455 'reference' snk Property 29447 frame 5038
        29458 'reference out' src Property 29447 frame 5038
        29461 'error in (no error)' snk Property 29447 frame 5038
        29464 'error out' src Property 29447 frame 5038
        31235 'reference' snk Property 31228 frame 5038
        31239 'reference out' src Property 31228 frame 5038
        31242 'error in (no error)' snk Property 31228 frame 5038
        31267 'error out' src Property 31228 frame 5038
        3517 'index' snk IndexArray 3163 frame 5038
        5413 '' snk SubVI 5403 frame 5038
        5424 'No.of digits' snk SubVI 5403 frame 5038
        5432 'Without axis ID?' snk SubVI 5403 frame 5038
        5436 '' snk SubVI 5403 frame 5038
        5439 '' snk SubVI 5403 frame 5038
        5443 '' snk SubVI 5403 frame 5038
        5446 '' snk SubVI 5403 frame 5038
        5449 '' snk SubVI 5403 frame 5038
        5452 '' snk SubVI 5403 frame 5038
        5456 '' snk SubVI 5403 frame 5038
        5460 'Controller error' src SubVI 5403 frame 5038
        5465 '' snk SubVI 5403 frame 5038
        5473 '' snk SubVI 5403 frame 5038
        5483 '' snk SubVI 5403 frame 5038
        5486 '' snk SubVI 5403 frame 5038
        5509 '' snk SubVI 5497 frame 5038
        5521 'Axis identifier?' snk SubVI 5497 frame 5038
        5532 '' snk SubVI 5497 frame 5038
        5562 '' snk SubVI 5497 frame 5038
        5579 '' snk SubVI 5497 frame 5038
        5590 '' snk SubVI 5497 frame 5038
        5594 '' snk SubVI 5497 frame 5038
        5602 '' snk SubVI 5497 frame 5038
        5618 '' snk SubVI 5497 frame 5038
        5625 '' snk SubVI 5497 frame 5038
        5645 '' snk SubVI 5497 frame 5038
        5652 '' snk SubVI 5497 frame 5038
        5658 '' snk SubVI 5497 frame 5038
        5678 '' snk SubVI 5497 frame 5038
        3706 'If no: current pos z?' src Diagram 5038 frame 5038
        3469 'Set Focus  (0->50)' snk Tunnel 3445 frame 5038
        7548 'Current pos rot?' snk Tunnel 7542 frame 5038
        29218 'error out' src Tunnel 29213 frame 5038
        5856 'Rot step (turns)' src Diagram 3628 frame 3628
        5722 'Send' src Diagram 3628 frame 3628
        7739 'Stop Trans' src Diagram 3628 frame 3628
        27491 '' snk Tunnel 27492 frame 81548
        27665 'cluster' snk Bundler 27660 frame 27537
        27543 '' src Diagram 27537 frame 27537
        27543 '' src Diagram 27537 frame 27537
        27485 'Pixel distance' src NamedUnbundler 27462 frame 81548
        8244 'reference' snk Property 8235 frame 113
        8253 'reference out' src Property 8235 frame 113
        8257 'error in (no error)' snk Property 8235 frame 113
        8260 'error out' src Property 8235 frame 113
        305 'reference' snk Property 8 frame 113
        447 'reference out' src Property 8 frame 113
        455 'error in (no error)' snk Property 8 frame 113
        472 'error out' src Property 8 frame 113
        32830 'reference' snk Property 32823 frame 124
        32833 'reference out' src Property 32823 frame 124
        32836 'error in (no error)' snk Property 32823 frame 124
        32839 'error out' src Property 32823 frame 124
        44039 'error out' src SubVI 44036 frame 43928
        44042 '' snk SubVI 44036 frame 43928
        44045 '' snk SubVI 44036 frame 43928
        44051 '' snk SubVI 44036 frame 43928
        44054 '' snk SubVI 44036 frame 43928
        44057 '' snk SubVI 44036 frame 43928
        44060 'error in (no error)' snk SubVI 44036 frame 43928
        44000 'error out' src SubVI 43997 frame 43928
        44003 '' snk SubVI 43997 frame 43928
        44006 '' snk SubVI 43997 frame 43928
        44012 '' snk SubVI 43997 frame 43928
        44015 'Baud Rate (115200)' snk SubVI 43997 frame 43928
        44018 '' snk SubVI 43997 frame 43928
        44021 'timeout (500ms)' snk SubVI 43997 frame 43928
        44024 'error in (no error)' snk SubVI 43997 frame 43928
        44027 '' snk SubVI 43997 frame 43928
        44030 '' snk SubVI 43997 frame 43928
        44145 'millisecond timer value' src Function 44143 frame 44125
        44199 'error out' src SubVI 44196 frame 44169
        44202 '' snk SubVI 44196 frame 44169
        44211 '' snk SubVI 44196 frame 44169
        44214 '' snk SubVI 44196 frame 44169
        44217 '' snk SubVI 44196 frame 44169
        44220 '' snk SubVI 44196 frame 44169
        44223 'error in (no error)' snk SubVI 44196 frame 44169
        44226 '' snk SubVI 44196 frame 44169
        29723 'replaced substring' src Function 29716 frame 124
        29732 'length' snk Function 29716 frame 124
        3570 'In Set Position' src SelectorTunnel 3537 frame 124
        1363 'In Range?' src InRangeAndCoerce 790 frame 3371
        3418 '' src Tunnel 3410 frame 3371
        3414 '' src Tunnel 3410 frame 3293
        5853 'Set Focus  (0->50)' src SelectorTunnel 5765 frame 3293
        8515 'reference' snk Property 8498 frame 124
        8519 'reference out' src Property 8498 frame 124
        8522 'error in (no error)' snk Property 8498 frame 124
        8525 'error out' src Property 8498 frame 124
        893 'continue tracking' src Diagram 124 frame 124
        7781 'error out' src PolymorphicSubVI 7774 frame 5031
        7784 '' snk PolymorphicSubVI 7774 frame 5031
        7787 '' snk PolymorphicSubVI 7774 frame 5031
        7790 'previous cursor ID' src PolymorphicSubVI 7774 frame 5031
        7793 '' snk PolymorphicSubVI 7774 frame 5031
        7796 '' snk PolymorphicSubVI 7774 frame 5031
        7799 '' snk PolymorphicSubVI 7774 frame 5031
        7802 '' snk PolymorphicSubVI 7774 frame 5031
        7805 'error in (no error)' snk PolymorphicSubVI 7774 frame 5031
        7808 '' snk PolymorphicSubVI 7774 frame 5031
        7811 'VI reference (current VI)' snk PolymorphicSubVI 7774 frame 5031
        35877 'reference' snk Property 35869 frame 3121
        35882 'reference out' src Property 35869 frame 3121
        35886 'error in (no error)' snk Property 35869 frame 3121
        35889 'error out' src Property 35869 frame 3121
        35924 'reference' snk Property 35917 frame 3121
        35927 'reference out' src Property 35917 frame 3121
        35930 'error in (no error)' snk Property 35917 frame 3121
        35933 'error out' src Property 35917 frame 3121
        6255 'color table string' src SubVI 6216 frame 3121
        6020 'Image Out' src SubVI 5987 frame 3121
        6054 'Set obj' snk SubVI 5987 frame 3121
        29142 'reference' snk Property 29139 frame 1817
        29155 'reference out' src Property 29139 frame 1817
        29160 'error in (no error)' snk Property 29139 frame 1817
        29163 'error out' src Property 29139 frame 1817
        26963 'reference' snk Property 26946 frame 1817
        26967 'reference out' src Property 26946 frame 1817
        26972 'error in (no error)' snk Property 26946 frame 1817
        26976 'error out' src Property 26946 frame 1817
        8210 'reference' snk Property 8184 frame 1817
        8214 'reference out' src Property 8184 frame 1817
        8222 'error in (no error)' snk Property 8184 frame 1817
        8226 'error out' src Property 8184 frame 1817
        9951 'error out' src PolymorphicSubVI 9944 frame 1817
        9954 '' snk PolymorphicSubVI 9944 frame 1817
        9957 '' snk PolymorphicSubVI 9944 frame 1817
        9960 'previous cursor ID' src PolymorphicSubVI 9944 frame 1817
        9963 '' snk PolymorphicSubVI 9944 frame 1817
        9966 '' snk PolymorphicSubVI 9944 frame 1817
        9969 '' snk PolymorphicSubVI 9944 frame 1817
        9972 '' snk PolymorphicSubVI 9944 frame 1817
        9975 'error in (no error)' snk PolymorphicSubVI 9944 frame 1817
        9978 '' snk PolymorphicSubVI 9944 frame 1817
        9981 'VI reference (current VI)' snk PolymorphicSubVI 9944 frame 1817
        24199 'reference' snk Property 24144 frame 4866
        24208 'reference out' src Property 24144 frame 4866
        24217 'error in (no error)' snk Property 24144 frame 4866
        24229 'error out' src Property 24144 frame 4866
        9149 'reference' snk Property 8603 frame 4866
        9490 'reference out' src Property 8603 frame 4866
        9626 'error in (no error)' snk Property 8603 frame 4866
        9642 'error out' src Property 8603 frame 4866
        10901 'reference' snk Property 10894 frame 4866
        14562 'reference out' src Property 10894 frame 4866
        14571 'error in (no error)' snk Property 10894 frame 4866
        14606 'error out' src Property 10894 frame 4866
        6319 'indices of all ref' src SubVI 6288 frame 4866
        172 '+ Inc (PgUp)' src Diagram 4866 frame 4866
        152 'Focus Step (F1)' src Diagram 4866 frame 4866
        353 '- Inc (PgDn)' src Diagram 4866 frame 4866
        1539 'File # Saved' snk Diagram 4866 frame 4866
        5754 'current frame data array in' snk SubVI 376 frame 23405
        5763 'frame index' snk SubVI 376 frame 23405
        23444 '' src Diagram 23405 frame 23405
        23444 '' src Diagram 23405 frame 23405
        23841 '' src RightShiftRegister 23508 frame 686
        25303 '' src RightShiftRegister 10850 frame 686
        25355 '' src RightShiftRegister 25339 frame 686
        25393 'Auto-reset zero' src RightShiftRegister 25371 frame 686
        25579 '' src RightShiftRegister 9603 frame 686
        25602 '' src RightShiftRegister 25545 frame 686
        2813 'appended array' src BuildArray 2626 frame 23166
        2832 'array' snk BuildArray 2626 frame 23166
        4160 'array' snk BuildArray 2626 frame 23166
        4165 'array' snk BuildArray 2626 frame 23166
        29917 '' snk Tunnel 29914 frame 23166
        29782 '' snk LoopTunnel 29777 frame 23166
        30318 'error' src SubVI 30306 frame 29894
        30321 '' snk SubVI 30306 frame 29894
        30324 '' snk SubVI 30306 frame 29894
        30330 '' snk SubVI 30306 frame 29894
        30334 '' snk SubVI 30306 frame 29894
        30364 '' snk SubVI 30306 frame 29894
        30382 '' snk SubVI 30306 frame 29894
        30385 '' snk SubVI 30306 frame 29894
        25854 'disabled index (col)' snk IndexArray 30331 frame 29894
        25961 'disabled index (col)' snk IndexArray 30331 frame 29894
        29640 'disabled index (row)' snk GrowableFunction 29625 frame 29894
        29018 'cluster' snk Bundler 29005 frame 29894
        29913 '' src Diagram 29894 frame 29894
        29913 '' src Diagram 29894 frame 29894
        29916 '' src Tunnel 29914 frame 29894
        11270 'array' snk BuildArray 11261 frame 23166
        11273 'element' snk BuildArray 11261 frame 23166
        7928 '' snk Tunnel 7922 frame 23166
        9508 'Value' snk LoopTunnel 9503 frame 23166
        10182 '' snk LoopTunnel 10177 frame 23166
        11369 '' src LoopTunnel 11363 frame 23166
        29016 'error' src SubVI 29009 frame 7911
        29019 '' snk SubVI 29009 frame 7911
        29022 '' snk SubVI 29009 frame 7911
        29028 '' snk SubVI 29009 frame 7911
        29031 '' snk SubVI 29009 frame 7911
        29034 '' snk SubVI 29009 frame 7911
        29037 '' snk SubVI 29009 frame 7911
        29040 '' snk SubVI 29009 frame 7911
        27800 'first subarray' src Function 27716 frame 7911
        28244 'error' src PolymorphicSubVI 28233 frame 7911
        28269 'init/cont (init:F)' snk PolymorphicSubVI 28233 frame 7911
        28286 '' snk PolymorphicSubVI 28233 frame 7911
        28183 'error' src SubVI 28180 frame 7911
        28186 '' snk SubVI 28180 frame 7911
        28192 'reverse coefficients' src SubVI 28180 frame 7911
        28195 '' snk SubVI 28180 frame 7911
        28200 '' snk SubVI 28180 frame 7911
        28204 'fs' snk SubVI 28180 frame 7911
        28209 '' snk SubVI 28180 frame 7911
        28213 'time constant' snk SubVI 28180 frame 7911
        28219 'shape' snk SubVI 28180 frame 7911
        28227 'type' snk SubVI 28180 frame 7911
        11319 'cluster' snk Bundler 11310 frame 7911
        25829 'disabled index (col)' snk IndexArray 8741 frame 7911
        25862 'disabled index (col)' snk IndexArray 8741 frame 7911
        8653 'disabled index (row)' snk GrowableFunction 8634 frame 7911
        7921 '' src Diagram 7911 frame 7911
        7921 '' src Diagram 7911 frame 7911
        7927 '' src Tunnel 7922 frame 7911
        5866 'dY out' src SubVI 5696 frame 2265
        2280 '' src Tunnel 2276 frame 2265
        6151 'Y out' src SubVI 6085 frame 2235
        2279 '' src Tunnel 2276 frame 2235
        6282 'subarray' src IndexArray 6104 frame 23166
        6297 'disabled index (row)' snk IndexArray 6104 frame 23166
        9902 'disabled index (col)' snk IndexArray 9833 frame 23166
        10979 'max value' src Function 10969 frame 23166
        10983 'max index (indices)' src Function 10969 frame 23166
        10992 'min index (indices)' src Function 10969 frame 23166
        17353 'reference' snk Property 17289 frame 23166
        17356 'reference out' src Property 17289 frame 23166
        17359 'error in (no error)' snk Property 17289 frame 23166
        17362 'error out' src Property 17289 frame 23166
        9922 'reference' snk Property 9907 frame 10453
        9926 'reference out' src Property 9907 frame 10453
        9930 'error in (no error)' snk Property 9907 frame 10453
        9938 'error out' src Property 9907 frame 10453
        10467 '' src Tunnel 10465 frame 10453
        10752 'Auto-reset zero' src SelectorTunnel 10750 frame 10453
        10468 '' src Tunnel 10465 frame 10459
        5606 '' src Tunnel 5603 frame 5582
        5969 '' src SelectorTunnel 5967 frame 5582
        5729 '' src SelectorTunnel 5725 frame 5582
        5795 'reference' snk Property 4401 frame 5592
        5799 'reference out' src Property 4401 frame 5592
        5802 'error in (no error)' snk Property 4401 frame 5592
        5834 'error out' src Property 4401 frame 5592
        5607 '' src Tunnel 5603 frame 5592
        6033 '' src SelectorTunnel 5702 frame 5592
        5855 '' src SelectorTunnel 5825 frame 5592
        5089 'Image In' snk SubVI 5058 frame 23166
        5151 '' snk SubVI 5058 frame 23166
        5156 '' snk SubVI 5058 frame 23166
        5180 '' snk SubVI 5058 frame 23166
        23225 '' src Diagram 23166 frame 23166
        23225 '' src Diagram 23166 frame 23166
        23817 'Automatic Error Handling' src RightShiftRegister 23469 frame 686
        23832 'Automatic Error Handling' snk LeftShiftRegister 23796 frame 686
        23903 'millisecond timer value' src Function 23844 frame 23058
        10431 '' src Tunnel 10429 frame 10417
        9625 '# slices in stack' src SelectorTunnel 9623 frame 10417
        10980 'index' src SelectorTunnel 10978 frame 10417
        25467 'In Range?' src InRangeAndCoerce 25455 frame 10423
        26593 'error out' src SubVI 26539 frame 10423
        26605 '' snk SubVI 26539 frame 10423
        26614 '' snk SubVI 26539 frame 10423
        26652 '' snk SubVI 26539 frame 10423
        26659 '' snk SubVI 26539 frame 10423
        26663 '' snk SubVI 26539 frame 10423
        26667 'error in (no error)' snk SubVI 26539 frame 10423
        19107 'error out' src SubVI 19093 frame 10423
        19113 '' snk SubVI 19093 frame 10423
        19128 '' snk SubVI 19093 frame 10423
        19132 '' snk SubVI 19093 frame 10423
        19137 '' snk SubVI 19093 frame 10423
        19141 '' snk SubVI 19093 frame 10423
        19146 'error in (no error)' snk SubVI 19093 frame 10423
        19150 '' snk SubVI 19093 frame 10423
        10432 '' src Tunnel 10429 frame 10423
        11355 'Out position' src SelectorTunnel 11348 frame 10423
        23073 '' src Diagram 23058 frame 23058
        23073 '' src Diagram 23058 frame 23058
        32511 'final trans pos' src RightShiftRegister 32497 frame 686
        2827 'rot pos' snk LeftShiftRegister 2800 frame 686
        4154 'tran pos' snk LeftShiftRegister 3133 frame 686
        29258 'Value' src LoopTunnel 29237 frame 686
        29981 'reference' snk Property 22 frame 25392
        29984 'reference out' src Property 22 frame 25392
        29987 'error in (no error)' snk Property 22 frame 25392
        29990 'error out' src Property 22 frame 25392
        25137 'reference' snk Property 25116 frame 25392
        25145 'reference out' src Property 25116 frame 25392
        25152 'error in (no error)' snk Property 25116 frame 25392
        35107 'error out' src Property 25116 frame 25392
        6451 'reference' snk Property 6440 frame 25392
        6455 'reference out' src Property 6440 frame 25392
        6459 'error in (no error)' snk Property 6440 frame 25392
        6463 'error out' src Property 6440 frame 25392
        30907 'error in' snk SubVI 30846 frame 25392
        31037 '' snk SubVI 30846 frame 25392
        31046 '' snk SubVI 30846 frame 25392
        31066 'Rot VISA out' src SubVI 30846 frame 25392
        31074 '' snk SubVI 30846 frame 25392
        31140 '' snk SubVI 30846 frame 25392
        29001 'reference' snk Property 28991 frame 25767
        29042 'reference out' src Property 28991 frame 25767
        29054 'error in (no error)' snk Property 28991 frame 25767
        29064 'error out' src Property 28991 frame 25767
        28956 'reference' snk Property 28939 frame 25767
        28960 'reference out' src Property 28939 frame 25767
        28963 'error in (no error)' snk Property 28939 frame 25767
        28966 'error out' src Property 28939 frame 25767
        28866 'reference' snk Property 28853 frame 25767
        28887 'reference out' src Property 28853 frame 25767
        28897 'error in (no error)' snk Property 28853 frame 25767
        28900 'error out' src Property 28853 frame 25767
        28801 'reference' snk Property 28796 frame 25767
        28804 'reference out' src Property 28796 frame 25767
        28807 'error in (no error)' snk Property 28796 frame 25767
        28810 'error out' src Property 28796 frame 25767
        28683 'reference' snk Property 28677 frame 25767
        28702 'reference out' src Property 28677 frame 25767
        28710 'error in (no error)' snk Property 28677 frame 25767
        28738 'error out' src Property 28677 frame 25767
        28641 'reference' snk Property 28631 frame 25767
        28647 'reference out' src Property 28631 frame 25767
        28650 'error in (no error)' snk Property 28631 frame 25767
        28654 'error out' src Property 28631 frame 25767
        27913 '' src Tunnel 27910 frame 27980
        27947 'Value' src SelectorTunnel 27941 frame 27980
        28203 'Pos_degree' src SubVI 28094 frame 28036
        28289 'VISA resource name Out' src SubVI 28094 frame 28036
        28488 'reference' snk Property 28484 frame 28426
        28492 'reference out' src Property 28484 frame 28426
        28496 'error in (no error)' snk Property 28484 frame 28426
        28505 'error out' src Property 28484 frame 28426
        27914 '' src Tunnel 27910 frame 27996
        27369 '' src Tunnel 27367 frame 27389
        27384 'Value' src SelectorTunnel 27382 frame 27389
        27488 'Pos_degree' src SubVI 27466 frame 27425
        27497 'VISA resource name Out' src SubVI 27466 frame 27425
        27812 'reference' snk Property 27777 frame 27723
        27836 'reference out' src Property 27777 frame 27723
        27845 'error in (no error)' snk Property 27777 frame 27723
        27854 'error out' src Property 27777 frame 27723
        27370 '' src Tunnel 27367 frame 27399
        27000 '' src Tunnel 26997 frame 27024
        27020 'Value' src SelectorTunnel 27018 frame 27024
        27200 'Pos_degree' src SubVI 27194 frame 27076
        27204 'VISA resource name Out' src SubVI 27194 frame 27076
        27171 'Pos_degree' src SubVI 27165 frame 27076
        27142 'reference' snk Property 27139 frame 27076
        27145 'reference out' src Property 27139 frame 27076
        27148 'error in (no error)' snk Property 27139 frame 27076
        27152 'error out' src Property 27139 frame 27076
        27117 'reference' snk Property 27113 frame 27076
        27120 'reference out' src Property 27113 frame 27076
        27123 'error in (no error)' snk Property 27113 frame 27076
        27127 'error out' src Property 27113 frame 27076
        27320 'reference' snk Property 27317 frame 27259
        27323 'reference out' src Property 27317 frame 27259
        27326 'error in (no error)' snk Property 27317 frame 27259
        27329 'error out' src Property 27317 frame 27259
        27296 'reference' snk Property 27292 frame 27259
        27299 'reference out' src Property 27292 frame 27259
        27302 'error in (no error)' snk Property 27292 frame 27259
        27306 'error out' src Property 27292 frame 27259
        27002 '' src Tunnel 26997 frame 27037
        26457 '' src Tunnel 26447 frame 26496
        26492 '' src SelectorTunnel 26490 frame 26496
        26748 '' snk SubVI 26739 frame 26535
        26762 'No.of digits' snk SubVI 26739 frame 26535
        26772 '' snk SubVI 26739 frame 26535
        26777 '' snk SubVI 26739 frame 26535
        26781 '' snk SubVI 26739 frame 26535
        26786 '' snk SubVI 26739 frame 26535
        26790 '' snk SubVI 26739 frame 26535
        26795 '' snk SubVI 26739 frame 26535
        26799 '' snk SubVI 26739 frame 26535
        26804 '' snk SubVI 26739 frame 26535
        26808 '' snk SubVI 26739 frame 26535
        26813 '' snk SubVI 26739 frame 26535
        26817 '' snk SubVI 26739 frame 26535
        26822 '' snk SubVI 26739 frame 26535
        26826 '' snk SubVI 26739 frame 26535
        26531 '' src FlatSequenceOuterTunnel 26529 frame 26535
        26916 'reference' snk Property 26912 frame 26880
        26921 'reference out' src Property 26912 frame 26880
        26925 'error in (no error)' snk Property 26912 frame 26880
        26930 'error out' src Property 26912 frame 26880
        26460 '' src Tunnel 26447 frame 26505
        25815 '' src Tunnel 25813 frame 25834
        25830 'Value' src SelectorTunnel 25828 frame 25834
        26094 '' snk SubVI 26085 frame 25892
        26108 'No.of digits' snk SubVI 26085 frame 25892
        26111 'error in' snk SubVI 26085 frame 25892
        26115 '' snk SubVI 26085 frame 25892
        26119 '' snk SubVI 26085 frame 25892
        26125 '' snk SubVI 26085 frame 25892
        26132 '' snk SubVI 26085 frame 25892
        26140 '' snk SubVI 26085 frame 25892
        26146 '' snk SubVI 26085 frame 25892
        26158 '' snk SubVI 26085 frame 25892
        26166 '' snk SubVI 26085 frame 25892
        26176 '' snk SubVI 26085 frame 25892
        26182 '' snk SubVI 26085 frame 25892
        26191 '' snk SubVI 26085 frame 25892
        26206 '' snk SubVI 26085 frame 25892
        26214 '' snk SubVI 26085 frame 25892
        26220 'error out' src SubVI 26085 frame 25892
        26356 'reference' snk Property 26341 frame 26292
        26364 'reference out' src Property 26341 frame 26292
        26373 'error in (no error)' snk Property 26341 frame 26292
        26378 'error out' src Property 26341 frame 26292
        25816 '' src Tunnel 25813 frame 25846
        28717 '' src Tunnel 28713 frame 28686
        349 'error in (no error)' snk Property 250 frame 686
        6413 '' snk SubVI 6384 frame 686
        6432 '' snk SubVI 6384 frame 686
        6441 '' snk SubVI 6384 frame 686
        6450 '' snk SubVI 6384 frame 686
        4407 'index' snk GrowableFunction 2048 frame 686
        4429 'length' snk GrowableFunction 2048 frame 686
        5362 'LastBufferNumber' src RightShiftRegister 1117 frame 686
        3941 'F-x out' src RightShiftRegister 862 frame 686
        4030 'F-x out' snk LeftShiftRegister 2853 frame 686
        15211 'System no.' src RightShiftRegister 15197 frame 686
        1781 'Value' src RightShiftRegister 580 frame 686
        27103 'current image number' src RightShiftRegister 27039 frame 686
        27273 '' src RightShiftRegister 27250 frame 686
        27394 'floor(x/y)' src Function 27373 frame 27219
        27401 'x-y*floor(x/y)' src Function 27373 frame 27219
        27192 '' src Tunnel 27185 frame 27219
        27196 '' src Tunnel 27185 frame 27232
        26807 'millisecond timer value' src Function 26747 frame 639
        23222 'stripped path' src Function 23175 frame 639
        23228 'name' src Function 23175 frame 639
        22834 'initial string' snk FormatScanString 22703 frame 639
        22844 'resulting string' src FormatScanString 22703 frame 639
        22848 'error in' snk FormatScanString 22703 frame 639
        22852 'error out' src FormatScanString 22703 frame 639
        22605 'reference' snk Property 22542 frame 639
        22620 'reference out' src Property 22542 frame 639
        22648 'error in (no error)' snk Property 22542 frame 639
        22668 'error out' src Property 22542 frame 639
        22640 'reference' snk Property 22560 frame 639
        22649 'reference out' src Property 22560 frame 639
        22653 'error in (no error)' snk Property 22560 frame 639
        22662 'error out' src Property 22560 frame 639
        2638 '' src Tunnel 2634 frame 2603
        10376 'Event Registration Refnum' snk Tunnel 10251 frame 639
        10379 'Event Registration Refnum' src Tunnel 10263 frame 639
        10806 'input cluster' snk NamedUnbundler 10764 frame 10213
        10790 'Source' src NamedUnbundler 10764 frame 10213
        10373 'Event Registration Refnum' src Tunnel 10251 frame 10213
        10378 'Event Registration Refnum' snk Tunnel 10263 frame 10213
        10565 '' src Tunnel 10557 frame 10213
        32300 'Value' src SelectorTunnel 32295 frame 10213
        24378 '' src SelectorTunnel 24375 frame 10213
        9066 '' src SelectorTunnel 9062 frame 10213
        32544 'Value' src SelectorTunnel 24364 frame 10213
        22879 'reference' snk Property 22858 frame 32067
        22890 'reference out' src Property 22858 frame 32067
        22896 'error in (no error)' snk Property 22858 frame 32067
        22906 'error out' src Property 22858 frame 32067
        32678 'index' snk GrowableFunction 32664 frame 32067
        32682 'length' snk GrowableFunction 32664 frame 32067
        32783 'index' snk GrowableFunction 32664 frame 32067
        32085 'input cluster' snk NamedUnbundler 32083 frame 32067
        32089 'Source' src NamedUnbundler 32083 frame 32067
        32074 'Event Registration Refnum' src Tunnel 10251 frame 32067
        32077 '' src Tunnel 10557 frame 32067
        32080 'Event Registration Refnum' snk Tunnel 10263 frame 32067
        24384 '' src SelectorTunnel 24375 frame 32067
        9074 '' src SelectorTunnel 9062 frame 32067
        32548 'Value' src SelectorTunnel 24364 frame 32067
        22369 'reference' snk Property 22347 frame 32166
        22373 'reference out' src Property 22347 frame 32166
        22380 'error in (no error)' snk Property 22347 frame 32166
        22384 'error out' src Property 22347 frame 32166
        6800 'reference' snk Property 3973 frame 32166
        6856 'reference out' src Property 3973 frame 32166
        6860 'error in (no error)' snk Property 3973 frame 32166
        6866 'error out' src Property 3973 frame 32166
        31610 'disabled index (col)' snk GrowableFunction 31401 frame 32166
        30794 'reference' snk Property 30783 frame 32166
        30797 'reference out' src Property 30783 frame 32166
        30802 'error in (no error)' snk Property 30783 frame 32166
        30806 'error out' src Property 30783 frame 32166
        10013 'disabled index (col)' snk IndexArray 50 frame 32166
        24682 '' snk Tunnel 24673 frame 32166
        24165 'start index (0)' snk Function 24141 frame 24642
        24670 '' src Diagram 24642 frame 24642
        24670 '' src Diagram 24642 frame 24642
        24679 '' src Tunnel 24673 frame 24642
        32200 'input cluster' snk NamedUnbundler 32194 frame 32166
        32212 'Source' src NamedUnbundler 32194 frame 32166
        32179 'Event Registration Refnum' src Tunnel 10251 frame 32166
        32184 '' src Tunnel 10557 frame 32166
        32189 'Event Registration Refnum' snk Tunnel 10263 frame 32166
        32315 'Value' src SelectorTunnel 32295 frame 32166
        32555 'Value' src SelectorTunnel 24364 frame 32166
        4703 'reference' snk Property 4580 frame 639
        4709 'reference out' src Property 4580 frame 639
        4718 'error in (no error)' snk Property 4580 frame 639
        4722 'error out' src Property 4580 frame 639
        30125 'reference' snk Property 30117 frame 639
        30128 'reference out' src Property 30117 frame 639
        30133 'error in (no error)' snk Property 30117 frame 639
        30138 'error out' src Property 30117 frame 639
        21576 'disabled index (row)' snk GrowableFunction 21554 frame 29629
        29652 '' src Tunnel 29650 frame 29629
        30160 'reference' snk Property 30146 frame 639
        30163 'reference out' src Property 30146 frame 639
        30167 'error in (no error)' snk Property 30146 frame 639
        30172 'error out' src Property 30146 frame 639
        29247 'floor(x/y)' src Function 29240 frame 639
        12637 '' src Tunnel 12633 frame 12599
        12675 'position [internal units]' src SelectorTunnel 12673 frame 12599
        12638 '' src Tunnel 12633 frame 12617
        11944 '' src Tunnel 11942 frame 11926
        50790 '# DT points' src SelectorTunnel 50788 frame 11926
        50184 'reference' snk Property 50177 frame 11936
        50187 'reference out' src Property 50177 frame 11936
        50190 'error in (no error)' snk Property 50177 frame 11936
        50193 'error out' src Property 50177 frame 11936
        50251 'reference' snk Property 50244 frame 11936
        50254 'reference out' src Property 50244 frame 11936
        50257 'error in (no error)' snk Property 50244 frame 11936
        50260 'error out' src Property 50244 frame 11936
        30624 'reference' snk Property 30617 frame 11936
        30627 'reference out' src Property 30617 frame 11936
        30630 'error in (no error)' snk Property 30617 frame 11936
        30633 'error out' src Property 30617 frame 11936
        30559 'reference' snk Property 30549 frame 11936
        30562 'reference out' src Property 30549 frame 11936
        30565 'error in (no error)' snk Property 30549 frame 11936
        30568 'error out' src Property 30549 frame 11936
        11625 'reference' snk Property 11611 frame 11936
        11628 'reference out' src Property 11611 frame 11936
        11631 'error in (no error)' snk Property 11611 frame 11936
        11634 'error out' src Property 11611 frame 11936
        11945 '' src Tunnel 11942 frame 11936
        10846 'reference' snk Property 10824 frame 16565
        10849 'reference out' src Property 10824 frame 16565
        10853 'error in (no error)' snk Property 10824 frame 16565
        10856 'error out' src Property 10824 frame 16565
        16374 'reference' snk Property 16367 frame 16565
        16377 'reference out' src Property 16367 frame 16565
        16380 'error in (no error)' snk Property 16367 frame 16565
        16383 'error out' src Property 16367 frame 16565
        17787 'reference' snk Property 17780 frame 639
        17790 'reference out' src Property 17780 frame 639
        17793 'error in (no error)' snk Property 17780 frame 639
        17796 'error out' src Property 17780 frame 639
        24116 'reference' snk Property 8718 frame 18724
        24119 'reference out' src Property 8718 frame 18724
        24122 'error in (no error)' snk Property 8718 frame 18724
        24125 'error out' src Property 8718 frame 18724
        18738 '' src Tunnel 18736 frame 18724
        19207 'reference' snk Property 19200 frame 18730
        19210 'reference out' src Property 19200 frame 18730
        19213 'error in (no error)' snk Property 19200 frame 18730
        19216 'error out' src Property 19200 frame 18730
        18739 '' src Tunnel 18736 frame 18730
        22264 'reference' snk Property 22261 frame 639
        22267 'reference out' src Property 22261 frame 639
        22270 'error in (no error)' snk Property 22261 frame 639
        22273 'error out' src Property 22261 frame 639
        22089 'error out' src SelectorTunnel 22090 frame 639
        22087 '' src Tunnel 22085 frame 22116
        28080 'reference' snk Property 28073 frame 22128
        28084 'reference out' src Property 28073 frame 22128
        28087 'error in (no error)' snk Property 28073 frame 22128
        28097 'error out' src Property 28073 frame 22128
        11146 'reference' snk Property 11139 frame 22128
        11149 'reference out' src Property 11139 frame 22128
        11152 'error in (no error)' snk Property 11139 frame 22128
        11155 'error out' src Property 11139 frame 22128
        22216 'reference' snk Property 22213 frame 22128
        22219 'reference out' src Property 22213 frame 22128
        22222 'error in (no error)' snk Property 22213 frame 22128
        22225 'error out' src Property 22213 frame 22128
        22171 'reference' snk Property 22168 frame 22128
        22174 'reference out' src Property 22168 frame 22128
        22177 'error in (no error)' snk Property 22168 frame 22128
        22180 'error out' src Property 22168 frame 22128
        22088 '' src Tunnel 22085 frame 22128
        22108 'System no.' src SelectorTunnel 22105 frame 22128
        20479 '' src Tunnel 20477 frame 20518
        20499 'Value' src SelectorTunnel 20497 frame 20518
        18607 'millisecond timer value' src SelectorTunnel 18605 frame 20518
        28418 'Value' src SelectorTunnel 28416 frame 20518
        25035 '' src SelectorTunnel 25032 frame 20518
        9248 'Value' src SelectorTunnel 9008 frame 20518
        21939 'reference' snk Property 21936 frame 20530
        21942 'reference out' src Property 21936 frame 20530
        21945 'error in (no error)' snk Property 21936 frame 20530
        21948 'error out' src Property 21936 frame 20530
        21635 '' src Tunnel 21633 frame 21649
        28011 'Numeric' src SelectorTunnel 28005 frame 21649
        21731 '' src Tunnel 21729 frame 21745
        21796 'reference' snk Property 21793 frame 21754
        21799 'reference out' src Property 21793 frame 21754
        21802 'error in (no error)' snk Property 21793 frame 21754
        21805 'error out' src Property 21793 frame 21754
        21773 'reference' snk Property 21770 frame 21754
        21776 'reference out' src Property 21770 frame 21754
        21779 'error in (no error)' snk Property 21770 frame 21754
        21782 'error out' src Property 21770 frame 21754
        21732 '' src Tunnel 21729 frame 21754
        21679 'reference' snk Property 21676 frame 21658
        21682 'reference out' src Property 21676 frame 21658
        21685 'error in (no error)' snk Property 21676 frame 21658
        21688 'error out' src Property 21676 frame 21658
        21636 '' src Tunnel 21633 frame 21658
        21605 '' src Tunnel 21603 frame 21624
        21895 'reference' snk Property 21892 frame 21871
        21898 'reference out' src Property 21892 frame 21871
        21901 'error in (no error)' snk Property 21892 frame 21871
        21904 'error out' src Property 21892 frame 21871
        21606 '' src Tunnel 21603 frame 21871
        21621 'Value' src SelectorTunnel 21618 frame 21871
        28119 'Numeric' src SelectorTunnel 28067 frame 21871
        24724 'reference' snk Property 2320 frame 20530
        29535 'reference out' src Property 2320 frame 20530
        29538 'error in (no error)' snk Property 2320 frame 20530
        29564 'error out' src Property 2320 frame 20530
        29567 'Value' src Property 2320 frame 20530
        21989 'reference' snk Property 21986 frame 20530
        21992 'reference out' src Property 21986 frame 20530
        21995 'error in (no error)' snk Property 21986 frame 20530
        21998 'error out' src Property 21986 frame 20530
        20553 '' src Tunnel 20551 frame 20602
        28817 '' src SelectorTunnel 27843 frame 20602
        7880 '' snk SubVI 1779 frame 20774
        9953 'No.of digits' snk SubVI 1779 frame 20774
        10015 '' snk SubVI 1779 frame 20774
        10042 '' snk SubVI 1779 frame 20774
        10052 '' snk SubVI 1779 frame 20774
        10085 '' snk SubVI 1779 frame 20774
        10129 '' snk SubVI 1779 frame 20774
        10704 '' snk SubVI 1779 frame 20774
        10711 '' snk SubVI 1779 frame 20774
        11392 '' snk SubVI 1779 frame 20774
        11398 '' snk SubVI 1779 frame 20774
        11404 '' snk SubVI 1779 frame 20774
        11468 '' snk SubVI 1779 frame 20774
        11475 '' snk SubVI 1779 frame 20774
        12117 '' snk SubVI 1779 frame 20774
        21052 '' snk SubVI 21046 frame 20774
        21061 'No.of digits' snk SubVI 21046 frame 20774
        21067 'Without axis ID?' snk SubVI 21046 frame 20774
        21070 '' snk SubVI 21046 frame 20774
        21073 '' snk SubVI 21046 frame 20774
        21076 '' snk SubVI 21046 frame 20774
        21079 '' snk SubVI 21046 frame 20774
        21082 '' snk SubVI 21046 frame 20774
        21085 '' snk SubVI 21046 frame 20774
        21088 '' snk SubVI 21046 frame 20774
        21091 'Controller error' src SubVI 21046 frame 20774
        21094 '' snk SubVI 21046 frame 20774
        21097 '' snk SubVI 21046 frame 20774
        21100 '' snk SubVI 21046 frame 20774
        21103 '' snk SubVI 21046 frame 20774
        21026 'reference' snk Property 21023 frame 20774
        21029 'reference out' src Property 21023 frame 20774
        21032 'error in (no error)' snk Property 21023 frame 20774
        21035 'error out' src Property 21023 frame 20774
        20862 'reference' snk Property 20859 frame 20774
        20865 'reference out' src Property 20859 frame 20774
        20868 'error in (no error)' snk Property 20859 frame 20774
        20871 'error out' src Property 20859 frame 20774
        20554 '' src Tunnel 20551 frame 20774
        28824 '' src SelectorTunnel 27843 frame 20774
        20480 '' src Tunnel 20477 frame 20530
        6380 'reference' snk Property 1469 frame 639
        8513 'reference out' src Property 1469 frame 639
        9438 'error in (no error)' snk Property 1469 frame 639
        9448 'error out' src Property 1469 frame 639
        9886 'reference' snk Property 9879 frame 639
        9890 'reference out' src Property 9879 frame 639
        9893 'error in (no error)' snk Property 9879 frame 639
        9900 'error out' src Property 9879 frame 639
        11617 'cluster' snk Bundler 11608 frame 639
        8113 '' snk SubVI 1114 frame 639
        8125 '' snk SubVI 1114 frame 639
        8140 '' snk SubVI 1114 frame 639
        10074 'floor(x/y)' src Function 10068 frame 639
        3305 '' src Tunnel 3302 frame 3227
        3047 '' src SelectorTunnel 3045 frame 3227
        3080 'current image number' src SelectorTunnel 3078 frame 3227
        3342 'LastBufferNumber' src SelectorTunnel 3340 frame 3227
        3306 '' src Tunnel 3302 frame 3292
        3198 'floor(x/y)' src Function 2136 frame 639
        274 '' src Tunnel 270 frame 206
        1461 'LastBufferNumber' src SelectorTunnel 1445 frame 206
        275 '' src Tunnel 270 frame 253
        2188 'current image number' src SelectorTunnel 2179 frame 253
        6825 '' snk SubVI 6810 frame 639
        6829 '' snk SubVI 6810 frame 639
        6835 '' snk SubVI 6810 frame 639
        6894 '' snk SubVI 6810 frame 639
        6907 '' snk SubVI 6810 frame 639
        6916 '' snk SubVI 6810 frame 639
        6920 '' snk SubVI 6810 frame 639
        4837 'Image' snk Diagram 639 frame 639
        6775 'Numeric' src FlatSequenceInnerTunnel 6555 frame 686
        7215 'Current pos rot?' src FlatSequenceInnerTunnel 7212 frame 686
        7512 'final trans pos' src DigitalNumericConstant 7476 frame 686
        29838 'error out' src SubVI 29815 frame 759
        29856 '' snk SubVI 29815 frame 759
        29893 '' snk SubVI 29815 frame 759
        29909 '' snk SubVI 29815 frame 759
        29927 '' snk SubVI 29815 frame 759
        29934 '' snk SubVI 29815 frame 759
        29938 '' snk SubVI 29815 frame 759
        29942 '' snk SubVI 29815 frame 759
        29945 'error in (no error)' snk SubVI 29815 frame 759
        29951 '' snk SubVI 29815 frame 759
        29966 '' snk SubVI 29815 frame 759
        3607 'error?' src SubVI 3587 frame 759
        3612 'code out' src SubVI 3587 frame 759
        3621 '' snk SubVI 3587 frame 759
        3624 'error code (no error:0)' snk SubVI 3587 frame 759
        3627 'error source (" ")' snk SubVI 3587 frame 759
        3632 'source out' src SubVI 3587 frame 759
        3635 'error out' src SubVI 3587 frame 759
        3639 'message' src SubVI 3587 frame 759
        3643 'type of dialog (OK msg:1)' snk SubVI 3587 frame 759
        12291 'reference' snk Property 12284 frame 1493
        12294 'reference out' src Property 12284 frame 1493
        12297 'error in (no error)' snk Property 12284 frame 1493
        12300 'error out' src Property 12284 frame 1493
        1199 '' src Tunnel 1185 frame 1493
        1274 '' src Tunnel 1185 frame 1610
        2433 '' snk SubVI 2431 frame 759
        2435 'All Images? (No)' snk SubVI 2431 frame 759
        2439 'error out' src SubVI 2431 frame 759
        2442 '' snk SubVI 2431 frame 759
        2445 '' snk SubVI 2431 frame 759
        2448 'error in (no error)' snk SubVI 2431 frame 759
        2084 '' snk SubVI 2078 frame 759
        2089 '' snk SubVI 2078 frame 759
        2092 '' snk SubVI 2078 frame 759
        2095 '' snk SubVI 2078 frame 759
        2099 '' snk SubVI 2078 frame 759
        2102 '' snk SubVI 2078 frame 759
        2105 '' snk SubVI 2078 frame 759
        2113 '' snk SubVI 2078 frame 759
        2117 '' snk SubVI 2078 frame 759
        1848 '' snk SubVI 1839 frame 759
        1911 '' snk SubVI 1839 frame 759
        1971 '' snk SubVI 1839 frame 759
        1975 '' snk SubVI 1839 frame 759
        1996 '' snk SubVI 1839 frame 759
        2049 '' snk SubVI 1839 frame 759
        2059 '' snk SubVI 1839 frame 759
        2065 '' snk SubVI 1839 frame 759
        559 'error?' src SubVI 560 frame 759
        563 'code out' src SubVI 560 frame 759
        564 '' snk SubVI 560 frame 759
        608 'error code (no error:0)' snk SubVI 560 frame 759
        605 'error source (" ")' snk SubVI 560 frame 759
        609 'source out' src SubVI 560 frame 759
        611 'error out' src SubVI 560 frame 759
        615 'message' src SubVI 560 frame 759
        617 'type of dialog (OK msg:1)' snk SubVI 560 frame 759
        32198 'reference' snk Property 32191 frame 12960
        32201 'reference out' src Property 32191 frame 12960
        32204 'error in (no error)' snk Property 32191 frame 12960
        32207 'error out' src Property 32191 frame 12960
        13081 'reference' snk Property 13078 frame 12960
        13084 'reference out' src Property 13078 frame 12960
        13087 'error in (no error)' snk Property 13078 frame 12960
        13090 'error out' src Property 13078 frame 12960
        23142 '' snk Tunnel 23148 frame 13236
        23289 'New Image' src SubVI 23099 frame 23169
        23307 'Border Size' snk SubVI 23099 frame 23169
        23408 'error out' src SubVI 23099 frame 23169
        23438 '' snk SubVI 23099 frame 23169
        23468 'error in (no error)' snk SubVI 23099 frame 23169
        23249 '' src Diagram 23169 frame 23169
        23249 '' src Diagram 23169 frame 23169
        23154 '' src Tunnel 23148 frame 23169
        9783 'error in (no error)' snk Property 9775 frame 13236
        9786 'error out' src Property 9775 frame 13236
        28356 'reference' snk Property 28344 frame 13236
        28368 'reference out' src Property 28344 frame 13236
        28375 'error in (no error)' snk Property 28344 frame 13236
        28382 'error out' src Property 28344 frame 13236
        33158 'error out' src SubVI 33151 frame 13236
        33161 '' snk SubVI 33151 frame 13236
        33164 '' snk SubVI 33151 frame 13236
        33183 '' snk SubVI 33151 frame 13236
        33186 '' snk SubVI 33151 frame 13236
        33189 '' snk SubVI 33151 frame 13236
        33192 'Camera Control Mode' snk SubVI 33151 frame 13236
        33195 'error in' snk SubVI 33151 frame 13236
        33198 '' snk SubVI 33151 frame 13236
        33201 '' snk SubVI 33151 frame 13236
        41739 'In Range?' src InRangeAndCoerce 41725 frame 18402
        30715 'error out' src SubVI 30697 frame 18402
        30718 '' snk SubVI 30697 frame 18402
        30722 '' snk SubVI 30697 frame 18402
        30729 '' snk SubVI 30697 frame 18402
        30734 '' snk SubVI 30697 frame 18402
        30737 '' snk SubVI 30697 frame 18402
        30741 'error in (no error)' snk SubVI 30697 frame 18402
        30836 'error out' src SubVI 30828 frame 18402
        30840 '' snk SubVI 30828 frame 18402
        37020 '' snk SubVI 30828 frame 18402
        37026 '' snk SubVI 30828 frame 18402
        37029 'Baud Rate (115200)' snk SubVI 30828 frame 18402
        37032 '' snk SubVI 30828 frame 18402
        37035 'timeout (500ms)' snk SubVI 30828 frame 18402
        37038 'error in (no error)' snk SubVI 30828 frame 18402
        37041 '' snk SubVI 30828 frame 18402
        37044 '' snk SubVI 30828 frame 18402
        32549 'millisecond timer value' src Function 32538 frame 32410
        30495 'error out' src SubVI 1675 frame 33688
        30520 '' snk SubVI 1675 frame 33688
        30542 '' snk SubVI 1675 frame 33688
        30547 '' snk SubVI 1675 frame 33688
        30551 '' snk SubVI 1675 frame 33688
        30555 '' snk SubVI 1675 frame 33688
        30567 'error in (no error)' snk SubVI 1675 frame 33688
        30577 '' snk SubVI 1675 frame 33688
        27935 'reference' snk Property 27926 frame 13236
        27938 'reference out' src Property 27926 frame 13236
        27942 'error in (no error)' snk Property 27926 frame 13236
        27945 'error out' src Property 27926 frame 13236
        31279 '' snk SubVI 31263 frame 14037
        31285 'All axes?' snk SubVI 31263 frame 14037
        31288 'Axis identifier?' snk SubVI 31263 frame 14037
        31294 '' snk SubVI 31263 frame 14037
        31297 '' snk SubVI 31263 frame 14037
        31300 '' snk SubVI 31263 frame 14037
        31303 '' snk SubVI 31263 frame 14037
        31306 '' snk SubVI 31263 frame 14037
        31309 '' snk SubVI 31263 frame 14037
        31312 '' snk SubVI 31263 frame 14037
        31315 '' snk SubVI 31263 frame 14037
        31318 'Minimum travel limit' src SubVI 31263 frame 14037
        31321 '' snk SubVI 31263 frame 14037
        31324 '' snk SubVI 31263 frame 14037
        31327 '' snk SubVI 31263 frame 14037
        31330 '' snk SubVI 31263 frame 14037
        31100 '' snk SubVI 31090 frame 14037
        31106 'All axes?' snk SubVI 31090 frame 14037
        31109 'Axis identifier?' snk SubVI 31090 frame 14037
        31116 '' snk SubVI 31090 frame 14037
        31119 '' snk SubVI 31090 frame 14037
        31122 '' snk SubVI 31090 frame 14037
        31126 '' snk SubVI 31090 frame 14037
        31131 '' snk SubVI 31090 frame 14037
        31135 '' snk SubVI 31090 frame 14037
        31138 '' snk SubVI 31090 frame 14037
        31141 '' snk SubVI 31090 frame 14037
        31147 '' snk SubVI 31090 frame 14037
        31150 '' snk SubVI 31090 frame 14037
        31153 '' snk SubVI 31090 frame 14037
        31156 '' snk SubVI 31090 frame 14037
        14337 '' snk SubVI 14331 frame 14037
        14346 'Axis identifier?' snk SubVI 14331 frame 14037
        14352 '' snk SubVI 14331 frame 14037
        14355 '' snk SubVI 14331 frame 14037
        14358 '' snk SubVI 14331 frame 14037
        14361 '' snk SubVI 14331 frame 14037
        14364 '' snk SubVI 14331 frame 14037
        14367 '' snk SubVI 14331 frame 14037
        14370 '' snk SubVI 14331 frame 14037
        14373 '' snk SubVI 14331 frame 14037
        14376 '' snk SubVI 14331 frame 14037
        14379 '' snk SubVI 14331 frame 14037
        14382 '' snk SubVI 14331 frame 14037
        14385 '' snk SubVI 14331 frame 14037
        14388 '' snk SubVI 14331 frame 14037
        14274 'RON settings' snk SubVI 14268 frame 14037
        14277 'Interface' snk SubVI 14268 frame 14037
        14286 'error in' snk SubVI 14268 frame 14037
        14292 'Timeout' snk SubVI 14268 frame 14037
        14295 'DaisyChain settings' snk SubVI 14268 frame 14037
        14298 'USB settings' snk SubVI 14268 frame 14037
        14301 'Reference Move' snk SubVI 14268 frame 14037
        14307 'Stop refnum' snk SubVI 14268 frame 14037
        14310 'Device ID out' src SubVI 14268 frame 14037
        14313 'Identification' src SubVI 14268 frame 14037
        14316 'SN out' src SubVI 14268 frame 14037
        14319 'Conn. \nAxes' src SubVI 14268 frame 14037
        14322 'Position' src SubVI 14268 frame 14037
        14325 '+/- movement\nrange' src SubVI 14268 frame 14037
        14202 '' snk SubVI 14196 frame 14037
        14211 'No.of digits' snk SubVI 14196 frame 14037
        14217 'Without axis ID?' snk SubVI 14196 frame 14037
        14220 '' snk SubVI 14196 frame 14037
        14223 '' snk SubVI 14196 frame 14037
        14226 '' snk SubVI 14196 frame 14037
        14229 '' snk SubVI 14196 frame 14037
        14232 '' snk SubVI 14196 frame 14037
        14235 '' snk SubVI 14196 frame 14037
        14238 '' snk SubVI 14196 frame 14037
        14241 'Controller error' src SubVI 14196 frame 14037
        14244 '' snk SubVI 14196 frame 14037
        14247 '' snk SubVI 14196 frame 14037
        14250 '' snk SubVI 14196 frame 14037
        14253 '' snk SubVI 14196 frame 14037
        14017 'Use dialog to define\nconnected stages?' src FlatSequenceInnerTunnel 14015 frame 14435
        14025 'All axes?' src FlatSequenceInnerTunnel 14023 frame 14435
        14033 'Axes to move' src FlatSequenceInnerTunnel 14031 frame 14435
        13968 '' snk SubVI 13962 frame 13236
        13971 '' snk SubVI 13962 frame 13236
        13977 '' snk SubVI 13962 frame 13236
        13980 '' snk SubVI 13962 frame 13236
        13983 '' snk SubVI 13962 frame 13236
        13986 '' snk SubVI 13962 frame 13236
        13992 '' snk SubVI 13962 frame 13236
        13995 'Number of Buffers' snk SubVI 13962 frame 13236
        13370 'reference' snk Property 13366 frame 13236
        13373 'reference out' src Property 13366 frame 13236
        13376 'error in (no error)' snk Property 13366 frame 13236
        13379 'error out' src Property 13366 frame 13236
        13559 'error out' src FlattenString 13557 frame 13531
        13562 'type string' src FlattenString 13557 frame 13531
        13568 'error in (no error)' snk FlattenString 13557 frame 13531
        13571 'byte order (0:big-endian, network order)' snk FlattenString 13557 frame 13531
        13574 'prepend array or string size? (T)' snk FlattenString 13557 frame 13531
        13512 '' src Tunnel 13510 frame 13531
        13517 '' src SelectorTunnel 13515 frame 13531
        13522 '' src SelectorTunnel 13520 frame 13531
        13661 'error out' src FlattenString 13659 frame 13589
        13664 'type string' src FlattenString 13659 frame 13589
        13670 'error in (no error)' snk FlattenString 13659 frame 13589
        13673 'byte order (0:big-endian, network order)' snk FlattenString 13659 frame 13589
        13676 'prepend array or string size? (T)' snk FlattenString 13659 frame 13589
        13651 'cluster' snk Bundler 13646 frame 13589
        13685 '' snk Tunnel 13686 frame 13589
        13814 'error out' src FlattenString 13812 frame 13706
        13817 'type string' src FlattenString 13812 frame 13706
        13823 'error in (no error)' snk FlattenString 13812 frame 13706
        13829 'byte order (0:big-endian, network order)' snk FlattenString 13812 frame 13706
        13832 'prepend array or string size? (T)' snk FlattenString 13812 frame 13706
        13798 'cluster' snk Bundler 13793 frame 13706
        13776 'hi(x)' src Function 13771 frame 13706
        13712 '' src Diagram 13706 frame 13706
        13712 '' src Diagram 13706 frame 13706
        13688 '' src Tunnel 13686 frame 13706
        13513 '' src Tunnel 13510 frame 13589
        13395 '' src Tunnel 13393 frame 13404
        13944 'Border Size' snk SubVI 13938 frame 13236
        13953 '' snk SubVI 13938 frame 13236
        13959 'error in (no error)' snk SubVI 13938 frame 13236
        11620 'Rot \nSpeed' src Diagram 13236 frame 13236
        24241 'y' src DigitalNumericConstant 24244 frame 13236
        22709 'y' src DigitalNumericConstant 22712 frame 13236
        30523 'cluster' snk Bundler 30512 frame 14840
        30475 'reference' snk Property 30471 frame 14840
        30479 'reference out' src Property 30471 frame 14840
        30484 'error in (no error)' snk Property 30471 frame 14840
        30492 'error out' src Property 30471 frame 14840
        30448 'reference' snk Property 30445 frame 14840
        30451 'reference out' src Property 30445 frame 14840
        30455 'error in (no error)' snk Property 30445 frame 14840
        30460 'error out' src Property 30445 frame 14840
        30425 'reference' snk Property 30422 frame 14840
        30428 'reference out' src Property 30422 frame 14840
        30431 'error in (no error)' snk Property 30422 frame 14840
        30434 'error out' src Property 30422 frame 14840
        30139 'reference' snk Property 30118 frame 14840
        30148 'reference out' src Property 30118 frame 14840
        30151 'error in (no error)' snk Property 30118 frame 14840
        30155 'error out' src Property 30118 frame 14840
        14861 'error out' src PolymorphicSubVI 14858 frame 14840
        14864 '' snk PolymorphicSubVI 14858 frame 14840
        14867 '' snk PolymorphicSubVI 14858 frame 14840
        14870 'previous cursor ID' src PolymorphicSubVI 14858 frame 14840
        14873 '' snk PolymorphicSubVI 14858 frame 14840
        14876 '' snk PolymorphicSubVI 14858 frame 14840
        14879 '' snk PolymorphicSubVI 14858 frame 14840
        14882 '' snk PolymorphicSubVI 14858 frame 14840
        14885 'error in (no error)' snk PolymorphicSubVI 14858 frame 14840
        14888 '' snk PolymorphicSubVI 14858 frame 14840
        14891 'VI reference (current VI)' snk PolymorphicSubVI 14858 frame 14840
        1592 'reference' snk Property 1565 frame 15266
        1596 'reference out' src Property 1565 frame 15266
        1601 'error in (no error)' snk Property 1565 frame 15266
        1606 'error out' src Property 1565 frame 15266
        19335 'floor(x/y)' src Function 19333 frame 15266
        4422 'reference' snk Property 4276 frame 16964
        6757 'reference out' src Property 4276 frame 16964
        6766 'error in (no error)' snk Property 4276 frame 16964
        6778 'error out' src Property 4276 frame 16964
        18981 '' src Tunnel 18978 frame 19002
        19679 'VISA resource name out' src SelectorTunnel 19391 frame 19002
        1576 'Pos_degree' src SubVI 1566 frame 19033
        1579 'VISA resource name Out' src SubVI 1566 frame 19033
        19246 'reference' snk Property 19243 frame 19227
        19249 'reference out' src Property 19243 frame 19227
        19252 'error in (no error)' snk Property 19243 frame 19227
        19255 'error out' src Property 19243 frame 19227
        18982 '' src Tunnel 18978 frame 19011
        18671 '' src Tunnel 18669 frame 18686
        35892 'VISA resource name out' src SelectorTunnel 35890 frame 18686
        35658 'Pos_degree' src SubVI 35648 frame 18718
        35661 'VISA resource name Out' src SubVI 35648 frame 18718
        18937 'reference' snk Property 18934 frame 18914
        18940 'reference out' src Property 18934 frame 18914
        18943 'error in (no error)' snk Property 18934 frame 18914
        18946 'error out' src Property 18934 frame 18914
        18672 '' src Tunnel 18669 frame 18695
        18272 '' src Tunnel 18270 frame 18286
        31452 'VISA resource name out' src SelectorTunnel 31446 frame 18286
        33892 'Pos_degree' src SubVI 33882 frame 18317
        33895 'VISA resource name Out' src SubVI 33882 frame 18317
        33124 'Pos_degree' src SubVI 33114 frame 18317
        30940 'reference' snk Property 30933 frame 18317
        30943 'reference out' src Property 30933 frame 18317
        30946 'error in (no error)' snk Property 30933 frame 18317
        30949 'error out' src Property 30933 frame 18317
        18625 'reference' snk Property 18622 frame 18565
        18628 'reference out' src Property 18622 frame 18565
        18631 'error in (no error)' snk Property 18622 frame 18565
        18634 'error out' src Property 18622 frame 18565
        18597 'reference' snk Property 18593 frame 18565
        18600 'reference out' src Property 18593 frame 18565
        18603 'error in (no error)' snk Property 18593 frame 18565
        18608 'error out' src Property 18593 frame 18565
        18273 '' src Tunnel 18270 frame 18295
        18041 '' src Tunnel 18039 frame 18055
        35225 'VISA resource name out' src SelectorTunnel 35223 frame 18055
        34897 'error out' src SubVI 34890 frame 28412
        34903 'VISA resource name Out' src SubVI 34890 frame 28412
        34906 'error in (no error)' snk SubVI 34890 frame 28412
        34909 'Numeric' snk SubVI 34890 frame 28412
        42906 'reference' snk Property 42899 frame 28823
        42909 'reference out' src Property 42899 frame 28823
        42912 'error in (no error)' snk Property 42899 frame 28823
        42915 'error out' src Property 42899 frame 28823
        18142 '' snk SubVI 18136 frame 18096
        18145 'Axes to query' snk SubVI 18136 frame 18096
        18151 'Axis identifier?' snk SubVI 18136 frame 18096
        18157 '' snk SubVI 18136 frame 18096
        18160 '' snk SubVI 18136 frame 18096
        18163 '' snk SubVI 18136 frame 18096
        18166 '' snk SubVI 18136 frame 18096
        18169 '' snk SubVI 18136 frame 18096
        18172 '' snk SubVI 18136 frame 18096
        18175 '' snk SubVI 18136 frame 18096
        18178 '' snk SubVI 18136 frame 18096
        18184 '' snk SubVI 18136 frame 18096
        18187 '' snk SubVI 18136 frame 18096
        18190 '' snk SubVI 18136 frame 18096
        18193 '' snk SubVI 18136 frame 18096
        18042 '' src Tunnel 18039 frame 18065
        17727 '' src Tunnel 17725 frame 17741
        28756 '' src SelectorTunnel 14052 frame 17741
        28858 '' snk SubVI 16184 frame 17772
        28876 'No.of digits' snk SubVI 16184 frame 17772
        28888 '' snk SubVI 16184 frame 17772
        28891 '' snk SubVI 16184 frame 17772
        28895 '' snk SubVI 16184 frame 17772
        28903 '' snk SubVI 16184 frame 17772
        28906 '' snk SubVI 16184 frame 17772
        28910 '' snk SubVI 16184 frame 17772
        28919 '' snk SubVI 16184 frame 17772
        28922 '' snk SubVI 16184 frame 17772
        28927 '' snk SubVI 16184 frame 17772
        28931 '' snk SubVI 16184 frame 17772
        28934 '' snk SubVI 16184 frame 17772
        28937 '' snk SubVI 16184 frame 17772
        28941 '' snk SubVI 16184 frame 17772
        28774 '' src FlatSequenceOuterTunnel 28772 frame 17772
        17998 'reference' snk Property 17995 frame 17977
        18001 'reference out' src Property 17995 frame 17977
        18004 'error in (no error)' snk Property 17995 frame 17977
        18007 'error out' src Property 17995 frame 17977
        17728 '' src Tunnel 17725 frame 17750
        17416 '' src Tunnel 17414 frame 17430
        26015 'Value' src SelectorTunnel 26011 frame 17430
        31882 '' snk SubVI 31870 frame 17471
        31898 'No.of digits' snk SubVI 31870 frame 17471
        31915 '' snk SubVI 31870 frame 17471
        31921 '' snk SubVI 31870 frame 17471
        31926 '' snk SubVI 31870 frame 17471
        31930 '' snk SubVI 31870 frame 17471
        31947 '' snk SubVI 31870 frame 17471
        31950 '' snk SubVI 31870 frame 17471
        31953 '' snk SubVI 31870 frame 17471
        31966 '' snk SubVI 31870 frame 17471
        31969 '' snk SubVI 31870 frame 17471
        31973 '' snk SubVI 31870 frame 17471
        31977 '' snk SubVI 31870 frame 17471
        31981 '' snk SubVI 31870 frame 17471
        31984 '' snk SubVI 31870 frame 17471
        17683 'reference' snk Property 17680 frame 17664
        17686 'reference out' src Property 17680 frame 17664
        17690 'error in (no error)' snk Property 17680 frame 17664
        17693 'error out' src Property 17680 frame 17664
        17417 '' src Tunnel 17414 frame 17439
        16975 '' src Tunnel 16973 frame 16989
        30798 '' snk SubVI 30780 frame 17020
        30824 'No.of digits' snk SubVI 30780 frame 17020
        30831 '' snk SubVI 30780 frame 17020
        30838 '' snk SubVI 30780 frame 17020
        30843 '' snk SubVI 30780 frame 17020
        30851 '' snk SubVI 30780 frame 17020
        30856 '' snk SubVI 30780 frame 17020
        30860 '' snk SubVI 30780 frame 17020
        30863 '' snk SubVI 30780 frame 17020
        30866 '' snk SubVI 30780 frame 17020
        30869 '' snk SubVI 30780 frame 17020
        30872 '' snk SubVI 30780 frame 17020
        30875 '' snk SubVI 30780 frame 17020
        30878 '' snk SubVI 30780 frame 17020
        30881 '' snk SubVI 30780 frame 17020
        28942 'reference' snk Property 7462 frame 17020
        28945 'reference out' src Property 7462 frame 17020
        28948 'error in (no error)' snk Property 7462 frame 17020
        28951 'error out' src Property 7462 frame 17020
        17170 '' snk SubVI 17164 frame 17020
        17179 'No.of digits' snk SubVI 17164 frame 17020
        17185 'Without axis ID?' snk SubVI 17164 frame 17020
        17188 '' snk SubVI 17164 frame 17020
        17191 '' snk SubVI 17164 frame 17020
        17194 '' snk SubVI 17164 frame 17020
        17197 '' snk SubVI 17164 frame 17020
        17200 '' snk SubVI 17164 frame 17020
        17203 '' snk SubVI 17164 frame 17020
        17206 '' snk SubVI 17164 frame 17020
        17209 'Controller error' src SubVI 17164 frame 17020
        17212 '' snk SubVI 17164 frame 17020
        17215 '' snk SubVI 17164 frame 17020
        17218 '' snk SubVI 17164 frame 17020
        17221 '' snk SubVI 17164 frame 17020
        17333 'reference' snk Property 17330 frame 17299
        17336 'reference out' src Property 17330 frame 17299
        17339 'error in (no error)' snk Property 17330 frame 17299
        17342 'error out' src Property 17330 frame 17299
        17367 'reference' snk Property 17358 frame 17299
        17371 'reference out' src Property 17358 frame 17299
        17374 'error in (no error)' snk Property 17358 frame 17299
        17377 'error out' src Property 17358 frame 17299
        16976 '' src Tunnel 16973 frame 16998
        15409 'Buffer Number Out' src SubVI 15403 frame 15266
        15418 '' snk SubVI 15403 frame 15266
        15421 '' snk SubVI 15403 frame 15266
        15424 '' snk SubVI 15403 frame 15266
        15427 '' snk SubVI 15403 frame 15266
        15433 'Wait for Next Buffer? (Yes)' snk SubVI 15403 frame 15266
        15942 'Outgoing Handle' src SubVI 15921 frame 15266
        15973 '' src Tunnel 15971 frame 16002
        15978 'X' src SelectorTunnel 15976 frame 16002
        15983 'Y' src SelectorTunnel 15981 frame 16002
        15998 '' src SelectorTunnel 15996 frame 16002
        16082 '' snk SubVI 16073 frame 16013
        16095 '' snk SubVI 16073 frame 16013
        16104 'color(black)' snk SubVI 16073 frame 16013
        15974 '' src Tunnel 15971 frame 16013
        15335 'reference' snk Property 15332 frame 15266
        15338 'reference out' src Property 15332 frame 15266
        15341 'error in (no error)' snk Property 15332 frame 15266
        15344 'error out' src Property 15332 frame 15266
        16317 '' snk Tunnel 16321 frame 16303
        16398 '' src Tunnel 16394 frame 16411
        16400 '' src Tunnel 16394 frame 16463
        16364 '' src Diagram 16355 frame 16355
        16364 '' src Diagram 16355 frame 16355
        16325 '' src Tunnel 16321 frame 16355
        16564 '' snk Tunnel 16568 frame 16303
        16830 'text orientation ' snk SubVI 16827 frame 16621
        16833 '' snk SubVI 16827 frame 16621
        16836 'text rect' src SubVI 16827 frame 16621
        16842 'BG color(transparent)' snk SubVI 16827 frame 16621
        16845 '[user-specified font]' snk SubVI 16827 frame 16621
        16851 'desired font(Application)' snk SubVI 16827 frame 16621
        16857 'alignment(left, top)' snk SubVI 16827 frame 16621
        16791 '' snk SubVI 16788 frame 16621
        16794 '' snk SubVI 16788 frame 16621
        16797 '' snk SubVI 16788 frame 16621
        16803 'pen' snk SubVI 16788 frame 16621
        16806 'arc size(360)' snk SubVI 16788 frame 16621
        16812 'start angle(0)' snk SubVI 16788 frame 16621
        16575 '' src Tunnel 16568 frame 16621
        16253 '' src Tunnel 16247 frame 16303
        16256 '' src Tunnel 16247 frame 16930
        16289 'Array of bead\nx/y pos' src SelectorTunnel 16285 frame 16930
        16297 'exp/ref array' src SelectorTunnel 16292 frame 16930
        15445 'error in (no error)' snk SubVI 15442 frame 15266
        15448 'Optional Rectangle' snk SubVI 15442 frame 15266
        15451 '' snk SubVI 15442 frame 15266
        15454 'Image Pixels (U16)' src SubVI 15442 frame 15266
        15457 'Image Pixels (Float)' src SubVI 15442 frame 15266
        15460 'error out' src SubVI 15442 frame 15266
        15469 'Image Pixels (I16)' src SubVI 15442 frame 15266
        15475 '' snk SubVI 15472 frame 15266
        15478 '' snk SubVI 15472 frame 15266
        15484 '' snk SubVI 15472 frame 15266
        15487 'mask' snk SubVI 15472 frame 15266
        15490 '' snk SubVI 15472 frame 15266
        15496 'top left' snk SubVI 15472 frame 15266
        15499 '1-bit pixmap  ' snk SubVI 15472 frame 15266
        15502 '4-bit pixmap' snk SubVI 15472 frame 15266
        15508 '24-bit pixmap' snk SubVI 15472 frame 15266
        15514 '' snk SubVI 15511 frame 15266
        15517 '' snk SubVI 15511 frame 15266
        15520 '' snk SubVI 15511 frame 15266
        15526 '' snk SubVI 15511 frame 15266
        15529 '' snk SubVI 15511 frame 15266
        15532 '' snk SubVI 15511 frame 15266
        15535 '' snk SubVI 15511 frame 15266
        15541 'picture' snk SubVI 15511 frame 15266
        15546 'Event Registration Refnum' snk Tunnel 15547 frame 15266
        15555 'Event Registration Refnum' src Tunnel 15551 frame 15266
        15601 'input cluster' snk NamedUnbundler 15599 frame 15593
        15604 'Type' src NamedUnbundler 15599 frame 15593
        15607 'Time' src NamedUnbundler 15599 frame 15593
        15549 'Event Registration Refnum' src Tunnel 15547 frame 15593
        15559 '' src Tunnel 15557 frame 15593
        15553 'Event Registration Refnum' snk Tunnel 15551 frame 15593
        15728 'Mouse Modifiers' src Unbundler 15720 frame 15683
        15700 'reference' snk Property 15697 frame 15683
        15703 'reference out' src Property 15697 frame 15683
        15706 'error in (no error)' snk Property 15697 frame 15683
        15709 'error out' src Property 15697 frame 15683
        15674 'exp/ref array' src Tunnel 15672 frame 15683
        15679 '' snk Tunnel 15677 frame 15683
        28749 '' src Tunnel 28747 frame 28735
        30695 'reference' snk Property 30688 frame 28741
        30698 'reference out' src Property 30688 frame 28741
        30701 'error in (no error)' snk Property 30688 frame 28741
        30704 'error out' src Property 30688 frame 28741
        28750 '' src Tunnel 28747 frame 28741
        15655 '' snk Tunnel 15652 frame 15795
        15660 '' src Tunnel 15657 frame 15795
        15665 '' snk Tunnel 15662 frame 15795
        15670 'Array of bead\nx/y pos' src Tunnel 15667 frame 15795
        15630 'input cluster' snk NamedUnbundler 15628 frame 15622
        15633 'Source' src NamedUnbundler 15628 frame 15622
        15636 'Type' src NamedUnbundler 15628 frame 15622
        15639 'Time' src NamedUnbundler 15628 frame 15622
        15642 'CtlRef' src NamedUnbundler 15628 frame 15622
        15645 'Coords' src NamedUnbundler 15628 frame 15622
        15550 'Event Registration Refnum' src Tunnel 15547 frame 15622
        15560 '' src Tunnel 15557 frame 15622
        15554 'Event Registration Refnum' snk Tunnel 15551 frame 15622
        19708 'error out' src PolymorphicSubVI 19705 frame 19687
        19711 '' snk PolymorphicSubVI 19705 frame 19687
        19714 '' snk PolymorphicSubVI 19705 frame 19687
        19718 'previous cursor ID' src PolymorphicSubVI 19705 frame 19687
        19721 '' snk PolymorphicSubVI 19705 frame 19687
        19732 '' snk PolymorphicSubVI 19705 frame 19687
        19737 '' snk PolymorphicSubVI 19705 frame 19687
        19740 '' snk PolymorphicSubVI 19705 frame 19687
        19744 'error in (no error)' snk PolymorphicSubVI 19705 frame 19687
        19755 '' snk PolymorphicSubVI 19705 frame 19687
        19768 'VI reference (current VI)' snk PolymorphicSubVI 19705 frame 19687
        13353 'error out' src SubVI 13341 frame 19887
        13362 '' snk SubVI 13341 frame 19887
        14454 '' snk SubVI 13341 frame 19887
        14457 '' snk SubVI 13341 frame 19887
        14463 '' snk SubVI 13341 frame 19887
        14467 '' snk SubVI 13341 frame 19887
        14470 'error in (no error)' snk SubVI 13341 frame 19887
        14476 '' snk SubVI 13341 frame 19887
        20057 'reference' snk Property 20054 frame 19887
        20060 'reference out' src Property 20054 frame 19887
        20063 'error in (no error)' snk Property 20054 frame 19887
        20066 'error out' src Property 20054 frame 19887
        19611 'error out' src FlatSequenceInnerTunnel 19609 frame 19887
        19627 'position [internal units]' src FlatSequenceInnerTunnel 19625 frame 19887
        20442 'Border Size' snk SubVI 20436 frame 20261
        20448 'error out' src SubVI 20436 frame 20261
        20451 '' snk SubVI 20436 frame 20261
        20457 'error in (no error)' snk SubVI 20436 frame 20261
        34155 'error out' src SubVI 34148 frame 21134
        34158 '' snk SubVI 34148 frame 21134
        34164 'VISA out' src SubVI 34148 frame 21134
        34167 '' snk SubVI 34148 frame 21134
        34170 '' snk SubVI 34148 frame 21134
        34173 '' snk SubVI 34148 frame 21134
        34177 '' snk SubVI 34148 frame 21134
        34181 'error in (no error)' snk SubVI 34148 frame 21134
        34184 '' snk SubVI 34148 frame 21134
        25527 'reference' snk Property 25524 frame 21134
        25530 'reference out' src Property 25524 frame 21134
        25533 'error in (no error)' snk Property 25524 frame 21134
        25536 'error out' src Property 25524 frame 21134
        21392 'error out' snk LeftShiftRegister 21385 frame 21134
        21551 'position [internal units]' src RightShiftRegister 21555 frame 21134
        34829 'error out' src SubVI 34822 frame 22160
        34832 '' snk SubVI 34822 frame 22160
        34835 '' snk SubVI 34822 frame 22160
        34838 'VISA out' src SubVI 34822 frame 22160
        34841 '' snk SubVI 34822 frame 22160
        34844 '' snk SubVI 34822 frame 22160
        34847 '' snk SubVI 34822 frame 22160
        34850 'error in (no error)' snk SubVI 34822 frame 22160
        22111 '' src Tunnel 22101 frame 22160
        22114 '' src Tunnel 22101 frame 22295
        22121 'z step between images' src SelectorTunnel 22117 frame 22295
        22129 'VISA out' src SelectorTunnel 22124 frame 22295
        21597 'error out' src Tunnel 21595 frame 22013
        21623 'Session Out' src Tunnel 21619 frame 22013
        21644 'data string' src Tunnel 21634 frame 22013
        21657 'Real-space cosine window' src Tunnel 21654 frame 22013
        21675 'Cosine bandpass for Hilbert' src Tunnel 21668 frame 22013
        22029 'Session Out' snk Diagram 22013 frame 22013
        22043 'error out' snk Diagram 22013 frame 22013
        22053 'LastBufferNumber' snk Diagram 22013 frame 22013
        21714 'Session Out' snk Tunnel 21709 frame 22013
        21740 'error out' snk Tunnel 21730 frame 22013
        22064 '' snk Diagram 22013 frame 22013
        21753 '' snk Tunnel 21750 frame 22013
        21769 '# to avg per image' src Tunnel 21764 frame 22013
        21790 '' src Tunnel 21787 frame 22013
        21810 'Array of bead\nx/y pos' src Tunnel 21804 frame 22013
        21821 '' src Tunnel 21818 frame 22013
        21839 'Array of bead\nx/y pos' snk Tunnel 21836 frame 22013
        21851 'Picture' src Tunnel 21848 frame 22013
        21864 '' src Tunnel 21860 frame 22013
        21876 '' src Tunnel 21873 frame 22013
        21897 'cross length' src Tunnel 21891 frame 22013
        21953 'New Image' src Tunnel 21947 frame 22013
        21968 'Value' snk Tunnel 21963 frame 22013
        22354 'reference' snk Property 22351 frame 22325
        22357 'reference out' src Property 22351 frame 22325
        22360 'error in (no error)' snk Property 22351 frame 22325
        22363 'error out' src Property 22351 frame 22325
        22345 'millisecond timer value' src Function 22343 frame 22325
        21599 'error out' src Tunnel 21595 frame 22325
        21625 'Session Out' src Tunnel 21619 frame 22325
        21647 'data string' src Tunnel 21634 frame 22325
        21659 'Real-space cosine window' src Tunnel 21654 frame 22325
        21678 'Cosine bandpass for Hilbert' src Tunnel 21668 frame 22325
        21697 '' src Tunnel 21693 frame 22325
        22037 'Session Out' snk Diagram 22325 frame 22325
        22047 'error out' snk Diagram 22325 frame 22325
        22058 'LastBufferNumber' snk Diagram 22325 frame 22325
        21716 'Session Out' snk Tunnel 21709 frame 22325
        21743 'error out' snk Tunnel 21730 frame 22325
        22068 '' snk Diagram 22325 frame 22325
        21755 '' snk Tunnel 21750 frame 22325
        21772 '# to avg per image' src Tunnel 21764 frame 22325
        21791 '' src Tunnel 21787 frame 22325
        21811 'Array of bead\nx/y pos' src Tunnel 21804 frame 22325
        21824 '' src Tunnel 21818 frame 22325
        21841 'Array of bead\nx/y pos' snk Tunnel 21836 frame 22325
        21853 'Picture' src Tunnel 21848 frame 22325
        21866 '' src Tunnel 21860 frame 22325
        21879 '' src Tunnel 21873 frame 22325
        21900 'cross length' src Tunnel 21891 frame 22325
        21916 'z step between images' src Tunnel 21912 frame 22325
        21932 'VISA out' src Tunnel 21923 frame 22325
        21954 'New Image' src Tunnel 21947 frame 22325
        21981 'position [internal units]' src Tunnel 21977 frame 22325
        22003 'position [internal units]' snk Tunnel 21994 frame 22325
        21648 'data string' src Tunnel 21634 frame 22382
        21660 'Real-space cosine window' src Tunnel 21654 frame 22382
        21681 'Cosine bandpass for Hilbert' src Tunnel 21668 frame 22382
        21698 '' src Tunnel 21693 frame 22382
        21719 'Session Out' snk Tunnel 21709 frame 22382
        21744 'error out' snk Tunnel 21730 frame 22382
        22069 '' snk Diagram 22382 frame 22382
        21756 '' snk Tunnel 21750 frame 22382
        21775 '# to avg per image' src Tunnel 21764 frame 22382
        21792 '' src Tunnel 21787 frame 22382
        21813 'Array of bead\nx/y pos' src Tunnel 21804 frame 22382
        21827 '' src Tunnel 21818 frame 22382
        21842 'Array of bead\nx/y pos' snk Tunnel 21836 frame 22382
        21854 'Picture' src Tunnel 21848 frame 22382
        21867 '' src Tunnel 21860 frame 22382
        21881 '' src Tunnel 21873 frame 22382
        21903 'cross length' src Tunnel 21891 frame 22382
        21917 'z step between images' src Tunnel 21912 frame 22382
        21935 'VISA out' src Tunnel 21923 frame 22382
        21956 'New Image' src Tunnel 21947 frame 22382
        21971 'Value' snk Tunnel 21963 frame 22382
        21983 'position [internal units]' src Tunnel 21977 frame 22382
        22004 'position [internal units]' snk Tunnel 21994 frame 22382
        27960 'reference' snk Property 27951 frame 22650
        27963 'reference out' src Property 27951 frame 22650
        27966 'error in (no error)' snk Property 27951 frame 22650
        27969 'error out' src Property 27951 frame 22650
        22707 '' snk SubVI 22692 frame 22650
        22710 '' snk SubVI 22692 frame 22650
        22713 '' snk SubVI 22692 frame 22650
        22561 'data string' src Tunnel 22559 frame 22650
        22566 'Real-space cosine window' src Tunnel 22564 frame 22650
        22571 'Cosine bandpass for Hilbert' src Tunnel 22569 frame 22650
        22576 '' src Tunnel 22574 frame 22650
        22596 '' src Tunnel 22594 frame 22650
        22601 'Array of bead\nx/y pos' src Tunnel 22599 frame 22650
        22606 '' src Tunnel 22604 frame 22650
        22611 'Array of bead\nx/y pos' snk Tunnel 22609 frame 22650
        22616 'Picture' src Tunnel 22614 frame 22650
        22621 '' src Tunnel 22619 frame 22650
        22626 '' snk Tunnel 22624 frame 22650
        22631 '' src Tunnel 22629 frame 22650
        22636 'Cosine bandpass for Hilbert' src Tunnel 22634 frame 22650
        22641 'cross length' src Tunnel 22639 frame 22650
        23624 '' src Tunnel 23622 frame 23714
        23631 'Cosine bandpass for Hilbert' src SelectorTunnel 23629 frame 23714
        23638 'Real-space cosine window' src SelectorTunnel 23636 frame 23714
        23673 '' src SelectorTunnel 23671 frame 23714
        23694 'data string' src SelectorTunnel 23692 frame 23714
        23701 'Image Out' src SelectorTunnel 23699 frame 23714
        23708 'cross length' src SelectorTunnel 23706 frame 23714
        23821 '' snk SubVI 23812 frame 23729
        23824 '' snk SubVI 23812 frame 23729
        23827 '' snk SubVI 23812 frame 23729
        23830 '' snk SubVI 23812 frame 23729
        23833 '' snk SubVI 23812 frame 23729
        23836 '' snk SubVI 23812 frame 23729
        23854 '' snk SubVI 23812 frame 23729
        23857 '' snk SubVI 23812 frame 23729
        23866 '' snk SubVI 23812 frame 23729
        23869 '' snk SubVI 23812 frame 23729
        23872 '' snk SubVI 23812 frame 23729
        23884 '' snk SubVI 23812 frame 23729
        23887 '' snk SubVI 23812 frame 23729
        23890 '' snk SubVI 23812 frame 23729
        23893 '' snk SubVI 23812 frame 23729
        23896 '' snk SubVI 23812 frame 23729
        23625 '' src Tunnel 23622 frame 23729
        24179 '' snk SubVI 24170 frame 24013
        24182 '' snk SubVI 24170 frame 24013
        24191 '' snk SubVI 24170 frame 24013
        24194 '' snk SubVI 24170 frame 24013
        24212 '' snk SubVI 24170 frame 24013
        24215 '' snk SubVI 24170 frame 24013
        24224 '' snk SubVI 24170 frame 24013
        24227 '' snk SubVI 24170 frame 24013
        24230 '' snk SubVI 24170 frame 24013
        24242 '' snk SubVI 24170 frame 24013
        24254 '' snk SubVI 24170 frame 24013
        23626 '' src Tunnel 23622 frame 24013
        24824 '' snk SubVI 24815 frame 24449
        24827 '' snk SubVI 24815 frame 24449
        24830 '' snk SubVI 24815 frame 24449
        24833 '' snk SubVI 24815 frame 24449
        24836 '' snk SubVI 24815 frame 24449
        24839 '' snk SubVI 24815 frame 24449
        24857 '' snk SubVI 24815 frame 24449
        24860 '' snk SubVI 24815 frame 24449
        24869 '' snk SubVI 24815 frame 24449
        24872 '' snk SubVI 24815 frame 24449
        24875 '' snk SubVI 24815 frame 24449
        24887 '' snk SubVI 24815 frame 24449
        24890 '' snk SubVI 24815 frame 24449
        24893 '' snk SubVI 24815 frame 24449
        24896 '' snk SubVI 24815 frame 24449
        24899 '' snk SubVI 24815 frame 24449
        24665 '' snk SubVI 24656 frame 24449
        24668 '' snk SubVI 24656 frame 24449
        24677 '' snk SubVI 24656 frame 24449
        24680 '' snk SubVI 24656 frame 24449
        24698 '' snk SubVI 24656 frame 24449
        24701 '' snk SubVI 24656 frame 24449
        24710 '' snk SubVI 24656 frame 24449
        24713 '' snk SubVI 24656 frame 24449
        24716 '' snk SubVI 24656 frame 24449
        24728 '' snk SubVI 24656 frame 24449
        24740 '' snk SubVI 24656 frame 24449
        23627 '' src Tunnel 23622 frame 24449
        23287 '' snk SubVI 23278 frame 22847
        23290 '' snk SubVI 23278 frame 22847
        23299 '' snk SubVI 23278 frame 22847
        23302 '' snk SubVI 23278 frame 22847
        23320 '' snk SubVI 23278 frame 22847
        23323 '' snk SubVI 23278 frame 22847
        23332 '' snk SubVI 23278 frame 22847
        23335 '' snk SubVI 23278 frame 22847
        23338 '' snk SubVI 23278 frame 22847
        23350 '' snk SubVI 23278 frame 22847
        23362 '' snk SubVI 23278 frame 22847
        23128 '' snk SubVI 23119 frame 22847
        23131 '' snk SubVI 23119 frame 22847
        23140 '' snk SubVI 23119 frame 22847
        23143 '' snk SubVI 23119 frame 22847
        23161 '' snk SubVI 23119 frame 22847
        23164 '' snk SubVI 23119 frame 22847
        23173 '' snk SubVI 23119 frame 22847
        23176 '' snk SubVI 23119 frame 22847
        23179 '' snk SubVI 23119 frame 22847
        23191 '' snk SubVI 23119 frame 22847
        23203 '' snk SubVI 23119 frame 22847
        22791 '' src Tunnel 22789 frame 22847
        22547 'error out' src Tunnel 22544 frame 22780
        22552 'error out' snk Tunnel 22549 frame 22780
        22557 '' src Tunnel 22554 frame 22780
        22577 '' src Tunnel 22574 frame 22780
        22582 'Session Out' src Tunnel 22579 frame 22780
        22587 'LastBufferNumber' src Tunnel 22584 frame 22780
        22592 'Session Out' snk Tunnel 22589 frame 22780
        22597 '' src Tunnel 22594 frame 22780
        22647 'New Image' src Tunnel 22644 frame 22780
        22438 '' src Tunnel 22436 frame 22532
        21604 'error out' src Tunnel 21595 frame 22427
        21627 'Session Out' src Tunnel 21619 frame 22427
        21700 '' src Tunnel 21693 frame 22427
        21757 '' snk Tunnel 21750 frame 22427
        21919 'z step between images' src Tunnel 21912 frame 22427
        21938 'VISA out' src Tunnel 21923 frame 22427
        21972 'Value' snk Tunnel 21963 frame 22427
        21984 'position [internal units]' src Tunnel 21977 frame 22427
        22006 'position [internal units]' snk Tunnel 21994 frame 22427
        25307 'disabled index (page)' snk IndexArray 25299 frame 25290
        25313 'disabled index (col)' snk IndexArray 25299 frame 25290
        25327 '' snk Tunnel 25328 frame 25290
        25351 '' src Diagram 25345 frame 25345
        25351 '' src Diagram 25345 frame 25345
        25330 '' src Tunnel 25328 frame 25345
        25277 '' src Tunnel 25275 frame 25290
        21609 'error out' src Tunnel 21595 frame 25266
        21629 'Session Out' src Tunnel 21619 frame 25266
        21651 'data string' src Tunnel 21634 frame 25266
        21663 'Real-space cosine window' src Tunnel 21654 frame 25266
        21687 'Cosine bandpass for Hilbert' src Tunnel 21668 frame 25266
        21703 '' src Tunnel 21693 frame 25266
        21725 'Session Out' snk Tunnel 21709 frame 25266
        21747 'error out' snk Tunnel 21730 frame 25266
        22041 'Session Out' src Diagram 25266 frame 25266
        22052 'error out' src Diagram 25266 frame 25266
        22062 'LastBufferNumber' src Diagram 25266 frame 25266
        21781 '# to avg per image' src Tunnel 21764 frame 25266
        21815 'Array of bead\nx/y pos' src Tunnel 21804 frame 25266
        21833 '' src Tunnel 21818 frame 25266
        21845 'Array of bead\nx/y pos' snk Tunnel 21836 frame 25266
        21857 'Picture' src Tunnel 21848 frame 25266
        21870 '' src Tunnel 21860 frame 25266
        21886 '' src Tunnel 21873 frame 25266
        21909 'cross length' src Tunnel 21891 frame 25266
        21920 'z step between images' src Tunnel 21912 frame 25266
        21941 'VISA out' src Tunnel 21923 frame 25266
        21958 'New Image' src Tunnel 21947 frame 25266
        21974 'Value' snk Tunnel 21963 frame 25266
        21988 'position [internal units]' src Tunnel 21977 frame 25266
        22007 'position [internal units]' snk Tunnel 21994 frame 25266
        21319 '' src Tunnel 21314 frame 21577
        35556 'error out' src SubVI 35532 frame 25769
        35559 '' snk SubVI 35532 frame 25769
        35562 '' snk SubVI 35532 frame 25769
        35565 'VISA out' src SubVI 35532 frame 25769
        35568 '' snk SubVI 35532 frame 25769
        35571 '' snk SubVI 35532 frame 25769
        35574 '' snk SubVI 35532 frame 25769
        35577 'error in (no error)' snk SubVI 35532 frame 25769
        25783 'index' snk GrowableFunction 25775 frame 25769
        25789 'index' snk GrowableFunction 25775 frame 25769
        25792 'length' snk GrowableFunction 25775 frame 25769
        25956 'color table' snk SubVI 25950 frame 25890
        25965 'pic of cal image' src SubVI 25950 frame 25890
        25933 'initial string' snk FormatScanString 25928 frame 25890
        25939 'error in' snk FormatScanString 25928 frame 25890
        25942 'error out' src FormatScanString 25928 frame 25890
        25918 'disabled index (page)' snk IndexArray 25910 frame 25890
        25924 'disabled index (col)' snk IndexArray 25910 frame 25890
        25855 '' src Tunnel 25853 frame 25890
        20918 'error out' src FlatSequenceInnerTunnel 20915 frame 25769
        26399 'cross length' src NamedUnbundler 26388 frame 26117
        26617 'error out' src ReadWriteFile 26615 frame 26117
        26620 'cancelled' src ReadWriteFile 26615 frame 26117
        26626 'prepend array or string size? (T)' snk ReadWriteFile 26615 frame 26117
        26632 'error in' snk ReadWriteFile 26615 frame 26117
        26635 'byte order (0:big-endian, network order)' snk ReadWriteFile 26615 frame 26117
        26641 'file (use dialog)' snk ReadWriteFile 26615 frame 26117
        25677 'Low bandpass' src FlatSequenceInnerTunnel 25675 frame 26117
        25685 'High bandpass' src FlatSequenceInnerTunnel 25683 frame 26117
        25693 'forget radius' src FlatSequenceInnerTunnel 25691 frame 26117
        25701 'Low bandpass' src FlatSequenceInnerTunnel 25699 frame 26117
        25709 'High bandpass' src FlatSequenceInnerTunnel 25707 frame 26117
        25717 'forget radius' src FlatSequenceInnerTunnel 25715 frame 26117
        25725 '2-sided cal image' src FlatSequenceInnerTunnel 25723 frame 26117
OBJ keys ['class', 'owner', 'pos', 'uid']
TERM keys ['frame_diagram', 'is_source', 'owner_class', 'owner_uid', 'term_class', 'term_name', 'term_uid', 'wire_uid']
TERM CIN LoopTunnel 2 [(1615, 1605, True, 1420, 686), (1607, 1605, False, 3747, 639)]
TERM CIN RightShiftRegister 2 [(27103, 27039, True, 0, 686), (27084, 27039, False, 3747, 639)]
TERM CIN LeftShiftRegister 2 [(27122, 27056, False, 39296, 686), (27119, 27056, True, 27167, 639)]
TERM CIN SelectorTunnel 6 [(3312, 3078, False, 3747, 639), (3080, 3078, True, 0, 3227), (3309, 3078, True, 3051, 3292), (2194, 2179, False, 3747, 639), (2182, 2179, True, 817, 206), (2188, 2179, True, 0, 253)]
TERM CIN SubVI 1 [(6897, 6810, True, 3747, 639)]
TERM CIN Diagram 1 [(34217, 639, False, 3747, 639)]
RESULT {"schema":"result-line/1","status":"PASS","gates":{"pass":0,"fail":0},"first_fail":null,"artefacts":[]}
BGRUN END rc=0 after 1s
