BGRUN START 2026-09-07 02:20:06 limit 6.0 min: py -u -c 
import sys, os; sys.path.insert(0,'tools'); import gscript as g; g._lv=None
BG=r'G:\Codes\LabVIEW_Codes\MinLab\zz_LabView VI\background VIs'
def probe(p, names):
    vi=g.lv().GetVIReference(p, '', False)
    for n in names:
        try: v=vi.GetControlValue(n); s=repr(v); print('   %r -> %s %s'%(n, type(v).__name__, s[:160] + ('...(%d chars)'%len(s) if len(s)>160 else '')), flush=True)
        except Exception: pass
print('== Load and prep N cal images.vi', flush=True)
probe(os.path.join(BG,'Load and prep N cal images.vi'), ['# of beads','cross size','start path','bandpass/forget array','input cluster','Array of cal clusters','cal image array','forget radius','LOW bandpass\n(mode)','HIGH bandpass\n(mode)','# avg per slice','# slices in stack','obj step between slices','Cosine bandpass','selected path','Raw cal image','cal-file refnum','error in (no error)','error out','# of points (cross size)'])
print('== Track N beads four-fold over-kernel-v3.vi', flush=True)
probe(os.path.join(BG,'Track N beads four-fold over-kernel-v3.vi'), ['Array of cal clusters','cross size','Bead is good? array in','pos in cal image in','Cosine bandpass\nfor Hilbert ','Real-space cosine window','x,y,z array','4 pack remainder','# of bead 4 packs'])
print('== working copy front panel (saved values)', flush=True)
W=r'G:\Codes\LabVIEW_Codes\MinLab\zz_LabView VI\AAA_UNIST\2. Tracking\Min_Track N beads V6_ParallelLoop.vi'
probe(W, ['cross size','Cal File Path','Track File Path','# of beads','forget radius','LOW bandpass\n(mode)','HIGH bandpass\n(mode)','bandpass/forget array','Number of beads','N beads','# beads','obj step between slices','# slices in stack','# avg per slice','Bead is good? array in','first image number','current image number','Frame rate','Exposure'])

== Load and prep N cal images.vi
   '# of beads' -> int 0
   'cross size' -> int 0
   'Array of cal clusters' -> tuple ()
   '# slices in stack' -> int 0
   'cal-file refnum' -> int 0
== Track N beads four-fold over-kernel-v3.vi
   'Array of cal clusters' -> tuple ()
   'cross size' -> int 128
   'Bead is good? array in' -> tuple ()
   'pos in cal image in' -> tuple ()
   'Cosine bandpass\nfor Hilbert ' -> tuple ()
   'Real-space cosine window' -> tuple ()
   'x,y,z array' -> tuple ()
   '4 pack remainder' -> int 0
   '# of bead 4 packs' -> int 0
== working copy front panel (saved values)
   'Cal File Path' -> str ''
   'Track File Path' -> str ''
   'current image number' -> int 0
   'Frame rate' -> int 25
BGRUN END rc=0 after 21s
BGRUN START 2026-09-07 02:22:58 limit 8.0 min: py -u tools/recipes/build_opfplabels.py

== 1 strip to skeleton
   predict: Wires [106,1066]; ExecState 0
   observed: ([(1066, (576, 303)), (106, (245, 260))], 0)

== 2a PN VI.Front Panel
   predict: +1 Property
   observed: [{'i': 0, 'class': 'Property', 'uid': 112, 'pos': (426, 300), 'owner': 'TopLevelDiagram'}]

== 2b OpenVIRef -> PN1.reference
   predict: accepted
   observed: 3

== 2c PN Panel.Controls[]
   predict: +1 Property
   observed: [{'i': 0, 'class': 'Property', 'uid': 113, 'pos': (523, 300), 'owner': 'TopLevelDiagram'}]

== 2d PN1 output -> PN2.reference
   predict: one name accepted
   observed: ('Panel', 4)

== 2e PN2.Controls[] -> IA308.array
   predict: accepted
   observed: ('Controls[]', 5)

== 3a PN Control [Label, Indicator]
   predict: +1 Property
   observed: [{'i': 0, 'class': 'Property', 'uid': 114, 'pos': (704, 300), 'owner': 'TopLevelDiagram'}]

== 3b IA308.element -> PN3.reference (Control-typed)
   predict: Wire +1
   observed: 6

== 3c PN Text.Text
   predict: +1 Property
   observed: [{'i': 0, 'class': 'Property', 'uid': 115, 'pos': (853, 300), 'owner': 'TopLevelDiagram'}]

== 3d PN3.Label -> PN4.reference
   predict: Wire +1
   observed: 7
   ExecState before indicators 1
   PN4 terminal 4: new [(242, (919, 307))] 'Text' readable=True
   PN3 terminal 5: new [(257, (765, 323))] 'Indicator' readable=True
assembled Wires 9 ExecState 1

== 5 COM save
   predict: size > 0
   observed: 9485
front panel of Load and prep N cal images.vi
   [0] IND  'cal-file refnum'
   [1] IND  '# slices in stack'
   [2] IND  '# of beads'
   [3] IND  'x,y,(blankz) array'
   [4] IND  'exp/ref array'
   [5] IND  'cross size'
   [6] IND  'Array of cal clusters'
   [7] end (run blocked behind a modal dialog (dismi)
BGRUN END rc=0 after 80s
BGRUN START 2026-09-07 02:25:28 limit 8.0 min: py -u -c 
import sys, os; sys.path.insert(0,'tools'); import gscript as g; g._lv=None; g._run.__defaults__=(6.0,45.0)
L=r'G:\Codes\LabVIEW_Codes\MinLab\zz_LabView VI\background VIs\Load and prep N cal images.vi'
for c in ('SubVI','Function','Constant','ControlTerminal','Structure','Property','Invoke','ExpressVI','Node'):
    try: print(c, [(o['uid'],o['pos'])+((o['class'],) if c in ('Constant','Node') else ()) for o in g.report(L,c)], flush=True)
    except Exception as e: print(c, 'ERR', str(e)[:80], flush=True)
print('Wires', g.count(L,'Wire'), 'ExecState', g.exec_state(L), flush=True)

SubVI [(1031, (-345, 44)), (609, (203, 150)), (43, (203, 203))]
Function [(692, (2, 169)), (647, (-131, 156)), (621, (-548, 448)), (1138, (130, 305)), (1108, (-9, 264)), (458, (-3, 350)), (769, (51, 345)), (539, (-131, 281)), (738, (-329, 250))]
Constant [(86, (118, 209), 'DigitalNumericConstant'), (151, (118, 258), 'DigitalNumericConstant'), (543, (118, 168), 'DigitalNumericConstant'), (468, (-88, 294), 'DigitalNumericConstant'), (540, (-88, 350), 'DigitalNumericConstant'), (196, (-21, 308), 'DigitalNumericConstant'), (673, (-590, 136), 'ClusterConstant'), (657, (138, 164), 'DigitalNumericConstant'), (1171, (91, 161), 'ArrayConstant'), (1192, (94, 164), 'DigitalNumericConstant'), (1163, (140, 129), 'StringConstant'), (1153, (112, 22), 'DigitalNumericConstant'), (1140, (120, 101), 'DigitalNumericConstant'), (1095, (34, 117), 'ArrayConstant'), (1130, (37, 120), 'DigitalNumericConstant'), (1086, (111, 60), 'DigitalNumericConstant'), (932, (31, 62), 'ArrayConstant'), (1078, (34, 65), 'DigitalNumericConstant'), (763, (31, 14), 'ArrayConstant'), (910, (34, 17), 'DigitalNumericConstant'), (638, (-584, 457), 'BooleanConstant'), (653, (-88, 169), 'DigitalNumericConstant'), (704, (-466, 37), 'PathConstant'), (1116, (-531, -30), 'StringConstant')]
ControlTerminal [(259, (-286, 109)), (420, (-131, 212)), (182, (375, 73)), (911, (270, 327)), (395, (-131, 395)), (695, (47, 52)), (1506, (375, 141))]
Structure [(231, (47, 106))]
Property []
Invoke []
ExpressVI ERR report(ExpressVI) on Load and prep N cal images.vi: error 1092: Invoke Node in T
Node [(1031, (-345, 44), 'SubVI'), (692, (2, 169), 'Function'), (802, (-64, 157), 'IndexArray'), (647, (-131, 156), 'Function'), (621, (-548, 448), 'Function'), (1138, (130, 305), 'Function'), (1108, (-9, 264), 'Function'), (458, (-3, 350), 'Function'), (751, (47, 309), 'BuildArray'), (5, (3, 308), 'GrowableFunction'), (769, (51, 345), 'Function'), (689, (-64, 338), 'IndexArray'), (611, (-64, 282), 'IndexArray'), (539, (-131, 281), 'Function'), (410, (203, 333), 'GrowableFunction'), (231, (47, 106), 'ForLoop'), (609, (203, 150), 'SubVI'), (542, (142, 156), 'IndexArray'), (163, (142, 246), 'IndexArray'), (98, (142, 197), 'IndexArray'), (105, (270, 132), 'Bundler'), (43, (203, 203), 'SubVI'), (771, (-290, 205), 'NamedUnbundler'), (738, (-329, 250), 'ReadWriteFile')]
Wires 49 ExecState 1
BGRUN END rc=0 after 16s
BGRUN START 2026-09-07 02:25:44 limit 8.0 min: py -u tools/recipes/build_opnodeinfo.py

== 1 strip to skeleton
   predict: Wires [106,1066]; ExecState 0
   observed: ([(1066, (576, 303)), (106, (245, 260))], 0)

== 2a PN VI.Front Panel
   predict: +1 Property
   observed: [{'i': 0, 'class': 'Property', 'uid': 112, 'pos': (426, 300), 'owner': 'TopLevelDiagram'}]

== 2b OpenVIRef -> PN1.reference
   predict: accepted
   observed: 3

== 2c PN Panel.Controls[]
   predict: +1 Property
   observed: [{'i': 0, 'class': 'Property', 'uid': 113, 'pos': (519, 300), 'owner': 'TopLevelDiagram'}]

== 2d PN1 output -> PN2.reference
   predict: one name accepted
   observed: ('Diagram', 4)

== 2e PN2.Controls[] -> IA308.array
   predict: accepted
   observed: ('Nodes[]', 5)

== 3a PN Control [Label, Indicator]
   predict: +1 Property
   observed: [{'i': 0, 'class': 'Property', 'uid': 114, 'pos': (697, 300), 'owner': 'TopLevelDiagram'}]

== 3b IA308.element -> PN3.reference (Control-typed)
   predict: Wire +1
   observed: 6

== 3c PN Text.Text
   predict: +1 Property
   observed: [{'i': 0, 'class': 'Property', 'uid': 115, 'pos': (853, 300), 'owner': 'TopLevelDiagram'}]

== 3d PN3.Label -> PN4.reference
   predict: Wire +1
   observed: 7
   ExecState before indicators 1
   PN4 terminal 4: new [(242, (919, 307))] 'Text' readable=True
   PN3 terminal 5: new [(257, (775, 323))] 'Indicator' readable=True
assembled Wires 9 ExecState 1

== 5 COM save
   predict: size > 0
   observed: 9401
block-diagram nodes of Load and prep N cal images.vi
   [0] style='Request Deallocation' label='Request Deallocation'
   [1] style='Read from Binary File' label='Read from Binary File'
   [2] style='Unbundle By Name' label='Unbundle By Name'
   [3] style='Transpose 2D Array' label='Transpose 2D Array'
   [4] style='Array Size' label='Array Size'
   [5] style='Index Array' label='Index Array'
   [6] style='Index Array' label='Index Array'
   [7] style='Initialize Array' label='Initialize Array'
   [8] style='Build Array' label='Build Array'
   [9] style='Transpose 2D Array' label='Transpose 2D Array'
   [10] style='Array Size' label='Array Size'
   [11] style='Index Array' label='Index Array'
   [12] style='Increment' label='Increment'
   [13] style='Increment' label='Increment'
   [14] style='Multiply' label='Multiply'
   [15] style='Reshape Array' label='Reshape Array'
   [16] style='For Loop' label='For Loop'
   [17] style='File Dialog' label='File Dialog'
   [18] end (run blocked behind a modal dialog (dismi)
BGRUN END rc=0 after 25s
BGRUN START 2026-09-07 02:27:16 limit 12.0 min: py -u -c 
import sys, os; sys.path.insert(0,'tools'); import gscript as g; g._lv=None; g._run.__defaults__=(6.0,45.0)
BG=r'G:\Codes\LabVIEW_Codes\MinLab\zz_LabView VI\background VIs'
W=r'G:\Codes\LabVIEW_Codes\MinLab\zz_LabView VI\AAA_UNIST\2. Tracking\Min_Track N beads V6_ParallelLoop.vi'
for p,mx in ((os.path.join(BG,'make both cosine bandpass.vi'),40),(os.path.join(BG,'Track N beads four-fold over-kernel-v3.vi'),40),(os.path.join(g.CLAUDEDEV,'PARALLEL_kernel_v3.vi'),40),(W,400)):
    r=g.fp_labels(p,mx); print('== FP of', os.path.basename(p), len(r), 'objects', flush=True)
    for i,lab,ind in r: print('   [%d] %s %r'%(i,'IND ' if ind else 'CTRL',lab), flush=True)

== FP of make both cosine bandpass.vi 3 objects
   [0] IND  'Cosine bandpass for Hilbert'
   [1] IND  'Real-space cosine window'
   [2] CTRL 'cross length'
== FP of Track N beads four-fold over-kernel-v3.vi 13 objects
   [0] IND  'pos in cal image out'
   [1] CTRL 'x,y,z array'
   [2] CTRL 'Image In'
   [3] IND  'x,y,z array out'
   [4] CTRL 'Real-space cosine window'
   [5] CTRL 'Cosine bandpass\nfor Hilbert '
   [6] CTRL '# of bead 4 packs'
   [7] CTRL 'pos in cal image in'
   [8] CTRL 'Bead is good? array in'
   [9] IND  'Bead is good? array out'
   [10] CTRL '4 pack remainder'
   [11] CTRL 'cross size'
   [12] CTRL 'Array of cal clusters'
== FP of PARALLEL_kernel_v3.vi 13 objects
   [0] IND  'pos in cal image out'
   [1] CTRL 'x,y,z array'
   [2] CTRL 'Image In'
   [3] IND  'x,y,z array out'
   [4] CTRL 'Real-space cosine window'
   [5] CTRL 'Cosine bandpass\nfor Hilbert '
   [6] CTRL '# of bead 4 packs'
   [7] CTRL 'pos in cal image in'
   [8] CTRL 'Bead is good? array in'
   [9] IND  'Bead is good? array out'
   [10] CTRL '4 pack remainder'
   [11] CTRL 'cross size'
   [12] CTRL 'Array of cal clusters'
== FP of Min_Track N beads V6_ParallelLoop.vi 114 objects
   [0] CTRL 'stop (end)'
   [1] IND  'Total Lost Frames'
   [2] CTRL 'Focus Step (F1)'
   [3] CTRL '+ Inc (PgUp)'
   [4] CTRL '- Inc (PgDn)'
   [5] IND  'File Size'
   [6] IND  'error out 2'
   [7] IND  'File # Saved'
   [8] IND  'file progress'
   [9] IND  'Missing Frames?'
   [10] IND  'Pos within cal image'
   [11] CTRL 'continue tracking'
   [12] IND  'Image'
   [13] CTRL 'Reset Tracking'
   [14] IND  'exp/ref \narray'
   [15] CTRL 'Send'
   [16] CTRL 'Rot step (turns)'
   [17] CTRL 'HOME'
   [18] IND  'Rot pos (deg)'
   [19] IND  'Max Trans Pos'
   [20] CTRL 'Z/dZ'
   [21] CTRL 'Correction Factor'
   [22] CTRL 'Trans Speed (mm/s)'
   [23] CTRL 'Stop Trans'
   [24] IND  'Force (pN) vs Extension (nm) '
   [25] CTRL '# FD points'
   [26] CTRL 'Lc'
   [27] CTRL 'Lp'
   [28] CTRL 'Baseline'
   [29] CTRL 'Exp Baseline'
   [30] IND  'Pos: Diffraction Pattern'
   [31] CTRL 'Fix to a Certain Pattern'
   [32] IND  'Focus Pos (Track)'
   [33] CTRL 'Focus Deviation from the Center'
   [34] IND  'Width'
   [35] IND  'Height'
   [36] IND  'min value'
   [37] CTRL 'Auto-Reset'
   [38] CTRL 'Auto-Focus'
   [39] IND  '# of Auto-Reset'
   [40] CTRL 'Auto-reset zero'
   [41] IND  'Lost Frame Message'
   [42] CTRL '# of Points'
   [43] CTRL 'Autoreference? 1=Y'
   [44] CTRL 'If no: current pos z?'
   [45] CTRL 'Current pos rot?'
   [46] CTRL 'Set Focus  (0->50)'
   [47] CTRL 'Limit of Program'
   [48] CTRL 'Limit of Auto-Focus'
   [49] CTRL 'stop (end) 2'
   [50] IND  'Start Moving?'
   [51] IND  'Reached clamp'
   [52] IND  'SubCycle'
   [53] CTRL 'Set # of Cycles'
   [54] CTRL 'Start Cycles'
   [55] IND  'Initial Time at Start'
   [56] IND  'Estimated end time (min)'
   [57] IND  'Time span after start (min)'
   [58] CTRL 'Switch'
   [59] IND  'Cycle Start Time'
   [60] CTRL '+ -> Lc'
   [61] CTRL 'x -> Lc'
   [62] CTRL 'pixel distance (nm)'
   [63] CTRL 'Cross length (pixels)'
   [64] CTRL 'z step (um)'
   [65] CTRL '# to avg per image'
   [66] CTRL '# images in stack'
   [67] CTRL 'Focus Pos (Start)'
   [68] IND  'color table string'
   [69] IND  'Color table'
   [70] CTRL '1 L-Turn'
   [71] CTRL '1 R-Turn'
   [72] CTRL 'Rot Step (deg) '
   [73] CTRL 'Rot \nSpeed'
   [74] CTRL 'Send to Rot'
   [75] CTRL '- Cal Zero'
   [76] CTRL '+ Cal Zero'
   [77] CTRL 'Trans Step (mm)'
   [78] CTRL 'Send to Trans'
   [79] CTRL 'Done Picking \nBeads?'
   [80] IND  'Bead Pos'
   [81] IND  'Waveform Graph'
   [82] IND  'Focus Pos (Cal)'
   [83] IND  'Picture'
   [84] IND  'Intensity vs Radius'
   [85] IND  'size(s)'
   [86] IND  'output cluster'
   [87] IND  'Trans Pos (mm)'
   [88] IND  'Max Travel Limit'
   [89] IND  'Cal Zero'
   [90] IND  'Cal File Path'
   [91] IND  'Track File Path'
   [92] CTRL 'Count'
   [93] CTRL 'Mp measure freq'
   [94] CTRL 'Force\nsmoothing\nhalf-width'
   [95] CTRL 'Extension\nmedian filter\nhalf-width'
   [96] IND  'Extension (nm) vs Time (Frame #)'
   [97] CTRL '# DT points'
   [98] CTRL 'Frame rate'
   [99] IND  'Total cycle #'
   [100] IND  'RotationVISA'
   [101] IND  'IMAQimage'
   [102] IND  'CamSessionOut'
   [103] IND  'current image number'
   [104] IND  'TurnOff'
   [105] CTRL 'CycleSchedule'
   [106] IND  'Mag Position'
   [107] CTRL 'NumCol'
   [108] IND  'x < y?'
   [109] IND  'Target'
   [110] IND  'Value'
   [111] IND  'abs(x)'
   [112] IND  'Value 2'
   [113] IND  'Value 3'
BGRUN END rc=0 after 159s
BGRUN START 2026-09-07 02:31:15 limit 6.0 min: py -u -c 
import sys, os; sys.path.insert(0,'tools'); import gscript as g; g._lv=None
W=r'G:\Codes\LabVIEW_Codes\MinLab\zz_LabView VI\AAA_UNIST\2. Tracking\Min_Track N beads V6_ParallelLoop.vi'
vi=g.lv().GetVIReference(W,'',False)
for n in ('Cross length (pixels)','pixel distance (nm)','z step (um)','# to avg per image','# images in stack','Cal File Path','Track File Path','Frame rate','Focus Pos (Track)','Focus Pos (Start)','Correction Factor','Auto-Focus','Auto-Reset','Fix to a Certain Pattern','# of Points','Count','NumCol'):
    try: v=vi.GetControlValue(n); print('   %r = %r'%(n, v if not isinstance(v,(tuple,list)) else ('len',len(v))), flush=True)
    except Exception as e: print('   %r ERR %s'%(n,str(e)[:50]), flush=True)

   'Cross length (pixels)' = 120.0
   'pixel distance (nm)' = 84.0
   'z step (um)' = 0.1
   '# to avg per image' = 20.0
   '# images in stack' = 60.0
   'Cal File Path' = ''
   'Track File Path' = ''
   'Frame rate' = 25
   'Focus Pos (Track)' = 0.0
   'Focus Pos (Start)' = 0.0
   'Correction Factor' = 0.88
   'Auto-Focus' = True
   'Auto-Reset' = True
   'Fix to a Certain Pattern' = True
   '# of Points' = 2000000.0
   'Count' = 0
   'NumCol' = 0
BGRUN END rc=0 after 1s
BGRUN START 2026-09-07 02:31:16 limit 10.0 min: py -u tools/recipes/build_harness_loadcal.py
nodes 18 File Dialog = 17 Read from Binary File = 1 ExecState 1
dialog SubVI {'i': 0, 'class': 'SubVI', 'uid': 1031, 'pos': (-345, 44), 'owner': 'TopLevelDiagram'}
wires near the dialog: [(1212, (-328, 44)), (42, (-304, 125))]

== 2 delete File Dialog + its wires
   predict: ExecState 1 (file input optional)
   observed: (47, 0)
STOP: broken after dialog removal (a dangling wire not in the candidate box) - not saving
   wires now: [(725, (48, 132)), (757, (48, 140)), (41, (52, 111)), (80, (163, 133)), (152, (48, 141)), (213, (163, 167)), (29, (163, 159)), (815, (122, 174)), (789, (122, 264)), (480, (122, 215)), (211, (48, 162)), (509, (48, 147)), (982, (295, 157)), (299, (224, 173)), (296, (224, 152)), (293, (224, 157)), (290, (224, 149)), (1216, (-454, -24)), (796, (-423, 39)), (172, (-213, 191)), (1242, (14, 68)), (1220, (-43, 176)), (1214, (-84, 175)), (1115, (-110, 163)), (933, (-214, 146)), (656, (-579, 461)), (406, (-213, 290)), (780, (-465, 230)), (963, (224, 343)), (1156, (151, 314)), (1132, (12, 273)), (997, (9, 357)), (210, (68, 314)), (6, (24, 318)), (257, (-213, 273)), (457, (-43, 301)), (449, (-17, 314)), (745, (63, 352)), (697, (-43, 357)), (812, (-84, 356)), (530, (-84, 300)), (448, (-110, 288)), (216, (314, 89)), (1075, (313, 156)), (833, (-213, 254)), (143, (-213, 203)), (784, (-304, 258))]
BGRUN END rc=2 after 16s
BGRUN START 2026-09-07 02:42:19 limit 10.0 min: py -u tools/recipes/build_harness_loadcal.py
nodes 18 File Dialog = 17 Read from Binary File = 1 ExecState 1
dialog SubVI {'i': 0, 'class': 'SubVI', 'uid': 1031, 'pos': (-345, 44), 'owner': 'TopLevelDiagram'}
wires left of x=60 (nearest the dialog first): [(42, (-304, 125)), (933, (-214, 146)), (1212, (-328, 44)), (172, (-213, 191)), (143, (-213, 203)), (833, (-213, 254)), (1115, (-110, 163)), (796, (-423, 43)), (257, (-213, 273)), (784, (-304, 258)), (406, (-213, 290)), (1214, (-84, 175)), (1242, (14, 68)), (1220, (-43, 176)), (1216, (-454, -24)), (41, (52, 111)), (448, (-110, 288)), (725, (48, 132)), (757, (48, 140)), (152, (48, 141)), (509, (48, 147)), (780, (-465, 230)), (211, (48, 162)), (530, (-84, 300)), (457, (-43, 301)), (812, (-84, 356)), (1132, (12, 273)), (449, (-17, 314)), (697, (-43, 357)), (6, (24, 318)), (997, (9, 357)), (656, (-579, 461))]
nodes left of x=60: [('SubVI', 1031, (-345, 44)), ('Function', 692, (2, 169)), ('IndexArray', 802, (-64, 157)), ('Function', 647, (-131, 156)), ('Function', 621, (-548, 448)), ('Function', 1108, (-9, 264)), ('Function', 458, (-3, 350)), ('BuildArray', 751, (47, 309)), ('GrowableFunction', 5, (3, 308)), ('Function', 769, (51, 345)), ('IndexArray', 689, (-64, 338)), ('IndexArray', 611, (-64, 282)), ('Function', 539, (-131, 281)), ('ForLoop', 231, (47, 106)), ('NamedUnbundler', 771, (-290, 205)), ('ReadWriteFile', 738, (-329, 250))] controls: [(259, (-286, 109)), (420, (-131, 212)), (395, (-131, 395)), (695, (47, 52))]
dialog deleted; ExecState 0
   removed wire 42 (-304, 125) -> ExecState 0
   removed wire 933 (-214, 146) -> ExecState 0
   removed wire 1212 (-328, 44) -> ExecState 0
   removed wire 172 (-213, 191) -> ExecState 0
   removed wire 143 (-213, 203) -> ExecState 0
   removed wire 833 (-213, 254) -> ExecState 0
   removed wire 1115 (-110, 163) -> ExecState 0
   removed wire 796 (-423, 43) -> ExecState 0
   removed wire 257 (-213, 273) -> ExecState 0
   removed wire 784 (-304, 258) -> ExecState 0
   removed wire 406 (-213, 290) -> ExecState 0
   removed wire 1214 (-84, 175) -> ExecState 0
   removed wire 1242 (14, 68) -> ExecState 0
   removed wire 1220 (-43, 176) -> ExecState 0
   removed wire 1216 (-454, -24) -> ExecState 0
   removed wire 41 (52, 111) -> ExecState 0
   removed wire 448 (-110, 288) -> ExecState 0
   removed wire 725 (48, 132) -> ExecState 0
   removed wire 757 (48, 140) -> ExecState 0
   removed wire 152 (48, 141) -> ExecState 0
   removed wire 509 (48, 147) -> ExecState 0
   removed wire 780 (-465, 230) -> ExecState 0
   removed wire 211 (48, 162) -> ExecState 0
   removed wire 530 (-84, 300) -> ExecState 0
   removed wire 457 (-43, 301) -> ExecState 0
   removed wire 812 (-84, 356) -> ExecState 0
   removed wire 1132 (12, 273) -> ExecState 0
   removed wire 449 (-17, 314) -> ExecState 0
   removed wire 697 (-43, 357) -> ExecState 0
   removed wire 6 (24, 318) -> ExecState 0
   removed wire 997 (9, 357) -> ExecState 0
   removed wire 656 (-579, 461) -> ExecState 0
STOP: still broken after removing [(42, (-304, 125)), (933, (-214, 146)), (1212, (-328, 44)), (172, (-213, 191)), (143, (-213, 203)), (833, (-213, 254)), (1115, (-110, 163)), (796, (-423, 43)), (257, (-213, 273)), (784, (-304, 258)), (406, (-213, 290)), (1214, (-84, 175)), (1242, (14, 68)), (1220, (-43, 176)), (1216, (-454, -24)), (41, (52, 111)), (448, (-110, 288)), (725, (48, 132)), (757, (48, 140)), (152, (48, 141)), (509, (48, 147)), (780, (-465, 230)), (211, (48, 162)), (530, (-84, 300)), (457, (-43, 301)), (812, (-84, 356)), (1132, (12, 273)), (449, (-17, 314)), (697, (-43, 357)), (6, (24, 318)), (997, (9, 357)), (656, (-579, 461))] - not saving
BGRUN END rc=2 after 63s
BGRUN START 2026-09-07 02:44:17 limit 6.0 min: py -u tools/recipes/build_opremovebadwires.py
skeleton Wires 1 ExecState 1
invoke (390, 300) wire ref: 2 wire err: 3 ExecState 1
saved 8531
target after node delete: Wires 28 ExecState 0
after Remove Bad Wires (0.02s): Wires 27 ExecState 0
scratch deleted
BGRUN END rc=0 after 14s
BGRUN START 2026-09-07 02:44:32 limit 10.0 min: py -u tools/recipes/build_harness_loadcal.py
nodes 18 File Dialog = 17 Read from Binary File = 1 ExecState 1
dialog SubVI {'i': 0, 'class': 'SubVI', 'uid': 1031, 'pos': (-345, 44), 'owner': 'TopLevelDiagram'}
dialog deleted; ExecState 0
Remove Bad Wires (scripted): (46, 1) (wires before 49 )
   Read terminal 0: new [(927, (-351, 331))] label='error out'
   Read terminal 1: new [(548, (-349, 320))] label='cancelled'
   Read terminal 2: new [(1224, (-350, 329))] label='data'
   Read terminal 3: new [(212, (-350, 321))] label='refnum out'
   Read terminal 4: new [(1224, (-367, 196))] label='data type'
   Read terminal 5: new [(548, (-375, 196))] label='prompt (Open existing file)'
   Read terminal 6: new [(927, (-375, 328))] label='error in'
   Read terminal 7: new [(555, (-375, 251))] label='byte order (0:big-endian, network order)'
   Read terminal 8: new [(555, (-375, 332))] label='count (1)'
   Read terminal 9: new [(559, (-373, 304))] label='file (use dialog)'
path control (9, 'file (use dialog)') ExecState 1

== 4 COM save
   predict: size > 0
   observed: 22995
run 0.05s
   # of beads = 5
   cross size = 120
   # slices in stack = 60
   x,y,(blankz) array = (708.0, 301.0, 0.0, 392.0, 266.0, 0.0, 310.0, 448.0, 0.0, 791.0, 509.0, 0.0, 1072.0, 825.0, 0.0)
   exp/ref array = (0, 1, 1, 1, 1)
   Array of cal clusters: [5 x [7 int]]
   cluster[0] fields: ['int', 'float', '[120 float]', '[60 x [37 float]]', '[60 x [37 x [2 float]]]', '[60 x [37 float]]', 'int']
      field 0 scalar = 23
      field 1 scalar = 0.10000000149011612
      field 6 scalar = 60
BGRUN END rc=0 after 34s
BGRUN START 2026-09-07 02:46:23 limit 6.0 min: py -u -c 
import sys, os, time; sys.path.insert(0,'tools'); import gscript as g; g._lv=None; g._run.__defaults__=(6.0,60.0)
L=os.path.join(g.CLAUDEDEV,'HARNESS_loadcal.vi'); vi=g.op(L); vi.SetControlValue('file (use dialog)', r'G:\Data\SiHyeong\20260906 Kimlab - 50bp 16X WT 90Hz 1p2 Ramp_Newbatch\test\cal002'); g._run(vi)
cl=vi.GetControlValue('Array of cal clusters'); print('clusters', len(cl), 'field types', [type(f).__name__ for f in cl[0]], flush=True)
K=os.path.join(g.CLAUDEDEV,'PARALLEL_kernel_v3.vi'); kv=g.lv().GetVIReference(K,'',False)
try:
    kv.SetControlValue('Array of cal clusters', cl); back=kv.GetControlValue('Array of cal clusters'); print('COM round-trip: equal =', back==cl, 'len', len(back), flush=True)
except Exception as e: print('SetControlValue clusters FAILED:', str(e)[:200], flush=True)
try:
    kv.SetControlValue('x,y,z array', vi.GetControlValue('x,y,(blankz) array')); print('xyz set ok', kv.GetControlValue('x,y,z array')[:6], flush=True)
    kv.SetControlValue('Bead is good? array in', [True]*5); kv.SetControlValue('pos in cal image in', [0]*5); kv.SetControlValue('cross size', 120); print('other inputs set ok', flush=True)
except Exception as e: print('other inputs FAILED:', str(e)[:200], flush=True)
import glob
for pat in (r'C:\Program Files\National Instruments\LabVIEW 2026\vi.lib\vision\Basics.llb', r'C:\Program Files\National Instruments\LabVIEW 2026\vi.lib\vision\Files.llb'):
    print(pat, os.path.exists(pat), flush=True)

clusters 5 field types ['int', 'float', 'tuple', 'tuple', 'tuple', 'tuple', 'int']
COM round-trip: equal = False len 0
xyz set ok (708.0, 301.0, 0.0, 392.0, 266.0, 0.0)
other inputs set ok
C:\Program Files\National Instruments\LabVIEW 2026\vi.lib\vision\Basics.llb False
C:\Program Files\National Instruments\LabVIEW 2026\vi.lib\vision\Files.llb False
BGRUN END rc=0 after 0s
BGRUN START 2026-09-07 02:47:28 limit 8.0 min: py -u -c 
import sys, os, time, shutil; sys.path.insert(0,'tools'); import gscript as g; g._lv=None; g._run.__defaults__=(6.0,60.0)
V=r'C:\Program Files\NI\LVAddons\nivisioncommon\1\vi.lib\vision'
for f in ('FPTARGET_v0.vi','OP_test1.vi','PARALLEL_smoke.vi'):
    p=os.path.join(g.CLAUDEDEV,f); print(f, 'nodes', g.count(p,'Node'), 'controls', g.count(p,'ControlTerminal'), 'wires', g.count(p,'Wire'), 'ExecState', g.exec_state(p), flush=True)
for f in (os.path.join(V,'Basics.llb','IMAQ Create'), os.path.join(V,'Files.llb','IMAQ ReadFile')):
    try: print(os.path.basename(f), 'FP:', g.fp_labels(f, 20), flush=True)
    except Exception as e: print(os.path.basename(f), 'fp_labels ERR', str(e)[:100], flush=True)
T=os.path.join(g.CLAUDEDEV,'SCRATCH_pane.vi'); shutil.copyfile(os.path.join(g.CLAUDEDEV,'GUIBENCH_v0.vi'),T); g.open_panel(T); time.sleep(0.8)
s0=g.uids(T,'SubVI'); g.drop_subvi(T, os.path.join(g.CLAUDEDEV,'HARNESS_loadcal.vi'), 0, (1300,600)); subs=g.report(T,'SubVI'); li=next(i for i,o in enumerate(subs) if o['uid'] not in s0)
ia=g.build_index_array(T,(1500,600)); iai=[o['uid'] for o in g.report(T,'IndexArray')].index(ia[0]['uid'])
for name in ('Array of cal clusters','x,y,(blankz) array','exp/ref array','cross size','# of beads','# slices in stack','file (use dialog)'):
    try: r=g.wire(T,'SubVI',li,name,'IndexArray',iai,'array'); print('  pane output %r -> IA.array: wires %s'%(name,r), flush=True); break
    except Exception as e: print('  pane %r: %s'%(name,str(e)[:70]), flush=True)
print('loader pane probe done; ExecState', g.exec_state(T), flush=True)
g.close_panel(T); os.remove(T); print('scratch deleted', flush=True)

FPTARGET_v0.vi nodes 6 controls 9 wires 12 ExecState 1
OP_test1.vi nodes 146 controls 13 wires 264 ExecState 1
PARALLEL_smoke.vi nodes 146 controls 13 wires 264 ExecState 1
IMAQ Create FP: [(0, 'Image Name', False), (1, 'Border Size', False), (2, 'New Image', True), (3, 'Image Type', False), (4, 'error in (no error)', False), (5, 'error out', True)]
IMAQ ReadFile FP: [(0, 'File Path', False), (1, 'File Type out', True), (2, 'Image', False), (3, 'Image Out', True), (4, 'Load Color Palette? (No)', False), (5, 'File Data Type out', True), (6, 'Color Palette out', True), (7, 'error in (no error)', False), (8, 'error out', True), (9, 'File Options', False)]
  pane output 'Array of cal clusters' -> IA.array: wires 29
loader pane probe done; ExecState 1
scratch deleted
BGRUN END rc=0 after 21s
BGRUN START 2026-09-07 02:49:25 limit 15.0 min: py -u tools/recipes/build_harness_compare.py
base wiped: nodes 0 wires 0 controls 9 ExecState 1

== drop HARNESS_loadcal
   predict: +1 SubVI
   observed: 43

== drop IMAQ Create
   predict: +1 SubVI
   observed: 51

== drop IMAQ ReadFile
   predict: +1 SubVI
   observed: 52

== drop make both cosine bandpass
   predict: +1 SubVI
   observed: 54

== drop PARALLEL_kernel_v3
   predict: +1 SubVI
   observed: 55

== drop READONLY_fourfold_COPY
   predict: +1 SubVI
   observed: 57
nodes: [(0, 'Unknown', 'HARNESS_loadcal.vi'), (1, 'Unknown', 'IMAQ Create'), (2, 'Unknown', 'IMAQ ReadFile'), (3, 'Unknown', 'make both cosine bandpass.vi'), (4, 'Unknown', 'PARALLEL_kernel_v3.vi'), (5, 'Unknown', 'READONLY_fourfold_COPY.vi')]

== C.New Image -> R.Image
   predict: Wire +1
   observed: 1

== R.Image Out -> K3.Image In
   predict: Wire +1
   observed: 2

== R.Image Out -> K4.Image In (branch)
   predict: accepted
   observed: 2

== L.Array of cal clusters -> K3
   predict: Wire +1
   observed: 3

== L.Array of cal clusters -> K4 (branch)
   predict: accepted
   observed: 3

== L.cross size -> K3.cross size
   predict: Wire +1
   observed: 4

== L.cross size -> K4 (branch)
   predict: accepted
   observed: 4

== L.cross size -> W.cross length (branch)
   predict: accepted
   observed: 4

== W.Hilbert -> K3
   predict: Wire +1
   observed: 5

== W.Hilbert -> K4 (branch)
   predict: accepted
   observed: 5

== W.real-space -> K3
   predict: Wire +1
   observed: 6

== W.real-space -> K4 (branch)
   predict: accepted
   observed: 6
   wires 6 ExecState 0

== control 'Image Name' on Nodes[1]
   predict: label == name
   observed: (2, 'Image Name')

== control 'File Path' on Nodes[2]
   predict: label == name
   observed: (7, 'File Path')

== control 'x,y,z array' on Nodes[4]
   predict: label == name
   observed: (7, 'x,y,z array')

== control 'Bead is good? array in' on Nodes[4]
   predict: label == name
   observed: (0, 'Bead is good? array in')

== control 'pos in cal image in' on Nodes[4]
   predict: label == name
   observed: (13, 'pos in cal image in')

== control '4 pack remainder' on Nodes[4]
   predict: label == name
   observed: (11, '4 pack remainder')

== control '# of bead 4 packs' on Nodes[4]
   predict: label == name
   observed: (9, '# of bead 4 packs')

== branch control 'x,y,z array' -> K4
   predict: accepted
   observed: 13

== branch control 'Bead is good? array in' -> K4
   predict: accepted
   observed: 13

== branch control 'pos in cal image in' -> K4
   predict: accepted
   observed: 13

== branch control '4 pack remainder' -> K4
   predict: accepted
   observed: 13

== branch control '# of bead 4 packs' -> K4
   predict: accepted
   observed: 13
   wires 13 ExecState 1

== indicator 'x,y,z array out' of v3
   predict: label starts with name
   observed: (4, 'x,y,z array out')

== indicator 'Bead is good? array out' of v3
   predict: label starts with name
   observed: (3, 'Bead is good? array out')

== indicator 'pos in cal image out' of v3
   predict: label starts with name
   observed: (8, 'pos in cal image out')

== indicator 'x,y,z array out' of ff
   predict: label starts with name
   observed: (4, 'x,y,z array out 2')

== indicator 'Bead is good? array out' of ff
   predict: label starts with name
   observed: (3, 'Bead is good? array out 2')

== indicator 'pos in cal image out' of ff
   predict: label starts with name
   observed: (8, 'pos in cal image out 2')

assembled: wires 19 ExecState 0
CONTROLS {'Image Name': 'Image Name', 'File Path': 'File Path', 'x,y,z array': 'x,y,z array', 'Bead is good? array in': 'Bead is good? array in', 'pos in cal image in': 'pos in cal image in', '4 pack remainder': '4 pack remainder', '# of bead 4 packs': '# of bead 4 packs'}
OUTPUTS {('v3', 'x,y,z array out'): 'x,y,z array out', ('v3', 'Bead is good? array out'): 'Bead is good? array out', ('v3', 'pos in cal image out'): 'pos in cal image out', ('ff', 'x,y,z array out'): 'x,y,z array out 2', ('ff', 'Bead is good? array out'): 'Bead is good? array out 2', ('ff', 'pos in cal image out'): 'pos in cal image out 2'}
STOP: broken - NOT saving
BGRUN END rc=5 after 522s
BGRUN START 2026-09-07 02:58:37 limit 8.0 min: py -u -c 
import sys, os; sys.path.insert(0,'tools'); import gscript as g; g._lv=None; g._run.__defaults__=(6.0,60.0)
OP=os.path.join(g.CLAUDEDEV,'HARNESS_compare.vi')
print('ExecState', g.exec_state(OP), 'wires', g.count(OP,'Wire'), flush=True)
cts=g.report(OP,'ControlTerminal'); print('ControlTerminals', [(o['uid'],o['pos']) for o in cts], flush=True)
ws=g.report(OP,'Wire'); print('Wires', [(o['uid'],o['pos']) for o in ws], flush=True)
subs=g.report(OP,'SubVI'); print('SubVIs', [(o['uid'],o['pos']) for o in subs], flush=True)
print('FP', [(i,l,ind) for i,l,ind in g.fp_labels(OP)], flush=True)

ExecState 0 wires 19
ControlTerminals [(96, (229, 244)), (363, (449, 274)), (1056, (560, 287)), (540, (229, 394)), (732, (874, 438)), (866, (955, 501)), (283, (0, 75)), (298, (112, 178)), (319, (0, 75)), (485, (54, 289)), (508, (254, 206)), (560, (654, 147)), (596, (654, 134)), (635, (669, 182)), (653, (654, 108)), (672, (656, 106)), (744, (740, 134)), (788, (741, 96)), (861, (740, 147)), (903, (740, 534)), (939, (741, 496)), (978, (740, 547))]
Wires [(989, (725, 563)), (950, (719, 512)), (914, (725, 545)), (875, (725, 163)), (808, (719, 112)), (756, (725, 89)), (696, (672, 122)), (663, (670, 124)), (645, (685, 171)), (606, (670, 150)), (570, (670, 163)), (519, (270, 222)), (495, (70, 305)), (469, (321, 171)), (466, (321, 175)), (463, (125, 101)), (460, (124, 108)), (457, (325, 155)), (454, (123, 301))]
SubVIs [(57, (700, 550)), (55, (700, 150)), (54, (300, 500)), (52, (300, 300)), (51, (100, 300)), (43, (100, 100))]
FP [(0, 'vi path', False), (1, 'Class Name', False), (2, 'index', False), (3, 'vi path 2', False), (4, 'location (0, 0)', False), (5, 'error out', True), (6, 'Properties', False), (7, 'Class Name 2', False), (8, 'index 2', False), (9, 'Image Name', False), (10, 'File Path', False), (11, 'x,y,z array', False), (12, 'Bead is good? array in', False), (13, 'pos in cal image in', False), (14, '4 pack remainder', False), (15, '# of bead 4 packs', False), (16, 'x,y,z array out', True), (17, 'Bead is good? array out', True), (18, 'pos in cal image out', True), (19, 'x,y,z array out 2', True), (20, 'Bead is good? array out 2', True), (21, 'pos in cal image out 2', True)]
BGRUN END rc=0 after 10s
BGRUN START 2026-09-07 03:02:45 limit 6.0 min: py -u -c 
import sys, os; sys.path.insert(0,'tools'); import gscript as g; g._lv=None; g._run.__defaults__=(6.0,60.0)
OP=os.path.join(g.CLAUDEDEV,'HARNESS_compare.vi')
print('before: ExecState', g.exec_state(OP), 'wires', g.count(OP,'Wire'), flush=True)
print('remove bad wires ->', g.remove_bad_wires_scripted(OP), flush=True)
if g.exec_state(OP)==1: print('SAVED', g.save(OP), flush=True)
else: print('still broken; wires', [(o['uid'],o['pos']) for o in g.report(OP,'Wire')], flush=True)

before: ExecState 0 wires 19
remove bad wires -> (19, 1)
SAVED 14663
BGRUN END rc=0 after 0s
BGRUN START 2026-09-07 03:05:40 limit 8.0 min: py -u -c 
import sys, os; sys.path.insert(0,'tools'); import gscript as g; g._lv=None; g._run.__defaults__=(6.0,60.0)
V3=os.path.join(g.CLAUDEDEV,'PARALLEL_kernel_v3.vi')
print('v3 top-level nodes:', g.node_info(V3), flush=True)
print('ForLoops', [(o['uid'],o['pos']) for o in g.report(V3,'ForLoop')], 'Diagrams', g.count(V3,'Diagram'), 'SubVIs', [(o['uid'],o['pos'],o['owner']) for o in g.report(V3,'SubVI')], flush=True)
try: print('loop_diagram index for LOOP_AT (-1300,1150):', g.loop_diagram(V3,(-1300,1150)), flush=True)
except Exception as e: print('loop_diagram ERR', str(e)[:100], flush=True)
print('Decimate/other classes:', {c:[(o['uid'],o['pos'],o['owner']) for o in g.report(V3,c)] for c in ('Decimate','Interleave','Unbundler','IndexArray','BuildArray','LoopTunnel','Tunnel','ShiftRegister')}, flush=True)

v3 top-level nodes: [(0, 'For Loop', 'For Loop'), (1, 'Case Structure', 'Case Structure'), (2, 'For Loop', 'For Loop'), (3, 'Decimate 1D Array', 'Decimate 1D Array'), (4, 'Interleave 1D Arrays', 'Interleave 1D Arrays')]
ForLoops [(3447, (-874, 734)), (248, (-874, -112))] Diagrams 7 SubVIs [(3449, (-831, 813), 'Diagram'), (110, (2564, 143), 'Diagram'), (2982, (2878, 123), 'Diagram'), (3451, (3250, 216), 'Diagram'), (2700, (2878, -20), 'Diagram'), (21, (356, 356), 'Diagram'), (212, (356, 129), 'Diagram')]
loop_diagram ERR ambiguous loop subdiagram near (-1290, 1172): nearest 854, runner-up 1670
Traceback (most recent call last):
  File "<string>", line 8, in <module>
  File "<string>", line 8, in <dictcomp>
  File "G:\Codes\LabVIEW_Codes\MinLab\zz_LabView VI\AAA_UNIST\2. Tracking\V6_ParallelLoop\tools\gscript.py", line 260, in report
    raise RuntimeError(f"report({cls}) on {os.path.basename(target)}: {err}")
RuntimeError: report(Decimate) on PARALLEL_kernel_v3.vi: error 1092: Invoke Node in TRef Traverse.vi->VI Scripting - Traverse.lvlib:Traverse for GObjects.vi->OpReport_v3.vi
BGRUN END rc=1 after 9s
BGRUN START 2026-09-07 03:06:31 limit 15.0 min: py -u tools/recipes/build_opnetinfo.py
Traceback (most recent call last):
  File "G:\Codes\LabVIEW_Codes\MinLab\zz_LabView VI\AAA_UNIST\2. Tracking\V6_ParallelLoop\tools\recipes\build_opnetinfo.py", line 159, in <module>
    sys.exit(main())
  File "G:\Codes\LabVIEW_Codes\MinLab\zz_LabView VI\AAA_UNIST\2. Tracking\V6_ParallelLoop\tools\recipes\build_opnetinfo.py", line 79, in main
    g.delete_object(OP, "SubVI", ci)
  File "G:\Codes\LabVIEW_Codes\MinLab\zz_LabView VI\AAA_UNIST\2. Tracking\V6_ParallelLoop\tools\gscript.py", line 1101, in delete_object
    gone = before - uids(target, cls)
  File "G:\Codes\LabVIEW_Codes\MinLab\zz_LabView VI\AAA_UNIST\2. Tracking\V6_ParallelLoop\tools\gscript.py", line 289, in uids
    return {o["uid"] for o in report(target, cls)}
  File "G:\Codes\LabVIEW_Codes\MinLab\zz_LabView VI\AAA_UNIST\2. Tracking\V6_ParallelLoop\tools\gscript.py", line 257, in report
    _run(vi)
  File "G:\Codes\LabVIEW_Codes\MinLab\zz_LabView VI\AAA_UNIST\2. Tracking\V6_ParallelLoop\tools\gscript.py", line 228, in _run
    raise RuntimeError(
RuntimeError: COM Run did not return within 60s and no modal dialog was found - LabVIEW is busy or another client is contending. Screenshot: C:\Users\KimLab\AppData\Local\Temp\gscript_hang_1788718113.png
BGRUN END rc=1 after 122s
BGRUN START 2026-09-07 03:18:15 limit 6.0 min: py -u -c 
import sys, os; sys.path.insert(0,'tools'); import gscript as g; g._lv=None; g._run.__defaults__=(6.0,60.0)
V3=os.path.join(g.CLAUDEDEV,'PARALLEL_kernel_v3.vi')
for i,s,l in g.node_info(V3): print('   v3 node [%d] %s | %s'%(i,s,l), flush=True)
print('ForLoops', [(o['uid'],o['pos']) for o in g.report(V3,'ForLoop')], 'Diagrams', g.count(V3,'Diagram'), flush=True)
print('Diagrams list', [(o['uid'],o['pos'],o['owner']) for o in g.report(V3,'Diagram')], flush=True)

Traceback (most recent call last):
  File "<string>", line 5, in <module>
  File "G:\Codes\LabVIEW_Codes\MinLab\zz_LabView VI\AAA_UNIST\2. Tracking\V6_ParallelLoop\tools\gscript.py", line 257, in report
    _run(vi)
  File "G:\Codes\LabVIEW_Codes\MinLab\zz_LabView VI\AAA_UNIST\2. Tracking\V6_ParallelLoop\tools\gscript.py", line 228, in _run
    raise RuntimeError(
RuntimeError: COM Run did not return within 60s and no modal dialog was found - LabVIEW is busy or another client is contending. Screenshot: C:\Users\KimLab\AppData\Local\Temp\gscript_hang_1788718815.png
BGRUN END rc=1 after 121s
BGRUN START 2026-09-07 03:20:16 limit 15.0 min: py -u tools/recipes/build_opnetinfo.py
Traceback (most recent call last):
  File "G:\Codes\LabVIEW_Codes\MinLab\zz_LabView VI\AAA_UNIST\2. Tracking\V6_ParallelLoop\tools\recipes\build_opnetinfo.py", line 159, in <module>
    sys.exit(main())
  File "G:\Codes\LabVIEW_Codes\MinLab\zz_LabView VI\AAA_UNIST\2. Tracking\V6_ParallelLoop\tools\recipes\build_opnetinfo.py", line 76, in main
    subs = g.report(OP, "SubVI"); fns = g.report(OP, "Function")
  File "G:\Codes\LabVIEW_Codes\MinLab\zz_LabView VI\AAA_UNIST\2. Tracking\V6_ParallelLoop\tools\gscript.py", line 257, in report
    _run(vi)
  File "G:\Codes\LabVIEW_Codes\MinLab\zz_LabView VI\AAA_UNIST\2. Tracking\V6_ParallelLoop\tools\gscript.py", line 228, in _run
    raise RuntimeError(
RuntimeError: COM Run did not return within 60s and no modal dialog was found - LabVIEW is busy or another client is contending. Screenshot: C:\Users\KimLab\AppData\Local\Temp\gscript_hang_1788718877.png
BGRUN END rc=1 after 62s
BGRUN START 2026-09-07 03:22:21 limit 20.0 min: py -u -c 
import subprocess, time, sys, os
subprocess.run(['powershell','-NoProfile','-Command','Stop-Process -Name LabVIEW -Force -ErrorAction SilentlyContinue'], capture_output=True); time.sleep(6)
subprocess.run(['powershell','-NoProfile','-Command',"Start-Process 'C:\Program Files\National Instruments\LabVIEW 2026\LabVIEW.exe'"], capture_output=True); time.sleep(50)
sys.path.insert(0,'tools'); import gscript as g; g._lv=None; g._run.__defaults__=(6.0,60.0)
print('LabVIEW restarted; version', g.lv().Version, flush=True)
V3=os.path.join(g.CLAUDEDEV,'PARALLEL_kernel_v3.vi')
for i,s,l in g.node_info(V3): print('   v3 node [%d] %s | %s'%(i,s,l), flush=True)
print('ForLoops', [(o['uid'],o['pos']) for o in g.report(V3,'ForLoop')], 'Diagrams', [(o['uid'],o['pos'],o['owner']) for o in g.report(V3,'Diagram')], flush=True)

  File "<string>", line 4
    subprocess.run(['powershell','-NoProfile','-Command',"Start-Process 'C:\Program Files\National Instruments\LabVIEW 2026\LabVIEW.exe'"], capture_output=True); time.sleep(50)
                                                                                                                                         ^
SyntaxError: (unicode error) 'unicodeescape' codec can't decode bytes in position 31-32: malformed \N character escape
BGRUN END rc=1 after 0s
BGRUN START 2026-09-07 03:22:21 limit 15.0 min: py -u tools/recipes/build_opnetinfo.py
Traceback (most recent call last):
  File "G:\Codes\LabVIEW_Codes\MinLab\zz_LabView VI\AAA_UNIST\2. Tracking\V6_ParallelLoop\tools\recipes\build_opnetinfo.py", line 159, in <module>
    sys.exit(main())
  File "G:\Codes\LabVIEW_Codes\MinLab\zz_LabView VI\AAA_UNIST\2. Tracking\V6_ParallelLoop\tools\recipes\build_opnetinfo.py", line 76, in main
    subs = g.report(OP, "SubVI"); fns = g.report(OP, "Function")
  File "G:\Codes\LabVIEW_Codes\MinLab\zz_LabView VI\AAA_UNIST\2. Tracking\V6_ParallelLoop\tools\gscript.py", line 257, in report
    _run(vi)
  File "G:\Codes\LabVIEW_Codes\MinLab\zz_LabView VI\AAA_UNIST\2. Tracking\V6_ParallelLoop\tools\gscript.py", line 228, in _run
    raise RuntimeError(
RuntimeError: COM Run did not return within 60s and no modal dialog was found - LabVIEW is busy or another client is contending. Screenshot: C:\Users\KimLab\AppData\Local\Temp\gscript_hang_1788719002.png
BGRUN END rc=1 after 62s
BGRUN START 2026-09-07 03:23:49 limit 6.0 min: py -u tools/lv_restart.py
  File "G:\Codes\LabVIEW_Codes\MinLab\zz_LabView VI\AAA_UNIST\2. Tracking\V6_ParallelLoop\tools\lv_restart.py", line 6
    subprocess.run(["powershell", "-NoProfile", "-Command", "Start-Process 'C:\Program Files\National Instruments\LabVIEW 2026\LabVIEW.exe'"], capture_output=True)
                                                                                                                                            ^
SyntaxError: (unicode error) 'unicodeescape' codec can't decode bytes in position 31-32: malformed \N character escape
BGRUN END rc=1 after 0s
BGRUN START 2026-09-07 03:23:49 limit 6.0 min: py -u -c 
import sys, os; sys.path.insert(0,'tools'); import gscript as g; g._lv=None; g._run.__defaults__=(6.0,60.0)
V3=os.path.join(g.CLAUDEDEV,'PARALLEL_kernel_v3.vi')
for i,s,l in g.node_info(V3): print('   v3 node [%d] %s | %s'%(i,s,l), flush=True)
print('ForLoops', [(o['uid'],o['pos']) for o in g.report(V3,'ForLoop')], 'Diagrams', [(o['uid'],o['pos'],o['owner']) for o in g.report(V3,'Diagram')], flush=True)

Traceback (most recent call last):
  File "<string>", line 5, in <module>
  File "G:\Codes\LabVIEW_Codes\MinLab\zz_LabView VI\AAA_UNIST\2. Tracking\V6_ParallelLoop\tools\gscript.py", line 257, in report
    _run(vi)
  File "G:\Codes\LabVIEW_Codes\MinLab\zz_LabView VI\AAA_UNIST\2. Tracking\V6_ParallelLoop\tools\gscript.py", line 228, in _run
    raise RuntimeError(
RuntimeError: COM Run did not return within 60s and no modal dialog was found - LabVIEW is busy or another client is contending. Screenshot: C:\Users\KimLab\AppData\Local\Temp\gscript_hang_1788719149.png
BGRUN END rc=1 after 121s
BGRUN START 2026-09-07 03:25:50 limit 15.0 min: py -u tools/recipes/build_opnetinfo.py
Traceback (most recent call last):
  File "G:\Codes\LabVIEW_Codes\MinLab\zz_LabView VI\AAA_UNIST\2. Tracking\V6_ParallelLoop\tools\recipes\build_opnetinfo.py", line 159, in <module>
    sys.exit(main())
  File "G:\Codes\LabVIEW_Codes\MinLab\zz_LabView VI\AAA_UNIST\2. Tracking\V6_ParallelLoop\tools\recipes\build_opnetinfo.py", line 76, in main
    subs = g.report(OP, "SubVI"); fns = g.report(OP, "Function")
  File "G:\Codes\LabVIEW_Codes\MinLab\zz_LabView VI\AAA_UNIST\2. Tracking\V6_ParallelLoop\tools\gscript.py", line 257, in report
    _run(vi)
  File "G:\Codes\LabVIEW_Codes\MinLab\zz_LabView VI\AAA_UNIST\2. Tracking\V6_ParallelLoop\tools\gscript.py", line 228, in _run
    raise RuntimeError(
RuntimeError: COM Run did not return within 60s and no modal dialog was found - LabVIEW is busy or another client is contending. Screenshot: C:\Users\KimLab\AppData\Local\Temp\gscript_hang_1788719211.png
BGRUN END rc=1 after 62s
BGRUN START 2026-09-07 03:27:17 limit 6.0 min: py -u tools/lv_restart.py
  File "G:\Codes\LabVIEW_Codes\MinLab\zz_LabView VI\AAA_UNIST\2. Tracking\V6_ParallelLoop\tools\lv_restart.py", line 6
    subprocess.run(["powershell", "-NoProfile", "-Command", "Start-Process 'C:\Program Files\National Instruments\LabVIEW 2026\LabVIEW.exe'"], capture_output=True)
                                                                                                                                            ^
SyntaxError: (unicode error) 'unicodeescape' codec can't decode bytes in position 31-32: malformed \N character escape
BGRUN END rc=1 after 0s
BGRUN START 2026-09-07 03:27:17 limit 6.0 min: py -u -c 
import sys, os; sys.path.insert(0,'tools'); import gscript as g; g._lv=None; g._run.__defaults__=(6.0,60.0)
V3=os.path.join(g.CLAUDEDEV,'PARALLEL_kernel_v3.vi')
for i,s,l in g.node_info(V3): print('   v3 node [%d] %s | %s'%(i,s,l), flush=True)
print('ForLoops', [(o['uid'],o['pos']) for o in g.report(V3,'ForLoop')], 'Diagrams', [(o['uid'],o['pos'],o['owner']) for o in g.report(V3,'Diagram')], flush=True)

Traceback (most recent call last):
  File "<string>", line 5, in <module>
  File "G:\Codes\LabVIEW_Codes\MinLab\zz_LabView VI\AAA_UNIST\2. Tracking\V6_ParallelLoop\tools\gscript.py", line 257, in report
    _run(vi)
  File "G:\Codes\LabVIEW_Codes\MinLab\zz_LabView VI\AAA_UNIST\2. Tracking\V6_ParallelLoop\tools\gscript.py", line 228, in _run
    raise RuntimeError(
RuntimeError: COM Run did not return within 60s and no modal dialog was found - LabVIEW is busy or another client is contending. Screenshot: C:\Users\KimLab\AppData\Local\Temp\gscript_hang_1788719358.png
BGRUN END rc=1 after 121s
BGRUN START 2026-09-07 03:29:19 limit 15.0 min: py -u tools/recipes/build_opnetinfo.py
Traceback (most recent call last):
  File "G:\Codes\LabVIEW_Codes\MinLab\zz_LabView VI\AAA_UNIST\2. Tracking\V6_ParallelLoop\tools\recipes\build_opnetinfo.py", line 159, in <module>
    sys.exit(main())
  File "G:\Codes\LabVIEW_Codes\MinLab\zz_LabView VI\AAA_UNIST\2. Tracking\V6_ParallelLoop\tools\recipes\build_opnetinfo.py", line 76, in main
    subs = g.report(OP, "SubVI"); fns = g.report(OP, "Function")
  File "G:\Codes\LabVIEW_Codes\MinLab\zz_LabView VI\AAA_UNIST\2. Tracking\V6_ParallelLoop\tools\gscript.py", line 257, in report
    _run(vi)
  File "G:\Codes\LabVIEW_Codes\MinLab\zz_LabView VI\AAA_UNIST\2. Tracking\V6_ParallelLoop\tools\gscript.py", line 228, in _run
    raise RuntimeError(
RuntimeError: COM Run did not return within 60s and no modal dialog was found - LabVIEW is busy or another client is contending. Screenshot: C:\Users\KimLab\AppData\Local\Temp\gscript_hang_1788719420.png
BGRUN END rc=1 after 62s
BGRUN START 2026-09-07 03:30:47 limit 6.0 min: py -u tools/lv_restart.py
LabVIEW up after 15 s, version 26.3.1f1
BGRUN END rc=0 after 21s
BGRUN START 2026-09-07 03:31:08 limit 6.0 min: py -u -c 
import sys, os; sys.path.insert(0,'tools'); import gscript as g; g._lv=None; g._run.__defaults__=(6.0,60.0)
V3=os.path.join(g.CLAUDEDEV,'PARALLEL_kernel_v3.vi')
for i,s,l in g.node_info(V3): print('   v3 node [%d] %s | %s'%(i,s,l), flush=True)
print('ForLoops', [(o['uid'],o['pos']) for o in g.report(V3,'ForLoop')], 'Diagrams', [(o['uid'],o['pos'],o['owner']) for o in g.report(V3,'Diagram')], flush=True)

Traceback (most recent call last):
  File "<string>", line 4, in <module>
  File "G:\Codes\LabVIEW_Codes\MinLab\zz_LabView VI\AAA_UNIST\2. Tracking\V6_ParallelLoop\tools\gscript.py", line 1275, in node_info
    _run(vi)
  File "G:\Codes\LabVIEW_Codes\MinLab\zz_LabView VI\AAA_UNIST\2. Tracking\V6_ParallelLoop\tools\gscript.py", line 233, in _run
    raise result["err"]
  File "G:\Codes\LabVIEW_Codes\MinLab\zz_LabView VI\AAA_UNIST\2. Tracking\V6_ParallelLoop\tools\gscript.py", line 207, in call
    disp.Invoke(disp.GetIDsOfNames(0, "Run"), 0, pythoncom.DISPATCH_METHOD, 1)
pywintypes.com_error: (-2147023170, '���� ���ν����� ȣ������ ���߽��ϴ�.', None, None)
BGRUN END rc=1 after 17s
BGRUN START 2026-09-07 03:31:26 limit 15.0 min: py -u tools/recipes/build_opnetinfo.py
Traceback (most recent call last):
  File "G:\Codes\LabVIEW_Codes\MinLab\zz_LabView VI\AAA_UNIST\2. Tracking\V6_ParallelLoop\tools\recipes\build_opnetinfo.py", line 159, in <module>
    sys.exit(main())
  File "G:\Codes\LabVIEW_Codes\MinLab\zz_LabView VI\AAA_UNIST\2. Tracking\V6_ParallelLoop\tools\recipes\build_opnetinfo.py", line 75, in main
    g.open_panel(OP); time.sleep(1.0)
  File "G:\Codes\LabVIEW_Codes\MinLab\zz_LabView VI\AAA_UNIST\2. Tracking\V6_ParallelLoop\tools\gscript.py", line 388, in open_panel
    _invoke(lv().GetVIReference(target, "", False, 0), "OpenFrontPanel", bool(activate), 1)
  File "G:\Codes\LabVIEW_Codes\MinLab\zz_LabView VI\AAA_UNIST\2. Tracking\V6_ParallelLoop\tools\gscript.py", line 142, in _invoke
    raise RuntimeError(
RuntimeError: COM OpenFrontPanel did not return within 180s (no dialog) - LabVIEW busy or a second client contending
BGRUN END rc=1 after 196s
BGRUN START 2026-09-07 03:36:09 limit 6.0 min: py -u -c 
import sys, os; sys.path.insert(0,'tools'); import gscript as g; g._lv=None; g._run.__defaults__=(6.0,60.0)
V3=os.path.join(g.CLAUDEDEV,'PARALLEL_kernel_v3.vi')
for i,s,l in g.node_info(V3): print('   v3 node [%d] %s | %s'%(i,s,l), flush=True)
print('ForLoops', [(o['uid'],o['pos']) for o in g.report(V3,'ForLoop')], 'Diagrams', [(o['uid'],o['pos'],o['owner']) for o in g.report(V3,'Diagram')], flush=True)

Traceback (most recent call last):
  File "<string>", line 5, in <module>
  File "G:\Codes\LabVIEW_Codes\MinLab\zz_LabView VI\AAA_UNIST\2. Tracking\V6_ParallelLoop\tools\gscript.py", line 253, in report
    vi = op(OP_REPORT)
  File "G:\Codes\LabVIEW_Codes\MinLab\zz_LabView VI\AAA_UNIST\2. Tracking\V6_ParallelLoop\tools\gscript.py", line 76, in op
    _cache[path] = lv().GetVIReference(path, "", False, 0)
  File "<COMObject LabVIEW.Application>", line 2, in GetVIReference
pywintypes.com_error: (-2147023170, '���� ���ν����� ȣ������ ���߽��ϴ�.', None, None)
BGRUN END rc=1 after 61s
BGRUN START 2026-09-07 03:37:10 limit 15.0 min: py -u tools/recipes/build_opnetinfo.py
Traceback (most recent call last):
  File "G:\Codes\LabVIEW_Codes\MinLab\zz_LabView VI\AAA_UNIST\2. Tracking\V6_ParallelLoop\tools\recipes\build_opnetinfo.py", line 159, in <module>
    sys.exit(main())
  File "G:\Codes\LabVIEW_Codes\MinLab\zz_LabView VI\AAA_UNIST\2. Tracking\V6_ParallelLoop\tools\recipes\build_opnetinfo.py", line 75, in main
    g.open_panel(OP); time.sleep(1.0)
  File "G:\Codes\LabVIEW_Codes\MinLab\zz_LabView VI\AAA_UNIST\2. Tracking\V6_ParallelLoop\tools\gscript.py", line 388, in open_panel
    _invoke(lv().GetVIReference(target, "", False, 0), "OpenFrontPanel", bool(activate), 1)
  File "G:\Codes\LabVIEW_Codes\MinLab\zz_LabView VI\AAA_UNIST\2. Tracking\V6_ParallelLoop\tools\gscript.py", line 142, in _invoke
    raise RuntimeError(
RuntimeError: COM OpenFrontPanel did not return within 180s (no dialog) - LabVIEW busy or a second client contending
BGRUN END rc=1 after 195s
BGRUN START 2026-09-07 03:41:57 limit 6.0 min: py -u tools/lv_restart.py
LabVIEW up after 14 s, version 26.3.1f1
iss.:String) [], RuntimeException
    + FullyQualifiedErrorId : Nothing is blocked; there is no modal dialog to dismiss.
LED|1575600|0,0,0,0|LabVIEW
VERDICT: clear (no modal dialog)
BGRUN END rc=0 after 25s
BGRUN START 2026-09-07 03:42:22 limit 8.0 min: py -u -c 
import sys, os, time; sys.path.insert(0,'tools'); import gscript as g; g._lv=None; g._run.__defaults__=(6.0,60.0)
print('dialogs:', g._lv_gui('-Action','dialogs').strip()[-70:], flush=True)
t0=time.time(); print('health: OpMove_v0 IndexArray count', g.count(os.path.join(g.CLAUDEDEV,'OpMove_v0.vi'),'IndexArray'), '%.1fs'%(time.time()-t0), flush=True)
V3=os.path.join(g.CLAUDEDEV,'PARALLEL_kernel_v3.vi')
t0=time.time(); print('v3 ForLoops', [(o['uid'],o['pos']) for o in g.report(V3,'ForLoop')], '%.1fs'%(time.time()-t0), flush=True)
print('v3 Diagrams', [(o['uid'],o['pos'],o['owner']) for o in g.report(V3,'Diagram')], flush=True)
for i,s,l in g.node_info(V3): print('   v3 node [%d] %s | %s'%(i,s,l), flush=True)
print('dialogs after:', g._lv_gui('-Action','dialogs').strip()[-70:], flush=True)

dialogs: ,762|
ENABLED|1575600|0,0,0,0|LabVIEW
VERDICT: clear (no modal dialog)
health: OpMove_v0 IndexArray count 1 0.0s
v3 ForLoops [(3447, (-874, 734)), (248, (-874, -112))] 1.3s
v3 Diagrams [(3, (-1307, -178), ''), (3616, (-873, 735), 'ForLoop'), (161, (1814, -133), 'CaseStructure'), (185, (1813, -138), 'CaseStructure'), (2572, (1813, -138), 'CaseStructure'), (1967, (1813, -154), 'CaseStructure'), (307, (-874, -82), 'ForLoop')]
   v3 node [0] For Loop | For Loop
   v3 node [1] Case Structure | Case Structure
   v3 node [2] For Loop | For Loop
   v3 node [3] Decimate 1D Array | Decimate 1D Array
   v3 node [4] Interleave 1D Arrays | Interleave 1D Arrays
dialogs after: Panel
ENABLED|1575600|0,0,0,0|LabVIEW
VERDICT: clear (no modal dialog)
BGRUN END rc=0 after 12s
BGRUN START 2026-09-07 03:42:54 limit 15.0 min: py -u tools/recipes/build_opnetinfo.py
Traceback (most recent call last):
  File "G:\Codes\LabVIEW_Codes\MinLab\zz_LabView VI\AAA_UNIST\2. Tracking\V6_ParallelLoop\tools\recipes\build_opnetinfo.py", line 159, in <module>
    sys.exit(main())
  File "G:\Codes\LabVIEW_Codes\MinLab\zz_LabView VI\AAA_UNIST\2. Tracking\V6_ParallelLoop\tools\recipes\build_opnetinfo.py", line 79, in main
    g.delete_object(OP, "SubVI", ci)
  File "G:\Codes\LabVIEW_Codes\MinLab\zz_LabView VI\AAA_UNIST\2. Tracking\V6_ParallelLoop\tools\gscript.py", line 1101, in delete_object
    gone = before - uids(target, cls)
  File "G:\Codes\LabVIEW_Codes\MinLab\zz_LabView VI\AAA_UNIST\2. Tracking\V6_ParallelLoop\tools\gscript.py", line 289, in uids
    return {o["uid"] for o in report(target, cls)}
  File "G:\Codes\LabVIEW_Codes\MinLab\zz_LabView VI\AAA_UNIST\2. Tracking\V6_ParallelLoop\tools\gscript.py", line 257, in report
    _run(vi)
  File "G:\Codes\LabVIEW_Codes\MinLab\zz_LabView VI\AAA_UNIST\2. Tracking\V6_ParallelLoop\tools\gscript.py", line 228, in _run
    raise RuntimeError(
RuntimeError: COM Run did not return within 60s and no modal dialog was found - LabVIEW is busy or another client is contending. Screenshot: C:\Users\KimLab\AppData\Local\Temp\gscript_hang_1788720298.png
BGRUN END rc=1 after 124s
BGRUN START 2026-09-07 03:55:39 limit 15.0 min: py -u tools/recipes/build_opnetinfo.py
Traceback (most recent call last):
  File "G:\Codes\LabVIEW_Codes\MinLab\zz_LabView VI\AAA_UNIST\2. Tracking\V6_ParallelLoop\tools\recipes\build_opnetinfo.py", line 164, in <module>
    sys.exit(main())
  File "G:\Codes\LabVIEW_Codes\MinLab\zz_LabView VI\AAA_UNIST\2. Tracking\V6_ParallelLoop\tools\recipes\build_opnetinfo.py", line 76, in main
    subs = g.report(OP, "SubVI"); fns = g.report(OP, "Function")
  File "G:\Codes\LabVIEW_Codes\MinLab\zz_LabView VI\AAA_UNIST\2. Tracking\V6_ParallelLoop\tools\gscript.py", line 257, in report
    _run(vi)
  File "G:\Codes\LabVIEW_Codes\MinLab\zz_LabView VI\AAA_UNIST\2. Tracking\V6_ParallelLoop\tools\gscript.py", line 228, in _run
    raise RuntimeError(
RuntimeError: COM Run did not return within 120s and no modal dialog was found - LabVIEW is busy or another client is contending. Screenshot: C:\Users\KimLab\AppData\Local\Temp\gscript_hang_1788721060.png
BGRUN END rc=1 after 122s
BGRUN START 2026-09-07 04:08:24 limit 10.0 min: py -u -c 
import sys, os, time, shutil, json; sys.path.insert(0,'tools'); import gscript as g; g._lv=None; g._run.__defaults__=(6.0,60.0)
print('dialogs', g._lv_gui('-Action','dialogs').strip()[-40:], flush=True)
# T1: reporter on a fresh OpBuildPN copy, panel NOT opened
S=os.path.join(g.CLAUDEDEV,'SCRATCH_pnprobe.vi'); shutil.copyfile(os.path.join(g.CLAUDEDEV,'OpBuildPN_v0.vi'), S)
t0=time.time()
try: print('T1 report on fresh OpBuildPN copy (panel closed): SubVIs', len(g.report(S,'SubVI')), '%.1fs'%(time.time()-t0), flush=True)
except Exception as e: print('T1 HANG/ERR', str(e)[:80], flush=True)
t0=time.time()
try: g.open_panel(S); time.sleep(1); print('T2 after open_panel: SubVIs', len(g.report(S,'SubVI')), '%.1fs'%(time.time()-t0), flush=True)
except Exception as e: print('T2 HANG/ERR', str(e)[:80], flush=True)
try: g.close_panel(S); os.remove(S); print('scratch removed', flush=True)
except Exception as e: print('cleanup', str(e)[:60], flush=True)
# T3: harness sensitivity - does v3 react to x,y,z array / cross size / windows?
L=json.load(open('tools/bench/harness_compare_labels.json')); C=L['controls']; O=L['outputs']
D=r'G:\Data\SiHyeong\20260906 Kimlab - 50bp 16X WT 90Hz 1p2 Ramp_Newbatch\test'
ld=g.op(os.path.join(g.CLAUDEDEV,'HARNESS_loadcal.vi')); ld.SetControlValue('file (use dialog)', os.path.join(D,'cal002')); g._run(ld); xyz0=list(ld.GetControlValue('x,y,(blankz) array'))
vi=g.op(os.path.join(g.CLAUDEDEV,'HARNESS_compare.vi')); vi.SetControlValue(C['Image Name'],'harness'); vi.SetControlValue(C['# of bead 4 packs'],1); vi.SetControlValue(C['4 pack remainder'],1)
vi.SetControlValue(C['File Path'], os.path.join(D,'img00004.tif')); vi.SetControlValue(C['Bead is good? array in'],[True]*5); vi.SetControlValue(C['pos in cal image in'],[30]*5)
for tag,xyz in (('xyz0',xyz0),('xyz0+50px',[v+50 if i%3<2 else v for i,v in enumerate(xyz0)]),('zeros',[0.0]*15)):
    vi.SetControlValue(C['x,y,z array'], xyz); g._run(vi)
    print('T3', tag, ': v3', [round(x,2) for x in vi.GetControlValue(O['v3|x,y,z array out'])[:6]], '| ff', [round(x,2) for x in vi.GetControlValue(O['ff|x,y,z array out'])[:6]], 'pos v3', list(vi.GetControlValue(O['v3|pos in cal image out'])), flush=True)

dialogs LabVIEW
VERDICT: clear (no modal dialog)
T1 HANG/ERR COM Run did not return within 60s and no modal dialog was found - LabVIEW is bus
BGRUN TIMEOUT killed after 602s (limit 10.0 min)
BGRUN START 2026-09-07 04:19:50 limit 8.0 min: py -u tools/bench/hang_split_tests.py
T0 health report(OpMove_v0): HANG/ERR COM Run did not return within 40s and no modal dialog was found - LabV (40.5s)
BGRUN TIMEOUT killed after 482s (limit 8.0 min)
BGRUN START 2026-09-07 04:30:36 limit 6.0 min: py -u tools/lv_restart.py
LabVIEW up after 15 s, version 26.3.1f1
iss.:String) [], RuntimeException
    + FullyQualifiedErrorId : Nothing is blocked; there is no modal dialog to dismiss.
ED|22219866|0,0,0,0|LabVIEW
VERDICT: clear (no modal dialog)
BGRUN END rc=0 after 26s
BGRUN START 2026-09-07 04:31:02 limit 8.0 min: py -u tools/bench/hang_split_tests.py
T0 health report(OpMove_v0): OK 1 (0.3s)
T4 report(OpBuildPN_v0 ORIGINAL): OK 2 (0.5s)
T5 node_info(copy) [Nodes[]-based, no Traverse]: HANG/ERR (-2147023170, '���� ���ν����� ȣ������ ���߽��ϴ�.', None, None) (8.5s)
T6 fp_labels(copy): HANG/ERR (-2147023174, 'RPC ������ ����� �� �����ϴ�.', None, None) (0.0s)
T7 report(OpBuildInvoke_v0 ORIGINAL): HANG/ERR (-2147023174, 'RPC ������ ����� �� �����ϴ�.', None, None) (0.0s)
T8 report(copy) LAST (may poison the instance): HANG/ERR (-2147023174, 'RPC ������ ����� �� �����ϴ�.', None, None) (0.0s)
RESULTS [True, True, False, False, False, False]
BGRUN END rc=0 after 9s
BGRUN START 2026-09-07 04:42:02 limit 6.0 min: py -u tools/lv_restart.py
LabVIEW up after 15 s, version 26.3.1f1
iss.:String) [], RuntimeException
    + FullyQualifiedErrorId : Nothing is blocked; there is no modal dialog to dismiss.
ED|57805690|0,0,0,0|LabVIEW
VERDICT: clear (no modal dialog)
BGRUN END rc=0 after 25s
BGRUN START 2026-09-07 04:42:28 limit 8.0 min: py -u tools/bench/hang_split_tests2.py
T0 health report(OpMove_v0): OK 1 (0.3s)
TA report(copy of OpBuildInvoke_v0) Traverse: OK [(243, (900, 640)), (124, (495, 281))] (0.6s)
TB node_info(OpBuildInvoke_v0 ORIGINAL): FAIL (-2147023170, '���� ���ν����� ȣ������ ���߽��ϴ�.', None, None) (8.4s)
TC node_info(copy of OpBuildInvoke_v0): FAIL (-2147023174, 'RPC ������ ����� �� �����ϴ�.', None, None) (0.0s)
TD open_panel(copy) + report: FAIL (-2147023174, 'RPC ������ ����� �� �����ϴ�.', None, None) (0.0s)
TE health again: FAIL (-2147023174, 'RPC ������ ����� �� �����ϴ�.', None, None) (0.0s)
cleanup (-2147023174, 'RPC ������ ����� �� �����ϴ�.', None, None)
BGRUN END rc=0 after 9s
BGRUN START 2026-09-07 04:53:40 limit 6.0 min: py -u tools/lv_restart.py
LabVIEW up after 15 s, version 26.3.1f1
iss.:String) [], RuntimeException
    + FullyQualifiedErrorId : Nothing is blocked; there is no modal dialog to dismiss.
ED|57936762|0,0,0,0|LabVIEW
VERDICT: clear (no modal dialog)
BGRUN END rc=0 after 25s
BGRUN START 2026-09-07 04:54:05 limit 15.0 min: py -u tools/recipes/build_opnetinfo.py
Traceback (most recent call last):
  File "G:\Codes\LabVIEW_Codes\MinLab\zz_LabView VI\AAA_UNIST\2. Tracking\V6_ParallelLoop\tools\recipes\build_opnetinfo.py", line 161, in <module>
    sys.exit(main())
  File "G:\Codes\LabVIEW_Codes\MinLab\zz_LabView VI\AAA_UNIST\2. Tracking\V6_ParallelLoop\tools\recipes\build_opnetinfo.py", line 75, in main
    g.open_panel(OP); time.sleep(1.0)
  File "G:\Codes\LabVIEW_Codes\MinLab\zz_LabView VI\AAA_UNIST\2. Tracking\V6_ParallelLoop\tools\gscript.py", line 388, in open_panel
    _invoke(lv().GetVIReference(target, "", False, 0), "OpenFrontPanel", bool(activate), 1)
  File "G:\Codes\LabVIEW_Codes\MinLab\zz_LabView VI\AAA_UNIST\2. Tracking\V6_ParallelLoop\tools\gscript.py", line 142, in _invoke
    raise RuntimeError(
RuntimeError: COM OpenFrontPanel did not return within 180s (no dialog) - LabVIEW busy or a second client contending
BGRUN END rc=1 after 181s
BGRUN START 2026-09-07 05:04:40 limit 10.0 min: py -u tools/bench/restart_probe.py
COM answers after 15 s
  +0s dialogs: 254|574,318,1346,762| / ENABLED|3213114|0,0,0,0|LabVIEW / VERDICT: clear (no modal dialog) | windows: LabVIEW
  +15s dialogs: 254|574,318,1346,762| / ENABLED|3213114|0,0,0,0|LabVIEW / VERDICT: clear (no modal dialog) | windows: LabVIEW
  +30s dialogs: 254|574,318,1346,762| / ENABLED|3213114|0,0,0,0|LabVIEW / VERDICT: clear (no modal dialog) | windows: LabVIEW
  +45s dialogs: 254|574,318,1346,762| / ENABLED|3213114|0,0,0,0|LabVIEW / VERDICT: clear (no modal dialog) | windows: LabVIEW
report(copy): 2 1.0s
open_panel(copy) OK 0.1s
report(copy) after open: 2 0.1s
dialogs now: vprobe.vi Front Panel / ENABLED|3213114|0,0,0,0|LabVIEW / VERDICT: clear (no modal dialog)
BGRUN END rc=0 after 86s
BGRUN START 2026-09-07 05:15:38 limit 15.0 min: py -u tools/recipes/build_opnetinfo.py
Traceback (most recent call last):
  File "G:\Codes\LabVIEW_Codes\MinLab\zz_LabView VI\AAA_UNIST\2. Tracking\V6_ParallelLoop\tools\recipes\build_opnetinfo.py", line 161, in <module>
    sys.exit(main())
  File "G:\Codes\LabVIEW_Codes\MinLab\zz_LabView VI\AAA_UNIST\2. Tracking\V6_ParallelLoop\tools\recipes\build_opnetinfo.py", line 75, in main
    g.open_panel(OP); time.sleep(1.0)
  File "G:\Codes\LabVIEW_Codes\MinLab\zz_LabView VI\AAA_UNIST\2. Tracking\V6_ParallelLoop\tools\gscript.py", line 388, in open_panel
    _invoke(lv().GetVIReference(target, "", False, 0), "OpenFrontPanel", bool(activate), 1)
  File "G:\Codes\LabVIEW_Codes\MinLab\zz_LabView VI\AAA_UNIST\2. Tracking\V6_ParallelLoop\tools\gscript.py", line 142, in _invoke
    raise RuntimeError(
RuntimeError: COM OpenFrontPanel did not return within 180s (no dialog) - LabVIEW busy or a second client contending
BGRUN END rc=1 after 180s
BGRUN START 2026-09-07 05:26:38 limit 15.0 min: py -u tools/recipes/build_opnetinfo.py
Traceback (most recent call last):
  File "G:\Codes\LabVIEW_Codes\MinLab\zz_LabView VI\AAA_UNIST\2. Tracking\V6_ParallelLoop\tools\recipes\build_opnetinfo.py", line 164, in <module>
    sys.exit(main())
  File "G:\Codes\LabVIEW_Codes\MinLab\zz_LabView VI\AAA_UNIST\2. Tracking\V6_ParallelLoop\tools\recipes\build_opnetinfo.py", line 74, in main
    shutil.copyfile(SRC, OP)
  File "C:\Users\KimLab\AppData\Local\Programs\Python\Python310\lib\shutil.py", line 256, in copyfile
    with open(dst, 'wb') as fdst:
OSError: [Errno 22] Invalid argument: 'C:\\Program Files\\National Instruments\\LabVIEW 2026\\user.lib\\claudeDev\\OpNetInfo_v0.vi'
BGRUN END rc=1 after 0s
BGRUN START 2026-09-07 05:27:14 limit 6.0 min: py -u tools/lv_restart.py
  File "G:\Codes\LabVIEW_Codes\MinLab\zz_LabView VI\AAA_UNIST\2. Tracking\V6_ParallelLoop\tools\lv_restart.py", line 30
    print("dialogs:", g._lv_gui("-Action", "dialogs").strip().replace("
                                                                      ^
SyntaxError: unterminated string literal (detected at line 30)
BGRUN END rc=1 after 0s
BGRUN START 2026-09-07 05:27:14 limit 15.0 min: py -u tools/recipes/build_opnetinfo.py
Traceback (most recent call last):
  File "G:\Codes\LabVIEW_Codes\MinLab\zz_LabView VI\AAA_UNIST\2. Tracking\V6_ParallelLoop\tools\recipes\build_opnetinfo.py", line 164, in <module>
    sys.exit(main())
  File "G:\Codes\LabVIEW_Codes\MinLab\zz_LabView VI\AAA_UNIST\2. Tracking\V6_ParallelLoop\tools\recipes\build_opnetinfo.py", line 77, in main
    subs = g.report(OP, "SubVI"); fns = g.report(OP, "Function")
  File "G:\Codes\LabVIEW_Codes\MinLab\zz_LabView VI\AAA_UNIST\2. Tracking\V6_ParallelLoop\tools\gscript.py", line 257, in report
    _run(vi)
  File "G:\Codes\LabVIEW_Codes\MinLab\zz_LabView VI\AAA_UNIST\2. Tracking\V6_ParallelLoop\tools\gscript.py", line 228, in _run
    raise RuntimeError(
RuntimeError: COM Run did not return within 120s and no modal dialog was found - LabVIEW is busy or another client is contending. Screenshot: C:\Users\KimLab\AppData\Local\Temp\gscript_hang_1788726554.png
BGRUN END rc=1 after 121s
BGRUN START 2026-09-07 05:38:18 limit 6.0 min: py -u tools/lv_restart.py
LabVIEW up after 15 s, version 26.3.1f1
dialogs: ,1346,762| / ENABLED|21300952|0,0,0,0|LabVIEW / VERDICT: clear (no modal dialog)
BGRUN END rc=0 after 67s
BGRUN START 2026-09-07 05:39:26 limit 15.0 min: py -u tools/recipes/build_opnetinfo.py
copy loaded via reporter: SubVIs [(243, (900, 640)), (124, (495, 281))]
Traceback (most recent call last):
  File "G:\Codes\LabVIEW_Codes\MinLab\zz_LabView VI\AAA_UNIST\2. Tracking\V6_ParallelLoop\tools\recipes\build_opnetinfo.py", line 164, in <module>
    sys.exit(main())
  File "G:\Codes\LabVIEW_Codes\MinLab\zz_LabView VI\AAA_UNIST\2. Tracking\V6_ParallelLoop\tools\recipes\build_opnetinfo.py", line 85, in main
    g._run(vi); print("creator (Create Invoke Node.vi) delete op returned", flush=True)
  File "G:\Codes\LabVIEW_Codes\MinLab\zz_LabView VI\AAA_UNIST\2. Tracking\V6_ParallelLoop\tools\gscript.py", line 228, in _run
    raise RuntimeError(
RuntimeError: COM Run did not return within 120s and no modal dialog was found - LabVIEW is busy or another client is contending. Screenshot: C:\Users\KimLab\AppData\Local\Temp\gscript_hang_1788727289.png
BGRUN END rc=1 after 124s
BGRUN START 2026-09-07 05:49:38 limit 6.0 min: py -u tools/lv_restart.py
LabVIEW up after 15 s, version 26.3.1f1
dialogs: ,1346,762| / ENABLED|40241020|0,0,0,0|LabVIEW / VERDICT: clear (no modal dialog)
BGRUN END rc=0 after 67s
BGRUN START 2026-09-07 05:50:45 limit 8.0 min: py -u -c 
import sys, os, time, json; sys.path.insert(0,'tools'); import gscript as g; g._lv=None; g._run.__defaults__=(6.0,60.0)
L=json.load(open('tools/bench/harness_compare_labels.json')); C=L['controls']; O=L['outputs']
D=r'G:\Data\SiHyeong\20260906 Kimlab - 50bp 16X WT 90Hz 1p2 Ramp_Newbatch\test'
ld=g.op(os.path.join(g.CLAUDEDEV,'HARNESS_loadcal.vi')); ld.SetControlValue('file (use dialog)', os.path.join(D,'cal002')); g._run(ld); xyz0=list(ld.GetControlValue('x,y,(blankz) array'))
vi=g.op(os.path.join(g.CLAUDEDEV,'HARNESS_compare.vi')); vi.SetControlValue(C['Image Name'],'harness'); vi.SetControlValue(C['# of bead 4 packs'],1); vi.SetControlValue(C['4 pack remainder'],1)
vi.SetControlValue(C['File Path'], os.path.join(D,'img00004.tif')); vi.SetControlValue(C['Bead is good? array in'],[True]*5); vi.SetControlValue(C['pos in cal image in'],[30]*5)
for tag,xyz in (('xyz0',xyz0),('xyz0 +50px',[v+50 if i%3<2 else v for i,v in enumerate(xyz0)]),('zeros',[0.0]*15),('bead order reversed',xyz0[12:15]+xyz0[9:12]+xyz0[6:9]+xyz0[3:6]+xyz0[0:3])):
    vi.SetControlValue(C['x,y,z array'], xyz); g._run(vi)
    print('T3', tag, ': v3', [round(x,2) for x in vi.GetControlValue(O['v3|x,y,z array out'])[:9]], '| ff', [round(x,2) for x in vi.GetControlValue(O['ff|x,y,z array out'])[:6]], 'pos v3', list(vi.GetControlValue(O['v3|pos in cal image out'])), flush=True)
for tag,good in (('good all F',[False]*5),('good bead1 only',[True,False,False,False,False])):
    vi.SetControlValue(C['x,y,z array'], xyz0); vi.SetControlValue(C['Bead is good? array in'], good); g._run(vi)
    print('T3', tag, ': v3', [round(x,2) for x in vi.GetControlValue(O['v3|x,y,z array out'])[:6]], 'good v3', list(vi.GetControlValue(O['v3|Bead is good? array out'])), '| ff', [round(x,2) for x in vi.GetControlValue(O['ff|x,y,z array out'])[:6]], flush=True)

T3 xyz0 : v3 [-16.63, -21.24, 5.9, -16.63, -21.24, 5.9, -16.63, -21.24, 5.9] | ff [708.41, 300.66, 2.92, 391.0, 266.4, 2.49] pos v3 [59, 59, 59, 59, 59]
T3 xyz0 +50px : v3 [-16.63, -21.24, 5.9, -16.63, -21.24, 5.9, -16.63, -21.24, 5.9] | ff [759.93, 363.59, 5.9, 437.46, 309.63, 5.9] pos v3 [59, 59, 59, 59, 59]
T3 zeros : v3 [-16.63, -21.24, 5.9, -16.63, -21.24, 5.9, -16.63, -21.24, 5.9] | ff [-16.63, -21.24, 5.9, -16.63, -21.24, 5.9] pos v3 [59, 59, 59, 59, 59]
T3 bead order reversed : v3 [-16.63, -21.24, 5.9, -16.63, -21.24, 5.9, -16.63, -21.24, 5.9] | ff [1071.25, 825.08, 5.57, 791.68, 508.71, 2.84] pos v3 [59, 59, 59, 59, 59]
T3 good all F : v3 [-1.0, -1.0, -1.0, -1.0, -1.0, -1.0] good v3 [False, False, False, False, False] | ff [-1.0, -1.0, -1.0, -1.0, -1.0, -1.0]
T3 good bead1 only : v3 [-16.63, -21.24, 5.9, -1.0, -1.0, -1.0] good v3 [False, False, False, False, False] | ff [708.41, 300.66, 2.92, -1.0, -1.0, -1.0]
BGRUN END rc=0 after 1s
BGRUN START 2026-09-07 06:01:36 limit 8.0 min: py -u -c 
import sys, os, time, shutil; sys.path.insert(0,'tools'); import gscript as g; g._lv=None; g._run.__defaults__=(6.0,60.0)
V3=os.path.join(g.CLAUDEDEV,'PARALLEL_kernel_v3.vi')
print('SubVIs', [(o['i'],o['uid'],o['pos'],o['owner']) for o in g.report(V3,'SubVI')], flush=True)
print('Unbundler', [(o['i'],o['uid'],o['pos'],o['owner']) for o in g.report(V3,'Unbundler')], 'LoopTunnels', len(g.report(V3,'LoopTunnel')), 'ExecState', g.exec_state(V3), flush=True)
print('Unbundler terminals', [(o['uid'],o['pos']) for o in g.report(V3,'GObject') if o['owner']=='Unbundler'], flush=True)
S=os.path.join(g.CLAUDEDEV,'SCRATCH_v3names.vi'); shutil.copyfile(V3,S); g.open_panel(S); time.sleep(1.0)
for t in range(4):
    new=g.create_indicator(S,3,t); lab=g.fp_labels(S)[-1] if new else None
    print('Decimate Nodes[3] terminal',t,'->',[(o['uid'],o['pos']) for o in new],'label',lab, flush=True)
g.close_panel(S); os.remove(S); print('scratch removed', flush=True)

SubVIs [(0, 3449, (-831, 813), 'Diagram'), (1, 110, (2564, 143), 'Diagram'), (2, 2982, (2878, 123), 'Diagram'), (3, 3451, (3250, 216), 'Diagram'), (4, 2700, (2878, -20), 'Diagram'), (5, 21, (356, 356), 'Diagram'), (6, 212, (356, 129), 'Diagram')]
Unbundler [(0, 3848, (-1076, 253), 'TopLevelDiagram')] LoopTunnels 18 ExecState 1
Unbundler terminals [(3864, (-1076, 253)), (3868, (-1060, 253)), (3873, (-1060, 261)), (3888, (-1060, 269))]
Decimate Nodes[3] terminal 0 -> [(3994, (-1052, 304))] label (13, 'array', True)
Decimate Nodes[3] terminal 1 -> [(4024, (-1035, 339))] label (14, 'decimated array', True)
Decimate Nodes[3] terminal 2 -> [(4057, (-1034, 363))] label (15, 'decimated array 2', True)
Decimate Nodes[3] terminal 3 -> [(4090, (-1036, 254))] label (16, 'decimated array 3', True)
scratch removed
BGRUN END rc=0 after 474s
BGRUN START 2026-09-07 06:12:53 limit 15.0 min: py -u tools/recipes/build_opnetinfo.py
copy loaded via reporter: SubVIs [(243, (900, 640)), (124, (495, 281))]
STOP: could not put an error-in control on the creator
BGRUN END rc=1 after 5s
BGRUN START 2026-09-07 06:13:56 limit 15.0 min: py -u tools/recipes/build_opnetinfo.py
copy loaded via reporter: SubVIs [(243, (900, 640)), (124, (495, 281))]
   disc Nodes[0] t0 -> 'error out 2'
   disc Nodes[0] t1 -> 'vi reference'
   disc Nodes[0] t2 -> 'password ("")'
   disc Nodes[0] t3 -> 'type specifier VI Refnum (for type only)'
   disc Nodes[0] t4 -> 'error in (no error)'
   creator = Nodes[0] terminal 4: control 'error in (no error)' on the real op
skeleton ExecState 1

== PN Diagram.Nodes[]
   predict: +1
   observed: [{'i': 0, 'class': 'Property', 'uid': 235, 'pos': (759, 280), 'owner': 'TopLevelDiagram'}]

== TMSC -> PN_N.reference
   predict: accepted
   observed: 13

== IA_n
   predict: +1
   observed: [{'i': 0, 'class': 'IndexArray', 'uid': 236, 'pos': (900, 280), 'owner': 'TopLevelDiagram'}]

== Nodes[] -> IA_n.array
   predict: +1
   observed: 14

== control index 2 on IA_n.index
   predict: label 'index 2'
   observed: ([{'i': 9, 'class': 'ControlTerminal', 'uid': 442, 'pos': (854, 241), 'owner': 'TopLevelDiagram'}], 'index 2')

== PN Node.Terminals[]
   predict: +1
   observed: [{'i': 0, 'class': 'Property', 'uid': 237, 'pos': (997, 280), 'owner': 'TopLevelDiagram'}]

== IA_n.element -> PN_T.reference
   predict: +1
   observed: 16

== IA_t
   predict: +1
   observed: [{'i': 0, 'class': 'IndexArray', 'uid': 239, 'pos': (1150, 280), 'owner': 'TopLevelDiagram'}]

== Terms[] -> IA_t.array
   predict: +1
   observed: 17

== control index 3 on IA_t.index
   predict: label 'index 3'
   observed: ([{'i': 10, 'class': 'ControlTerminal', 'uid': 499, 'pos': (1111, 283), 'owner': 'TopLevelDiagram'}], 'index 3')

== PN Node [UID]
   predict: +1
   observed: [{'i': 0, 'class': 'Property', 'uid': 240, 'pos': (997, 420), 'owner': 'TopLevelDiagram'}]

== IA_n.element -> PN_S.reference (branch)
   predict: accepted
   observed: 18

== indicator UID (node)
   predict: readable
   observed: 4

== PN Terminal [Name, Connected Wire]
   predict: +1
   observed: [{'i': 0, 'class': 'Property', 'uid': 241, 'pos': (1298, 280), 'owner': 'TopLevelDiagram'}]

== IA_t.element -> PN_Tm.reference
   predict: +1
   observed: 20

== indicator Name
   predict: readable
   observed: 4

== PN Wire [UID, Is Broken?]
   predict: +1
   observed: [{'i': 0, 'class': 'Property', 'uid': 242, 'pos': (1449, 280), 'owner': 'TopLevelDiagram'}]

== PN_Tm.Connected Wire -> PN_W.reference
   predict: one name
   'Connected Wire': wire Connected Wire->reference: error 5001: LV-Scripting.lvlib:Get Out
   observed: ('Wire', 22)

== PN_Tm.error out -> PN_W.error in
   predict: +1
   observed: 23

== indicator UID 2 (wire)
   predict: readable
   observed: 4

== indicator Is Broken?
   predict: readable
   observed: 5

== PN_W.error out -> Clear Errors
   predict: +1
   observed: 26

assembled wires 26 ExecState 1
saved 12584
   n=0 t=0: run blocked behind a modal dialog (dismi
   n=1 t=0: run blocked behind a modal dialog (dismi
   n=2 t=0: run blocked behind a modal dialog (dismi
BGRUN END rc=0 after 36s
BGRUN START 2026-09-07 06:24:57 limit 20.0 min: py -u -c 
import sys, os, time, json; sys.path.insert(0,'tools'); import gscript as g; g._lv=None; g._run.__defaults__=(6.0,60.0)
OP=g.OP_NET_INFO; CE=r'C:\Program Files\National Instruments\LabVIEW 2026\vi.lib\Utility\error.llb\Clear Errors.vi'
subs=g.report(OP,'SubVI'); ci=next(i for i,o in enumerate(subs) if o['pos']==(900,640)); s0=g.uids(OP,'SubVI')
g.drop_subvi(OP, CE, 0, (1000,720)); subs=g.report(OP,'SubVI'); si=next(i for i,o in enumerate(subs) if o['uid'] not in s0); ci=next(i for i,o in enumerate(subs) if o['pos']==(900,640))
print('creator error out -> Clear Errors:', g.wire(OP,'SubVI',ci,'error out','SubVI',si,'error in (no error)'), 'ExecState', g.exec_state(OP), flush=True)
if g.exec_state(OP)==1: print('saved', g.save(OP), flush=True)
vi=g.op(OP); vi.SetControlValue('vi path', os.path.join(g.CLAUDEDEV,'OpMove_v0.vi')); vi.SetControlValue('Class Name','Diagram'); vi.SetControlValue('index',0); vi.SetControlValue('error in (no error)',(True,1,'neutralised'))
for n in range(3):
    for t in range(4):
        vi.SetControlValue('index 2',n); vi.SetControlValue('index 3',t); t0=time.time()
        try: g._run(vi)
        except RuntimeError as e: print('   n=%d t=%d: %s'%(n,t,str(e)[:50]), flush=True); break
        print('   n=%d t=%d: node uid=%s term=%r wire=%s broken=%s (%.2fs)'%(n,t,vi.GetControlValue('UID'),vi.GetControlValue('Name'),vi.GetControlValue('UID 2'),vi.GetControlValue('Is Broken?'),time.time()-t0), flush=True)
V3=os.path.join(g.CLAUDEDEV,'PARALLEL_kernel_v3.vi'); t0=time.time()
nodes, nets = g.net_map(V3, 1)
print('=== v3 diagram 1 (new loop): %d nodes, %d wires, %.0fs'%(len(nodes),len(nets),time.time()-t0), flush=True)
g.print_net_map(nodes, nets)
json.dump({'nodes':{str(k):v for k,v in nodes.items()},'nets':{str(k):v for k,v in nets.items()}}, open('tools/bench/v3_netmap_diag1.json','w'), indent=1)

creator error out -> Clear Errors: 27 ExecState 0
Traceback (most recent call last):
  File "<string>", line 12, in <module>
  File "G:\Codes\LabVIEW_Codes\MinLab\zz_LabView VI\AAA_UNIST\2. Tracking\V6_ParallelLoop\tools\gscript.py", line 233, in _run
    raise result["err"]
  File "G:\Codes\LabVIEW_Codes\MinLab\zz_LabView VI\AAA_UNIST\2. Tracking\V6_ParallelLoop\tools\gscript.py", line 207, in call
    disp.Invoke(disp.GetIDsOfNames(0, "Run"), 0, pythoncom.DISPATCH_METHOD, 1)
pywintypes.com_error: (-2147352567, '���ܰ� �߻��߽��ϴ�.', (6503, 'LabVIEW', 'LabVIEW: (Hex 0x3EB) The VI is not executable. This error may occur because the VI is either broken or contains a subVI that LabVIEW cannot locate. Select <b>File>>Open</b> to open the VI and verify that you can run it.', None, 0, 0), None)
BGRUN END rc=1 after 0s
BGRUN START 2026-09-07 06:25:49 limit 4.0 min: py -u -c 
import sys, os, time; sys.path.insert(0,'tools'); import gscript as g; g._lv=None; g._run.__defaults__=(6.0,60.0)
OP=g.OP_NET_INFO
try: g.revert(OP); print('reverted OpNetInfo_v1 from disk', flush=True)
except Exception as e: print('revert:', str(e)[:80], flush=True)
print('ExecState', g.exec_state(OP), 'wires', g.count(OP,'Wire'), 'SubVIs', [(o['uid'],o['pos']) for o in g.report(OP,'SubVI')], flush=True)
print('FP:', [(i,l,ind) for i,l,ind in g.fp_labels(OP)], flush=True)

reverted OpNetInfo_v1 from disk
ExecState 1 wires 26 SubVIs [(399, (1600, 280)), (243, (900, 640)), (124, (495, 281))]
FP: [(0, 'vi path', False), (1, 'Class Name', False), (2, 'index', False), (3, 'vi path 2', False), (4, 'location (0, 0)', False), (5, 'error out', True), (6, 'Class Name 2', False), (7, 'Class Name 3', False), (8, 'error in (no error)', False), (9, 'index 2', False), (10, 'index 3', False), (11, 'UID', True), (12, 'Name', True), (13, 'UID 2', True), (14, 'Is Broken?', True)]
BGRUN END rc=0 after 9s
BGRUN START 2026-09-07 06:26:41 limit 20.0 min: py -u -c 
import sys, os, time, json, shutil; sys.path.insert(0,'tools'); import gscript as g; g._lv=None; g._run.__defaults__=(6.0,60.0)
OP=g.OP_NET_INFO; SRC=os.path.join(g.CLAUDEDEV,'OpBuildInvoke_v0.vi')
D=os.path.join(g.CLAUDEDEV,'SCRATCH_disc2.vi'); shutil.copyfile(OP, D); g.report(D,'SubVI'); g.open_panel(D); time.sleep(0.5)
found=None
for n in range(g.count(D,'Node')):
    labels={}
    for t in range(12):
        try: new,label=g.create_control(D,n,t)
        except Exception: new,label=[],None
        if not new: continue
        labels[t]=label
        ct=[o['uid'] for o in g.report(D,'ControlTerminal')]; g.delete_object(D,'ControlTerminal',ct.index(new[0]['uid'])); g.remove_bad_wires_scripted(D)
        if label and (label.startswith('ID String') or label.startswith('Diagram in') or label.startswith('location')): pass
    print('   disc Nodes[%d]: %s'%(n,labels), flush=True)
    if any(str(v).startswith('ID String') or str(v).startswith('Diagram in') for v in labels.values()):
        te=next((t for t,v in labels.items() if str(v).startswith('error in')), None)
        if te is not None: found=(n,te); break
g.close_panel(D); os.remove(D)
print('creator =', found, flush=True)
if found:
    new,label=g.create_control(OP, found[0], found[1]); print('control on real op:', label, 'ExecState', g.exec_state(OP), flush=True)
    if g.exec_state(OP)==1: print('saved', g.save(OP), flush=True)
    vi=g.op(OP); vi.SetControlValue('vi path', os.path.join(g.CLAUDEDEV,'OpMove_v0.vi')); vi.SetControlValue('Class Name','Diagram'); vi.SetControlValue('index',0)
    vi.SetControlValue('error in (no error)',(False,0,'')); vi.SetControlValue(label,(True,1,'neutralised creator'))
    for n in range(2):
        for t in range(3):
            vi.SetControlValue('index 2',n); vi.SetControlValue('index 3',t); t0=time.time()
            try: g._run(vi)
            except RuntimeError as e: print('   n=%d t=%d: %s'%(n,t,str(e)[:50]), flush=True); break
            print('   n=%d t=%d: node uid=%s term=%r wire=%s broken=%s (%.2fs)'%(n,t,vi.GetControlValue('UID'),vi.GetControlValue('Name'),vi.GetControlValue('UID 2'),vi.GetControlValue('Is Broken?'),time.time()-t0), flush=True)

   disc Nodes[0]: {0: 'error out 2', 1: 'vi reference', 2: 'password ("")', 3: 'type specifier VI Refnum (for type only)', 4: 'error in (no error) 2', 5: 'options', 6: 'vi path 3', 7: 'application reference (local)'}
   disc Nodes[1]: {0: 'error out 2', 1: '# of Refs', 2: 'References', 3: 'dup VI Refnum', 5: 'Other Refnum', 6: 'Traverse Generated Code (F)', 7: 'Traverse Target', 8: 'error in (no error) 2', 10: 'Class Name 4', 11: 'VI Refnum'}
   disc Nodes[2]: {0: 'array', 1: 'element', 2: 'index 4'}
   disc Nodes[3]: {0: 'specific class reference', 1: 'error out 2', 2: 'target class', 3: 'reference', 4: 'error in'}
   disc Nodes[4]: {0: 'Diagram in', 1: 'ID String', 2: 'location (0, 0) 2', 4: 'Diagram out', 5: 'reference', 6: 'reference out', 7: 'Inputs', 8: 'Outputs', 9: 'error in', 10: 'error out 2', 11: 'error in (no error) 2'}
creator = (4, 9)
control on real op: error in ExecState 1
saved 12880
   n=0 t=0: run blocked behind a modal dialog (dismissed by wa
   n=1 t=0: run blocked behind a modal dialog (dismissed by wa
BGRUN END rc=0 after 253s
BGRUN START 2026-09-07 06:38:15 limit 25.0 min: py -u -c 
import sys, os, time, json; sys.path.insert(0,'tools'); import gscript as g; g._lv=None; g._run.__defaults__=(6.0,60.0)
OP=g.OP_NET_INFO; CE=r'C:\Program Files\National Instruments\LabVIEW 2026\vi.lib\Utility\error.llb\Clear Errors.vi'
s0=g.uids(OP,'SubVI'); g.drop_subvi(OP, CE, 0, (1000,720)); subs=g.report(OP,'SubVI'); si=next(i for i,o in enumerate(subs) if o['uid'] not in s0); ci=next(i for i,o in enumerate(subs) if o['pos']==(900,640))
print('creator error out -> NEW Clear Errors:', g.wire(OP,'SubVI',ci,'error out','SubVI',si,'error in (no error)'), 'ExecState', g.exec_state(OP), flush=True)
if g.exec_state(OP)!=1: print('STOP broken', flush=True); sys.exit(2)
print('saved', g.save(OP), flush=True)
vi=g.op(OP); vi.SetControlValue('vi path', os.path.join(g.CLAUDEDEV,'OpMove_v0.vi')); vi.SetControlValue('Class Name','Diagram'); vi.SetControlValue('index',0)
vi.SetControlValue('error in (no error)',(False,0,'')); vi.SetControlValue('error in',(True,1,'neutralised creator'))
for n in range(2):
    for t in range(3):
        vi.SetControlValue('index 2',n); vi.SetControlValue('index 3',t); t0=time.time()
        try: g._run(vi)
        except RuntimeError as e: print('   n=%d t=%d: %s'%(n,t,str(e)[:50]), flush=True); break
        print('   n=%d t=%d: node uid=%s term=%r wire=%s broken=%s (%.2fs)'%(n,t,vi.GetControlValue('UID'),vi.GetControlValue('Name'),vi.GetControlValue('UID 2'),vi.GetControlValue('Is Broken?'),time.time()-t0), flush=True)
V3=os.path.join(g.CLAUDEDEV,'PARALLEL_kernel_v3.vi'); t0=time.time()
vi.SetControlValue('error in',(True,1,'neutralised creator'))
nodes, nets = g.net_map(V3, 1)
print('=== v3 diagram 1 (new loop): %d nodes, %d wires, %.0fs'%(len(nodes),len(nets),time.time()-t0), flush=True)
g.print_net_map(nodes, nets)
json.dump({'nodes':{str(k):v for k,v in nodes.items()},'nets':{str(k):v for k,v in nets.items()}}, open('tools/bench/v3_netmap_diag1.json','w'), indent=1)

creator error out -> NEW Clear Errors: 28 ExecState 0
STOP broken
BGRUN END rc=2 after 0s
BGRUN START 2026-09-07 06:39:42 limit 25.0 min: py -u -c 
import sys, os, time, json; sys.path.insert(0,'tools'); import gscript as g; g._lv=None; g._run.__defaults__=(6.0,60.0)
OP=g.OP_NET_INFO
print('broken state: remove_bad_wires ->', g.remove_bad_wires_scripted(OP), flush=True)
g.revert(OP); print('reverted: ExecState', g.exec_state(OP), 'wires', g.count(OP,'Wire'), flush=True)
subs=g.report(OP,'SubVI'); ci=next(i for i,o in enumerate(subs) if o['pos']==(900,640))
props=g.report(OP,'Property'); pn=next(i for i,o in enumerate(props) if o['pos']==(759,280))   # PN_N Diagram.Nodes[]
print('creator error out -> PN_N error in:', g.wire(OP,'SubVI',ci,'error out','Property',pn,'error in (no error)'), 'ExecState', g.exec_state(OP), flush=True)
if g.exec_state(OP)!=1:
    print('still broken; remove_bad_wires ->', g.remove_bad_wires_scripted(OP), flush=True); g.revert(OP); print('reverted again', flush=True); sys.exit(2)
print('saved', g.save(OP), flush=True)
vi=g.op(OP); vi.SetControlValue('vi path', os.path.join(g.CLAUDEDEV,'OpMove_v0.vi')); vi.SetControlValue('Class Name','Diagram'); vi.SetControlValue('index',0)
vi.SetControlValue('error in (no error)',(False,0,'')); vi.SetControlValue('error in',(True,1,'neutralised creator'))
for n in range(2):
    for t in range(3):
        vi.SetControlValue('index 2',n); vi.SetControlValue('index 3',t); t0=time.time()
        try: g._run(vi)
        except RuntimeError as e: print('   n=%d t=%d: %s'%(n,t,str(e)[:50]), flush=True); break
        print('   n=%d t=%d: node uid=%s term=%r wire=%s broken=%s (%.2fs)'%(n,t,vi.GetControlValue('UID'),vi.GetControlValue('Name'),vi.GetControlValue('UID 2'),vi.GetControlValue('Is Broken?'),time.time()-t0), flush=True)
V3=os.path.join(g.CLAUDEDEV,'PARALLEL_kernel_v3.vi'); t0=time.time()
nodes, nets = g.net_map(V3, 1)
print('=== v3 diagram 1 (new loop): %d nodes, %d wires, %.0fs'%(len(nodes),len(nets),time.time()-t0), flush=True)
g.print_net_map(nodes, nets)
json.dump({'nodes':{str(k):v for k,v in nodes.items()},'nets':{str(k):v for k,v in nets.items()}}, open('tools/bench/v3_netmap_diag1.json','w'), indent=1)

broken state: remove_bad_wires -> (27, 1)
reverted: ExecState 1 wires 27
creator error out -> PN_N error in: 28 ExecState 0
still broken; remove_bad_wires -> (27, 1)
reverted again
BGRUN END rc=2 after 1s
BGRUN START 2026-09-07 06:41:20 limit 8.0 min: py -u tools/recipes/build_opsetautoerr.py
skeleton wires 1 ExecState 1
PN (402, 300) wire ref: 2
error out -> Clear Errors: 3
   PN terminal 4: [(157, (356, 307))] label='Automatic Error Handling'
assembled: control Automatic Error Handling wires 4 ExecState 1
saved 8815
BGRUN END rc=0 after 12s
BGRUN START 2026-09-07 06:41:32 limit 25.0 min: py -u -c 
import sys, os, time, json; sys.path.insert(0,'tools'); import gscript as g; g._lv=None; g._run.__defaults__=(6.0,60.0)
OP=g.OP_NET_INFO
g.set_auto_error_handling(OP, False); print('auto error handling OFF on OpNetInfo_v1; saving:', g.save(OP), flush=True)
vi=g.op(OP); vi.SetControlValue('vi path', os.path.join(g.CLAUDEDEV,'OpMove_v0.vi')); vi.SetControlValue('Class Name','Diagram'); vi.SetControlValue('index',0)
vi.SetControlValue('error in (no error)',(False,0,'')); vi.SetControlValue('error in',(True,1,'neutralised creator'))
for n in range(2):
    for t in range(3):
        vi.SetControlValue('index 2',n); vi.SetControlValue('index 3',t); t0=time.time()
        try: g._run(vi)
        except RuntimeError as e: print('   n=%d t=%d: %s'%(n,t,str(e)[:50]), flush=True); break
        print('   n=%d t=%d: node uid=%s term=%r wire=%s broken=%s (%.2fs)'%(n,t,vi.GetControlValue('UID'),vi.GetControlValue('Name'),vi.GetControlValue('UID 2'),vi.GetControlValue('Is Broken?'),time.time()-t0), flush=True)
V3=os.path.join(g.CLAUDEDEV,'PARALLEL_kernel_v3.vi'); t0=time.time()
nodes, nets = g.net_map(V3, 1)
print('=== v3 diagram 1 (new loop): %d nodes, %d wires, %.0fs'%(len(nodes),len(nets),time.time()-t0), flush=True)
g.print_net_map(nodes, nets)
json.dump({'nodes':{str(k):v for k,v in nodes.items()},'nets':{str(k):v for k,v in nets.items()}}, open('tools/bench/v3_netmap_diag1.json','w'), indent=1)

auto error handling OFF on OpNetInfo_v1; saving: 12880
   n=0 t=0: node uid=43 term='error out' wire=0 broken=False (0.08s)
   n=0 t=1: node uid=43 term='vi reference' wire=467 broken=False (0.09s)
   n=0 t=2: node uid=43 term='password ("")' wire=0 broken=False (0.09s)
   n=1 t=0: node uid=124 term='error out' wire=0 broken=False (0.09s)
   n=1 t=1: node uid=124 term='# of Refs' wire=0 broken=False (0.09s)
   n=1 t=2: node uid=124 term='References' wire=600 broken=False (0.08s)
BGRUN START 2026-09-07 07:03:06 limit 6.0 min: py -u tools/lv_restart.py
LabVIEW up after 14 s, version 26.3.1f1
dialogs: 1346,762| / ENABLED|124194278|0,0,0,0|LabVIEW / VERDICT: clear (no modal dialog)
BGRUN END rc=0 after 66s
BGRUN START 2026-09-07 07:04:13 limit 4.0 min: py -u -c 
import sys, os; sys.path.insert(0,'tools'); import gscript as g; g._lv=None; g._run.__defaults__=(6.0,40.0)
print('health report(OpMove_v0):', g.count(os.path.join(g.CLAUDEDEV,'OpMove_v0.vi'),'IndexArray'), flush=True)
print('SCRATCH leftovers:', [f for f in os.listdir(g.CLAUDEDEV) if f.startswith('SCRATCH')], flush=True)
print('windows:', [w for w in g._lv_gui('-Action','windows').splitlines() if w.strip()], flush=True)

health report(OpMove_v0): 1
SCRATCH leftovers: []
windows: ['LabVIEW']
BGRUN END rc=0 after 1s
BGRUN START 2026-09-07 13:13:29 limit 4.0 min: py -u -c 
import sys, os, time, shutil; sys.path.insert(0,'tools'); import gscript as g; g._lv=None; g._run.__defaults__=(6.0,40.0)
print('windows before:', [w for w in g._lv_gui('-Action','windows').splitlines() if w.strip()], flush=True)
S=os.path.join(g.CLAUDEDEV,'SCRATCH_ni.vi'); shutil.copyfile(os.path.join(g.CLAUDEDEV,'OpMove_v0.vi'), S)
vi=g.op(g.OP_NET_INFO); vi.SetControlValue('vi path', S); vi.SetControlValue('Class Name','Diagram'); vi.SetControlValue('index',0)
vi.SetControlValue('error in (no error)',(False,0,'')); vi.SetControlValue('error in',(True,1,'neutralised creator')); vi.SetControlValue('index 2',0); vi.SetControlValue('index 3',0)
t0=time.time()
try:
    g._run(vi); print('T_A (creator error ON): OK %.2fs node uid=%s term=%r wire=%s'%(time.time()-t0, vi.GetControlValue('UID'), vi.GetControlValue('Name'), vi.GetControlValue('UID 2')), flush=True)
except Exception as e: print('T_A HANG/ERR', str(e)[:80], flush=True)
print('windows after:', [w for w in g._lv_gui('-Action','windows').splitlines() if w.strip()], flush=True)

windows before: ['LabVIEW', 'LabVIEW']
T_A (creator error ON): OK 0.10s node uid=43 term='error out' wire=0
windows after: ['LabVIEW', 'LabVIEW']
BGRUN END rc=0 after 3s
BGRUN START 2026-09-07 13:19:53 limit 15.0 min: py -u tools/recipes/build_opconnect2.py
base ExecState 1 wires 27
Open VI Ref {'i': 1, 'class': 'Function', 'uid': 43, 'pos': (275, 251), 'owner': 'TopLevelDiagram'} IA_t {'i': 0, 'class': 'IndexArray', 'uid': 239, 'pos': (1150, 280), 'owner': 'TopLevelDiagram'}

== PN VI.Block Diagram (source side)
   predict: +1
   observed: [{'i': 0, 'class': 'Property', 'uid': 741, 'pos': (426, 560), 'owner': 'TopLevelDiagram'}]

== OpenVIRef.vi reference -> PN1 (branch)
   predict: accepted
   observed: 27

== PN Diagram.Nodes[]
   predict: +1
   observed: [{'i': 0, 'class': 'Property', 'uid': 744, 'pos': (559, 560), 'owner': 'TopLevelDiagram'}]

== PN1.Diagram -> PN2
   predict: +1
   observed: 28

== IA source node
   predict: +1
   observed: [{'i': 0, 'class': 'IndexArray', 'uid': 750, 'pos': (700, 560), 'owner': 'TopLevelDiagram'}]

== Nodes[] -> IA4.array
   predict: +1
   observed: 29

== control index 4
   predict: label 'index 4'
   observed: ([{'i': 16, 'class': 'ControlTerminal', 'uid': 878, 'pos': (654, 521), 'owner': 'TopLevelDiagram'}], 'index 4')

== PN Node.Terminals[] (source)
   predict: +1
   observed: [{'i': 0, 'class': 'Property', 'uid': 751, 'pos': (847, 560), 'owner': 'TopLevelDiagram'}]

== IA4.element -> PN3
   predict: +1
   observed: 31

== IA source terminal
   predict: +1
   observed: [{'i': 0, 'class': 'IndexArray', 'uid': 753, 'pos': (1000, 560), 'owner': 'TopLevelDiagram'}]

== Terms[] -> IA5.array
   predict: +1
   observed: 32

== control index 5
   predict: label 'index 5'
   observed: ([{'i': 17, 'class': 'ControlTerminal', 'uid': 934, 'pos': (961, 563), 'owner': 'TopLevelDiagram'}], 'index 5')

== build_invoke Terminal.Connect Wire
   predict: +1 Invoke
   observed: [{'i': 0, 'class': 'Invoke', 'uid': 757, 'pos': (1287, 560), 'owner': 'TopLevelDiagram'}]

== IA_t.element -> Connect Wire.reference (sink; branch)
   predict: accepted
   observed: 33

== IA5.element -> Wire Source
   predict: +1
   observed: 34

== Connect Wire.error out -> Clear Errors (branch into the existing sink is illegal; drop a new one)
   predict: +1
   observed: (0.026951313018798828, 35)

assembled wires 35 ExecState 1
saved 14221
FP: [(0, 'vi path', False), (1, 'Class Name', False), (2, 'index', False), (3, 'vi path 2', False), (4, 'location (0, 0)', False), (5, 'error out', True), (6, 'Class Name 2', False), (7, 'Class Name 3', False), (8, 'error in (no error)', False), (9, 'index 2', False), (10, 'index 3', False), (11, 'UID', True), (12, 'Name', True), (13, 'UID 2', True), (14, 'Is Broken?', True), (15, 'error in', False), (16, 'index 4', False), (17, 'index 5', False)]
BGRUN END rc=0 after 14s
BGRUN START 2026-09-07 13:30:50 limit 12.0 min: py -u tools/recipes/fix_v3_starting_xy.py
copy: ExecState 1 wires 264 LoopTunnels 18
connect x: Decimate(Nodes[3]) t1 -> loop kernel t0: (2, 0)
   new tunnels: [(3969, (-833, 734))]
connect y: Decimate t2 -> loop kernel t1: (2, 0)
   new tunnels: [(3969, (-833, 734)), (4010, (-833, 734))]
   tunnel 3969 -> auto-index; ExecState 0
   tunnel 4010 -> auto-index; ExecState 0
after fix: ExecState 0 wires 268
[0] 3449 | 
     t0 'starting x 1' -> (wire 3958, no other terminal in this diagram)
     t1 'starting y 1' -> (wire 4004, no other terminal in this diagram)
     t2 'Calibration cluster 1' -> (wire 3460, no other terminal in this diagram)
     t3 'Bead 1 is good? in' -> (wire 3383, no other terminal in this diagram)
[1] 3945 | 
     t0 'reference' -> UNWIRED
     t1 'reference out' -> UNWIRED
     t2 'error in (no error)' -> UNWIRED
     t3 'error out' -> UNWIRED
     t4 'Method' -> UNWIRED
     t5 'Method' -> UNWIRED
[2] 3946 | 
     t0 'reference' -> UNWIRED
     t1 'reference out' -> UNWIRED
     t2 'error in (no error)' -> UNWIRED
     t3 'error out' -> UNWIRED
     t4 'Method' -> UNWIRED
     t5 'Method' -> UNWIRED
[3] 3947 | 
     t0 'reference' -> UNWIRED
     t1 'reference out' -> UNWIRED
     t2 'error in (no error)' -> UNWIRED
     t3 'error out' -> UNWIRED
     t4 'Method' -> UNWIRED
     t5 'Method' -> UNWIRED
[4] 3949 | 
     t0 'reference' -> UNWIRED
     t1 'reference out' -> UNWIRED
     t2 'error in (no error)' -> UNWIRED
     t3 'error out' -> UNWIRED
     t4 'Method' -> UNWIRED
     t5 'Method' -> UNWIRED
[5] 3951 | 
     t0 'reference' -> UNWIRED
     t1 'reference out' -> UNWIRED
     t2 'error in (no error)' -> UNWIRED
     t3 'error out' -> UNWIRED
     t4 'Method' -> UNWIRED
     t5 'Method' -> UNWIRED
[6] 3953 | 
     t0 'reference' -> UNWIRED
     t1 'reference out' -> UNWIRED
     t2 'error in (no error)' -> UNWIRED
     t3 'error out' -> UNWIRED
     t4 'Method' -> UNWIRED
     t5 'Method' -> UNWIRED
[7] 3956 | 
     t0 'reference' -> UNWIRED
     t1 'reference out' -> UNWIRED
     t2 'error in (no error)' -> UNWIRED
     t3 'error out' -> UNWIRED
     t4 'Method' -> UNWIRED
     t5 'Method' -> UNWIRED
[8] 4003 | 
     t0 'reference' -> UNWIRED
     t1 'reference out' -> UNWIRED
     t2 'error in (no error)' -> UNWIRED
     t3 'error out' -> UNWIRED
     t4 'Method' -> UNWIRED
     t5 'Method' -> UNWIRED
[9] 4041 | 
     t0 'reference' -> UNWIRED
     t1 'reference out' -> UNWIRED
     t2 'error in (no error)' -> UNWIRED
     t3 'error out' -> UNWIRED
     t4 'Method' -> UNWIRED
     t5 'Method' -> UNWIRED
[10] 4067 | 
     t0 'reference' -> UNWIRED
     t1 'reference out' -> UNWIRED
     t2 'error in (no error)' -> UNWIRED
     t3 'error out' -> UNWIRED
     t4 'Method' -> UNWIRED
     t5 'Method' -> UNWIRED
[11] 4093 | 
     t0 'reference' -> UNWIRED
     t1 'reference out' -> UNWIRED
     t2 'error in (no error)' -> UNWIRED
     t3 'error out' -> UNWIRED
     t4 'Method' -> UNWIRED
     t5 'Method' -> UNWIRED
[12] 4119 | 
     t0 'reference' -> UNWIRED
     t1 'reference out' -> UNWIRED
     t2 'error in (no error)' -> UNWIRED
     t3 'error out' -> UNWIRED
     t4 'Method' -> UNWIRED
     t5 'Method' -> UNWIRED
[13] 4145 | 
     t0 'reference' -> UNWIRED
     t1 'reference out' -> UNWIRED
     t2 'error in (no error)' -> UNWIRED
     t3 'error out' -> UNWIRED
     t4 'Method' -> UNWIRED
     t5 'Method' -> UNWIRED
[14] 4171 | 
     t0 'reference' -> UNWIRED
     t1 'reference out' -> UNWIRED
     t2 'error in (no error)' -> UNWIRED
     t3 'error out' -> UNWIRED
     t4 'Method' -> UNWIRED
     t5 'Method' -> UNWIRED
[15] 4197 | 
     t0 'reference' -> UNWIRED
     t1 'reference out' -> UNWIRED
     t2 'error in (no error)' -> UNWIRED
     t3 'error out' -> UNWIRED
     t4 'Method' -> UNWIRED
     t5 'Method' -> UNWIRED
[16] 4231 | 
     t0 'reference' -> UNWIRED
     t1 'reference out' -> UNWIRED
     t2 'error in (no error)' -> UNWIRED
     t3 'error out' -> UNWIRED
     t4 'Method' -> UNWIRED
     t5 'Method' -> UNWIRED
[17] 4293 | 
     t0 'reference' -> UNWIRED
     t1 'reference out' -> UNWIRED
     t2 'error in (no error)' -> UNWIRED
     t3 'error out' -> UNWIRED
     t4 'Method' -> UNWIRED
     t5 'Method' -> UNWIRED
[18] 4382 | 
     t0 'reference' -> UNWIRED
     t1 'reference out' -> UNWIRED
     t2 'error in (no error)' -> UNWIRED
     t3 'error out' -> UNWIRED
     t4 'Method' -> UNWIRED
     t5 'Method' -> UNWIRED
[19] 4465 | 
     t0 'reference' -> UNWIRED
     t1 'reference out' -> UNWIRED
     t2 'error in (no error)' -> UNWIRED
     t3 'error out' -> UNWIRED
     t4 'Method' -> UNWIRED
     t5 'Method' -> UNWIRED
[20] 4491 | 
     t0 'reference' -> UNWIRED
     t1 'reference out' -> UNWIRED
     t2 'error in (no error)' -> UNWIRED
     t3 'error out' -> UNWIRED
     t4 'Method' -> UNWIRED
     t5 'Method' -> UNWIRED
[21] 4517 | 
     t0 'reference' -> UNWIRED
     t1 'reference out' -> UNWIRED
     t2 'error in (no error)' -> UNWIRED
     t3 'error out' -> UNWIRED
     t4 'Method' -> UNWIRED
     t5 'Method' -> UNWIRED
[22] 4543 | 
     t0 'reference' -> UNWIRED
     t1 'reference out' -> UNWIRED
     t2 'error in (no error)' -> UNWIRED
     t3 'error out' -> UNWIRED
     t4 'Method' -> UNWIRED
     t5 'Method' -> UNWIRED
[23] 4569 | 
     t0 'reference' -> UNWIRED
     t1 'reference out' -> UNWIRED
     t2 'error in (no error)' -> UNWIRED
     t3 'error out' -> UNWIRED
     t4 'Method' -> UNWIRED
     t5 'Method' -> UNWIRED
[24] 4595 | 
     t0 'reference' -> UNWIRED
     t1 'reference out' -> UNWIRED
     t2 'error in (no error)' -> UNWIRED
     t3 'error out' -> UNWIRED
     t4 'Method' -> UNWIRED
     t5 'Method' -> UNWIRED
[25] 4621 | 
     t0 'reference' -> UNWIRED
     t1 'reference out' -> UNWIRED
     t2 'error in (no error)' -> UNWIRED
     t3 'error out' -> UNWIRED
     t4 'Method' -> UNWIRED
     t5 'Method' -> UNWIRED
[26] 4647 | 
     t0 'reference' -> UNWIRED
     t1 'reference out' -> UNWIRED
     t2 'error in (no error)' -> UNWIRED
     t3 'error out' -> UNWIRED
     t4 'Method' -> UNWIRED
     t5 'Method' -> UNWIRED
[27] 4673 | 
     t0 'reference' -> UNWIRED
     t1 'reference out' -> UNWIRED
     t2 'error in (no error)' -> UNWIRED
     t3 'error out' -> UNWIRED
     t4 'Method' -> UNWIRED
     t5 'Method' -> UNWIRED
[28] 4699 | 
     t0 'reference' -> UNWIRED
     t1 'reference out' -> UNWIRED
     t2 'error in (no error)' -> UNWIRED
     t3 'error out' -> UNWIRED
     t4 'Method' -> UNWIRED
     t5 'Method' -> UNWIRED
[29] 4725 | 
     t0 'reference' -> UNWIRED
     t1 'reference out' -> UNWIRED
     t2 'error in (no error)' -> UNWIRED
     t3 'error out' -> UNWIRED
     t4 'Method' -> UNWIRED
     t5 'Method' -> UNWIRED
[30] 4751 | 
     t0 'reference' -> UNWIRED
     t1 'reference out' -> UNWIRED
     t2 'error in (no error)' -> UNWIRED
     t3 'error out' -> UNWIRED
     t4 'Method' -> UNWIRED
     t5 'Method' -> UNWIRED
[31] 4777 | 
     t0 'reference' -> UNWIRED
     t1 'reference out' -> UNWIRED
     t2 'error in (no error)' -> UNWIRED
     t3 'error out' -> UNWIRED
     t4 'Method' -> UNWIRED
     t5 'Method' -> UNWIRED
[32] 4803 | 
     t0 'reference' -> UNWIRED
     t1 'reference out' -> UNWIRED
     t2 'error in (no error)' -> UNWIRED
     t3 'error out' -> UNWIRED
     t4 'Method' -> UNWIRED
     t5 'Method' -> UNWIRED
[33] 4829 | 
     t0 'reference' -> UNWIRED
     t1 'reference out' -> UNWIRED
     t2 'error in (no error)' -> UNWIRED
     t3 'error out' -> UNWIRED
     t4 'Method' -> UNWIRED
     t5 'Method' -> UNWIRED
[34] 4855 | 
     t0 'reference' -> UNWIRED
     t1 'reference out' -> UNWIRED
     t2 'error in (no error)' -> UNWIRED
     t3 'error out' -> UNWIRED
     t4 'Method' -> UNWIRED
     t5 'Method' -> UNWIRED
[35] 4881 | 
     t0 'reference' -> UNWIRED
     t1 'reference out' -> UNWIRED
     t2 'error in (no error)' -> UNWIRED
     t3 'error out' -> UNWIRED
     t4 'Method' -> UNWIRED
     t5 'Method' -> UNWIRED
[36] 4907 | 
     t0 'reference' -> UNWIRED
     t1 'reference out' -> UNWIRED
     t2 'error in (no error)' -> UNWIRED
     t3 'error out' -> UNWIRED
     t4 'Method' -> UNWIRED
     t5 'Method' -> UNWIRED
[37] 4933 | 
     t0 'reference' -> UNWIRED
     t1 'reference out' -> UNWIRED
     t2 'error in (no error)' -> UNWIRED
     t3 'error out' -> UNWIRED
     t4 'Method' -> UNWIRED
     t5 'Method' -> UNWIRED
[38] 4959 | 
     t0 'reference' -> UNWIRED
     t1 'reference out' -> UNWIRED
     t2 'error in (no error)' -> UNWIRED
     t3 'error out' -> UNWIRED
     t4 'Method' -> UNWIRED
     t5 'Method' -> UNWIRED
[39] 4985 | 
     t0 'reference' -> UNWIRED
     t1 'reference out' -> UNWIRED
     t2 'error in (no error)' -> UNWIRED
     t3 'error out' -> UNWIRED
     t4 'Method' -> UNWIRED
     t5 'Method' -> UNWIRED
[40] 5011 | 
     t0 'reference' -> UNWIRED
     t1 'reference out' -> UNWIRED
     t2 'error in (no error)' -> UNWIRED
     t3 'error out' -> UNWIRED
     t4 'Method' -> UNWIRED
     t5 'Method' -> UNWIRED
[41] 5037 | 
     t0 'reference' -> UNWIRED
     t1 'reference out' -> UNWIRED
     t2 'error in (no error)' -> UNWIRED
     t3 'error out' -> UNWIRED
     t4 'Method' -> UNWIRED
     t5 'Method' -> UNWIRED
[42] 5063 | 
     t0 'reference' -> UNWIRED
     t1 'reference out' -> UNWIRED
     t2 'error in (no error)' -> UNWIRED
     t3 'error out' -> UNWIRED
     t4 'Method' -> UNWIRED
     t5 'Method' -> UNWIRED
[43] 5089 | 
     t0 'reference' -> UNWIRED
     t1 'reference out' -> UNWIRED
     t2 'error in (no error)' -> UNWIRED
     t3 'error out' -> UNWIRED
     t4 'Method' -> UNWIRED
     t5 'Method' -> UNWIRED
[44] 5115 | 
     t0 'reference' -> UNWIRED
     t1 'reference out' -> UNWIRED
     t2 'error in (no error)' -> UNWIRED
     t3 'error out' -> UNWIRED
     t4 'Method' -> UNWIRED
     t5 'Method' -> UNWIRED
[45] 5141 | 
     t0 'reference' -> UNWIRED
     t1 'reference out' -> UNWIRED
     t2 'error in (no error)' -> UNWIRED
     t3 'error out' -> UNWIRED
     t4 'Method' -> UNWIRED
     t5 'Method' -> UNWIRED
[46] 5167 | 
     t0 'reference' -> UNWIRED
     t1 'reference out' -> UNWIRED
     t2 'error in (no error)' -> UNWIRED
     t3 'error out' -> UNWIRED
     t4 'Method' -> UNWIRED
     t5 'Method' -> UNWIRED
[47] 5193 | 
     t0 'reference' -> UNWIRED
     t1 'reference out' -> UNWIRED
     t2 'error in (no error)' -> UNWIRED
     t3 'error out' -> UNWIRED
     t4 'Method' -> UNWIRED
     t5 'Method' -> UNWIRED
[48] 5219 | 
     t0 'reference' -> UNWIRED
     t1 'reference out' -> UNWIRED
     t2 'error in (no error)' -> UNWIRED
     t3 'error out' -> UNWIRED
     t4 'Method' -> UNWIRED
     t5 'Method' -> UNWIRED
[49] 5245 | 
     t0 'reference' -> UNWIRED
     t1 'reference out' -> UNWIRED
     t2 'error in (no error)' -> UNWIRED
     t3 'error out' -> UNWIRED
     t4 'Method' -> UNWIRED
     t5 'Method' -> UNWIRED
[50] 5271 | 
     t0 'reference' -> UNWIRED
     t1 'reference out' -> UNWIRED
     t2 'error in (no error)' -> UNWIRED
     t3 'error out' -> UNWIRED
     t4 'Method' -> UNWIRED
     t5 'Method' -> UNWIRED
[51] 5297 | 
     t0 'reference' -> UNWIRED
     t1 'reference out' -> UNWIRED
     t2 'error in (no error)' -> UNWIRED
     t3 'error out' -> UNWIRED
     t4 'Method' -> UNWIRED
     t5 'Method' -> UNWIRED
[52] 5323 | 
     t0 'reference' -> UNWIRED
     t1 'reference out' -> UNWIRED
     t2 'error in (no error)' -> UNWIRED
     t3 'error out' -> UNWIRED
     t4 'Method' -> UNWIRED
     t5 'Method' -> UNWIRED
[53] 5349 | 
     t0 'reference' -> UNWIRED
     t1 'reference out' -> UNWIRED
     t2 'error in (no error)' -> UNWIRED
     t3 'error out' -> UNWIRED
     t4 'Method' -> UNWIRED
     t5 'Method' -> UNWIRED
[54] 5375 | 
     t0 'reference' -> UNWIRED
     t1 'reference out' -> UNWIRED
     t2 'error in (no error)' -> UNWIRED
     t3 'error out' -> UNWIRED
     t4 'Method' -> UNWIRED
     t5 'Method' -> UNWIRED
[55] 5401 | 
     t0 'reference' -> UNWIRED
     t1 'reference out' -> UNWIRED
     t2 'error in (no error)' -> UNWIRED
     t3 'error out' -> UNWIRED
     t4 'Method' -> UNWIRED
     t5 'Method' -> UNWIRED
[56] 5427 | 
     t0 'reference' -> UNWIRED
     t1 'reference out' -> UNWIRED
     t2 'error in (no error)' -> UNWIRED
     t3 'error out' -> UNWIRED
     t4 'Method' -> UNWIRED
     t5 'Method' -> UNWIRED
[57] 5453 | 
     t0 'reference' -> UNWIRED
     t1 'reference out' -> UNWIRED
     t2 'error in (no error)' -> UNWIRED
     t3 'error out' -> UNWIRED
     t4 'Method' -> UNWIRED
     t5 'Method' -> UNWIRED
[58] 5479 | 
     t0 'reference' -> UNWIRED
     t1 'reference out' -> UNWIRED
     t2 'error in (no error)' -> UNWIRED
     t3 'error out' -> UNWIRED
     t4 'Method' -> UNWIRED
     t5 'Method' -> UNWIRED
[59] 5505 | 
     t0 'reference' -> UNWIRED
     t1 'reference out' -> UNWIRED
     t2 'error in (no error)' -> UNWIRED
     t3 'error out' -> UNWIRED
     t4 'Method' -> UNWIRED
     t5 'Method' -> UNWIRED
[60] 5531 | 
     t0 'reference' -> UNWIRED
     t1 'reference out' -> UNWIRED
     t2 'error in (no error)' -> UNWIRED
     t3 'error out' -> UNWIRED
     t4 'Method' -> UNWIRED
     t5 'Method' -> UNWIRED
[61] 5557 | 
     t0 'reference' -> UNWIRED
     t1 'reference out' -> UNWIRED
     t2 'error in (no error)' -> UNWIRED
     t3 'error out' -> UNWIRED
     t4 'Method' -> UNWIRED
     t5 'Method' -> UNWIRED
[62] 5583 | 
     t0 'reference' -> UNWIRED
     t1 'reference out' -> UNWIRED
     t2 'error in (no error)' -> UNWIRED
     t3 'error out' -> UNWIRED
     t4 'Method' -> UNWIRED
     t5 'Method' -> UNWIRED
[63] 5609 | 
     t0 'reference' -> UNWIRED
     t1 'reference out' -> UNWIRED
     t2 'error in (no error)' -> UNWIRED
     t3 'error out' -> UNWIRED
     t4 'Method' -> UNWIRED
     t5 'Method' -> UNWIRED
[64] 5635 | 
     t0 'reference' -> UNWIRED
     t1 'reference out' -> UNWIRED
     t2 'error in (no error)' -> UNWIRED
     t3 'error out' -> UNWIRED
     t4 'Method' -> UNWIRED
     t5 'Method' -> UNWIRED
[65] 5661 | 
     t0 'reference' -> UNWIRED
     t1 'reference out' -> UNWIRED
     t2 'error in (no error)' -> UNWIRED
     t3 'error out' -> UNWIRED
     t4 'Method' -> UNWIRED
     t5 'Method' -> UNWIRED
[66] 5687 | 
     t0 'reference' -> UNWIRED
     t1 'reference out' -> UNWIRED
     t2 'error in (no error)' -> UNWIRED
     t3 'error out' -> UNWIRED
     t4 'Method' -> UNWIRED
     t5 'Method' -> UNWIRED
[67] 5713 | 
     t0 'reference' -> UNWIRED
     t1 'reference out' -> UNWIRED
     t2 'error in (no error)' -> UNWIRED
     t3 'error out' -> UNWIRED
     t4 'Method' -> UNWIRED
     t5 'Method' -> UNWIRED
[68] 5739 | 
     t0 'reference' -> UNWIRED
     t1 'reference out' -> UNWIRED
     t2 'error in (no error)' -> UNWIRED
     t3 'error out' -> UNWIRED
     t4 'Method' -> UNWIRED
     t5 'Method' -> UNWIRED
[69] 5765 | 
     t0 'reference' -> UNWIRED
     t1 'reference out' -> UNWIRED
     t2 'error in (no error)' -> UNWIRED
     t3 'error out' -> UNWIRED
     t4 'Method' -> UNWIRED
     t5 'Method' -> UNWIRED
[70] 5791 | 
     t0 'reference' -> UNWIRED
     t1 'reference out' -> UNWIRED
     t2 'error in (no error)' -> UNWIRED
     t3 'error out' -> UNWIRED
     t4 'Method' -> UNWIRED
     t5 'Method' -> UNWIRED
[71] 5817 | 
     t0 'reference' -> UNWIRED
     t1 'reference out' -> UNWIRED
     t2 'error in (no error)' -> UNWIRED
     t3 'error out' -> UNWIRED
     t4 'Method' -> UNWIRED
     t5 'Method' -> UNWIRED
[72] 5843 | 
     t0 'reference' -> UNWIRED
     t1 'reference out' -> UNWIRED
     t2 'error in (no error)' -> UNWIRED
     t3 'error out' -> UNWIRED
     t4 'Method' -> UNWIRED
     t5 'Method' -> UNWIRED
[73] 5869 | 
     t0 'reference' -> UNWIRED
     t1 'reference out' -> UNWIRED
     t2 'error in (no error)' -> UNWIRED
     t3 'error out' -> UNWIRED
     t4 'Method' -> UNWIRED
     t5 'Method' -> UNWIRED
[74] 5895 | 
     t0 'reference' -> UNWIRED
     t1 'reference out' -> UNWIRED
     t2 'error in (no error)' -> UNWIRED
     t3 'error out' -> UNWIRED
     t4 'Method' -> UNWIRED
     t5 'Method' -> UNWIRED
[75] 5921 | 
     t0 'reference' -> UNWIRED
     t1 'reference out' -> UNWIRED
     t2 'error in (no error)' -> UNWIRED
     t3 'error out' -> UNWIRED
     t4 'Method' -> UNWIRED
     t5 'Method' -> UNWIRED
[76] 5947 | 
     t0 'reference' -> UNWIRED
     t1 'reference out' -> UNWIRED
     t2 'error in (no error)' -> UNWIRED
     t3 'error out' -> UNWIRED
     t4 'Method' -> UNWIRED
     t5 'Method' -> UNWIRED
[77] 5973 | 
     t0 'reference' -> UNWIRED
     t1 'reference out' -> UNWIRED
     t2 'error in (no error)' -> UNWIRED
     t3 'error out' -> UNWIRED
     t4 'Method' -> UNWIRED
     t5 'Method' -> UNWIRED
[78] 5999 | 
     t0 'reference' -> UNWIRED
     t1 'reference out' -> UNWIRED
     t2 'error in (no error)' -> UNWIRED
     t3 'error out' -> UNWIRED
     t4 'Method' -> UNWIRED
     t5 'Method' -> UNWIRED
[79] 6025 | 
     t0 'reference' -> UNWIRED
     t1 'reference out' -> UNWIRED
     t2 'error in (no error)' -> UNWIRED
     t3 'error out' -> UNWIRED
     t4 'Method' -> UNWIRED
     t5 'Method' -> UNWIRED
[80] 6051 | 
     t0 'reference' -> UNWIRED
     t1 'reference out' -> UNWIRED
     t2 'error in (no error)' -> UNWIRED
     t3 'error out' -> UNWIRED
     t4 'Method' -> UNWIRED
     t5 'Method' -> UNWIRED
[81] 6077 | 
     t0 'reference' -> UNWIRED
     t1 'reference out' -> UNWIRED
     t2 'error in (no error)' -> UNWIRED
     t3 'error out' -> UNWIRED
     t4 'Method' -> UNWIRED
     t5 'Method' -> UNWIRED
[82] 6103 | 
     t0 'reference' -> UNWIRED
     t1 'reference out' -> UNWIRED
     t2 'error in (no error)' -> UNWIRED
     t3 'error out' -> UNWIRED
     t4 'Method' -> UNWIRED
     t5 'Method' -> UNWIRED
[83] 6129 | 
     t0 'reference' -> UNWIRED
     t1 'reference out' -> UNWIRED
     t2 'error in (no error)' -> UNWIRED
     t3 'error out' -> UNWIRED
     t4 'Method' -> UNWIRED
     t5 'Method' -> UNWIRED
[84] 6155 | 
     t0 'reference' -> UNWIRED
     t1 'reference out' -> UNWIRED
     t2 'error in (no error)' -> UNWIRED
     t3 'error out' -> UNWIRED
     t4 'Method' -> UNWIRED
     t5 'Method' -> UNWIRED
[85] 6181 | 
     t0 'reference' -> UNWIRED
     t1 'reference out' -> UNWIRED
     t2 'error in (no error)' -> UNWIRED
     t3 'error out' -> UNWIRED
     t4 'Method' -> UNWIRED
     t5 'Method' -> UNWIRED
[86] 6207 | 
     t0 'reference' -> UNWIRED
     t1 'reference out' -> UNWIRED
     t2 'error in (no error)' -> UNWIRED
     t3 'error out' -> UNWIRED
     t4 'Method' -> UNWIRED
     t5 'Method' -> UNWIRED
[87] 6233 | 
     t0 'reference' -> UNWIRED
     t1 'reference out' -> UNWIRED
     t2 'error in (no error)' -> UNWIRED
     t3 'error out' -> UNWIRED
     t4 'Method' -> UNWIRED
     t5 'Method' -> UNWIRED
[88] 6259 | 
     t0 'reference' -> UNWIRED
     t1 'reference out' -> UNWIRED
     t2 'error in (no error)' -> UNWIRED
     t3 'error out' -> UNWIRED
     t4 'Method' -> UNWIRED
     t5 'Method' -> UNWIRED
[89] 6285 | 
     t0 'reference' -> UNWIRED
     t1 'reference out' -> UNWIRED
     t2 'error in (no error)' -> UNWIRED
     t3 'error out' -> UNWIRED
     t4 'Method' -> UNWIRED
     t5 'Method' -> UNWIRED
[90] 6311 | 
     t0 'reference' -> UNWIRED
     t1 'reference out' -> UNWIRED
     t2 'error in (no error)' -> UNWIRED
     t3 'error out' -> UNWIRED
     t4 'Method' -> UNWIRED
     t5 'Method' -> UNWIRED
[91] 6337 | 
     t0 'reference' -> UNWIRED
     t1 'reference out' -> UNWIRED
     t2 'error in (no error)' -> UNWIRED
     t3 'error out' -> UNWIRED
     t4 'Method' -> UNWIRED
     t5 'Method' -> UNWIRED
[92] 6363 | 
     t0 'reference' -> UNWIRED
     t1 'reference out' -> UNWIRED
     t2 'error in (no error)' -> UNWIRED
     t3 'error out' -> UNWIRED
     t4 'Method' -> UNWIRED
     t5 'Method' -> UNWIRED
[93] 6389 | 
     t0 'reference' -> UNWIRED
     t1 'reference out' -> UNWIRED
     t2 'error in (no error)' -> UNWIRED
     t3 'error out' -> UNWIRED
     t4 'Method' -> UNWIRED
     t5 'Method' -> UNWIRED
[94] 6415 | 
     t0 'reference' -> UNWIRED
     t1 'reference out' -> UNWIRED
     t2 'error in (no error)' -> UNWIRED
     t3 'error out' -> UNWIRED
     t4 'Method' -> UNWIRED
     t5 'Method' -> UNWIRED
[95] 6441 | 
     t0 'reference' -> UNWIRED
     t1 'reference out' -> UNWIRED
     t2 'error in (no error)' -> UNWIRED
     t3 'error out' -> UNWIRED
     t4 'Method' -> UNWIRED
     t5 'Method' -> UNWIRED
[96] 6467 | 
     t0 'reference' -> UNWIRED
     t1 'reference out' -> UNWIRED
     t2 'error in (no error)' -> UNWIRED
     t3 'error out' -> UNWIRED
     t4 'Method' -> UNWIRED
     t5 'Method' -> UNWIRED
[97] 6493 | 
     t0 'reference' -> UNWIRED
     t1 'reference out' -> UNWIRED
     t2 'error in (no error)' -> UNWIRED
     t3 'error out' -> UNWIRED
     t4 'Method' -> UNWIRED
     t5 'Method' -> UNWIRED
[98] 6519 | 
     t0 'reference' -> UNWIRED
     t1 'reference out' -> UNWIRED
     t2 'error in (no error)' -> UNWIRED
     t3 'error out' -> UNWIRED
     t4 'Method' -> UNWIRED
     t5 'Method' -> UNWIRED
[99] 6545 | 
     t0 'reference' -> UNWIRED
     t1 'reference out' -> UNWIRED
     t2 'error in (no error)' -> UNWIRED
     t3 'error out' -> UNWIRED
     t4 'Method' -> UNWIRED
     t5 'Method' -> UNWIRED
[100] 6571 | 
     t0 'reference' -> UNWIRED
     t1 'reference out' -> UNWIRED
     t2 'error in (no error)' -> UNWIRED
     t3 'error out' -> UNWIRED
     t4 'Method' -> UNWIRED
     t5 'Method' -> UNWIRED
[101] 6597 | 
     t0 'reference' -> UNWIRED
     t1 'reference out' -> UNWIRED
     t2 'error in (no error)' -> UNWIRED
     t3 'error out' -> UNWIRED
     t4 'Method' -> UNWIRED
     t5 'Method' -> UNWIRED
[102] 6623 | 
     t0 'reference' -> UNWIRED
     t1 'reference out' -> UNWIRED
     t2 'error in (no error)' -> UNWIRED
     t3 'error out' -> UNWIRED
     t4 'Method' -> UNWIRED
     t5 'Method' -> UNWIRED
[103] 6649 | 
     t0 'reference' -> UNWIRED
     t1 'reference out' -> UNWIRED
     t2 'error in (no error)' -> UNWIRED
     t3 'error out' -> UNWIRED
     t4 'Method' -> UNWIRED
     t5 'Method' -> UNWIRED
[104] 6675 | 
     t0 'reference' -> UNWIRED
     t1 'reference out' -> UNWIRED
     t2 'error in (no error)' -> UNWIRED
     t3 'error out' -> UNWIRED
     t4 'Method' -> UNWIRED
     t5 'Method' -> UNWIRED
[105] 6701 | 
     t0 'reference' -> UNWIRED
     t1 'reference out' -> UNWIRED
     t2 'error in (no error)' -> UNWIRED
     t3 'error out' -> UNWIRED
     t4 'Method' -> UNWIRED
     t5 'Method' -> UNWIRED
[106] 6727 | 
     t0 'reference' -> UNWIRED
     t1 'reference out' -> UNWIRED
     t2 'error in (no error)' -> UNWIRED
     t3 'error out' -> UNWIRED
     t4 'Method' -> UNWIRED
     t5 'Method' -> UNWIRED
[107] 6753 | 
     t0 'reference' -> UNWIRED
     t1 'reference out' -> UNWIRED
     t2 'error in (no error)' -> UNWIRED
     t3 'error out' -> UNWIRED
     t4 'Method' -> UNWIRED
     t5 'Method' -> UNWIRED
[108] 6779 | 
     t0 'reference' -> UNWIRED
     t1 'reference out' -> UNWIRED
     t2 'error in (no error)' -> UNWIRED
     t3 'error out' -> UNWIRED
     t4 'Method' -> UNWIRED
     t5 'Method' -> UNWIRED
[109] 6805 | 
     t0 'reference' -> UNWIRED
     t1 'reference out' -> UNWIRED
     t2 'error in (no error)' -> UNWIRED
     t3 'error out' -> UNWIRED
     t4 'Method' -> UNWIRED
     t5 'Method' -> UNWIRED
[110] 6840 | 
     t0 'reference' -> UNWIRED
     t1 'reference out' -> UNWIRED
     t2 'error in (no error)' -> UNWIRED
     t3 'error out' -> UNWIRED
     t4 'Method' -> UNWIRED
     t5 'Method' -> UNWIRED
[111] 6868 | 
     t0 'reference' -> UNWIRED
     t1 'reference out' -> UNWIRED
     t2 'error in (no error)' -> UNWIRED
     t3 'error out' -> UNWIRED
     t4 'Method' -> UNWIRED
     t5 'Method' -> UNWIRED
[112] 6894 | 
     t0 'reference' -> UNWIRED
     t1 'reference out' -> UNWIRED
     t2 'error in (no error)' -> UNWIRED
     t3 'error out' -> UNWIRED
     t4 'Method' -> UNWIRED
     t5 'Method' -> UNWIRED
[113] 6920 | 
     t0 'reference' -> UNWIRED
     t1 'reference out' -> UNWIRED
     t2 'error in (no error)' -> UNWIRED
     t3 'error out' -> UNWIRED
     t4 'Method' -> UNWIRED
     t5 'Method' -> UNWIRED
[114] 6946 | 
     t0 'reference' -> UNWIRED
     t1 'reference out' -> UNWIRED
     t2 'error in (no error)' -> UNWIRED
     t3 'error out' -> UNWIRED
     t4 'Method' -> UNWIRED
     t5 'Method' -> UNWIRED
[115] 6972 | 
     t0 'reference' -> UNWIRED
     t1 'reference out' -> UNWIRED
     t2 'error in (no error)' -> UNWIRED
     t3 'error out' -> UNWIRED
     t4 'Method' -> UNWIRED
     t5 'Method' -> UNWIRED
[116] 6998 | 
     t0 'reference' -> UNWIRED
     t1 'reference out' -> UNWIRED
     t2 'error in (no error)' -> UNWIRED
     t3 'error out' -> UNWIRED
     t4 'Method' -> UNWIRED
     t5 'Method' -> UNWIRED
[117] 7024 | 
     t0 'reference' -> UNWIRED
     t1 'reference out' -> UNWIRED
     t2 'error in (no error)' -> UNWIRED
     t3 'error out' -> UNWIRED
     t4 'Method' -> UNWIRED
     t5 'Method' -> UNWIRED
[118] 7050 | 
     t0 'reference' -> UNWIRED
     t1 'reference out' -> UNWIRED
     t2 'error in (no error)' -> UNWIRED
     t3 'error out' -> UNWIRED
     t4 'Method' -> UNWIRED
     t5 'Method' -> UNWIRED
[119] 7076 | 
     t0 'reference' -> UNWIRED
     t1 'reference out' -> UNWIRED
     t2 'error in (no error)' -> UNWIRED
     t3 'error out' -> UNWIRED
     t4 'Method' -> UNWIRED
     t5 'Method' -> UNWIRED
[120] 7102 | 
     t0 'reference' -> UNWIRED
     t1 'reference out' -> UNWIRED
     t2 'error in (no error)' -> UNWIRED
     t3 'error out' -> UNWIRED
     t4 'Method' -> UNWIRED
     t5 'Method' -> UNWIRED
[121] 7128 | 
     t0 'reference' -> UNWIRED
     t1 'reference out' -> UNWIRED
     t2 'error in (no error)' -> UNWIRED
     t3 'error out' -> UNWIRED
     t4 'Method' -> UNWIRED
     t5 'Method' -> UNWIRED
[122] 7154 | 
     t0 'reference' -> UNWIRED
     t1 'reference out' -> UNWIRED
     t2 'error in (no error)' -> UNWIRED
     t3 'error out' -> UNWIRED
     t4 'Method' -> UNWIRED
     t5 'Method' -> UNWIRED
[123] 7180 | 
     t0 'reference' -> UNWIRED
     t1 'reference out' -> UNWIRED
     t2 'error in (no error)' -> UNWIRED
     t3 'error out' -> UNWIRED
     t4 'Method' -> UNWIRED
     t5 'Method' -> UNWIRED
[124] 7206 | 
     t0 'reference' -> UNWIRED
     t1 'reference out' -> UNWIRED
     t2 'error in (no error)' -> UNWIRED
     t3 'error out' -> UNWIRED
     t4 'Method' -> UNWIRED
     t5 'Method' -> UNWIRED
[125] 7232 | 
     t0 'reference' -> UNWIRED
     t1 'reference out' -> UNWIRED
     t2 'error in (no error)' -> UNWIRED
     t3 'error out' -> UNWIRED
     t4 'Method' -> UNWIRED
     t5 'Method' -> UNWIRED
[126] 7258 | 
     t0 'reference' -> UNWIRED
     t1 'reference out' -> UNWIRED
     t2 'error in (no error)' -> UNWIRED
     t3 'error out' -> UNWIRED
     t4 'Method' -> UNWIRED
     t5 'Method' -> UNWIRED
[127] 7284 | 
     t0 'reference' -> UNWIRED
     t1 'reference out' -> UNWIRED
     t2 'error in (no error)' -> UNWIRED
     t3 'error out' -> UNWIRED
     t4 'Method' -> UNWIRED
     t5 'Method' -> UNWIRED
[128] 7310 | 
     t0 'reference' -> UNWIRED
     t1 'reference out' -> UNWIRED
     t2 'error in (no error)' -> UNWIRED
     t3 'error out' -> UNWIRED
     t4 'Method' -> UNWIRED
     t5 'Method' -> UNWIRED
[129] 7336 | 
     t0 'reference' -> UNWIRED
     t1 'reference out' -> UNWIRED
     t2 'error in (no error)' -> UNWIRED
     t3 'error out' -> UNWIRED
     t4 'Method' -> UNWIRED
     t5 'Method' -> UNWIRED
[130] 7362 | 
     t0 'reference' -> UNWIRED
     t1 'reference out' -> UNWIRED
     t2 'error in (no error)' -> UNWIRED
     t3 'error out' -> UNWIRED
     t4 'Method' -> UNWIRED
     t5 'Method' -> UNWIRED
[131] 7388 | 
     t0 'reference' -> UNWIRED
     t1 'reference out' -> UNWIRED
     t2 'error in (no error)' -> UNWIRED
     t3 'error out' -> UNWIRED
     t4 'Method' -> UNWIRED
     t5 'Method' -> UNWIRED
[132] 7414 | 
     t0 'reference' -> UNWIRED
     t1 'reference out' -> UNWIRED
     t2 'error in (no error)' -> UNWIRED
     t3 'error out' -> UNWIRED
     t4 'Method' -> UNWIRED
     t5 'Method' -> UNWIRED
[133] 7440 | 
     t0 'reference' -> UNWIRED
     t1 'reference out' -> UNWIRED
     t2 'error in (no error)' -> UNWIRED
     t3 'error out' -> UNWIRED
     t4 'Method' -> UNWIRED
     t5 'Method' -> UNWIRED
[134] 7466 | 
     t0 'reference' -> UNWIRED
     t1 'reference out' -> UNWIRED
     t2 'error in (no error)' -> UNWIRED
     t3 'error out' -> UNWIRED
     t4 'Method' -> UNWIRED
     t5 'Method' -> UNWIRED
[135] 7492 | 
     t0 'reference' -> UNWIRED
     t1 'reference out' -> UNWIRED
     t2 'error in (no error)' -> UNWIRED
     t3 'error out' -> UNWIRED
     t4 'Method' -> UNWIRED
     t5 'Method' -> UNWIRED
[136] 7518 | 
     t0 'reference' -> UNWIRED
     t1 'reference out' -> UNWIRED
     t2 'error in (no error)' -> UNWIRED
     t3 'error out' -> UNWIRED
     t4 'Method' -> UNWIRED
     t5 'Method' -> UNWIRED
[137] 7544 | 
     t0 'reference' -> UNWIRED
     t1 'reference out' -> UNWIRED
     t2 'error in (no error)' -> UNWIRED
     t3 'error out' -> UNWIRED
     t4 'Method' -> UNWIRED
     t5 'Method' -> UNWIRED
[138] 7570 | 
     t0 'reference' -> UNWIRED
     t1 'reference out' -> UNWIRED
     t2 'error in (no error)' -> UNWIRED
     t3 'error out' -> UNWIRED
     t4 'Method' -> UNWIRED
     t5 'Method' -> UNWIRED
[139] 7596 | 
     t0 'reference' -> UNWIRED
     t1 'reference out' -> UNWIRED
     t2 'error in (no error)' -> UNWIRED
     t3 'error out' -> UNWIRED
     t4 'Method' -> UNWIRED
     t5 'Method' -> UNWIRED
[140] 7622 | 
     t0 'reference' -> UNWIRED
     t1 'reference out' -> UNWIRED
     t2 'error in (no error)' -> UNWIRED
     t3 'error out' -> UNWIRED
     t4 'Method' -> UNWIRED
     t5 'Method' -> UNWIRED
[141] 7648 | 
     t0 'reference' -> UNWIRED
     t1 'reference out' -> UNWIRED
     t2 'error in (no error)' -> UNWIRED
     t3 'error out' -> UNWIRED
     t4 'Method' -> UNWIRED
     t5 'Method' -> UNWIRED
[142] 7674 | 
     t0 'reference' -> UNWIRED
     t1 'reference out' -> UNWIRED
     t2 'error in (no error)' -> UNWIRED
     t3 'error out' -> UNWIRED
     t4 'Method' -> UNWIRED
     t5 'Method' -> UNWIRED
[143] 7700 | 
     t0 'reference' -> UNWIRED
     t1 'reference out' -> UNWIRED
     t2 'error in (no error)' -> UNWIRED
     t3 'error out' -> UNWIRED
     t4 'Method' -> UNWIRED
     t5 'Method' -> UNWIRED
[144] 7726 | 
     t0 'reference' -> UNWIRED
     t1 'reference out' -> UNWIRED
     t2 'error in (no error)' -> UNWIRED
     t3 'error out' -> UNWIRED
     t4 'Method' -> UNWIRED
     t5 'Method' -> UNWIRED
[145] 7752 | 
     t0 'reference' -> UNWIRED
     t1 'reference out' -> UNWIRED
     t2 'error in (no error)' -> UNWIRED
     t3 'error out' -> UNWIRED
     t4 'Method' -> UNWIRED
     t5 'Method' -> UNWIRED
[146] 7778 | 
     t0 'reference' -> UNWIRED
     t1 'reference out' -> UNWIRED
     t2 'error in (no error)' -> UNWIRED
     t3 'error out' -> UNWIRED
     t4 'Method' -> UNWIRED
     t5 'Method' -> UNWIRED
[147] 7804 | 
     t0 'reference' -> UNWIRED
     t1 'reference out' -> UNWIRED
     t2 'error in (no error)' -> UNWIRED
     t3 'error out' -> UNWIRED
     t4 'Method' -> UNWIRED
     t5 'Method' -> UNWIRED
[148] 7830 | 
     t0 'reference' -> UNWIRED
     t1 'reference out' -> UNWIRED
     t2 'error in (no error)' -> UNWIRED
     t3 'error out' -> UNWIRED
     t4 'Method' -> UNWIRED
     t5 'Method' -> UNWIRED
[149] 7856 | 
     t0 'reference' -> UNWIRED
     t1 'reference out' -> UNWIRED
     t2 'error in (no error)' -> UNWIRED
     t3 'error out' -> UNWIRED
     t4 'Method' -> UNWIRED
     t5 'Method' -> UNWIRED
[150] 7882 | 
     t0 'reference' -> UNWIRED
     t1 'reference out' -> UNWIRED
     t2 'error in (no error)' -> UNWIRED
     t3 'error out' -> UNWIRED
     t4 'Method' -> UNWIRED
     t5 'Method' -> UNWIRED
[151] 7908 | 
     t0 'reference' -> UNWIRED
     t1 'reference out' -> UNWIRED
     t2 'error in (no error)' -> UNWIRED
     t3 'error out' -> UNWIRED
     t4 'Method' -> UNWIRED
     t5 'Method' -> UNWIRED
[152] 7934 | 
     t0 'reference' -> UNWIRED
     t1 'reference out' -> UNWIRED
     t2 'error in (no error)' -> UNWIRED
     t3 'error out' -> UNWIRED
     t4 'Method' -> UNWIRED
     t5 'Method' -> UNWIRED
[153] 7960 | 
     t0 'reference' -> UNWIRED
     t1 'reference out' -> UNWIRED
     t2 'error in (no error)' -> UNWIRED
     t3 'error out' -> UNWIRED
     t4 'Method' -> UNWIRED
     t5 'Method' -> UNWIRED
[154] 7986 | 
     t0 'reference' -> UNWIRED
     t1 'reference out' -> UNWIRED
     t2 'error in (no error)' -> UNWIRED
     t3 'error out' -> UNWIRED
     t4 'Method' -> UNWIRED
     t5 'Method' -> UNWIRED
[155] 8012 | 
     t0 'reference' -> UNWIRED
     t1 'reference out' -> UNWIRED
     t2 'error in (no error)' -> UNWIRED
     t3 'error out' -> UNWIRED
     t4 'Method' -> UNWIRED
     t5 'Method' -> UNWIRED
[156] 8038 | 
     t0 'reference' -> UNWIRED
     t1 'reference out' -> UNWIRED
     t2 'error in (no error)' -> UNWIRED
     t3 'error out' -> UNWIRED
     t4 'Method' -> UNWIRED
     t5 'Method' -> UNWIRED
[157] 8064 | 
     t0 'reference' -> UNWIRED
     t1 'reference out' -> UNWIRED
     t2 'error in (no error)' -> UNWIRED
     t3 'error out' -> UNWIRED
     t4 'Method' -> UNWIRED
     t5 'Method' -> UNWIRED
[158] 8090 | 
     t0 'reference' -> UNWIRED
     t1 'reference out' -> UNWIRED
     t2 'error in (no error)' -> UNWIRED
     t3 'error out' -> UNWIRED
     t4 'Method' -> UNWIRED
     t5 'Method' -> UNWIRED
[159] 8116 | 
     t0 'reference' -> UNWIRED
     t1 'reference out' -> UNWIRED
     t2 'error in (no error)' -> UNWIRED
     t3 'error out' -> UNWIRED
     t4 'Method' -> UNWIRED
     t5 'Method' -> UNWIRED
[160] 8142 | 
     t0 'reference' -> UNWIRED
     t1 'reference out' -> UNWIRED
     t2 'error in (no error)' -> UNWIRED
     t3 'error out' -> UNWIRED
     t4 'Method' -> UNWIRED
     t5 'Method' -> UNWIRED
[161] 8168 | 
     t0 'reference' -> UNWIRED
     t1 'reference out' -> UNWIRED
     t2 'error in (no error)' -> UNWIRED
     t3 'error out' -> UNWIRED
     t4 'Method' -> UNWIRED
     t5 'Method' -> UNWIRED
[162] 8194 | 
     t0 'reference' -> UNWIRED
     t1 'reference out' -> UNWIRED
     t2 'error in (no error)' -> UNWIRED
     t3 'error out' -> UNWIRED
     t4 'Method' -> UNWIRED
     t5 'Method' -> UNWIRED
[163] 8220 | 
     t0 'reference' -> UNWIRED
     t1 'reference out' -> UNWIRED
     t2 'error in (no error)' -> UNWIRED
     t3 'error out' -> UNWIRED
     t4 'Method' -> UNWIRED
     t5 'Method' -> UNWIRED
[164] 8246 | 
     t0 'reference' -> UNWIRED
     t1 'reference out' -> UNWIRED
     t2 'error in (no error)' -> UNWIRED
     t3 'error out' -> UNWIRED
     t4 'Method' -> UNWIRED
     t5 'Method' -> UNWIRED
[165] 8272 | 
     t0 'reference' -> UNWIRED
     t1 'reference out' -> UNWIRED
     t2 'error in (no error)' -> UNWIRED
     t3 'error out' -> UNWIRED
     t4 'Method' -> UNWIRED
     t5 'Method' -> UNWIRED
[166] 8298 | 
     t0 'reference' -> UNWIRED
     t1 'reference out' -> UNWIRED
     t2 'error in (no error)' -> UNWIRED
     t3 'error out' -> UNWIRED
     t4 'Method' -> UNWIRED
     t5 'Method' -> UNWIRED
[167] 8324 | 
     t0 'reference' -> UNWIRED
     t1 'reference out' -> UNWIRED
     t2 'error in (no error)' -> UNWIRED
     t3 'error out' -> UNWIRED
     t4 'Method' -> UNWIRED
     t5 'Method' -> UNWIRED
[168] 8350 | 
     t0 'reference' -> UNWIRED
     t1 'reference out' -> UNWIRED
     t2 'error in (no error)' -> UNWIRED
     t3 'error out' -> UNWIRED
     t4 'Method' -> UNWIRED
     t5 'Method' -> UNWIRED
[169] 8376 | 
     t0 'reference' -> UNWIRED
     t1 'reference out' -> UNWIRED
     t2 'error in (no error)' -> UNWIRED
     t3 'error out' -> UNWIRED
     t4 'Method' -> UNWIRED
     t5 'Method' -> UNWIRED
[170] 8402 | 
     t0 'reference' -> UNWIRED
     t1 'reference out' -> UNWIRED
     t2 'error in (no error)' -> UNWIRED
     t3 'error out' -> UNWIRED
     t4 'Method' -> UNWIRED
     t5 'Method' -> UNWIRED
[171] 8428 | 
     t0 'reference' -> UNWIRED
     t1 'reference out' -> UNWIRED
     t2 'error in (no error)' -> UNWIRED
     t3 'error out' -> UNWIRED
     t4 'Method' -> UNWIRED
     t5 'Method' -> UNWIRED
[172] 8454 | 
     t0 'reference' -> UNWIRED
     t1 'reference out' -> UNWIRED
     t2 'error in (no error)' -> UNWIRED
     t3 'error out' -> UNWIRED
     t4 'Method' -> UNWIRED
     t5 'Method' -> UNWIRED
[173] 8480 | 
     t0 'reference' -> UNWIRED
     t1 'reference out' -> UNWIRED
     t2 'error in (no error)' -> UNWIRED
     t3 'error out' -> UNWIRED
     t4 'Method' -> UNWIRED
     t5 'Method' -> UNWIRED
[174] 8506 | 
     t0 'reference' -> UNWIRED
     t1 'reference out' -> UNWIRED
     t2 'error in (no error)' -> UNWIRED
     t3 'error out' -> UNWIRED
     t4 'Method' -> UNWIRED
     t5 'Method' -> UNWIRED
[175] 8532 | 
     t0 'reference' -> UNWIRED
     t1 'reference out' -> UNWIRED
     t2 'error in (no error)' -> UNWIRED
     t3 'error out' -> UNWIRED
     t4 'Method' -> UNWIRED
     t5 'Method' -> UNWIRED
[176] 8558 | 
     t0 'reference' -> UNWIRED
     t1 'reference out' -> UNWIRED
     t2 'error in (no error)' -> UNWIRED
     t3 'error out' -> UNWIRED
     t4 'Method' -> UNWIRED
     t5 'Method' -> UNWIRED
[177] 8584 | 
     t0 'reference' -> UNWIRED
     t1 'reference out' -> UNWIRED
     t2 'error in (no error)' -> UNWIRED
     t3 'error out' -> UNWIRED
     t4 'Method' -> UNWIRED
     t5 'Method' -> UNWIRED
[178] 8610 | 
     t0 'reference' -> UNWIRED
     t1 'reference out' -> UNWIRED
     t2 'error in (no error)' -> UNWIRED
     t3 'error out' -> UNWIRED
     t4 'Method' -> UNWIRED
     t5 'Method' -> UNWIRED
[179] 8636 | 
     t0 'reference' -> UNWIRED
     t1 'reference out' -> UNWIRED
     t2 'error in (no error)' -> UNWIRED
     t3 'error out' -> UNWIRED
     t4 'Method' -> UNWIRED
     t5 'Method' -> UNWIRED
[180] 8662 | 
     t0 'reference' -> UNWIRED
     t1 'reference out' -> UNWIRED
     t2 'error in (no error)' -> UNWIRED
     t3 'error out' -> UNWIRED
     t4 'Method' -> UNWIRED
     t5 'Method' -> UNWIRED
[181] 8688 | 
     t0 'reference' -> UNWIRED
     t1 'reference out' -> UNWIRED
     t2 'error in (no error)' -> UNWIRED
     t3 'error out' -> UNWIRED
     t4 'Method' -> UNWIRED
     t5 'Method' -> UNWIRED
[182] 8714 | 
     t0 'reference' -> UNWIRED
     t1 'reference out' -> UNWIRED
     t2 'error in (no error)' -> UNWIRED
     t3 'error out' -> UNWIRED
     t4 'Method' -> UNWIRED
     t5 'Method' -> UNWIRED
[183] 8740 | 
     t0 'reference' -> UNWIRED
     t1 'reference out' -> UNWIRED
     t2 'error in (no error)' -> UNWIRED
     t3 'error out' -> UNWIRED
     t4 'Method' -> UNWIRED
     t5 'Method' -> UNWIRED
[184] 8766 | 
     t0 'reference' -> UNWIRED
     t1 'reference out' -> UNWIRED
     t2 'error in (no error)' -> UNWIRED
     t3 'error out' -> UNWIRED
     t4 'Method' -> UNWIRED
     t5 'Method' -> UNWIRED
[185] 8792 | 
     t0 'reference' -> UNWIRED
     t1 'reference out' -> UNWIRED
     t2 'error in (no error)' -> UNWIRED
     t3 'error out' -> UNWIRED
     t4 'Method' -> UNWIRED
     t5 'Method' -> UNWIRED
[186] 8818 | 
     t0 'reference' -> UNWIRED
     t1 'reference out' -> UNWIRED
     t2 'error in (no error)' -> UNWIRED
     t3 'error out' -> UNWIRED
     t4 'Method' -> UNWIRED
     t5 'Method' -> UNWIRED
[187] 8844 | 
     t0 'reference' -> UNWIRED
     t1 'reference out' -> UNWIRED
     t2 'error in (no error)' -> UNWIRED
     t3 'error out' -> UNWIRED
     t4 'Method' -> UNWIRED
     t5 'Method' -> UNWIRED
[188] 8870 | 
     t0 'reference' -> UNWIRED
     t1 'reference out' -> UNWIRED
     t2 'error in (no error)' -> UNWIRED
     t3 'error out' -> UNWIRED
     t4 'Method' -> UNWIRED
     t5 'Method' -> UNWIRED
[189] 8896 | 
     t0 'reference' -> UNWIRED
     t1 'reference out' -> UNWIRED
     t2 'error in (no error)' -> UNWIRED
     t3 'error out' -> UNWIRED
     t4 'Method' -> UNWIRED
     t5 'Method' -> UNWIRED
[190] 8922 | 
     t0 'reference' -> UNWIRED
     t1 'reference out' -> UNWIRED
     t2 'error in (no error)' -> UNWIRED
     t3 'error out' -> UNWIRED
     t4 'Method' -> UNWIRED
     t5 'Method' -> UNWIRED
[191] 8948 | 
     t0 'reference' -> UNWIRED
     t1 'reference out' -> UNWIRED
     t2 'error in (no error)' -> UNWIRED
     t3 'error out' -> UNWIRED
     t4 'Method' -> UNWIRED
     t5 'Method' -> UNWIRED
[192] 8974 | 
     t0 'reference' -> UNWIRED
     t1 'reference out' -> UNWIRED
     t2 'error in (no error)' -> UNWIRED
     t3 'error out' -> UNWIRED
     t4 'Method' -> UNWIRED
     t5 'Method' -> UNWIRED
[193] 9000 | 
     t0 'reference' -> UNWIRED
     t1 'reference out' -> UNWIRED
     t2 'error in (no error)' -> UNWIRED
     t3 'error out' -> UNWIRED
     t4 'Method' -> UNWIRED
     t5 'Method' -> UNWIRED
[194] 9026 | 
     t0 'reference' -> UNWIRED
     t1 'reference out' -> UNWIRED
     t2 'error in (no error)' -> UNWIRED
     t3 'error out' -> UNWIRED
     t4 'Method' -> UNWIRED
     t5 'Method' -> UNWIRED
[195] 9052 | 
     t0 'reference' -> UNWIRED
     t1 'reference out' -> UNWIRED
     t2 'error in (no error)' -> UNWIRED
     t3 'error out' -> UNWIRED
     t4 'Method' -> UNWIRED
     t5 'Method' -> UNWIRED
[196] 9078 | 
     t0 'reference' -> UNWIRED
     t1 'reference out' -> UNWIRED
     t2 'error in (no error)' -> UNWIRED
     t3 'error out' -> UNWIRED
     t4 'Method' -> UNWIRED
     t5 'Method' -> UNWIRED
[197] 9104 | 
     t0 'reference' -> UNWIRED
     t1 'reference out' -> UNWIRED
     t2 'error in (no error)' -> UNWIRED
     t3 'error out' -> UNWIRED
     t4 'Method' -> UNWIRED
     t5 'Method' -> UNWIRED
[198] 9130 | 
     t0 'reference' -> UNWIRED
     t1 'reference out' -> UNWIRED
     t2 'error in (no error)' -> UNWIRED
     t3 'error out' -> UNWIRED
     t4 'Method' -> UNWIRED
     t5 'Method' -> UNWIRED
[199] 9156 | 
     t0 'reference' -> UNWIRED
     t1 'reference out' -> UNWIRED
     t2 'error in (no error)' -> UNWIRED
     t3 'error out' -> UNWIRED
     t4 'Method' -> UNWIRED
     t5 'Method' -> UNWIRED
NOT SAVED (broken)
BGRUN END rc=0 after 54s
BGRUN START 2026-09-07 13:33:09 limit 6.0 min: py -u -c 
import sys, os, time; sys.path.insert(0,'tools'); import gscript as g; g._lv=None; g._run.__defaults__=(6.0,40.0)
FIX=os.path.join(g.CLAUDEDEV,'PARALLEL_kernel_v3fix.vi')
try: g.close_panel(FIX)
except Exception as e: print('close fix', str(e)[:40])
try: os.remove(FIX); print('polluted FIX copy deleted', flush=True)
except Exception as e: print('remove fix:', str(e)[:60], flush=True)
for op in (g.OP_NET_INFO, g.OP_CONNECT2):
    print(os.path.basename(op), 'FP:', [(i,l) for i,l,ind in g.fp_labels(op) if not ind], flush=True)
OP=g.OP_NET_INFO; subs=g.report(OP,'SubVI'); ci=next(i for i,o in enumerate(subs) if o['pos']==(900,640))
print('OpNetInfo_v1 SubVIs', [(o['uid'],o['pos']) for o in subs], 'ExecState', g.exec_state(OP), flush=True)
t0=time.time()
try:
    r=g.delete_object(OP,'SubVI',ci); print('creator deleted', r, '%.1fs'%(time.time()-t0), 'remove bad wires ->', g.remove_bad_wires_scripted(OP), flush=True)
    if g.exec_state(OP)==1: print('saved OpNetInfo_v1 without creator:', g.save(OP), flush=True)
    else: print('broken after deletion; wires', g.count(OP,'Wire'), flush=True)
except Exception as e: print('delete creator FAILED', str(e)[:80], '%.1fs'%(time.time()-t0), flush=True)

polluted FIX copy deleted
OpNetInfo_v1.vi FP: [(0, 'vi path'), (1, 'Class Name'), (2, 'index'), (3, 'vi path 2'), (4, 'location (0, 0)'), (6, 'Class Name 2'), (7, 'Class Name 3'), (8, 'error in (no error)'), (9, 'index 2'), (10, 'index 3'), (15, 'error in')]
OpConnect2_v0.vi FP: [(0, 'vi path'), (1, 'Class Name'), (2, 'index'), (3, 'vi path 2'), (4, 'location (0, 0)'), (6, 'Class Name 2'), (7, 'Class Name 3'), (8, 'error in (no error)'), (9, 'index 2'), (10, 'index 3'), (15, 'error in'), (16, 'index 4'), (17, 'index 5')]
OpNetInfo_v1 SubVIs [(399, (1600, 280)), (243, (900, 640)), (124, (495, 281))] ExecState 1
delete creator FAILED delete_object(SubVI[1]): expected 1 object gone, got 0 0.2s
BGRUN END rc=0 after 19s
BGRUN START 2026-09-07 13:40:48 limit 12.0 min: py -u -c 
import sys, os, time, shutil; sys.path.insert(0,'tools'); import gscript as g; g._lv=None; g._run.__defaults__=(6.0,60.0)
OP=g.OP_NET_INFO
new,label=g.create_control(OP, 4, 11); print('control on creator t11:', label, [(o['uid'],o['pos']) for o in new], 'ExecState', g.exec_state(OP), flush=True)
if not (new and label and label.startswith('error in (no error)')): print('STOP wrong label', flush=True); sys.exit(2)
print('saved', g.save(OP), flush=True)
S=os.path.join(g.CLAUDEDEV,'SCRATCH_neutral.vi'); shutil.copyfile(os.path.join(g.CLAUDEDEV,'OpMove_v0.vi'), S); g.report(S,'SubVI'); g.open_panel(S); time.sleep(0.5)
b=g.count(S,'Invoke'); nodes,nets=g.net_map(S,0); print('neutrality: Invoke count %d -> %d after %d node reads; nodes=%s'%(b, g.count(S,'Invoke'), len(nodes), [(n,v[0],len(v[2])) for n,v in nodes.items()]), flush=True)
g.close_panel(S); os.remove(S)

control on creator t11: None [] ExecState 1
STOP wrong label
BGRUN END rc=2 after 1s
BGRUN START 2026-09-07 13:40:49 limit 15.0 min: py -u tools/recipes/build_opconnect2.py
base ExecState 1 wires 27
Open VI Ref {'i': 1, 'class': 'Function', 'uid': 43, 'pos': (275, 251), 'owner': 'TopLevelDiagram'} IA_t {'i': 0, 'class': 'IndexArray', 'uid': 239, 'pos': (1150, 280), 'owner': 'TopLevelDiagram'}

== PN VI.Block Diagram (source side)
   predict: +1
   observed: [{'i': 0, 'class': 'Property', 'uid': 741, 'pos': (426, 560), 'owner': 'TopLevelDiagram'}]

== OpenVIRef.vi reference -> PN1 (branch)
   predict: accepted
   observed: 27

== PN Diagram.Nodes[]
   predict: +1
   observed: [{'i': 0, 'class': 'Property', 'uid': 744, 'pos': (559, 560), 'owner': 'TopLevelDiagram'}]

== PN1.Diagram -> PN2
   predict: +1
   observed: 28

== IA source node
   predict: +1
   observed: [{'i': 0, 'class': 'IndexArray', 'uid': 750, 'pos': (700, 560), 'owner': 'TopLevelDiagram'}]

== Nodes[] -> IA4.array
   predict: +1
   observed: 29

== control index 4
   predict: label 'index 4'
   observed: ([{'i': 16, 'class': 'ControlTerminal', 'uid': 878, 'pos': (654, 521), 'owner': 'TopLevelDiagram'}], 'index 4')

== PN Node.Terminals[] (source)
   predict: +1
   observed: [{'i': 0, 'class': 'Property', 'uid': 751, 'pos': (847, 560), 'owner': 'TopLevelDiagram'}]

== IA4.element -> PN3
   predict: +1
   observed: 31

== IA source terminal
   predict: +1
   observed: [{'i': 0, 'class': 'IndexArray', 'uid': 753, 'pos': (1000, 560), 'owner': 'TopLevelDiagram'}]

== Terms[] -> IA5.array
   predict: +1
   observed: 32

== control index 5
   predict: label 'index 5'
   observed: ([{'i': 17, 'class': 'ControlTerminal', 'uid': 934, 'pos': (961, 563), 'owner': 'TopLevelDiagram'}], 'index 5')

== build_invoke Terminal.Connect Wire
   predict: +1 Invoke
   observed: [{'i': 0, 'class': 'Invoke', 'uid': 757, 'pos': (1287, 560), 'owner': 'TopLevelDiagram'}]

== IA_t.element -> Connect Wire.reference (sink; branch)
   predict: accepted
   observed: 33

== IA5.element -> Wire Source
   predict: +1
   observed: 34

== Connect Wire.error out -> Clear Errors (branch into the existing sink is illegal; drop a new one)
   predict: +1
   observed: (0.023935317993164062, 35)

assembled wires 35 ExecState 1
saved 14221
FP: [(0, 'vi path', False), (1, 'Class Name', False), (2, 'index', False), (3, 'vi path 2', False), (4, 'location (0, 0)', False), (5, 'error out', True), (6, 'Class Name 2', False), (7, 'Class Name 3', False), (8, 'error in (no error)', False), (9, 'index 2', False), (10, 'index 3', False), (11, 'UID', True), (12, 'Name', True), (13, 'UID 2', True), (14, 'Is Broken?', True), (15, 'error in', False), (16, 'index 4', False), (17, 'index 5', False)]
BGRUN END rc=0 after 14s
BGRUN START 2026-09-07 13:51:46 limit 8.0 min: py -u -c 
import sys, os, time, shutil; sys.path.insert(0,'tools'); import gscript as g; g._lv=None; g._run.__defaults__=(6.0,60.0)
for opname in ('OpNetInfo_v1.vi','OpConnect2_v0.vi'):
    op=os.path.join(g.CLAUDEDEV,opname); g.set_auto_error_handling(op, False); print(opname, 'auto error handling OFF; saved', g.save(op), flush=True)
S=os.path.join(g.CLAUDEDEV,'SCRATCH_neutral.vi'); shutil.copyfile(os.path.join(g.CLAUDEDEV,'OpMove_v0.vi'), S); g.report(S,'SubVI'); g.open_panel(S); time.sleep(0.5)
b=g.count(S,'Invoke'); nb=g.count(S,'Node'); nodes,nets=g.net_map(S,0)
print('neutrality (OpNetInfo_v1): Invoke %d -> %d, Node %d -> %d, mapped %d nodes'%(b, g.count(S,'Invoke'), nb, g.count(S,'Node'), len(nodes)), flush=True)
g.print_net_map(nodes, nets)
g.close_panel(S); os.remove(S); print('scratch removed', flush=True)

OpNetInfo_v1.vi auto error handling OFF; saved 12880
OpConnect2_v0.vi auto error handling OFF; saved 14221
neutrality (OpNetInfo_v1): Invoke 1 -> 1404, Node 4 -> 1407, mapped 200 nodes
[0] 43 | 
     t0 'error out' -> UNWIRED
     t1 'vi reference' -> (wire 467, no other terminal in this diagram)
     t2 'password ("")' -> UNWIRED
     t3 'type specifier VI Refnum (for type only)' -> UNWIRED
     t4 'error in (no error)' -> UNWIRED
     t5 'options' -> UNWIRED
     t6 'vi path' -> (wire 106, no other terminal in this diagram)
     t7 'application reference (local)' -> UNWIRED
[1] 124 | 
     t0 'error out' -> UNWIRED
     t1 '# of Refs' -> UNWIRED
     t2 'References' -> 2.0 'array'
     t3 'dup VI Refnum' -> UNWIRED
[2] 308 | 
     t0 'array' -> 1.2 'References'
     t1 'element' -> 3.0 'reference'
     t2 'index' -> (wire 1066, no other terminal in this diagram)
[3] 98 | 
     t0 'reference' -> 2.1 'element'
     t1 'reference out' -> UNWIRED
     t2 'error in (no error)' -> UNWIRED
     t3 'error out' -> UNWIRED
     t4 'Move' -> UNWIRED
     t5 'Move' -> UNWIRED
     t6 'position' -> (wire 271, no other terminal in this diagram)
     t7 'position' -> UNWIRED
     t8 'owner' -> UNWIRED
     t9 'owner' -> UNWIRED
     t10 'duplicate' -> UNWIRED
     t11 'duplicate' -> UNWIRED
[4] 262 | 
     t0 'reference' -> UNWIRED
     t1 'reference out' -> UNWIRED
     t2 'error in (no error)' -> UNWIRED
     t3 'error out' -> UNWIRED
     t4 'Method' -> UNWIRED
     t5 'Method' -> UNWIRED
[5] 264 | 
     t0 'reference' -> UNWIRED
     t1 'reference out' -> UNWIRED
     t2 'error in (no error)' -> UNWIRED
     t3 'error out' -> UNWIRED
     t4 'Method' -> UNWIRED
     t5 'Method' -> UNWIRED
[6] 266 | 
     t0 'reference' -> UNWIRED
     t1 'reference out' -> UNWIRED
     t2 'error in (no error)' -> UNWIRED
     t3 'error out' -> UNWIRED
     t4 'Method' -> UNWIRED
     t5 'Method' -> UNWIRED
[7] 268 | 
     t0 'reference' -> UNWIRED
     t1 'reference out' -> UNWIRED
     t2 'error in (no error)' -> UNWIRED
     t3 'error out' -> UNWIRED
     t4 'Method' -> UNWIRED
     t5 'Method' -> UNWIRED
[8] 270 | 
     t0 'reference' -> UNWIRED
     t1 'reference out' -> UNWIRED
     t2 'error in (no error)' -> UNWIRED
     t3 'error out' -> UNWIRED
     t4 'Method' -> UNWIRED
     t5 'Method' -> UNWIRED
[9] 272 | 
     t0 'reference' -> UNWIRED
     t1 'reference out' -> UNWIRED
     t2 'error in (no error)' -> UNWIRED
     t3 'error out' -> UNWIRED
     t4 'Method' -> UNWIRED
     t5 'Method' -> UNWIRED
[10] 273 | 
     t0 'reference' -> UNWIRED
     t1 'reference out' -> UNWIRED
     t2 'error in (no error)' -> UNWIRED
     t3 'error out' -> UNWIRED
     t4 'Method' -> UNWIRED
     t5 'Method' -> UNWIRED
[11] 299 | 
     t0 'reference' -> UNWIRED
     t1 'reference out' -> UNWIRED
     t2 'error in (no error)' -> UNWIRED
     t3 'error out' -> UNWIRED
     t4 'Method' -> UNWIRED
     t5 'Method' -> UNWIRED
[12] 343 | 
     t0 'reference' -> UNWIRED
     t1 'reference out' -> UNWIRED
     t2 'error in (no error)' -> UNWIRED
     t3 'error out' -> UNWIRED
     t4 'Method' -> UNWIRED
     t5 'Method' -> UNWIRED
[13] 381 | 
     t0 'reference' -> UNWIRED
     t1 'reference out' -> UNWIRED
     t2 'error in (no error)' -> UNWIRED
     t3 'error out' -> UNWIRED
     t4 'Method' -> UNWIRED
     t5 'Method' -> UNWIRED
[14] 423 | 
     t0 'reference' -> UNWIRED
     t1 'reference out' -> UNWIRED
     t2 'error in (no error)' -> UNWIRED
     t3 'error out' -> UNWIRED
     t4 'Method' -> UNWIRED
     t5 'Method' -> UNWIRED
[15] 449 | 
     t0 'reference' -> UNWIRED
     t1 'reference out' -> UNWIRED
     t2 'error in (no error)' -> UNWIRED
     t3 'error out' -> UNWIRED
     t4 'Method' -> UNWIRED
     t5 'Method' -> UNWIRED
[16] 476 | 
     t0 'reference' -> UNWIRED
     t1 'reference out' -> UNWIRED
     t2 'error in (no error)' -> UNWIRED
     t3 'error out' -> UNWIRED
     t4 'Method' -> UNWIRED
     t5 'Method' -> UNWIRED
[17] 502 | 
     t0 'reference' -> UNWIRED
     t1 'reference out' -> UNWIRED
     t2 'error in (no error)' -> UNWIRED
     t3 'error out' -> UNWIRED
     t4 'Method' -> UNWIRED
     t5 'Method' -> UNWIRED
[18] 539 | 
     t0 'reference' -> UNWIRED
     t1 'reference out' -> UNWIRED
     t2 'error in (no error)' -> UNWIRED
     t3 'error out' -> UNWIRED
     t4 'Method' -> UNWIRED
     t5 'Method' -> UNWIRED
[19] 567 | 
     t0 'reference' -> UNWIRED
     t1 'reference out' -> UNWIRED
     t2 'error in (no error)' -> UNWIRED
     t3 'error out' -> UNWIRED
     t4 'Method' -> UNWIRED
     t5 'Method' -> UNWIRED
[20] 593 | 
     t0 'reference' -> UNWIRED
     t1 'reference out' -> UNWIRED
     t2 'error in (no error)' -> UNWIRED
     t3 'error out' -> UNWIRED
     t4 'Method' -> UNWIRED
     t5 'Method' -> UNWIRED
[21] 620 | 
     t0 'reference' -> UNWIRED
     t1 'reference out' -> UNWIRED
     t2 'error in (no error)' -> UNWIRED
     t3 'error out' -> UNWIRED
     t4 'Method' -> UNWIRED
     t5 'Method' -> UNWIRED
[22] 646 | 
     t0 'reference' -> UNWIRED
     t1 'reference out' -> UNWIRED
     t2 'error in (no error)' -> UNWIRED
     t3 'error out' -> UNWIRED
     t4 'Method' -> UNWIRED
     t5 'Method' -> UNWIRED
[23] 675 | 
     t0 'reference' -> UNWIRED
     t1 'reference out' -> UNWIRED
     t2 'error in (no error)' -> UNWIRED
     t3 'error out' -> UNWIRED
     t4 'Method' -> UNWIRED
     t5 'Method' -> UNWIRED
[24] 729 | 
     t0 'reference' -> UNWIRED
     t1 'reference out' -> UNWIRED
     t2 'error in (no error)' -> UNWIRED
     t3 'error out' -> UNWIRED
     t4 'Method' -> UNWIRED
     t5 'Method' -> UNWIRED
[25] 759 | 
     t0 'reference' -> UNWIRED
     t1 'reference out' -> UNWIRED
     t2 'error in (no error)' -> UNWIRED
     t3 'error out' -> UNWIRED
     t4 'Method' -> UNWIRED
     t5 'Method' -> UNWIRED
[26] 792 | 
     t0 'reference' -> UNWIRED
     t1 'reference out' -> UNWIRED
     t2 'error in (no error)' -> UNWIRED
     t3 'error out' -> UNWIRED
     t4 'Method' -> UNWIRED
     t5 'Method' -> UNWIRED
[27] 842 | 
     t0 'reference' -> UNWIRED
     t1 'reference out' -> UNWIRED
     t2 'error in (no error)' -> UNWIRED
     t3 'error out' -> UNWIRED
     t4 'Method' -> UNWIRED
     t5 'Method' -> UNWIRED
[28] 881 | 
     t0 'reference' -> UNWIRED
     t1 'reference out' -> UNWIRED
     t2 'error in (no error)' -> UNWIRED
     t3 'error out' -> UNWIRED
     t4 'Method' -> UNWIRED
     t5 'Method' -> UNWIRED
[29] 907 | 
     t0 'reference' -> UNWIRED
     t1 'reference out' -> UNWIRED
     t2 'error in (no error)' -> UNWIRED
     t3 'error out' -> UNWIRED
     t4 'Method' -> UNWIRED
     t5 'Method' -> UNWIRED
[30] 933 | 
     t0 'reference' -> UNWIRED
     t1 'reference out' -> UNWIRED
     t2 'error in (no error)' -> UNWIRED
     t3 'error out' -> UNWIRED
     t4 'Method' -> UNWIRED
     t5 'Method' -> UNWIRED
[31] 959 | 
     t0 'reference' -> UNWIRED
     t1 'reference out' -> UNWIRED
     t2 'error in (no error)' -> UNWIRED
     t3 'error out' -> UNWIRED
     t4 'Method' -> UNWIRED
     t5 'Method' -> UNWIRED
[32] 985 | 
     t0 'reference' -> UNWIRED
     t1 'reference out' -> UNWIRED
     t2 'error in (no error)' -> UNWIRED
     t3 'error out' -> UNWIRED
     t4 'Method' -> UNWIRED
     t5 'Method' -> UNWIRED
[33] 1011 | 
     t0 'reference' -> UNWIRED
     t1 'reference out' -> UNWIRED
     t2 'error in (no error)' -> UNWIRED
     t3 'error out' -> UNWIRED
     t4 'Method' -> UNWIRED
     t5 'Method' -> UNWIRED
[34] 1037 | 
     t0 'reference' -> UNWIRED
     t1 'reference out' -> UNWIRED
     t2 'error in (no error)' -> UNWIRED
     t3 'error out' -> UNWIRED
     t4 'Method' -> UNWIRED
     t5 'Method' -> UNWIRED
[35] 1075 | 
     t0 'reference' -> UNWIRED
     t1 'reference out' -> UNWIRED
     t2 'error in (no error)' -> UNWIRED
     t3 'error out' -> UNWIRED
     t4 'Method' -> UNWIRED
     t5 'Method' -> UNWIRED
[36] 1101 | 
     t0 'reference' -> UNWIRED
     t1 'reference out' -> UNWIRED
     t2 'error in (no error)' -> UNWIRED
     t3 'error out' -> UNWIRED
     t4 'Method' -> UNWIRED
     t5 'Method' -> UNWIRED
[37] 1127 | 
     t0 'reference' -> UNWIRED
     t1 'reference out' -> UNWIRED
     t2 'error in (no error)' -> UNWIRED
     t3 'error out' -> UNWIRED
     t4 'Method' -> UNWIRED
     t5 'Method' -> UNWIRED
[38] 1153 | 
     t0 'reference' -> UNWIRED
     t1 'reference out' -> UNWIRED
     t2 'error in (no error)' -> UNWIRED
     t3 'error out' -> UNWIRED
     t4 'Method' -> UNWIRED
     t5 'Method' -> UNWIRED
[39] 1179 | 
     t0 'reference' -> UNWIRED
     t1 'reference out' -> UNWIRED
     t2 'error in (no error)' -> UNWIRED
     t3 'error out' -> UNWIRED
     t4 'Method' -> UNWIRED
     t5 'Method' -> UNWIRED
[40] 1205 | 
     t0 'reference' -> UNWIRED
     t1 'reference out' -> UNWIRED
     t2 'error in (no error)' -> UNWIRED
     t3 'error out' -> UNWIRED
     t4 'Method' -> UNWIRED
     t5 'Method' -> UNWIRED
[41] 1231 | 
     t0 'reference' -> UNWIRED
     t1 'reference out' -> UNWIRED
     t2 'error in (no error)' -> UNWIRED
     t3 'error out' -> UNWIRED
     t4 'Method' -> UNWIRED
     t5 'Method' -> UNWIRED
[42] 1257 | 
     t0 'reference' -> UNWIRED
     t1 'reference out' -> UNWIRED
     t2 'error in (no error)' -> UNWIRED
     t3 'error out' -> UNWIRED
     t4 'Method' -> UNWIRED
     t5 'Method' -> UNWIRED
[43] 1283 | 
     t0 'reference' -> UNWIRED
     t1 'reference out' -> UNWIRED
     t2 'error in (no error)' -> UNWIRED
     t3 'error out' -> UNWIRED
     t4 'Method' -> UNWIRED
     t5 'Method' -> UNWIRED
[44] 1309 | 
     t0 'reference' -> UNWIRED
     t1 'reference out' -> UNWIRED
     t2 'error in (no error)' -> UNWIRED
     t3 'error out' -> UNWIRED
     t4 'Method' -> UNWIRED
     t5 'Method' -> UNWIRED
[45] 1335 | 
     t0 'reference' -> UNWIRED
     t1 'reference out' -> UNWIRED
     t2 'error in (no error)' -> UNWIRED
     t3 'error out' -> UNWIRED
     t4 'Method' -> UNWIRED
     t5 'Method' -> UNWIRED
[46] 1361 | 
     t0 'reference' -> UNWIRED
     t1 'reference out' -> UNWIRED
     t2 'error in (no error)' -> UNWIRED
     t3 'error out' -> UNWIRED
     t4 'Method' -> UNWIRED
     t5 'Method' -> UNWIRED
[47] 1387 | 
     t0 'reference' -> UNWIRED
     t1 'reference out' -> UNWIRED
     t2 'error in (no error)' -> UNWIRED
     t3 'error out' -> UNWIRED
     t4 'Method' -> UNWIRED
     t5 'Method' -> UNWIRED
[48] 1413 | 
     t0 'reference' -> UNWIRED
     t1 'reference out' -> UNWIRED
     t2 'error in (no error)' -> UNWIRED
     t3 'error out' -> UNWIRED
     t4 'Method' -> UNWIRED
     t5 'Method' -> UNWIRED
[49] 1439 | 
     t0 'reference' -> UNWIRED
     t1 'reference out' -> UNWIRED
     t2 'error in (no error)' -> UNWIRED
     t3 'error out' -> UNWIRED
     t4 'Method' -> UNWIRED
     t5 'Method' -> UNWIRED
[50] 1465 | 
     t0 'reference' -> UNWIRED
     t1 'reference out' -> UNWIRED
     t2 'error in (no error)' -> UNWIRED
     t3 'error out' -> UNWIRED
     t4 'Method' -> UNWIRED
     t5 'Method' -> UNWIRED
[51] 1491 | 
     t0 'reference' -> UNWIRED
     t1 'reference out' -> UNWIRED
     t2 'error in (no error)' -> UNWIRED
     t3 'error out' -> UNWIRED
     t4 'Method' -> UNWIRED
     t5 'Method' -> UNWIRED
[52] 1517 | 
     t0 'reference' -> UNWIRED
     t1 'reference out' -> UNWIRED
     t2 'error in (no error)' -> UNWIRED
     t3 'error out' -> UNWIRED
     t4 'Method' -> UNWIRED
     t5 'Method' -> UNWIRED
[53] 1543 | 
     t0 'reference' -> UNWIRED
     t1 'reference out' -> UNWIRED
     t2 'error in (no error)' -> UNWIRED
     t3 'error out' -> UNWIRED
     t4 'Method' -> UNWIRED
     t5 'Method' -> UNWIRED
[54] 1569 | 
     t0 'reference' -> UNWIRED
     t1 'reference out' -> UNWIRED
     t2 'error in (no error)' -> UNWIRED
     t3 'error out' -> UNWIRED
     t4 'Method' -> UNWIRED
     t5 'Method' -> UNWIRED
[55] 1595 | 
     t0 'reference' -> UNWIRED
     t1 'reference out' -> UNWIRED
     t2 'error in (no error)' -> UNWIRED
     t3 'error out' -> UNWIRED
     t4 'Method' -> UNWIRED
     t5 'Method' -> UNWIRED
[56] 1621 | 
     t0 'reference' -> UNWIRED
     t1 'reference out' -> UNWIRED
     t2 'error in (no error)' -> UNWIRED
     t3 'error out' -> UNWIRED
     t4 'Method' -> UNWIRED
     t5 'Method' -> UNWIRED
[57] 1647 | 
     t0 'reference' -> UNWIRED
     t1 'reference out' -> UNWIRED
     t2 'error in (no error)' -> UNWIRED
     t3 'error out' -> UNWIRED
     t4 'Method' -> UNWIRED
     t5 'Method' -> UNWIRED
[58] 1673 | 
     t0 'reference' -> UNWIRED
     t1 'reference out' -> UNWIRED
     t2 'error in (no error)' -> UNWIRED
     t3 'error out' -> UNWIRED
     t4 'Method' -> UNWIRED
     t5 'Method' -> UNWIRED
[59] 1699 | 
     t0 'reference' -> UNWIRED
     t1 'reference out' -> UNWIRED
     t2 'error in (no error)' -> UNWIRED
     t3 'error out' -> UNWIRED
     t4 'Method' -> UNWIRED
     t5 'Method' -> UNWIRED
[60] 1725 | 
     t0 'reference' -> UNWIRED
     t1 'reference out' -> UNWIRED
     t2 'error in (no error)' -> UNWIRED
     t3 'error out' -> UNWIRED
     t4 'Method' -> UNWIRED
     t5 'Method' -> UNWIRED
[61] 1751 | 
     t0 'reference' -> UNWIRED
     t1 'reference out' -> UNWIRED
     t2 'error in (no error)' -> UNWIRED
     t3 'error out' -> UNWIRED
     t4 'Method' -> UNWIRED
     t5 'Method' -> UNWIRED
[62] 1777 | 
     t0 'reference' -> UNWIRED
     t1 'reference out' -> UNWIRED
     t2 'error in (no error)' -> UNWIRED
     t3 'error out' -> UNWIRED
     t4 'Method' -> UNWIRED
     t5 'Method' -> UNWIRED
[63] 1803 | 
     t0 'reference' -> UNWIRED
     t1 'reference out' -> UNWIRED
     t2 'error in (no error)' -> UNWIRED
     t3 'error out' -> UNWIRED
     t4 'Method' -> UNWIRED
     t5 'Method' -> UNWIRED
[64] 1829 | 
     t0 'reference' -> UNWIRED
     t1 'reference out' -> UNWIRED
     t2 'error in (no error)' -> UNWIRED
     t3 'error out' -> UNWIRED
     t4 'Method' -> UNWIRED
     t5 'Method' -> UNWIRED
[65] 1855 | 
     t0 'reference' -> UNWIRED
     t1 'reference out' -> UNWIRED
     t2 'error in (no error)' -> UNWIRED
     t3 'error out' -> UNWIRED
     t4 'Method' -> UNWIRED
     t5 'Method' -> UNWIRED
[66] 1881 | 
     t0 'reference' -> UNWIRED
     t1 'reference out' -> UNWIRED
     t2 'error in (no error)' -> UNWIRED
     t3 'error out' -> UNWIRED
     t4 'Method' -> UNWIRED
     t5 'Method' -> UNWIRED
[67] 1907 | 
     t0 'reference' -> UNWIRED
     t1 'reference out' -> UNWIRED
     t2 'error in (no error)' -> UNWIRED
     t3 'error out' -> UNWIRED
     t4 'Method' -> UNWIRED
     t5 'Method' -> UNWIRED
[68] 1933 | 
     t0 'reference' -> UNWIRED
     t1 'reference out' -> UNWIRED
     t2 'error in (no error)' -> UNWIRED
     t3 'error out' -> UNWIRED
     t4 'Method' -> UNWIRED
     t5 'Method' -> UNWIRED
[69] 1959 | 
     t0 'reference' -> UNWIRED
     t1 'reference out' -> UNWIRED
     t2 'error in (no error)' -> UNWIRED
     t3 'error out' -> UNWIRED
     t4 'Method' -> UNWIRED
     t5 'Method' -> UNWIRED
[70] 1985 | 
     t0 'reference' -> UNWIRED
     t1 'reference out' -> UNWIRED
     t2 'error in (no error)' -> UNWIRED
     t3 'error out' -> UNWIRED
     t4 'Method' -> UNWIRED
     t5 'Method' -> UNWIRED
[71] 2011 | 
     t0 'reference' -> UNWIRED
     t1 'reference out' -> UNWIRED
     t2 'error in (no error)' -> UNWIRED
     t3 'error out' -> UNWIRED
     t4 'Method' -> UNWIRED
     t5 'Method' -> UNWIRED
[72] 2037 | 
     t0 'reference' -> UNWIRED
     t1 'reference out' -> UNWIRED
     t2 'error in (no error)' -> UNWIRED
     t3 'error out' -> UNWIRED
     t4 'Method' -> UNWIRED
     t5 'Method' -> UNWIRED
[73] 2063 | 
     t0 'reference' -> UNWIRED
     t1 'reference out' -> UNWIRED
     t2 'error in (no error)' -> UNWIRED
     t3 'error out' -> UNWIRED
     t4 'Method' -> UNWIRED
     t5 'Method' -> UNWIRED
[74] 2089 | 
     t0 'reference' -> UNWIRED
     t1 'reference out' -> UNWIRED
     t2 'error in (no error)' -> UNWIRED
     t3 'error out' -> UNWIRED
     t4 'Method' -> UNWIRED
     t5 'Method' -> UNWIRED
[75] 2115 | 
     t0 'reference' -> UNWIRED
     t1 'reference out' -> UNWIRED
     t2 'error in (no error)' -> UNWIRED
     t3 'error out' -> UNWIRED
     t4 'Method' -> UNWIRED
     t5 'Method' -> UNWIRED
[76] 2141 | 
     t0 'reference' -> UNWIRED
     t1 'reference out' -> UNWIRED
     t2 'error in (no error)' -> UNWIRED
     t3 'error out' -> UNWIRED
     t4 'Method' -> UNWIRED
     t5 'Method' -> UNWIRED
[77] 2167 | 
     t0 'reference' -> UNWIRED
     t1 'reference out' -> UNWIRED
     t2 'error in (no error)' -> UNWIRED
     t3 'error out' -> UNWIRED
     t4 'Method' -> UNWIRED
     t5 'Method' -> UNWIRED
[78] 2193 | 
     t0 'reference' -> UNWIRED
     t1 'reference out' -> UNWIRED
     t2 'error in (no error)' -> UNWIRED
     t3 'error out' -> UNWIRED
     t4 'Method' -> UNWIRED
     t5 'Method' -> UNWIRED
[79] 2219 | 
     t0 'reference' -> UNWIRED
     t1 'reference out' -> UNWIRED
     t2 'error in (no error)' -> UNWIRED
     t3 'error out' -> UNWIRED
     t4 'Method' -> UNWIRED
     t5 'Method' -> UNWIRED
[80] 2245 | 
     t0 'reference' -> UNWIRED
     t1 'reference out' -> UNWIRED
     t2 'error in (no error)' -> UNWIRED
     t3 'error out' -> UNWIRED
     t4 'Method' -> UNWIRED
     t5 'Method' -> UNWIRED
[81] 2271 | 
     t0 'reference' -> UNWIRED
     t1 'reference out' -> UNWIRED
     t2 'error in (no error)' -> UNWIRED
     t3 'error out' -> UNWIRED
     t4 'Method' -> UNWIRED
     t5 'Method' -> UNWIRED
[82] 2297 | 
     t0 'reference' -> UNWIRED
     t1 'reference out' -> UNWIRED
     t2 'error in (no error)' -> UNWIRED
     t3 'error out' -> UNWIRED
     t4 'Method' -> UNWIRED
     t5 'Method' -> UNWIRED
[83] 2323 | 
     t0 'reference' -> UNWIRED
     t1 'reference out' -> UNWIRED
     t2 'error in (no error)' -> UNWIRED
     t3 'error out' -> UNWIRED
     t4 'Method' -> UNWIRED
     t5 'Method' -> UNWIRED
[84] 2349 | 
     t0 'reference' -> UNWIRED
     t1 'reference out' -> UNWIRED
     t2 'error in (no error)' -> UNWIRED
     t3 'error out' -> UNWIRED
     t4 'Method' -> UNWIRED
     t5 'Method' -> UNWIRED
[85] 2375 | 
     t0 'reference' -> UNWIRED
     t1 'reference out' -> UNWIRED
     t2 'error in (no error)' -> UNWIRED
     t3 'error out' -> UNWIRED
     t4 'Method' -> UNWIRED
     t5 'Method' -> UNWIRED
[86] 2401 | 
     t0 'reference' -> UNWIRED
     t1 'reference out' -> UNWIRED
     t2 'error in (no error)' -> UNWIRED
     t3 'error out' -> UNWIRED
     t4 'Method' -> UNWIRED
     t5 'Method' -> UNWIRED
[87] 2427 | 
     t0 'reference' -> UNWIRED
     t1 'reference out' -> UNWIRED
     t2 'error in (no error)' -> UNWIRED
     t3 'error out' -> UNWIRED
     t4 'Method' -> UNWIRED
     t5 'Method' -> UNWIRED
[88] 2453 | 
     t0 'reference' -> UNWIRED
     t1 'reference out' -> UNWIRED
     t2 'error in (no error)' -> UNWIRED
     t3 'error out' -> UNWIRED
     t4 'Method' -> UNWIRED
     t5 'Method' -> UNWIRED
[89] 2479 | 
     t0 'reference' -> UNWIRED
     t1 'reference out' -> UNWIRED
     t2 'error in (no error)' -> UNWIRED
     t3 'error out' -> UNWIRED
     t4 'Method' -> UNWIRED
     t5 'Method' -> UNWIRED
[90] 2505 | 
     t0 'reference' -> UNWIRED
     t1 'reference out' -> UNWIRED
     t2 'error in (no error)' -> UNWIRED
     t3 'error out' -> UNWIRED
     t4 'Method' -> UNWIRED
     t5 'Method' -> UNWIRED
[91] 2531 | 
     t0 'reference' -> UNWIRED
     t1 'reference out' -> UNWIRED
     t2 'error in (no error)' -> UNWIRED
     t3 'error out' -> UNWIRED
     t4 'Method' -> UNWIRED
     t5 'Method' -> UNWIRED
[92] 2557 | 
     t0 'reference' -> UNWIRED
     t1 'reference out' -> UNWIRED
     t2 'error in (no error)' -> UNWIRED
     t3 'error out' -> UNWIRED
     t4 'Method' -> UNWIRED
     t5 'Method' -> UNWIRED
[93] 2583 | 
     t0 'reference' -> UNWIRED
     t1 'reference out' -> UNWIRED
     t2 'error in (no error)' -> UNWIRED
     t3 'error out' -> UNWIRED
     t4 'Method' -> UNWIRED
     t5 'Method' -> UNWIRED
[94] 2609 | 
     t0 'reference' -> UNWIRED
     t1 'reference out' -> UNWIRED
     t2 'error in (no error)' -> UNWIRED
     t3 'error out' -> UNWIRED
     t4 'Method' -> UNWIRED
     t5 'Method' -> UNWIRED
[95] 2635 | 
     t0 'reference' -> UNWIRED
     t1 'reference out' -> UNWIRED
     t2 'error in (no error)' -> UNWIRED
     t3 'error out' -> UNWIRED
     t4 'Method' -> UNWIRED
     t5 'Method' -> UNWIRED
[96] 2661 | 
     t0 'reference' -> UNWIRED
     t1 'reference out' -> UNWIRED
     t2 'error in (no error)' -> UNWIRED
     t3 'error out' -> UNWIRED
     t4 'Method' -> UNWIRED
     t5 'Method' -> UNWIRED
[97] 2687 | 
     t0 'reference' -> UNWIRED
     t1 'reference out' -> UNWIRED
     t2 'error in (no error)' -> UNWIRED
     t3 'error out' -> UNWIRED
     t4 'Method' -> UNWIRED
     t5 'Method' -> UNWIRED
[98] 2713 | 
     t0 'reference' -> UNWIRED
     t1 'reference out' -> UNWIRED
     t2 'error in (no error)' -> UNWIRED
     t3 'error out' -> UNWIRED
     t4 'Method' -> UNWIRED
     t5 'Method' -> UNWIRED
[99] 2739 | 
     t0 'reference' -> UNWIRED
     t1 'reference out' -> UNWIRED
     t2 'error in (no error)' -> UNWIRED
     t3 'error out' -> UNWIRED
     t4 'Method' -> UNWIRED
     t5 'Method' -> UNWIRED
[100] 2765 | 
     t0 'reference' -> UNWIRED
     t1 'reference out' -> UNWIRED
     t2 'error in (no error)' -> UNWIRED
     t3 'error out' -> UNWIRED
     t4 'Method' -> UNWIRED
     t5 'Method' -> UNWIRED
[101] 2791 | 
     t0 'reference' -> UNWIRED
     t1 'reference out' -> UNWIRED
     t2 'error in (no error)' -> UNWIRED
     t3 'error out' -> UNWIRED
     t4 'Method' -> UNWIRED
     t5 'Method' -> UNWIRED
[102] 2817 | 
     t0 'reference' -> UNWIRED
     t1 'reference out' -> UNWIRED
     t2 'error in (no error)' -> UNWIRED
     t3 'error out' -> UNWIRED
     t4 'Method' -> UNWIRED
     t5 'Method' -> UNWIRED
[103] 2843 | 
     t0 'reference' -> UNWIRED
     t1 'reference out' -> UNWIRED
     t2 'error in (no error)' -> UNWIRED
     t3 'error out' -> UNWIRED
     t4 'Method' -> UNWIRED
     t5 'Method' -> UNWIRED
[104] 2869 | 
     t0 'reference' -> UNWIRED
     t1 'reference out' -> UNWIRED
     t2 'error in (no error)' -> UNWIRED
     t3 'error out' -> UNWIRED
     t4 'Method' -> UNWIRED
     t5 'Method' -> UNWIRED
[105] 2895 | 
     t0 'reference' -> UNWIRED
     t1 'reference out' -> UNWIRED
     t2 'error in (no error)' -> UNWIRED
     t3 'error out' -> UNWIRED
     t4 'Method' -> UNWIRED
     t5 'Method' -> UNWIRED
[106] 2921 | 
     t0 'reference' -> UNWIRED
     t1 'reference out' -> UNWIRED
     t2 'error in (no error)' -> UNWIRED
     t3 'error out' -> UNWIRED
     t4 'Method' -> UNWIRED
     t5 'Method' -> UNWIRED
[107] 2947 | 
     t0 'reference' -> UNWIRED
     t1 'reference out' -> UNWIRED
     t2 'error in (no error)' -> UNWIRED
     t3 'error out' -> UNWIRED
     t4 'Method' -> UNWIRED
     t5 'Method' -> UNWIRED
[108] 2973 | 
     t0 'reference' -> UNWIRED
     t1 'reference out' -> UNWIRED
     t2 'error in (no error)' -> UNWIRED
     t3 'error out' -> UNWIRED
     t4 'Method' -> UNWIRED
     t5 'Method' -> UNWIRED
[109] 2999 | 
     t0 'reference' -> UNWIRED
     t1 'reference out' -> UNWIRED
     t2 'error in (no error)' -> UNWIRED
     t3 'error out' -> UNWIRED
     t4 'Method' -> UNWIRED
     t5 'Method' -> UNWIRED
[110] 3025 | 
     t0 'reference' -> UNWIRED
     t1 'reference out' -> UNWIRED
     t2 'error in (no error)' -> UNWIRED
     t3 'error out' -> UNWIRED
     t4 'Method' -> UNWIRED
     t5 'Method' -> UNWIRED
[111] 3051 | 
     t0 'reference' -> UNWIRED
     t1 'reference out' -> UNWIRED
     t2 'error in (no error)' -> UNWIRED
     t3 'error out' -> UNWIRED
     t4 'Method' -> UNWIRED
     t5 'Method' -> UNWIRED
[112] 3077 | 
     t0 'reference' -> UNWIRED
     t1 'reference out' -> UNWIRED
     t2 'error in (no error)' -> UNWIRED
     t3 'error out' -> UNWIRED
     t4 'Method' -> UNWIRED
     t5 'Method' -> UNWIRED
[113] 3103 | 
     t0 'reference' -> UNWIRED
     t1 'reference out' -> UNWIRED
     t2 'error in (no error)' -> UNWIRED
     t3 'error out' -> UNWIRED
     t4 'Method' -> UNWIRED
     t5 'Method' -> UNWIRED
[114] 3129 | 
     t0 'reference' -> UNWIRED
     t1 'reference out' -> UNWIRED
     t2 'error in (no error)' -> UNWIRED
     t3 'error out' -> UNWIRED
     t4 'Method' -> UNWIRED
     t5 'Method' -> UNWIRED
[115] 3155 | 
     t0 'reference' -> UNWIRED
     t1 'reference out' -> UNWIRED
     t2 'error in (no error)' -> UNWIRED
     t3 'error out' -> UNWIRED
     t4 'Method' -> UNWIRED
     t5 'Method' -> UNWIRED
[116] 3181 | 
     t0 'reference' -> UNWIRED
     t1 'reference out' -> UNWIRED
     t2 'error in (no error)' -> UNWIRED
     t3 'error out' -> UNWIRED
     t4 'Method' -> UNWIRED
     t5 'Method' -> UNWIRED
[117] 3207 | 
     t0 'reference' -> UNWIRED
     t1 'reference out' -> UNWIRED
     t2 'error in (no error)' -> UNWIRED
     t3 'error out' -> UNWIRED
     t4 'Method' -> UNWIRED
     t5 'Method' -> UNWIRED
[118] 3233 | 
     t0 'reference' -> UNWIRED
     t1 'reference out' -> UNWIRED
     t2 'error in (no error)' -> UNWIRED
     t3 'error out' -> UNWIRED
     t4 'Method' -> UNWIRED
     t5 'Method' -> UNWIRED
[119] 3259 | 
     t0 'reference' -> UNWIRED
     t1 'reference out' -> UNWIRED
     t2 'error in (no error)' -> UNWIRED
     t3 'error out' -> UNWIRED
     t4 'Method' -> UNWIRED
     t5 'Method' -> UNWIRED
[120] 3285 | 
     t0 'reference' -> UNWIRED
     t1 'reference out' -> UNWIRED
     t2 'error in (no error)' -> UNWIRED
     t3 'error out' -> UNWIRED
     t4 'Method' -> UNWIRED
     t5 'Method' -> UNWIRED
[121] 3311 | 
     t0 'reference' -> UNWIRED
     t1 'reference out' -> UNWIRED
     t2 'error in (no error)' -> UNWIRED
     t3 'error out' -> UNWIRED
     t4 'Method' -> UNWIRED
     t5 'Method' -> UNWIRED
[122] 3337 | 
     t0 'reference' -> UNWIRED
     t1 'reference out' -> UNWIRED
     t2 'error in (no error)' -> UNWIRED
     t3 'error out' -> UNWIRED
     t4 'Method' -> UNWIRED
     t5 'Method' -> UNWIRED
[123] 3363 | 
     t0 'reference' -> UNWIRED
     t1 'reference out' -> UNWIRED
     t2 'error in (no error)' -> UNWIRED
     t3 'error out' -> UNWIRED
     t4 'Method' -> UNWIRED
     t5 'Method' -> UNWIRED
[124] 3389 | 
     t0 'reference' -> UNWIRED
     t1 'reference out' -> UNWIRED
     t2 'error in (no error)' -> UNWIRED
     t3 'error out' -> UNWIRED
     t4 'Method' -> UNWIRED
     t5 'Method' -> UNWIRED
[125] 3415 | 
     t0 'reference' -> UNWIRED
     t1 'reference out' -> UNWIRED
     t2 'error in (no error)' -> UNWIRED
     t3 'error out' -> UNWIRED
     t4 'Method' -> UNWIRED
     t5 'Method' -> UNWIRED
[126] 3441 | 
     t0 'reference' -> UNWIRED
     t1 'reference out' -> UNWIRED
     t2 'error in (no error)' -> UNWIRED
     t3 'error out' -> UNWIRED
     t4 'Method' -> UNWIRED
     t5 'Method' -> UNWIRED
[127] 3467 | 
     t0 'reference' -> UNWIRED
     t1 'reference out' -> UNWIRED
     t2 'error in (no error)' -> UNWIRED
     t3 'error out' -> UNWIRED
     t4 'Method' -> UNWIRED
     t5 'Method' -> UNWIRED
[128] 3493 | 
     t0 'reference' -> UNWIRED
     t1 'reference out' -> UNWIRED
     t2 'error in (no error)' -> UNWIRED
     t3 'error out' -> UNWIRED
     t4 'Method' -> UNWIRED
     t5 'Method' -> UNWIRED
[129] 3519 | 
     t0 'reference' -> UNWIRED
     t1 'reference out' -> UNWIRED
     t2 'error in (no error)' -> UNWIRED
     t3 'error out' -> UNWIRED
     t4 'Method' -> UNWIRED
     t5 'Method' -> UNWIRED
[130] 3545 | 
     t0 'reference' -> UNWIRED
     t1 'reference out' -> UNWIRED
     t2 'error in (no error)' -> UNWIRED
     t3 'error out' -> UNWIRED
     t4 'Method' -> UNWIRED
     t5 'Method' -> UNWIRED
[131] 3571 | 
     t0 'reference' -> UNWIRED
     t1 'reference out' -> UNWIRED
     t2 'error in (no error)' -> UNWIRED
     t3 'error out' -> UNWIRED
     t4 'Method' -> UNWIRED
     t5 'Method' -> UNWIRED
[132] 3597 | 
     t0 'reference' -> UNWIRED
     t1 'reference out' -> UNWIRED
     t2 'error in (no error)' -> UNWIRED
     t3 'error out' -> UNWIRED
     t4 'Method' -> UNWIRED
     t5 'Method' -> UNWIRED
[133] 3623 | 
     t0 'reference' -> UNWIRED
     t1 'reference out' -> UNWIRED
     t2 'error in (no error)' -> UNWIRED
     t3 'error out' -> UNWIRED
     t4 'Method' -> UNWIRED
     t5 'Method' -> UNWIRED
[134] 3649 | 
     t0 'reference' -> UNWIRED
     t1 'reference out' -> UNWIRED
     t2 'error in (no error)' -> UNWIRED
     t3 'error out' -> UNWIRED
     t4 'Method' -> UNWIRED
     t5 'Method' -> UNWIRED
[135] 3675 | 
     t0 'reference' -> UNWIRED
     t1 'reference out' -> UNWIRED
     t2 'error in (no error)' -> UNWIRED
     t3 'error out' -> UNWIRED
     t4 'Method' -> UNWIRED
     t5 'Method' -> UNWIRED
[136] 3701 | 
     t0 'reference' -> UNWIRED
     t1 'reference out' -> UNWIRED
     t2 'error in (no error)' -> UNWIRED
     t3 'error out' -> UNWIRED
     t4 'Method' -> UNWIRED
     t5 'Method' -> UNWIRED
[137] 3727 | 
     t0 'reference' -> UNWIRED
     t1 'reference out' -> UNWIRED
     t2 'error in (no error)' -> UNWIRED
     t3 'error out' -> UNWIRED
     t4 'Method' -> UNWIRED
     t5 'Method' -> UNWIRED
[138] 3753 | 
     t0 'reference' -> UNWIRED
     t1 'reference out' -> UNWIRED
     t2 'error in (no error)' -> UNWIRED
     t3 'error out' -> UNWIRED
     t4 'Method' -> UNWIRED
     t5 'Method' -> UNWIRED
[139] 3779 | 
     t0 'reference' -> UNWIRED
     t1 'reference out' -> UNWIRED
     t2 'error in (no error)' -> UNWIRED
     t3 'error out' -> UNWIRED
     t4 'Method' -> UNWIRED
     t5 'Method' -> UNWIRED
[140] 3805 | 
     t0 'reference' -> UNWIRED
     t1 'reference out' -> UNWIRED
     t2 'error in (no error)' -> UNWIRED
     t3 'error out' -> UNWIRED
     t4 'Method' -> UNWIRED
     t5 'Method' -> UNWIRED
[141] 3831 | 
     t0 'reference' -> UNWIRED
     t1 'reference out' -> UNWIRED
     t2 'error in (no error)' -> UNWIRED
     t3 'error out' -> UNWIRED
     t4 'Method' -> UNWIRED
     t5 'Method' -> UNWIRED
[142] 3857 | 
     t0 'reference' -> UNWIRED
     t1 'reference out' -> UNWIRED
     t2 'error in (no error)' -> UNWIRED
     t3 'error out' -> UNWIRED
     t4 'Method' -> UNWIRED
     t5 'Method' -> UNWIRED
[143] 3883 | 
     t0 'reference' -> UNWIRED
     t1 'reference out' -> UNWIRED
     t2 'error in (no error)' -> UNWIRED
     t3 'error out' -> UNWIRED
     t4 'Method' -> UNWIRED
     t5 'Method' -> UNWIRED
[144] 3909 | 
     t0 'reference' -> UNWIRED
     t1 'reference out' -> UNWIRED
     t2 'error in (no error)' -> UNWIRED
     t3 'error out' -> UNWIRED
     t4 'Method' -> UNWIRED
     t5 'Method' -> UNWIRED
[145] 3935 | 
     t0 'reference' -> UNWIRED
     t1 'reference out' -> UNWIRED
     t2 'error in (no error)' -> UNWIRED
     t3 'error out' -> UNWIRED
     t4 'Method' -> UNWIRED
     t5 'Method' -> UNWIRED
[146] 3961 | 
     t0 'reference' -> UNWIRED
     t1 'reference out' -> UNWIRED
     t2 'error in (no error)' -> UNWIRED
     t3 'error out' -> UNWIRED
     t4 'Method' -> UNWIRED
     t5 'Method' -> UNWIRED
[147] 3987 | 
     t0 'reference' -> UNWIRED
     t1 'reference out' -> UNWIRED
     t2 'error in (no error)' -> UNWIRED
     t3 'error out' -> UNWIRED
     t4 'Method' -> UNWIRED
     t5 'Method' -> UNWIRED
[148] 4013 | 
     t0 'reference' -> UNWIRED
     t1 'reference out' -> UNWIRED
     t2 'error in (no error)' -> UNWIRED
     t3 'error out' -> UNWIRED
     t4 'Method' -> UNWIRED
     t5 'Method' -> UNWIRED
[149] 4039 | 
     t0 'reference' -> UNWIRED
     t1 'reference out' -> UNWIRED
     t2 'error in (no error)' -> UNWIRED
     t3 'error out' -> UNWIRED
     t4 'Method' -> UNWIRED
     t5 'Method' -> UNWIRED
[150] 4065 | 
     t0 'reference' -> UNWIRED
     t1 'reference out' -> UNWIRED
     t2 'error in (no error)' -> UNWIRED
     t3 'error out' -> UNWIRED
     t4 'Method' -> UNWIRED
     t5 'Method' -> UNWIRED
[151] 4091 | 
     t0 'reference' -> UNWIRED
     t1 'reference out' -> UNWIRED
     t2 'error in (no error)' -> UNWIRED
     t3 'error out' -> UNWIRED
     t4 'Method' -> UNWIRED
     t5 'Method' -> UNWIRED
[152] 4117 | 
     t0 'reference' -> UNWIRED
     t1 'reference out' -> UNWIRED
     t2 'error in (no error)' -> UNWIRED
     t3 'error out' -> UNWIRED
     t4 'Method' -> UNWIRED
     t5 'Method' -> UNWIRED
[153] 4143 | 
     t0 'reference' -> UNWIRED
     t1 'reference out' -> UNWIRED
     t2 'error in (no error)' -> UNWIRED
     t3 'error out' -> UNWIRED
     t4 'Method' -> UNWIRED
     t5 'Method' -> UNWIRED
[154] 4169 | 
     t0 'reference' -> UNWIRED
     t1 'reference out' -> UNWIRED
     t2 'error in (no error)' -> UNWIRED
     t3 'error out' -> UNWIRED
     t4 'Method' -> UNWIRED
     t5 'Method' -> UNWIRED
[155] 4195 | 
     t0 'reference' -> UNWIRED
     t1 'reference out' -> UNWIRED
     t2 'error in (no error)' -> UNWIRED
     t3 'error out' -> UNWIRED
     t4 'Method' -> UNWIRED
     t5 'Method' -> UNWIRED
[156] 4221 | 
     t0 'reference' -> UNWIRED
     t1 'reference out' -> UNWIRED
     t2 'error in (no error)' -> UNWIRED
     t3 'error out' -> UNWIRED
     t4 'Method' -> UNWIRED
     t5 'Method' -> UNWIRED
[157] 4247 | 
     t0 'reference' -> UNWIRED
     t1 'reference out' -> UNWIRED
     t2 'error in (no error)' -> UNWIRED
     t3 'error out' -> UNWIRED
     t4 'Method' -> UNWIRED
     t5 'Method' -> UNWIRED
[158] 4273 | 
     t0 'reference' -> UNWIRED
     t1 'reference out' -> UNWIRED
     t2 'error in (no error)' -> UNWIRED
     t3 'error out' -> UNWIRED
     t4 'Method' -> UNWIRED
     t5 'Method' -> UNWIRED
[159] 4299 | 
     t0 'reference' -> UNWIRED
     t1 'reference out' -> UNWIRED
     t2 'error in (no error)' -> UNWIRED
     t3 'error out' -> UNWIRED
     t4 'Method' -> UNWIRED
     t5 'Method' -> UNWIRED
[160] 4325 | 
     t0 'reference' -> UNWIRED
     t1 'reference out' -> UNWIRED
     t2 'error in (no error)' -> UNWIRED
     t3 'error out' -> UNWIRED
     t4 'Method' -> UNWIRED
     t5 'Method' -> UNWIRED
[161] 4351 | 
     t0 'reference' -> UNWIRED
     t1 'reference out' -> UNWIRED
     t2 'error in (no error)' -> UNWIRED
     t3 'error out' -> UNWIRED
     t4 'Method' -> UNWIRED
     t5 'Method' -> UNWIRED
[162] 4377 | 
     t0 'reference' -> UNWIRED
     t1 'reference out' -> UNWIRED
     t2 'error in (no error)' -> UNWIRED
     t3 'error out' -> UNWIRED
     t4 'Method' -> UNWIRED
     t5 'Method' -> UNWIRED
[163] 4403 | 
     t0 'reference' -> UNWIRED
     t1 'reference out' -> UNWIRED
     t2 'error in (no error)' -> UNWIRED
     t3 'error out' -> UNWIRED
     t4 'Method' -> UNWIRED
     t5 'Method' -> UNWIRED
[164] 4429 | 
     t0 'reference' -> UNWIRED
     t1 'reference out' -> UNWIRED
     t2 'error in (no error)' -> UNWIRED
     t3 'error out' -> UNWIRED
     t4 'Method' -> UNWIRED
     t5 'Method' -> UNWIRED
[165] 4455 | 
     t0 'reference' -> UNWIRED
     t1 'reference out' -> UNWIRED
     t2 'error in (no error)' -> UNWIRED
     t3 'error out' -> UNWIRED
     t4 'Method' -> UNWIRED
     t5 'Method' -> UNWIRED
[166] 4481 | 
     t0 'reference' -> UNWIRED
     t1 'reference out' -> UNWIRED
     t2 'error in (no error)' -> UNWIRED
     t3 'error out' -> UNWIRED
     t4 'Method' -> UNWIRED
     t5 'Method' -> UNWIRED
[167] 4507 | 
     t0 'reference' -> UNWIRED
     t1 'reference out' -> UNWIRED
     t2 'error in (no error)' -> UNWIRED
     t3 'error out' -> UNWIRED
     t4 'Method' -> UNWIRED
     t5 'Method' -> UNWIRED
[168] 4533 | 
     t0 'reference' -> UNWIRED
     t1 'reference out' -> UNWIRED
     t2 'error in (no error)' -> UNWIRED
     t3 'error out' -> UNWIRED
     t4 'Method' -> UNWIRED
     t5 'Method' -> UNWIRED
[169] 4559 | 
     t0 'reference' -> UNWIRED
     t1 'reference out' -> UNWIRED
     t2 'error in (no error)' -> UNWIRED
     t3 'error out' -> UNWIRED
     t4 'Method' -> UNWIRED
     t5 'Method' -> UNWIRED
[170] 4585 | 
     t0 'reference' -> UNWIRED
     t1 'reference out' -> UNWIRED
     t2 'error in (no error)' -> UNWIRED
     t3 'error out' -> UNWIRED
     t4 'Method' -> UNWIRED
     t5 'Method' -> UNWIRED
[171] 4611 | 
     t0 'reference' -> UNWIRED
     t1 'reference out' -> UNWIRED
     t2 'error in (no error)' -> UNWIRED
     t3 'error out' -> UNWIRED
     t4 'Method' -> UNWIRED
     t5 'Method' -> UNWIRED
[172] 4637 | 
     t0 'reference' -> UNWIRED
     t1 'reference out' -> UNWIRED
     t2 'error in (no error)' -> UNWIRED
     t3 'error out' -> UNWIRED
     t4 'Method' -> UNWIRED
     t5 'Method' -> UNWIRED
[173] 4663 | 
     t0 'reference' -> UNWIRED
     t1 'reference out' -> UNWIRED
     t2 'error in (no error)' -> UNWIRED
     t3 'error out' -> UNWIRED
     t4 'Method' -> UNWIRED
     t5 'Method' -> UNWIRED
[174] 4689 | 
     t0 'reference' -> UNWIRED
     t1 'reference out' -> UNWIRED
     t2 'error in (no error)' -> UNWIRED
     t3 'error out' -> UNWIRED
     t4 'Method' -> UNWIRED
     t5 'Method' -> UNWIRED
[175] 4715 | 
     t0 'reference' -> UNWIRED
     t1 'reference out' -> UNWIRED
     t2 'error in (no error)' -> UNWIRED
     t3 'error out' -> UNWIRED
     t4 'Method' -> UNWIRED
     t5 'Method' -> UNWIRED
[176] 4741 | 
     t0 'reference' -> UNWIRED
     t1 'reference out' -> UNWIRED
     t2 'error in (no error)' -> UNWIRED
     t3 'error out' -> UNWIRED
     t4 'Method' -> UNWIRED
     t5 'Method' -> UNWIRED
[177] 4767 | 
     t0 'reference' -> UNWIRED
     t1 'reference out' -> UNWIRED
     t2 'error in (no error)' -> UNWIRED
     t3 'error out' -> UNWIRED
     t4 'Method' -> UNWIRED
     t5 'Method' -> UNWIRED
[178] 4793 | 
     t0 'reference' -> UNWIRED
     t1 'reference out' -> UNWIRED
     t2 'error in (no error)' -> UNWIRED
     t3 'error out' -> UNWIRED
     t4 'Method' -> UNWIRED
     t5 'Method' -> UNWIRED
[179] 4819 | 
     t0 'reference' -> UNWIRED
     t1 'reference out' -> UNWIRED
     t2 'error in (no error)' -> UNWIRED
     t3 'error out' -> UNWIRED
     t4 'Method' -> UNWIRED
     t5 'Method' -> UNWIRED
[180] 4845 | 
     t0 'reference' -> UNWIRED
     t1 'reference out' -> UNWIRED
     t2 'error in (no error)' -> UNWIRED
     t3 'error out' -> UNWIRED
     t4 'Method' -> UNWIRED
     t5 'Method' -> UNWIRED
[181] 4871 | 
     t0 'reference' -> UNWIRED
     t1 'reference out' -> UNWIRED
     t2 'error in (no error)' -> UNWIRED
     t3 'error out' -> UNWIRED
     t4 'Method' -> UNWIRED
     t5 'Method' -> UNWIRED
[182] 4897 | 
     t0 'reference' -> UNWIRED
     t1 'reference out' -> UNWIRED
     t2 'error in (no error)' -> UNWIRED
     t3 'error out' -> UNWIRED
     t4 'Method' -> UNWIRED
     t5 'Method' -> UNWIRED
[183] 4923 | 
     t0 'reference' -> UNWIRED
     t1 'reference out' -> UNWIRED
     t2 'error in (no error)' -> UNWIRED
     t3 'error out' -> UNWIRED
     t4 'Method' -> UNWIRED
     t5 'Method' -> UNWIRED
[184] 4949 | 
     t0 'reference' -> UNWIRED
     t1 'reference out' -> UNWIRED
     t2 'error in (no error)' -> UNWIRED
     t3 'error out' -> UNWIRED
     t4 'Method' -> UNWIRED
     t5 'Method' -> UNWIRED
[185] 4975 | 
     t0 'reference' -> UNWIRED
     t1 'reference out' -> UNWIRED
     t2 'error in (no error)' -> UNWIRED
     t3 'error out' -> UNWIRED
     t4 'Method' -> UNWIRED
     t5 'Method' -> UNWIRED
[186] 5001 | 
     t0 'reference' -> UNWIRED
     t1 'reference out' -> UNWIRED
     t2 'error in (no error)' -> UNWIRED
     t3 'error out' -> UNWIRED
     t4 'Method' -> UNWIRED
     t5 'Method' -> UNWIRED
[187] 5027 | 
     t0 'reference' -> UNWIRED
     t1 'reference out' -> UNWIRED
     t2 'error in (no error)' -> UNWIRED
     t3 'error out' -> UNWIRED
     t4 'Method' -> UNWIRED
     t5 'Method' -> UNWIRED
[188] 5053 | 
     t0 'reference' -> UNWIRED
     t1 'reference out' -> UNWIRED
     t2 'error in (no error)' -> UNWIRED
     t3 'error out' -> UNWIRED
     t4 'Method' -> UNWIRED
     t5 'Method' -> UNWIRED
[189] 5079 | 
     t0 'reference' -> UNWIRED
     t1 'reference out' -> UNWIRED
     t2 'error in (no error)' -> UNWIRED
     t3 'error out' -> UNWIRED
     t4 'Method' -> UNWIRED
     t5 'Method' -> UNWIRED
[190] 5105 | 
     t0 'reference' -> UNWIRED
     t1 'reference out' -> UNWIRED
     t2 'error in (no error)' -> UNWIRED
     t3 'error out' -> UNWIRED
     t4 'Method' -> UNWIRED
     t5 'Method' -> UNWIRED
[191] 5131 | 
     t0 'reference' -> UNWIRED
     t1 'reference out' -> UNWIRED
     t2 'error in (no error)' -> UNWIRED
     t3 'error out' -> UNWIRED
     t4 'Method' -> UNWIRED
     t5 'Method' -> UNWIRED
[192] 5157 | 
     t0 'reference' -> UNWIRED
     t1 'reference out' -> UNWIRED
     t2 'error in (no error)' -> UNWIRED
     t3 'error out' -> UNWIRED
     t4 'Method' -> UNWIRED
     t5 'Method' -> UNWIRED
[193] 5183 | 
     t0 'reference' -> UNWIRED
     t1 'reference out' -> UNWIRED
     t2 'error in (no error)' -> UNWIRED
     t3 'error out' -> UNWIRED
     t4 'Method' -> UNWIRED
     t5 'Method' -> UNWIRED
[194] 5209 | 
     t0 'reference' -> UNWIRED
     t1 'reference out' -> UNWIRED
     t2 'error in (no error)' -> UNWIRED
     t3 'error out' -> UNWIRED
     t4 'Method' -> UNWIRED
     t5 'Method' -> UNWIRED
[195] 5235 | 
     t0 'reference' -> UNWIRED
     t1 'reference out' -> UNWIRED
     t2 'error in (no error)' -> UNWIRED
     t3 'error out' -> UNWIRED
     t4 'Method' -> UNWIRED
     t5 'Method' -> UNWIRED
[196] 5261 | 
     t0 'reference' -> UNWIRED
     t1 'reference out' -> UNWIRED
     t2 'error in (no error)' -> UNWIRED
     t3 'error out' -> UNWIRED
     t4 'Method' -> UNWIRED
     t5 'Method' -> UNWIRED
[197] 5287 | 
     t0 'reference' -> UNWIRED
     t1 'reference out' -> UNWIRED
     t2 'error in (no error)' -> UNWIRED
     t3 'error out' -> UNWIRED
     t4 'Method' -> UNWIRED
     t5 'Method' -> UNWIRED
[198] 5313 | 
     t0 'reference' -> UNWIRED
     t1 'reference out' -> UNWIRED
     t2 'error in (no error)' -> UNWIRED
     t3 'error out' -> UNWIRED
     t4 'Method' -> UNWIRED
     t5 'Method' -> UNWIRED
[199] 5339 | 
     t0 'reference' -> UNWIRED
     t1 'reference out' -> UNWIRED
     t2 'error in (no error)' -> UNWIRED
     t3 'error out' -> UNWIRED
     t4 'Method' -> UNWIRED
     t5 'Method' -> UNWIRED
scratch removed
BGRUN END rc=0 after 42s
BGRUN START 2026-09-07 13:53:52 limit 12.0 min: py -u tools/recipes/fix_v3_starting_xy.py --swap
copy: ExecState 1 wires 264 LoopTunnels 18 Invokes 0
connect x: Decimate(Nodes[3]) t1 -> loop kernel t0: (2, 0)
connect y: Decimate t2 -> loop kernel t1: (2, 0)
junk Invokes purged: 2 ExecState 1
new tunnels: [(3969, (-833, 734)), (4010, (-833, 734))]
   tunnel 3969 -> auto-index; ExecState 1
   tunnel 4010 -> auto-index; ExecState 1
after fix: ExecState 1 wires 268 Invokes 0
saved 69129
   kernel t0 'starting x 1' wire=3958 broken=False
   kernel t1 'starting y 1' wire=4004 broken=False
   kernel t2 'Calibration cluster 1' wire=3460 broken=False
   kernel t3 'Bead 1 is good? in' wire=3383 broken=False
junk purged after read: 4 ExecState 1
swapped: PARALLEL_kernel_v3.vi <- fixed copy (backup PARALLEL_kernel_v3.vi.bak_20260907_prefix)
BGRUN END rc=0 after 7s
BGRUN START 2026-09-07 13:53:59 limit 6.0 min: py -u tools/lv_restart.py
LabVIEW up after 23 s, version 26.3.1f1
dialogs: 0|0,0,0,0|LabVIEW / ENABLED|29035448|0,0,0,0| / VERDICT: clear (no modal dialog)
BGRUN END rc=0 after 75s
BGRUN START 2026-09-07 14:17:18 limit 3.0 min: py -u -c 
import sys, os; sys.path.insert(0,'tools'); import gscript as g; g._lv=None
print('SCRATCH leftovers:', [f for f in os.listdir(g.CLAUDEDEV) if f.startswith('SCRATCH')], flush=True)
print('windows:', [w for w in g._lv_gui('-Action','windows').splitlines() if w.strip() and 'Error' in w], 'dialogs:', g._lv_gui('-Action','dialogs').strip()[-30:], flush=True)
print('v3 on disk', os.path.getsize(os.path.join(g.CLAUDEDEV,'PARALLEL_kernel_v3.vi')), 'backup', os.path.getsize(os.path.join(g.CLAUDEDEV,'PARALLEL_kernel_v3.vi.bak_20260907_prefix')), flush=True)

SCRATCH leftovers: ['SCRATCH_ni.vi']
windows: [] dialogs: RDICT: clear (no modal dialog)
v3 on disk 69129 backup 68138
BGRUN END rc=0 after 1s
BGRUN START 2026-09-07 14:19:44 limit 2.0 min: py -u -c 
import sys, os; sys.path.insert(0,'tools'); import gscript as g; g._lv=None
S=os.path.join(g.CLAUDEDEV,'SCRATCH_ni.vi')
try: g.close_panel(S)
except Exception as e: print('close:', str(e)[:40], flush=True)
try: os.remove(S); print('SCRATCH_ni.vi removed', flush=True)
except Exception as e: print('remove failed:', str(e)[:60], flush=True)
print('leftovers:', [f for f in os.listdir(g.CLAUDEDEV) if f.startswith('SCRATCH')], flush=True)

close: (-2147352567, '���ܰ� �߻��߽��ϴ�.', (6649, 'Lab
SCRATCH_ni.vi removed
leftovers: []
BGRUN END rc=0 after 0s
BGRUN START 2026-09-07 14:44:02 limit 8.0 min: py -u -c 
import sys, os, time, shutil; sys.path.insert(0,'tools'); import gscript as g; g._lv=None; g._run.__defaults__=(6.0,90.0)
S=os.path.join(g.CLAUDEDEV,'SCRATCH_neut2.vi'); shutil.copyfile(os.path.join(g.CLAUDEDEV,'OpMove_v0.vi'), S); g.report(S,'SubVI'); g.open_panel(S); time.sleep(0.5)
vi=g.op(g.OP_NET_INFO); vi.SetControlValue('vi path',S); vi.SetControlValue('Class Name','Diagram'); vi.SetControlValue('index',0); vi.SetControlValue('index 2',0); vi.SetControlValue('index 3',0)
vi.SetControlValue('error in (no error)',(False,0,''))
for cls,mid in (('VI Server:ZZZ','ZZZ'),('Nonsense','6349C03'),('VI Server:Terminal','FFFFFFF')):
    vi.SetControlValue('Class Name 3',cls); vi.SetControlValue('Class Name 2',mid); b=g.count(S,'Invoke'); g._run(vi); print('creator with class=%r id=%r: Invoke %d -> %d'%(cls,mid,b,g.count(S,'Invoke')), flush=True)
g.close_panel(S); os.remove(S)
W=r'G:\Codes\LabVIEW_Codes\MinLab\zz_LabView VI\AAA_UNIST\2. Tracking\Min_Track N beads V6_ParallelLoop.vi'; M=os.path.join(g.CLAUDEDEV,'MAINCOPY_readonly.vi')
shutil.copyfile(W, M); t0=time.time()
subs=g.report(M,'SubVI'); print('MAINCOPY loaded via reporter: SubVIs', len(subs), '%.1fs'%(time.time()-t0), flush=True)
k=[o for o in subs if o['uid']==5058]; print('kernel call site', k, flush=True)
ds=g.report(M,'Diagram'); print('Diagrams', len(ds), flush=True)
near=sorted(ds, key=lambda o: (0 if (o['pos'][0]<=3811 and o['pos'][1]<=1474) else 1, -(o['pos'][0]+o['pos'][1])))[:8]
print('diagrams enclosing-candidates (index, uid, pos, owner):', [(o['i'],o['uid'],o['pos'],o['owner']) for o in near], flush=True)
print('ForLoops', [(o['i'],o['uid'],o['pos']) for o in g.report(M,'WhileLoop')][:6], 'Cases', len(g.report(M,'CaseStructure')), flush=True)

creator with class='VI Server:ZZZ' id='ZZZ': Invoke 1 -> 2
creator with class='Nonsense' id='6349C03': Invoke 2 -> 3
creator with class='VI Server:Terminal' id='FFFFFFF': Invoke 3 -> 4
MAINCOPY loaded via reporter: SubVIs 98 160.6s
kernel call site [{'i': 40, 'class': 'SubVI', 'uid': 5058, 'pos': (3811, 1474), 'owner': 'Diagram'}]
Diagrams 170
diagrams enclosing-candidates (index, uid, pos, owner): [(81, 5582, (3772, 1075), 'CaseStructure'), (82, 5592, (3772, 1053), 'CaseStructure'), (56, 18724, (3338, 1358), 'CaseStructure'), (57, 18730, (3304, 1329), 'CaseStructure'), (70, 10453, (3331, 993), 'CaseStructure'), (71, 10459, (3208, 993), 'CaseStructure'), (44, 2603, (2815, 1322), 'ForLoop'), (48, 24642, (2866, 1175), 'ForLoop')]
BGRUN TIMEOUT killed after 482s (limit 8.0 min)
BGRUN START 2026-09-07 14:55:03 limit 20.0 min: py -u -c 
import sys, os, time, json; sys.path.insert(0,'tools'); import gscript as g; g._lv=None; g._run.__defaults__=(6.0,90.0)
M=os.path.join(g.CLAUDEDEV,'MAINCOPY_readonly.vi')
for d in (81, 82, 56):
    t0=time.time(); nodes, nets = g.net_map(M, d); uids=[v[0] for v in nodes.values()]
    print('=== diagram %d: %d nodes, %d wires, %.0fs; kernel 5058 present: %s'%(d,len(nodes),len(nets),time.time()-t0, 5058 in uids), flush=True)
    if 5058 in uids:
        g.print_net_map(nodes, nets)
        json.dump({'nodes':{str(k):v for k,v in nodes.items()},'nets':{str(k):v for k,v in nets.items()}}, open('tools/bench/main_netmap_diag%d.json'%d,'w'), indent=1)
        break

=== diagram 81: 0 nodes, 0 wires, 2s; kernel 5058 present: False
=== diagram 82: 2 nodes, 0 wires, 15s; kernel 5058 present: False
=== diagram 56: 1 nodes, 0 wires, 12s; kernel 5058 present: False
BGRUN END rc=0 after 29s
BGRUN START 2026-09-07 14:56:21 limit 30.0 min: py -u -c 
import sys, os, time, json; sys.path.insert(0,'tools'); import gscript as g; g._lv=None; g._run.__defaults__=(6.0,90.0)
M=os.path.join(g.CLAUDEDEV,'MAINCOPY_readonly.vi'); vi=g.op(g.OP_NET_INFO)
vi.SetControlValue('vi path',M); vi.SetControlValue('Class Name','Diagram'); vi.SetControlValue('error in (no error)',(False,0,'')); vi.SetControlValue('Class Name 3',''); vi.SetControlValue('Class Name 2','')
where={}; t0=time.time(); total=0
for d in range(170):
    vi.SetControlValue('index',d)
    for n in range(400):
        vi.SetControlValue('index 2',n); vi.SetControlValue('index 3',0)
        try: g._run(vi)
        except RuntimeError as e: print('   d=%d n=%d run err %s'%(d,n,str(e)[:40]), flush=True); break
        uid=int(vi.GetControlValue('UID')); nm=vi.GetControlValue('Name')
        if uid==0: break
        if nm=='reference':
            vi.SetControlValue('index 3',4); g._run(vi)
            if vi.GetControlValue('Name')=='Method': break
        where[uid]=(d,n); total+=1
    if 5058 in where: print('FOUND kernel 5058 at diagram %d node %d (after %d nodes, %.0fs)'%(where[5058][0],where[5058][1],total,time.time()-t0), flush=True); break
json.dump({str(k):v for k,v in where.items()}, open('tools/bench/main_node_index.json','w'))
print('scanned', total, 'nodes in %.0fs'%(time.time()-t0), 'kernel:', where.get(5058), flush=True)
if 5058 in where:
    d=where[5058][0]; nodes, nets = g.net_map(M, d); g.print_net_map(nodes, nets)
    json.dump({'nodes':{str(k):v for k,v in nodes.items()},'nets':{str(k):v for k,v in nets.items()}}, open('tools/bench/main_netmap_diag%d.json'%d,'w'), indent=1)

FOUND kernel 5058 at diagram 43 node 12 (after 239 nodes, 573s)
scanned 239 nodes in 573s kernel: (43, 12)
[0] 3447 | 
     t0 'Focus Step (F1)' -> (wire 1893, no other terminal in this diagram)
[1] 3529 | 
     t0 '- Inc (PgDn)' -> (wire 4833, no other terminal in this diagram)
[2] 3560 | 
     t0 '+ Inc (PgUp)' -> (wire 2819, no other terminal in this diagram)
[3] 3052 | 
     t0 'File # Saved' -> (wire 1397, no other terminal in this diagram)
[4] 2136 | 
     t0 'floor(x/y)' -> UNWIRED
     t1 'x-y*floor(x/y)' -> (wire 2344, no other terminal in this diagram)
     t2 'y' -> (wire 31234, no other terminal in this diagram)
     t3 'x' -> (wire 3268, no other terminal in this diagram)
[5] 3057 | 
     t0 'x = 0?' -> (wire 3050, no other terminal in this diagram)
     t1 'x' -> (wire 2344, no other terminal in this diagram)
[6] 5540 | 
     t0 '' -> (wire 5709, no other terminal in this diagram)
     t1 '' -> (wire 5979, no other terminal in this diagram)
     t2 'Bead is good? array out' -> (wire 5637, no other terminal in this diagram)
     t3 'Bead is good? array out' -> (wire 6041, no other terminal in this diagram)
     t4 '' -> (wire 5746, no other terminal in this diagram)
     t5 'x,y,z array out' -> (wire 1681, no other terminal in this diagram)
     t6 'x,y,z array out' -> (wire 5975, no other terminal in this diagram)
[7] 6810 | 
     t0 'Session In' -> (wire 634, no other terminal in this diagram)
[8] 3191 | 
     t0 '' -> (wire 3050, no other terminal in this diagram)
     t1 '' -> (wire 3268, no other terminal in this diagram)
     t2 'current image number' -> (wire 3747, no other terminal in this diagram)
     t3 'LastBufferNumber' -> (wire 3356, no other terminal in this diagram)
[9] 57 | 
     t0 '' -> (wire 3689, no other terminal in this diagram)
     t1 'LastBufferNumber' -> (wire 1644, no other terminal in this diagram)
     t2 'LastBufferNumber' -> (wire 5416, no other terminal in this diagram)
     t3 'current image number' -> (wire 3747, no other terminal in this diagram)
[10] 1978 | 
     t0 'x+1' -> (wire 1109, no other terminal in this diagram)
     t1 'x' -> (wire 1644, no other terminal in this diagram)
[11] 48 | 
     t0 '-Inc reference' -> (wire 4833, no other terminal in this diagram)
     t1 '+Inc reference' -> (wire 2819, no other terminal in this diagram)
     t2 'Focus inc reference' -> (wire 1893, no other terminal in this diagram)
     t3 'VISA resource name' -> (wire 1731, no other terminal in this diagram)
     t4 'In position' -> (wire 3947, no other terminal in this diagram)
     t5 'Out position' -> (wire 7388, no other terminal in this diagram)
     t6 'Outgoing Handle' -> (wire 11232, no other terminal in this diagram)
[12] 5058 | 
     t0 'Bead is good? array in' -> (wire 5637, no other terminal in this diagram)
     t1 'Image In' -> (wire 3040, no other terminal in this diagram)
     t2 'cross size' -> (wire 373, no other terminal in this diagram)
     t3 'Bead is good? array out' -> (wire 5859, no other terminal in this diagram)
     t4 'x,y,z array out' -> (wire 505, no other terminal in this diagram)
[13] 2222 | 
     t0 '' -> (wire 730, no other terminal in this diagram)
     t1 'Z out' -> (wire 4906, no other terminal in this diagram)
     t2 'x,y,z array out' -> (wire 505, no other terminal in this diagram)
     t3 '' -> (wire 628, no other terminal in this diagram)
     t4 '' -> (wire 1773, no other terminal in this diagram)
     t5 'Correction Factor' -> (wire 6096, no other terminal in this diagram)
     t6 'X out' -> (wire 6363, no other terminal in this diagram)
[14] 6104 | 
     t0 'array' -> (wire 6363, no other terminal in this diagram)
     t1 'subarray' -> UNWIRED
     t2 'disabled index (row)' -> UNWIRED
     t3 'index (col)' -> (wire 6427, no other terminal in this diagram)
[15] 376 | 
     t0 'error out' -> (wire 541, no other terminal in this diagram)
     t1 'total data array out' -> (wire 464, no other terminal in this diagram)
     t2 'error in' -> (wire 4880, no other terminal in this diagram)
     t3 'file progress' -> (wire 5274, no other terminal in this diagram)
     t4 'file number to append out' -> (wire 5056, no other terminal in this diagram)
     t5 'current frame data array in' -> (wire 4517, no other terminal in this diagram)
     t6 'cal cluster path' -> (wire 3629, no other terminal in this diagram)
     t7 'frame index' -> (wire 3268, no other terminal in this diagram)
     t8 'saved file refnum' -> (wire 1397, no other terminal in this diagram)
     t9 'file size' -> (wire 1581, no other terminal in this diagram)
     t10 'total data array in' -> (wire 3497, no other terminal in this diagram)
     t11 'selected path' -> (wire 5090, no other terminal in this diagram)
[16] 1359 | 
[17] 9833 | 
     t0 'array' -> (wire 4906, no other terminal in this diagram)
     t1 'subarray' -> (wire 9012, no other terminal in this diagram)
     t2 'index (row)' -> (wire 9924, no other terminal in this diagram)
     t3 'disabled index (col)' -> UNWIRED
[18] 10068 | 
     t0 'floor(x/y)' -> UNWIRED
     t1 'x-y*floor(x/y)' -> (wire 10187, no other terminal in this diagram)
     t2 'y' -> (wire 10103, no other terminal in this diagram)
     t3 'x' -> (wire 3268, no other terminal in this diagram)
[19] 1114 | 
     t0 'index i' -> (wire 3268, no other terminal in this diagram)
     t1 'Lp' -> (wire 5959, no other terminal in this diagram)
     t2 'Lc' -> (wire 8165, no other terminal in this diagram)
     t3 'Baseline' -> (wire 8254, no other terminal in this diagram)
     t4 'F-x in' -> (wire 8322, no other terminal in this diagram)
[20] 8885 | 
     t0 'x*y' -> (wire 28847, no other terminal in this diagram)
     t1 'y' -> (wire 9164, no other terminal in this diagram)
     t2 'x' -> (wire 9012, no other terminal in this diagram)
[21] 11261 | 
     t0 'appended array' -> (wire 10908, no other terminal in this diagram)
     t1 'array' -> (wire 11352, no other terminal in this diagram)
     t2 'element' -> (wire 12256, no other terminal in this diagram)
[22] 11576 | 
     t0 'cluster' -> (wire 8319, no other terminal in this diagram)
     t1 'element' -> (wire 11931, no other terminal in this diagram)
     t2 'element' -> (wire 11957, no other terminal in this diagram)
[23] 11608 | 
     t0 'output cluster' -> (wire 12256, no other terminal in this diagram)
     t1 'cluster' -> UNWIRED
     t2 'element' -> (wire 11931, no other terminal in this diagram)
     t3 'element' -> (wire 11957, no other terminal in this diagram)
[24] 10407 | 
     t0 '' -> (wire 10799, no other terminal in this diagram)
     t1 '# slices in stack' -> (wire 9635, no other terminal in this diagram)
     t2 'Index of closest\ncal image slice, bead 2' -> (wire 10990, no other terminal in this diagram)
     t3 'Outgoing Handle' -> (wire 11232, no other terminal in this diagram)
     t4 'VISA out' -> (wire 7337, no other terminal in this diagram)
     t5 'Out position' -> (wire 7388, no other terminal in this diagram)
     t6 'position [internal units]' -> (wire 9113, no other terminal in this diagram)
[25] 10686 | 
     t0 'x .and. y?' -> (wire 10799, no other terminal in this diagram)
     t1 'y' -> (wire 9105, no other terminal in this diagram)
     t2 'x' -> (wire 3050, no other terminal in this diagram)
[26] 10825 | 
     t0 '.not. x?' -> (wire 9105, no other terminal in this diagram)
     t1 'x' -> (wire 3362, no other terminal in this diagram)
[27] 10757 | 
     t0 'array' -> (wire 121, no other terminal in this diagram)
     t1 'element' -> (wire 10990, no other terminal in this diagram)
     t2 'index' -> (wire 10947, no other terminal in this diagram)
[28] 10247 | 
     t0 'x .or. y?' -> (wire 5709, no other terminal in this diagram)
     t1 'y' -> (wire 10312, no other terminal in this diagram)
     t2 'x' -> (wire 10573, no other terminal in this diagram)
[29] 10445 | 
     t0 '' -> (wire 9921, no other terminal in this diagram)
     t1 '' -> (wire 10573, no other terminal in this diagram)
     t2 'Value' -> (wire 10763, no other terminal in this diagram)
     t3 'Value' -> (wire 11389, no other terminal in this diagram)
[30] 10969 | 
     t0 'array' -> (wire 121, no other terminal in this diagram)
     t1 'max value' -> UNWIRED
     t2 'max index (indices)' -> UNWIRED
     t3 'min value' -> (wire 17287, no other terminal in this diagram)
     t4 'min index (indices)' -> UNWIRED
[31] 10950 | 
     t0 'x < y?' -> (wire 9868, no other terminal in this diagram)
     t1 'y' -> (wire 10850, no other terminal in this diagram)
     t2 'x' -> (wire 17393, no other terminal in this diagram)
[32] 17289 | 
     t0 'reference' -> UNWIRED
     t1 'reference out' -> UNWIRED
     t2 'error in (no error)' -> UNWIRED
     t3 'error out' -> UNWIRED
     t4 'Value' -> (wire 17393, no other terminal in this diagram)
[33] 9647 | 
     t0 'x .and. y?' -> (wire 9921, no other terminal in this diagram)
     t1 'y' -> (wire 9806, no other terminal in this diagram)
     t2 'x' -> (wire 9868, no other terminal in this diagram)
[34] 9879 | 
     t0 'reference' -> UNWIRED
     t1 'reference out' -> UNWIRED
     t2 'error in (no error)' -> UNWIRED
     t3 'error out' -> UNWIRED
     t4 'Value' -> (wire 10079, no other terminal in this diagram)
[35] 10019 | 
     t0 'x = y?' -> (wire 10249, no other terminal in this diagram)
     t1 'y' -> (wire 10142, no other terminal in this diagram)
     t2 'x' -> (wire 10079, no other terminal in this diagram)
[36] 10886 | 
     t0 'result' -> (wire 6525, no other terminal in this diagram)
     t1 'value' -> (wire 10447, no other terminal in this diagram)
     t2 'value' -> (wire 7527, no other terminal in this diagram)
     t3 'value' -> (wire 10543, no other terminal in this diagram)
[37] 1469 | 
     t0 'reference' -> UNWIRED
     t1 'reference out' -> UNWIRED
     t2 'error in (no error)' -> UNWIRED
     t3 'error out' -> UNWIRED
     t4 'Value' -> (wire 3461, no other terminal in this diagram)
[38] 11529 | 
     t0 'x < y?' -> (wire 10543, no other terminal in this diagram)
     t1 'y' -> (wire 11527, no other terminal in this diagram)
     t2 'x' -> (wire 11389, no other terminal in this diagram)
[39] 10285 | 
     t0 '.not. x?' -> (wire 3461, no other terminal in this diagram)
     t1 'x' -> (wire 6525, no other terminal in this diagram)
[40] 10382 | 
     t0 '.not. x?' -> (wire 10447, no other terminal in this diagram)
     t1 'x' -> (wire 9921, no other terminal in this diagram)
[41] 20474 | 
     t0 '' -> (wire 15302, no other terminal in this diagram)
     t1 'error out' -> (wire 15289, no other terminal in this diagram)
     t2 'error out' -> (wire 3290, no other terminal in this diagram)
     t3 'Value' -> (wire 30592, no other terminal in this diagram)
     t4 'System no.' -> (wire 11538, no other terminal in this diagram)
     t5 'System no.' -> (wire 15270, no other terminal in this diagram)
     t6 'millisecond timer value' -> (wire 18617, no other terminal in this diagram)
     t7 'Value' -> (wire 31717, no other terminal in this diagram)
     t8 '' -> (wire 29368, no other terminal in this diagram)
     t9 'Value' -> (wire 25053, no other terminal in this diagram)
[42] 22082 | 
     t0 '' -> (wire 15229, no other terminal in this diagram)
     t1 'error out' -> UNWIRED
     t2 'error out' -> (wire 15289, no other terminal in this diagram)
     t3 'System no.' -> (wire 15277, no other terminal in this diagram)
     t4 'System no.' -> (wire 15270, no other terminal in this diagram)
[43] 22261 | 
     t0 'reference' -> UNWIRED
     t1 'reference out' -> UNWIRED
     t2 'error in (no error)' -> UNWIRED
     t3 'error out' -> UNWIRED
     t4 'Value' -> (wire 15262, no other terminal in this diagram)
[44] 22284 | 
     t0 'x = y?' -> (wire 18056, no other terminal in this diagram)
     t1 'y' -> (wire 15262, no other terminal in this diagram)
     t2 'x' -> (wire 31687, no other terminal in this diagram)
[45] 11685 | 
     t0 'x*y' -> (wire 17413, no other terminal in this diagram)
     t1 'y' -> (wire 5142, no other terminal in this diagram)
     t2 'x' -> (wire 15283, no other terminal in this diagram)
[46] 17046 | 
     t0 'x/y' -> (wire 17447, no other terminal in this diagram)
     t1 'y' -> (wire 17306, no other terminal in this diagram)
     t2 'x' -> (wire 17413, no other terminal in this diagram)
[47] 18716 | 
     t0 '' -> (wire 19084, no other terminal in this diagram)
     t1 'millisecond timer value' -> (wire 18617, no other terminal in this diagram)
[48] 18900 | 
     t0 'x .and. y?' -> (wire 19084, no other terminal in this diagram)
     t1 'y' -> (wire 19078, no other terminal in this diagram)
     t2 'x' -> (wire 15302, no other terminal in this diagram)
[49] 17780 | 
     t0 'reference' -> UNWIRED
     t1 'reference out' -> UNWIRED
     t2 'error in (no error)' -> UNWIRED
     t3 'error out' -> UNWIRED
     t4 'Value' -> (wire 17877, no other terminal in this diagram)
[50] 17837 | 
     t0 '.not. x?' -> (wire 18092, no other terminal in this diagram)
     t1 'x' -> (wire 17877, no other terminal in this diagram)
[51] 17883 | 
     t0 'result' -> (wire 15229, no other terminal in this diagram)
     t1 'value' -> (wire 15230, no other terminal in this diagram)
     t2 'value' -> (wire 18092, no other terminal in this diagram)
     t3 'value' -> (wire 18056, no other terminal in this diagram)
[52] 12589 | 
     t0 '' -> (wire 3050, no other terminal in this diagram)
     t1 'position [internal units]' -> (wire 9113, no other terminal in this diagram)
     t2 '' -> (wire 12070, no other terminal in this diagram)
[53] 11639 | 
     t0 'result' -> (wire 3457, no other terminal in this diagram)
     t1 'value' -> (wire 12070, no other terminal in this diagram)
     t2 'value' -> (wire 6929, no other terminal in this diagram)
     t3 'value' -> (wire 10249, no other terminal in this diagram)
[54] 29874 | 
[55] 29240 | 
     t0 'floor(x/y)' -> UNWIRED
     t1 'x-y*floor(x/y)' -> (wire 29787, no other terminal in this diagram)
     t2 'y' -> (wire 29404, no other terminal in this diagram)
     t3 'x' -> (wire 3268, no other terminal in this diagram)
[56] 30146 | 
     t0 'reference' -> UNWIRED
     t1 'reference out' -> UNWIRED
     t2 'error in (no error)' -> UNWIRED
     t3 'error out' -> UNWIRED
     t4 'Value' -> (wire 31234, no other terminal in this diagram)
[57] 31509 | 
     t0 'x*y' -> (wire 31687, no other terminal in this diagram)
     t1 'y' -> (wire 15283, no other terminal in this diagram)
     t2 'x' -> (wire 29368, no other terminal in this diagram)
[58] 29617 | 
     t0 '' -> (wire 30019, no other terminal in this diagram)
     t1 'Value' -> (wire 31717, no other terminal in this diagram)
     t2 'Value' -> (wire 29233, no other terminal in this diagram)
     t3 '' -> (wire 29153, no other terminal in this diagram)
     t4 'Value' -> (wire 29233, no other terminal in this diagram)
     t5 'Value' -> (wire 25053, no other terminal in this diagram)
     t6 'Value' -> (wire 9139, no other terminal in this diagram)
[59] 29956 | 
     t0 'x-1' -> (wire 30019, no other terminal in this diagram)
     t1 'x' -> (wire 15283, no other terminal in this diagram)
[60] 29119 | 
     t0 'size(s)' -> (wire 29153, no other terminal in this diagram)
     t1 'array' -> (wire 29233, no other terminal in this diagram)
[61] 30117 | 
     t0 'reference' -> UNWIRED
     t1 'reference out' -> UNWIRED
     t2 'error in (no error)' -> UNWIRED
     t3 'error out' -> UNWIRED
     t4 'Value' -> (wire 30592, no other terminal in this diagram)
[62] 2626 | 
     t0 'appended array' -> (wire 4517, no other terminal in this diagram)
     t1 'element' -> (wire 16483, no other terminal in this diagram)
     t2 'element' -> (wire 30592, no other terminal in this diagram)
     t3 'element' -> (wire 4878, no other terminal in this diagram)
     t4 'array' -> (wire 505, no other terminal in this diagram)
[63] 4580 | 
     t0 'reference' -> UNWIRED
     t1 'reference out' -> UNWIRED
     t2 'error in (no error)' -> UNWIRED
     t3 'error out' -> UNWIRED
     t4 'Value' -> (wire 4878, no other terminal in this diagram)
[64] 5119 | 
     t0 'x-y' -> (wire 16483, no other terminal in this diagram)
     t1 'y' -> (wire 3356, no other terminal in this diagram)
     t2 'x' -> (wire 3747, no other terminal in this diagram)
[65] 10153 | 
     t0 'Event Registration Refnum' -> UNWIRED
     t1 'Event Registration Refnum' -> UNWIRED
     t2 '' -> (wire 12108, no other terminal in this diagram)
     t3 'Value' -> (wire 32324, no other terminal in this diagram)
     t4 '' -> (wire 25804, no other terminal in this diagram)
     t5 '' -> (wire 29099, no other terminal in this diagram)
     t6 'Value' -> (wire 32565, no other terminal in this diagram)
[66] 28393 | 
     t0 'size(s)' -> (wire 29368, no other terminal in this diagram)
     t1 'array' -> (wire 29233, no other terminal in this diagram)
[67] 2457 | 
     t0 '' -> (wire 30469, no other terminal in this diagram)
     t1 'Value' -> (wire 29233, no other terminal in this diagram)
     t2 'Value' -> (wire 9139, no other terminal in this diagram)
     t3 '' -> (wire 5142, no other terminal in this diagram)
     t4 '' -> (wire 32388, no other terminal in this diagram)
[68] 30233 | 
     t0 'x-1' -> (wire 30469, no other terminal in this diagram)
     t1 'x' -> (wire 29368, no other terminal in this diagram)
[69] 22560 | 
     t0 'reference' -> UNWIRED
     t1 'reference out' -> UNWIRED
     t2 'error in (no error)' -> UNWIRED
     t3 'error out' -> UNWIRED
     t4 'Value' -> (wire 9139, no other terminal in this diagram)
[70] 22542 | 
     t0 'reference' -> UNWIRED
     t1 'reference out' -> UNWIRED
     t2 'error in (no error)' -> UNWIRED
     t3 'error out' -> UNWIRED
     t4 'Value' -> (wire 29233, no other terminal in this diagram)
[71] 22700 | 
     t0 'error out' -> UNWIRED
[72] 22703 | 
     t0 'format string' -> (wire 23003, no other terminal in this diagram)
     t1 'initial string' -> UNWIRED
     t2 'resulting string' -> (wire 22926, no other terminal in this diagram)
     t3 'error in' -> UNWIRED
     t4 'error out' -> UNWIRED
     t5 'input 1' -> (wire 16483, no other terminal in this diagram)
[73] 23020 | 
     t0 'appended path' -> (wire 22938, no other terminal in this diagram)
     t1 'name or relative path' -> (wire 22926, no other terminal in this diagram)
     t2 'base path' -> (wire 22903, no other terminal in this diagram)
[74] 23175 | 
     t0 'path' -> (wire 5090, no other terminal in this diagram)
     t1 'stripped path' -> (wire 22903, no other terminal in this diagram)
     t2 'name' -> UNWIRED
BGRUN END rc=0 after 1187s
BGRUN START 2026-09-07 15:18:31 limit 6.0 min: py -u -c 
import sys, os, json; sys.path.insert(0,'tools'); import gscript as g; g._lv=None; g._run.__defaults__=(6.0,90.0)
M=os.path.join(g.CLAUDEDEV,'MAINCOPY_readonly.vi')
ds=g.report(M,'Diagram'); print('Diagrams 36..60:', [(o['i'],o['uid'],o['pos'],o['owner']) for o in ds[36:60]], flush=True)
cs=g.report(M,'CaseStructure'); print('CaseStructures near kernel:', [(o['uid'],o['pos']) for o in cs if 3300<=o['pos'][0]<=4400 and 900<=o['pos'][1]<=1700], flush=True)
wl=g.report(M,'WhileLoop'); print('WhileLoops:', [(o['uid'],o['pos']) for o in wl], flush=True)
node5540=[o for o in g.report(M,'Node') if o['uid']==5540]; print('node 5540:', node5540, flush=True)
json.dump({'diagrams':[(o['i'],o['uid'],o['pos'],o['owner']) for o in ds],'cases':[(o['uid'],o['pos']) for o in cs],'whiles':[(o['uid'],o['pos']) for o in wl]}, open('tools/bench/main_structures.json','w'))

Diagrams 36..60: [(36, 26535, (3625, 312), 'FlatSequenceFrame'), (37, 26880, (3884, 313), 'FlatSequenceFrame'), (38, 25834, (3117, 271), 'CaseStructure'), (39, 25846, (3117, 271), 'CaseStructure'), (40, 25892, (3161, 302), 'FlatSequenceFrame'), (41, 26292, (3400, 318), 'FlatSequenceFrame'), (42, 28686, (2414, 2499), 'ForLoop'), (43, 639, (2633, 931), 'WhileLoop'), (44, 2603, (2815, 1322), 'ForLoop'), (45, 10213, (2738, 1186), 'EventStructure'), (46, 32067, (2731, 1172), 'EventStructure'), (47, 32166, (2731, 1160), 'EventStructure'), (48, 24642, (2866, 1175), 'ForLoop'), (49, 29629, (2930, 1585), 'ForLoop'), (50, 29894, (4820, 1675), 'ForLoop'), (51, 12599, (6246, 1099), 'CaseStructure'), (52, 12617, (5927, 1099), 'CaseStructure'), (53, 16565, (4890, 1894), 'FlatSequenceFrame'), (54, 11926, (0, 0), 'CaseStructure'), (55, 11936, (4970, 2013), 'CaseStructure'), (56, 18724, (3338, 1358), 'CaseStructure'), (57, 18730, (3304, 1329), 'CaseStructure'), (58, 22116, (5995, 1489), 'CaseStructure'), (59, 22128, (5995, 1418), 'CaseStructure')]
CaseStructures near kernel: [(10445, (3305, 972)), (3191, (4179, 965)), (57, (4163, 1078)), (5540, (3771, 1033))]
WhileLoops: [(25380, (2804, 136)), (637, (2633, 927)), (15173, (-14942, 652))]
BGRUN TIMEOUT killed after 361s (limit 6.0 min)
BGRUN START 2026-09-07 15:35:45 limit 6.0 min: py -u tools/lv_restart.py
LabVIEW up after 15 s, version 26.3.1f1
dialogs: ,1346,762| / ENABLED|21237402|0,0,0,0|LabVIEW / VERDICT: clear (no modal dialog)
BGRUN END rc=0 after 67s
BGRUN START 2026-09-07 15:36:52 limit 25.0 min: py -u -c 
import sys, os, json, time; sys.path.insert(0,'tools'); import gscript as g; g._lv=None; g._run.__defaults__=(6.0,120.0)
M=os.path.join(g.CLAUDEDEV,'MAINCOPY_readonly.vi'); t0=time.time()
cls={o['uid']:(o['class'],o['pos']) for o in g.report(M,'Node')}; print('Node classes read: %d nodes in %.0fs'%(len(cls),time.time()-t0), flush=True)
json.dump({str(k):v for k,v in cls.items()}, open('tools/bench/main_node_classes.json','w'))
ids=[48,57,376,1114,1359,1469,1978,2136,2222,2457,2626,3052,3057,3191,3447,3529,3560,4580,5058,5119,5540,6104,6810,8885,9647,9833,9879,10019,10068,10153,10247,10285,10382,10407,10445,10686,10757,10825,10886,10950,10969,11261,11529,11576,11608,11639,11685,12589,17046,17289,17780,17837,17883,18716,18900,20474,22082,22261,22284,22542,22560,22700,22703,23020,23175,28393,29119,29240,29617,29874,29956,30117,30146,30233,31509]
for u in ids: print('   %d: %s'%(u, cls.get(u)), flush=True)

Node classes read: 626 nodes in 1024s
   48: ('SubVI', (3118, 1060))
   57: ('CaseStructure', (4163, 1078))
   376: ('SubVI', (4654, 1656))
   1114: ('SubVI', (5529, 2646))
   1359: ('ForLoop', (5102, 1336))
   1469: ('Property', (3994, 1031))
   1978: ('Function', (5621, 1163))
   2136: ('Function', (4085, 1156))
   2222: ('CaseStructure', (4555, 1468))
   2457: ('ForLoop', (2814, 1320))
   2626: ('BuildArray', (4679, 1705))
   3052: ('ControlReferenceConstant', (3722, 1222))
   3057: ('Function', (4189, 1181))
   3191: ('CaseStructure', (4179, 965))
   3447: ('ControlReferenceConstant', (2913, 1124))
   3529: ('ControlReferenceConstant', (2930, 1023))
   3560: ('ControlReferenceConstant', (2928, 1074))
   4580: ('Property', (4582, 1788))
   5058: ('SubVI', (3811, 1474))
   5119: ('Function', (4641, 1692))
   5540: ('CaseStructure', (3771, 1033))
   6104: ('IndexArray', (4759, 1591))
   6810: ('SubVI', (4001, 1290))
   8885: ('Function', (4994, 1426))
   9647: ('Function', (3204, 995))
   9833: ('IndexArray', (4889, 1426))
   9879: ('Property', (6148, 1239))
   10019: ('Comparison', (6256, 1235))
   10068: ('Function', (3708, 1692))
   10153: ('EventStructure', (2730, 1145))
   10247: ('Function', (3626, 1023))
   10285: ('Function', (3772, 1001))
   10382: ('Function', (3624, 942))
   10407: ('CaseStructure', (4771, 973))
   10445: ('CaseStructure', (3305, 972))
   10686: ('Function', (4350, 1221))
   10757: ('IndexArray', (4702, 1361))
   10825: ('Function', (4189, 1235))
   10886: ('CompoundArithmetic', (3705, 974))
   10950: ('Comparison', (3073, 976))
   10969: ('Function', (4586, 1411))
   11261: ('BuildArray', (5594, 2666))
   11529: ('Comparison', (3650, 999))
   11576: ('Unbundler', (5486, 2704))
   11608: ('Bundler', (5537, 2704))
   11639: ('CompoundArithmetic', (6298, 1129))
   11685: ('Function', (3394, 1228))
   12589: ('CaseStructure', (5926, 1079))
   17046: ('Function', (3421, 1278))
   17289: ('Property', (2946, 964))
   17780: ('Property', (4486, 979))
   17837: ('Function', (4560, 964))
   17883: ('CompoundArithmetic', (4683, 1016))
   18716: ('CaseStructure', (3294, 1309))
   18900: ('Function', (3044, 1533))
   20474: ('CaseStructure', (3125, 1840))
   22082: ('CaseStructure', (5994, 1398))
   22261: ('Property', (4448, 1030))
   22284: ('Comparison', (4560, 1004))
   22542: ('Property', (3103, 1357))
   22560: ('Property', (3170, 1368))
   22700: ('SubVI', (6039, 2083))
   22703: ('FormatScanString', (5915, 1990))
   23020: ('Function', (5845, 2048))
   23175: ('Function', (5725, 2048))
   28393: ('Function', (3252, 1148))
   29119: ('Function', (2820, 1626))
   29240: ('Function', (3703, 1732))
   29617: ('ForLoop', (2929, 1582))
   29874: ('ForLoop', (4819, 1658))
   29956: ('Function', (3341, 1214))
   30117: ('Property', (4607, 1613))
   30146: ('Property', (4008, 1109))
   30233: ('Function', (3268, 1213))
   31509: ('Function', (3389, 1150))
BGRUN END rc=0 after 1024s
BGRUN START 2026-09-07 15:58:04 limit 15.0 min: py -u -c 
import sys, os; sys.path.insert(0,'tools'); import gscript as g; g._lv=None; g._run.__defaults__=(6.0,90.0)
M=os.path.join(g.CLAUDEDEV,'MAINCOPY_readonly.vi')
for d in (81, 82, 70, 71):
    nodes, nets = g.net_map(M, d); print('=== diagram %d: %d nodes %d wires'%(d, len(nodes), len(nets)), flush=True); g.print_net_map(nodes, nets)

=== diagram 81: 0 nodes 0 wires
=== diagram 82: 1 nodes 0 wires
[0] 4401 | 
     t0 'reference' -> UNWIRED
     t1 'reference out' -> UNWIRED
     t2 'error in (no error)' -> UNWIRED
     t3 'error out' -> UNWIRED
     t4 'Value' -> (wire 5888, no other terminal in this diagram)
=== diagram 70: 1 nodes 0 wires
[0] 9907 | 
     t0 'reference' -> UNWIRED
     t1 'reference out' -> UNWIRED
     t2 'error in (no error)' -> UNWIRED
     t3 'error out' -> UNWIRED
     t4 'Value' -> (wire 10125, no other terminal in this diagram)
=== diagram 71: 2 nodes 0 wires
[0] 10150 | 
     t0 'x+1' -> (wire 10205, no other terminal in this diagram)
     t1 'x' -> (wire 10282, no other terminal in this diagram)
[1] 1133 | 
     t0 'reference' -> UNWIRED
BGRUN END rc=0 after 36s
BGRUN START 2026-09-07 16:11:30 limit 3.0 min: py -u -c 
import sys, os; sys.path.insert(0,'tools'); import gscript as g; g._lv=None
for f in ('MAINCOPY_readonly.vi','SCRATCH_neut2.vi','SCRATCH_neutral.vi','SCRATCH_ni.vi'):
    p=os.path.join(g.CLAUDEDEV,f)
    if os.path.exists(p):
        try: g.close_panel(p)
        except Exception: pass
        try: os.remove(p); print('removed', f, flush=True)
        except Exception as e: print('could not remove', f, str(e)[:50], flush=True)
print('leftovers:', [f for f in os.listdir(g.CLAUDEDEV) if f.startswith(('SCRATCH','MAINCOPY'))], 'dialogs:', g._lv_gui('-Action','dialogs').strip()[-28:], flush=True)

removed MAINCOPY_readonly.vi
leftovers: [] dialogs: ICT: clear (no modal dialog)
BGRUN END rc=0 after 2s
