BGRUN START 2026-09-14 00:01:00 limit 10.0 min: py -u tools/bench/vi_inventory.py
# Inventory of Min_Track N beads V6_ParallelLoop.vi
# G:\Codes\LabVIEW_Codes\MinLab\zz_LabView VI\AAA_UNIST\2. Tracking\Min_Track N beads V6_ParallelLoop.vi
# 473,317 bytes

## SubVIs named in the file (58)

    1x  )Track N beads four-fold over-kernel-v3.vi
    5x  ,calibration- generate 1 I of r, reentrant.vi
    7x  ,calibration- generate 2 I of r, reentrant.vi
    2x  3filter.llb Smoothing Filter Coefficients.vi
    4x  ASI_adjust focus-subvi.vi
    2x  background VIs)Track N beads four-fold over-kernel-v3.vi
    2x  background VIs,calibration- generate 1 I of r, reentrant.vi
    2x  background VIs,calibration- generate 2 I of r, reentrant.vi
    6x  build cal image.vi
    3x  check N bead pos v3-kimlab.vi
    3x  choose bandpass v2.vi
    6x  Close.vi
    6x  Configure.vi
    6x  Draw Circle by Radius.vi
    6x  Draw Flattened Pixmap.vi
    3x  Draw Grayed Out Rect.vi
    3x  Draw Text at Point.vi
    3x  exp-ref management.vi
    5x  FIR Filter (DBL).vi
    5x  FIR Filter.vi
    3x  Flatten Pixmap.vi
    3x  get buff image-lost frames.vi
    7x  Get Current Position.vi
    9x  Global motor pos.vi
    7x  GOH.vi
    6x  grayscale color table.vi
    3x  IMAQdx Close Camera.vi
    3x  IMAQdx Configure Grab.vi
    6x  IMAQdx Get Image.vi
    3x  IMAQdx Grab.vi
    6x  IMAQdx Open Camera.vi
    3x  IMAQdx Stop Acquisition.vi
    4x  Initialize.vi
    4x  Magnet2Force v3_for M270.vi
    7x  make both cosine bandpass.vi
    7x  Max Trans Pos.vi
    4x  Median Filter.vi
    6x  Mercury_GCS_Configuration_Setup.vi
    9x  Min_Track N beads V6_ParallelLoop.vi
    4x  Motor control v5_No Recording.vi
   12x  MOV.vi
    3x  Move Axis Relative.vi
    9x  Move Axis to Position.vi
    3x  N bead plot dZ.vi
    6x  N bead plot Z.vi
    3x  prep cal image.vi
    3x  proc cal image-make bandpass.vi
    3x  rect coord from center.vi
    6x  save N xyz traces.vi
    3x  save trace.vi
    2x  Set Cursor (Icon Pict).vi
    6x  Set Cursor.vi
   11x  SetCommand.vi
    2x  SiHyeong Modified Motor control v5_No Recording.vi
    5x  Simple Error Handler.vi
    1x  Smoothing Filter Coefficients.vi
    9x  VEL.vi
    3x  WLC function sub.vi

## Ports / VISA resources (9)

    1x  COM1
    2x  COM2
    2x  COM3
    2x  COM4
    2x  COM5
    1x  COM6
    1x  COM7
    1x  COM8
    1x  COM9

## Baud-rate-looking numbers, with the string they sat in (5)

    9600  in  '9600'
    9600  in  'M-126.PD1, COM4 9600'
    9600  in  'Rot, COM3 9600'
   19200  in  '19200'
   38400  in  '38400'
   57600  in  '57600'
  115200  in  '115200'
  115200  in  'Baud Rate (115200)'
  115200  in  'M-126.PD1, COM5 115200'
  115200  in  'Rot, COM2 115200'

## Short label-like strings (<= 40 chars), which is most of the front panel

  '  d'
  ' !>D'
  ' !A'
  ' !D'
  ' "G'
  ' #$'
  ' $d'
  ' %$'
  ' %{2J'
  ' &;'
  " ';"
  ' (d'
  ' (D'
  ' (L'
  ' (}'
  ' )E:'
  ' *='
  ' *b'
  ' *j|'
  ' + '
  ' ,D'
  ' ,d'
  ' -Fcr'
  ' .3'
  ' .D'
  ' /$'
  ' /c'
  ' /D'
  ' /J'
  ' 0, Default '
  ' 0yM'
  ' 1yE'
  ' 2d'
  ' 2N'
  ' 3_'
  ' 3D'
  ' 4D'
  " 4UJ'J6"
  ' 5<s'
  ' 5D'
  ' 5d'
  ' 5Z'
  ' 6b'
  ' 6c'
  ' 6d'
  ' 7=C'
  ' 7=E'
  ' 7j'
  ' 8D'
  ' 9$'
  ' 9D'
  " ;'"
  ' ;IU'
  ' ;Q'
  ' <d'
  ' =EN'
  ' =M'
  ' >W'
  ' ?d'
  ' @!'
  ' @='
  ' @@'
  ' @D'
  ' @O'
  ' @p'
  ' @P'
  ' [0] Timeout '
  ' [_^'
  ' [d'
  ' \\8'
  ' \\D'
  ' \\q'
  ' ];'
  ' ]D'
  ' ^D'
  ' ^m'
  ' ^U'
  ' _D'
  ' _g'
  ' `d'
  ' `D'
  ' A$'
  ' a0'
  ' aD'
  ' aj'
  ' AP'
  ' b$'
  ' b;8'
  ' Bd'
  ' B~'
  ' C$'
  ' C3'
  ' CD'
  ' c|'
  ' d:'
  ' d:$'
  ' D]'
  ' Da'
  ' DH'
  ' do'
  ' DQ'
  ' dY'
  ' E:'
  ' E['
  ' EC'
  ' eD'
  ' Ed'
  ' ep'
  ' Extension (nm) vs Time (Frame #)'
  ' F3'
  ' False '
  ' G.'
  ' gc'
  ' Gd'
  ' Gh'
  ' grk<'
  " H'"
  ' hD'
  ' HE:'
  ' Hv'
  ' i:'
  ' iD'
  ' iR+'
  ' iv'
  ' jd'
  ' Jd'
  ' jD'
  ' jR'
  ' jy#='
  ' kd'
  ' KD'
  ' kN'
  ' KZs]'
  ' K}'
  ' MD'
  ' Mhy'
  ' Motor control v5_No Recording.vi'
  ' MP'
  ' N.H.'
  ' nCW'
  ' ND'
  ' Ne'
  ' nW'
  ' O$'
  ' O%HPl'
  ' O*'
  ' o6;e'
  ' oD'
  ' Of'
  ' oN'
  ' oq'
  ' OR'
  ' PC'
  ' pD'
  ' pH'
  ' pT_'
  ' q"'
  ' q0G'
  ' qd'
  ' qd:'
  ' R8{'
  ' Rc'
  ' rd'
  ' RTSG'
  ' S!8'
  ' s+'
  ' SD'
  ' STR '
  ' t:'
  ' t^'
  ' TD'
  ' True '
  ' u@'
  ' UD'
  ' uH>'
  ' UVA1^'
  ' v@'
  ' VCTP'
  ' VD'
  ' W#'
  ' Wd'
  ' wJH'
  ' x='
  ' YD'
  ' yD'
  ' YUS'
  ' Z9z'
  ' z=V9'
  ' zD'
  ' ZD'
  ' zn<'
  ' zup'
  ' zX'
  ' zx'
  ' {_'
  ' {A'
  ' {G'
  ' |$'
  ' }1'
  "!!'"
  '!!V'
  '!"*'
  "!$1g9'mLwWw"
  '!$@'
  '!%9'
  '!%D'
  '!%~'
  '!&s'
  "!'z0f"
  '!(SJ'
  '!)1'
  '!)Lg'
  '!*6'
  '!*:'
  '!*`D'
  '!*Y'
  '!+2'
  '!+D'
  '!,$'
  '!,D'
  '!,v'
  '!-='
  '!-p'
  '!.2 p'
  '!.r'
  '!/<'
  '!/D'
  '!/d'
  '!/V'
  '!0c1'
  '!1 '
  '!1-MW'
  '!1C'
  '!2@Y'
  '!39$'
  '!3[{'
  '!3P'
  '!46'
  '!4D'
  '!5dD'
  '!6B'
  '!89'
  '!8A'
  '!:l'
  '!:o'
  '!;D'
  '!;kE'
  '!<d'
  '!<{'
  '!=9'
  '!>d'
  '!?p'
  '!@`x'
  '!@q'
  '![3'
  '!\\p'
  '!^['
  '!_!'
  '!_^'
  '!_V#'
  "!`'N"
  '!`d'
  '!AC'
  '!aNjya^'
  '!b.'
  '!c1'
  '!c_R'
  '!Cm'
  '!Da'
  '!Dd'
  '!DD'
  '!DQ'
  '!E:'
  '!E?'
  '!E['
  '!e`'
  '!ETO'
  '!ffffff.'
  '!fjq'
  '!g#'
  '!G3'
  '!Gr=8'
  '!hA'
  '!hA2*'
  '!Hd'
  '!HMw'
  '!h}'
  '!IDATx'
  '!j '
  '!J$'
  '!jiR'
  '!JM'
  '!jo'
  '!jq'
  '!Kd'
  '!L`'
  '!M$e'
  '!m0'
  '!M_E3 '
  '!MH'
  '!Nd'
  '!NW'
  '!nWq7'
  '!n{'
  '!o#'
  '!O2'
  '!oTL'
  '!p0rs'
  '!p`'
  '!Pd'
  '!Pw'
  '!Q<~'
  '!qc'
  '!QE:'
  '!qLE'
  '!qt'
  '!qy'
  '!RD'
  '!rH'
  '!rQ'
  '!Sb'
  '!Se'
  '!tao'
  '!TD('
  '!tSF'
  '!TW+'
  '!U+'
  '!ua'
  '!v)'
  '!V0'
  '!w)'
  '!wbg'
  '!WD'
  '!wF]'
  '!WL'
  '!W}'
  '!X3'
  '!XIF!'
  '!Zh&G'
  '!zUEh_U'
  '!{w'
  '!{x'
  '!|$'
  '!|&`_'
  '!}$'
  '!}4'
  '!~_'
  '!~M'
  '" )'
  '" =D'
  '" Extension (nm) vs Time (Frame #)'
  '" image analysis to make'
  '" Make the gray-'
  '" Motor control v5_No Recording.vi'
  '" S'
  '" Smoothing Filter Coefficients.vi'
  '" t'
  '"!Did not choose a bead; do nothing'
  '"!Extension (nm) '
  '""array of radial intensity'
  '""Extension'
  '""Mercury_GCS_Configuration_Setup.vi'
  '""prompt (Choose or enter file path)'
  '""Resizes image display'
  '"# [2] "CycleSchedule": Value Change '
  '"#$x'
  '"#,'
  '"#D'
  '"#set image size'
  '"#W=UW'
  '"$initialize mad city piezo transducer'
  '"$mB'
  '"$Min_Track N beads V6_ParallelLoop.vi'
  '"%('
  '"%0'
  '"%Acquire and analyze (avging #) frames'
  '"%draw circles/labels on'
  '"&4HQNct'
  '"&8s'
  '"&U'
  '"&Use dialog to define'
  '"\'8'
  '"\'[E'
  '"\'eS'
  '"(/'
  '"(Index of closest'
  '")Change cursor'
  '")does nothing'
  '")R'
  '"*V'
  '"+d'
  '",d'
  '"--$'
  '"-D'
  '".$'
  '".,'
  '".3'
  '"/$'
  '"/If no beads have been selected, draw'
  '"0qU$q'
  '"0Sets up buffered image acquisition AND'
  '"1d'
  '"2checking bead pos from '
  '"2d'
  '"2o'
  '"3P'
  '"6Read focal position value'
  '"7$'
  '"8d'
  '"8gI^'
  '"8r'
  '"93"m$'
  '":d'
  '";d'
  '";Determine how many'
  '"<['
  '"<b'
  '"<d'
  '"<d-'
  '"<Zx'
  '"=nt~'
  '">U'
  '"?calculate'
  '"?D'
  '"?Hv.'
  '"?}'
  '"@1'
  '"@2'
  '"@@'
  '"@O'
  '"@P'
  '"@p'
  '"[!'
  '"[d'
  '"[H'
  '"[N'
  '"]1'
  '"]d'
  '"^&'
  '"^,'
  '"^:I/}'
  '"^<'
  '"^d'
  '"^Q'
  '"_C'
  '"_D'
  '"`D'
  '"`S'
  '"`z'
  '"a$'
  '"AVO'
  '"Axis'
  '"Ay'
  '"Ayj'
  '"b<'
  '"Bt'
  '"bY`'
  '"C$'
  '"c$t'
  '"C0'
  '"CnA'
  '"code'
  '"d:'
  '"d:$'
  '"Da'
  '"DE:'
  '"DH'
  '"DQ'
  '"DS"y'
  '"Extension'
  '"E~O'
  '"f['
  '"Fd'
  '"flag'
  '"fvOs|n'
  '"G?E'
  '"Gd'
  '"gx=?'
  '"H='
  '"HForce ramp: Min force start=finish'
  '"HOME'
  '"I7'
  '"I['
  '"icon'
  '"Id'
  '"j&T'
  '"jg'
  '"jw'
  '"k>Q8'
  '"KD'
  '"Kh'
  '"kN'
  '"KUsW'
  '"l!'
  '"Ld'
  '"M1'
  '"Md'
  '"Mercury_GCS_Configuration_Setup.vi'
  '"mR'
  '"mY&s'
  '"N!! Enter the number in the range '
  '"n;'
  '"ND'
  '"OcP'
  '"OD'
  '"om )O!'
  '"P]P*q'
  '"Pane'
  '"PQ'
  '"prompt (Choose or enter file path)'
  '"PTH0'
  '"pUev-'
  '"Q$'
  '"RB'
  '"Relative Position [internal units]'
  '"Ring'
  '"RK'
  '"Se'
  '"Send'
  '"sR'
  '"STOP'
  '"T>CP'
  '"T[3'
  '"TE:'
  '"Time'
  '"UQ9i'
  '"v>'
  '"Vd'
  '"W/L'
  '"Wd'
  '"wk'
  '"wLH'
  '"WUSB'
  '"XE:'
  '"y\\'
  '"ya'
  '"y}'
  '"Z/dZ'
  '"Zd'
  '"zY`'
  '"{U'
  '"}>'
  '"}p'
  '"}rCP'
  '"~^'
  '# avg per slice'
  '# DT points'
  '# f'
  '# FD points'
  '# images in stack'
  '# of Auto-Reset'
  '# of bead 4 packs'
  '# of Points'
  '# of points (cross size)'
  '# of points per file'
  '# of repetition'
  '# slices in stack'
  '# to avg per image'
  '#!V'
  '#"k'
  '#"r'
  '#"|'
  '###z'
  '##<'
  '#$g'
  '#&1'
  '#&='
  '#),'
  '#)d'
  '#)LKV'
  '#*(f'
  '#+\\'
  '#,m'
  '#-w'
  '#.2'
  '#/2{@P'
  '#/D'
  '#/o'
  '#0D'
  '#0Y5'
  '#1/'
  '#1_?JmG'
  '#1y'
  '#1Z'
  '#3"'
  '#3GC'
  '#42'
  '#4]'
  '#4D'
  '#4~'
  '#5^'
  '#6c'
  '#7O'
  '#7R'
  '#8,w'
  '#8u'
  '#9M'
  '#:$'
  '#:y'
  '#<v'
  '#=,KV'
  '#=D'
  '#=TxJH'
  '#?9'
  '#?D'
  '#?Vyb@'
  '#@s'
  '#\\6'
  '#\\T'
  '#]7'
  '#]d'
  '#^8W'
  '#^d'
  '#^H6'
  '#^o'
  '#^p'
  '#^T'
  '#^x 3MH'
  '#^y'
  '#_D'
  '#_Iy'
  '#`D'
  '#a$'
  '#aPi'
  '#c7'
  '#cA'
  '#cD'
  '#CR'
  '#Cz'
  '#D%7'
  '#Da'
  '#Dd'
  '#DQ'
  '#d{'
  '#E:'
  '#f4'
  '#F?A'
  '#fd'
  '#G8['
  '#Gr'
  '#gy'
  '#GZ'
  '#H$'
  '#hJ{O'
  '#HO'
  '#hUl>'
  '#H}'
  '#I5'
  '#IX'
  '#J7c'
  '#jd'
  '#Jd'
  '#jr<Kw+'
  '#jY'
  "#k'"
  '#Kd'
  '#LC'
  '#LO'
  '#m"cD'
  '#Mj`_'
  '#MYz'
  '#nD'
  '#nV'
  "#o'"
  '#o@'
  '#o`'
  '#oCNC'
  '#od'
  '#p61A'
  '#pD'
  '#Pp'
  '#qLvb8FiU'
  '#r2'
  '#r8'
  '#Rao'
  '#rd'
  '#rx'
  '#SE:'
  '#SQ'
  '#T['
  '#T\\'
  '#T`'
  '#TF'
  '#TM'
  '#u$'
  '#ux'
  '#v|'
  '#Wf[L;'
  '#wPH'
  '#x-'
  '#Xm4'
  '#xZ'
  '#Y6'
  '#Yd'
  '#yi,&'
  '#yqU'
  '#YW'
  '#z$'
  '#Z7'
  '#Zd'
  '#{['
  '#{]'
  '#|d'
  '#|S'
  '%!d'
  '%!N<'
  '%"='
  '%"j!'
  '%#.3f'
  '%#.3g'
  '%#.6f'
  '%#9'
  '%#_13g'
  '%#_6g'
  '%#m'
  '%#t'
  '%#{'
  '%$d'
  '%%d'
  '%%feF'
  '%&*v'
  '%(_'
  '%(d'
  '%)d'
  '%*1'
  '%*5'
  '%+\\W'
  '%+C'
  '%+F'
  '%,$'
  '%,4$y'
  '%,<$x'
  '%.d'
  '%.~Y'
  '%0.1f'
  '%0.3f'
  '%0d'
  '%2!'
  '%3d'
  '%3s'
  '%41'
  '%4S'
  '%4X.'
  '%54'
  '%5d'
  '%6*Cy*'
  '%6R'
  '%9$'
  '%: '
  '%:!&'
  '%:"&'
  '%:#&'
  '%:$'
  '%:%&'
  '%:&&'
  "%:'&"
  '%:('
  '%:)&'
  '%:*&'
  '%:+Da'
  '%:,&'
  '%:-'
  '%:.&'
  '%:/'
  '%:0&'
  '%:1'
  '%:2&'
  '%:3&'
  '%:4&'
  '%:5&'
  '%:6'
  '%:6&'
  '%:6k'
  '%:7&'
  '%:8&'
  '%:9&'
  '%::&'
  '%:;&'
  '%:<&'
  '%:=&'
  '%:>&'
  '%:?&'
  '%:@&'
  '%:['
  '%:\\&'
  '%:]&'
  '%:^&'
  '%:_&'
  '%:`&'
  '%:a&'
  '%:A&'
  '%:b&'
  '%:B&'
  '%:C&'
  '%:c&'
  '%:C?'
  '%:D&'
  '%:d&'
  '%:e&'
  '%:EW}'
  '%:F'
  '%:f&'
  '%:G&'
  '%:g&'
  '%:H'
  '%:h&'
  '%:i&'
  '%:I&'
  '%:J'
  '%:j&'
  '%:k&'
  '%:K&'
  '%:L'
  '%:l&'
  '%:m&'
  '%:M&'
  '%:N'
  '%:n&'
  '%:o&'
  '%:O&'
  '%:P&'
  '%:p&'
  '%:Q'
  '%:q&'
  '%:r'
  '%:R&'
  '%:S'
  '%:s&'
  '%:T&'
  '%:t&'
  '%:U'
  '%:u&'
  '%:UB'
  '%:v'
  '%:V&'
  '%:W&'
  '%:w&'
  '%:x&'
  '%:X&'
  '%:y&'
  '%:Z&'
  '%:z&'
  '%:{&'
  '%:|&'
  '%:}&'
  '%:~&'
  '%;|'
  '%<Hv\\'
  '%=g'
  '%>g'
  '%?$'
  '%?&'
  '%?cL'
  '%?G'
  '%@^g'
  '%@d'
  '%[e'
  '%[J'
  '%^4'
  '%^dDn~'
  '%^o'
  '%^W%'
  '%_ '
  '%_"'
  '%_(\\'
  '%_-'
  '%_b'
  '%_d'
  '%_x'
  '%`d'
  '%a>2'
  '%Acquire and analyze (avging #) frames'
  '%ad'
  '%aH'
  '%Bd'
  '%c$'
  '%C-%'
  '%Cc%'
  '%cd'
  '%Cd'
  '%Cn'
  '%co'
  '%Cq'
  '%Da'
  '%dd'
  '%Ds'
  '%E:'
  '%E['
  '%Ed'
  '%eM'
  '%Fd'
  '%Foo'
  '%g5O'
  '%GD'
  '%gp^.5'
  '%h7'
  '%h`'
  '%HD'
  '%Ic'
  '%Id'
  '%id'
  '%iu'
  '%IXK'
  '%i~<'
  '%J$'
  '%K d'
  '%kd'
  '%Kt'
  '%Ld'
  '%Lq'
  '%M$M'
  '%Md'
  '%n>'
  '%nB'
  '%ND'
  '%NQ'
  '%o$'
  '%o$_&'
  '%o-'
  '%Oar'
  '%OD'
  '%OrRO'
  '%p1'
  '%PD'
  '%q#'
  '%r0V'
  '%r6`'
  '%RD'
  '%rDZ'
  '%S$'
  '%s7'
  '%s:'
  '%sD'
  '%T$'
  '%t6O'
  '%Tk'
  '%U$'
  '%uU'
  '%v#q'
  '%V8N'
  '%V]'
  '%V],uz'
  '%Vd'
  '%W*'
  '%W2'
  '%W3'
  '%W4'
  '%W_'
  '%wc<%'
  '%Xd'
  '%Xw'
  '%Y=x'
  '%Y]'
  '%y~'
  '%Z$'
  '%zk'
  '%zx'
  '%|$'
  '%}b'
  '%~`q'
  '%~o'
  '& "r7'
  '& $'
  '& .'
  '& _^'
  '&!^@'
  '&!K'
  '&"y,Z'
  '&#&m'
  '&#5E'
  '&#d'
  '&#z0'
  "&$'"
  '&$6'
  '&$d'
  '&$z'
  '&%9'
  "&'Q"
  '&(3p'
  '&(D'
  '&(d'
  '&) _'
  '&)1P'
  '&)M'
  '&)wH'
  '&)~[Bi'
  '&*A'
  '&*D'
  '&*z'
  '&+*'
  '&+D'
  '&+j'
  '&+uM'
  '&,B'
  '&,D'
  '&,N'
  '&-#'
  '&-hj'
  '&.&'
  '&/D'
  '&0d'
  '&1d'
  '&1Y'
  "&2A2'"
  '&2d'
  '&3A'
  '&4y'
  '&54'
  '&5d'
  '&6d'
  '&7R'
  '&7X'
  '&8&Ia'
  '&8d'
  '&8E'
  '&9d'
  '&9rh'
  '&;d'
  '&;pO'
  '&<g'
  '&=#z'
  '&=?'
  '&=d'
  '&?$'
  '&?f'
  '&@!!prepend array or string size? (T)'
  '&@@'
  '&@D'
  '&@O'
  '&@P'
  '&@p'
  '&[d'
  '&\\D'
  '&\\v'
  '&_d'
  '&_rt'
  '&`M'
  '&`SL'
  '&`}'
  '&A('
  '&A)kv#'
  '&A?&'
  '&A\\toa'
  '&AD'
  '&azaOY}'
  '&b"k#'
  '&B['
  '&BD'
  '&bo'
  '&bO'
  '&bTi@s'
  '&c:'
  '&CD'
  '&CgZ'
  '&D6'
  '&d:'
  '&d:('
  '&Da'
  '&DMr1,'
  '&Dq'
  '&DQ'
  '&E:'
  '&er'
  '&eR?'
  '&EU'
  '&F$'
  '&f$'
  '&FQ'
  '&g6%G<.'
  '&GD'
  '&gI]S]+'
  '&gUc0'
  '&H$'
  '&H:'
  '&h='
  '&h>'
  '&Hb'
  '&hd'
  '&HeR'
  '&hu'
  '&Hz'
  '&i"'
  '&id'
  '&ID'
  '&iE%'
  '&j '
  '&j$'
  '&Jl'
  '&Ju'
  '&K9'
  '&L$'
  '&lg'
  '&m7'
  '&m:8'
  '&ml'
  '&nA^'
  '&nU'
  "&o%_'w"
  '&O.'
  '&od'
  '&oz'
  '&P0'
  '&pd'
  '&pX'
  '&QJ='
  '&r$'
  '&r,er`)O2'
  '&R/G'
  '&Rd'
  '&Rg'
  '&s$'
  '&S$'
  '&S>PM'
  '&S['
  '&T<D'
  '&U!A'
  '&u-'
  '&u7;'
  '&U<='
  '&U_'
  '&ud'
  '&UD'
  '&uP3D'
  '&v5X'
  '&vA'
  '&vd'
  '&vr@'
  '&VT@'
  '&Vz'
  '&wO'
  '&X$'
  '&X['
  '&xF'
  '&XG'
  '&Y+'
  '&y`='
  '&YK`8'
  '&Ym'
  '&Ys7'
  '&YT'
  '&zg'
  '&|!F}'
  '&|x'
  '&}$'
  '&}cX'
  '&}Z8'
  '&~$Y'
  '&~x'
  "' E:"
  "'!D"
  "'!t"
  '\'"wp'
  "'#d"
  "'#p"
  "'$>"
  "'$D"
  "'$d"
  "'%d"
  "'&D"
  "'&M"
  "''D"
  "'($"
  "'(^"
  "'(K"
  "')$"
  "')7"
  "')d"
  "'*d"
  "'*D"
  "'+D"
  "',D"
  "',E:"
  "',Mxn"
  "'-Y"
  "'.d"
  "'.P"
  "'/="
  "'/D"
  "'/w6K"
  "'0D"
  "'3$"
  "'3-"
  "'463D"
  "'4D"
  "'5*>"
  "'5B"
  "'5d"
  "'5i"
  "'5U57)yu"
  "'5}}"
  "'6E:"
  "'7$"
  "'8d"
  "'9E:"
  "'9y"
  "':9"
  "':e"
  "':rL"
  "':rL1|"
  "':{"
  "'<]"
  "'=E:"
  "'?E:"
  "'?OD"
  "'@U"
  "'[$"
  "'\\d"
  "']K"
  "']U"
  "'^$"
  "'_!"
  "'`d"
  "'`E"
  '\'a"'
  "'A;"
  "'Ad"
  "'aE:"
  "'A{"
  "'b8C"
  "'Bk"
  "'c%9C"
  "'c*"
  "'c."
  "'cd"
  "'CKv"
  "'d5L"
  "'Da"
  "'dC_"
  "'dd"
  "'Dwa"
  "'E$"
  "'E:"
  "'E["
  "'Ed"
  "'F4PS"
  "'g/G"
  "'g9G"
  "'g?K7"
  "'Gd"
  "'gn"
  "'gp:"
  "'H.y!"
  "'h8W"
  "'h`"
  "'Hd"
  "'hu4"
  "'i/"
  "'i\\"
  "'IA"
  "'ID"
  "'IDATx"
  "'iS"
  "'iU"
  "'J."
  "'j1"
  "'j<"
  "'JD"
  "'Jeg"
  "'JU"
  "'K/3"
  "'KD"
  "'kh]"
  "'kN"
  "'kN3"
  "'kNs"
  "'LD"
  "'lS"
  "'Lt"
  "'m!"
  "'m:"
  "'m=?"
  "'mx|"
  "'Mz%"
  "'N$"
  "'n?y5"
  "'Nb"
  "'NT0"
  "'o%_'w"
  "'o%_'w{"
  "'o&_%w"
  "'O9"
  "'O}"
  "'P;"
  "'pO"
  "'PQ"
  "'Q$"
  "'qN"
  "'r+"
  "'r:"
  "'rzygw"
  "'s["
  "'SG"
  "'SoW"
  "'t-"
  "'T6"
  "'Td"
  "'ti"
  "'tI+"
  "'TwZ"
  "'Ud"
  "'V@x"
  "'VBEx6"
  "'VE:"
  "'wlH"
  "'X%"
  "'X_"
  "'XE:"
  "'Xs"
  "'xz/"
  "'Y*"
  "'yc"
  "'yh"
  "'yy"
  "'YY0"
  "'Y~-}"
  "'Z$"
  "'zo"
  "'{F"
  "'|C"
  "'}["
  "'}JV"
  "'}lm"
  "'~*|<"
  "'~s{"
  '(! N.H.'
  '(![B'
  '(!_'
  '($) eH'
  '($D'
  '($Q'
  '(%("J'
  '(%9'
  '(&L'
  "('L_QX"
  '()/C'
  '()H'
  '()V'
  '(*$E'
  '(*N'
  '(*Y'
  "(/'"
  '(/B'
  '(1wO'
  '(27'
  '(2C'
  '(2m['
  '(3G'
  '(4Jt'
  '(4y'
  '(5N_'
  '(5x smaller)'
  '(6$'
  '(6W'
  '(8d'
  '(9L'
  '(9S'
  '(:d'
  '(:w'
  '(;a'
  '(</'
  '(=CS}/U=)'
  "(>-'"
  '(>HAs'
  '(?A'
  '(?V'
  '(@@'
  '(@l'
  '(@O'
  '(@p'
  '(@P'
  '(]*'
  '(]d'
  '(]K'
  '(_^'
  '(`$'
  '(`y'
  '(`~%c~'
  '(a$'
  '(aka cal corkscrews)'
  '(b*'
  '(B.8O"{'
  '(b7'
  '(bd'
  '(bGJy'
  '(BW$TA'
  '(c,'
  '(C0'
  '(ck1'
  '(Cz~'
  '(d$'
  '(d,e>'
  '(d:'
  '(d:('
  '(d;'
  '(d='
  '(d[ cz'
  '(Da'
  '(DdQAH'
  '(DH'
  '(e+'
  '(ed'
  '(F9<'
  '(fd'
  '(ffffff.'
  '(g*'
  '(gE:'
  '(GK'
  '(gZ'
  '(g~'
  '(Hc'
  '(hf'
  '(Hi'
  '(I3'
  '(id'
  '(IF'
  '(Index of closest'
  '(JD'
  '(jd'
  '(jl"x'
  '(ju'
  '(kJ'
  '(ky'
  '(ld'
  '(LK%I"'
  '(mode)'
  '(n2B'
  '(N=('
  '(nA'
  '(NI|'
  '(P;3'
  '(p@'
  '(Pd'
  '(pv'
  '(PZ'
  '(Q='
  '(q@:'
  '(QF'
  '(QO'
  '(qz'
  '(Rb'
  '(r{v5q:,'
  '(S"!'
  '(Sd'
  '(sJgA'
  '(SZ'
  '(t$PH'
  '(t*8'
  '(takes care'
  '(tg'
  '(tH'
  '(U,s$'
  '(UdY^'
  '(URA '
  '(V '
  "(v'"
  '(Vd'
  '(VM1'
  '(vR'
  '(vxW'
  '(w@'
  '(W@'
  '(wQH'
  '(X/Jh'
  '(Xu'
  '(Yd'
  '(yNO'
  '(Zd'
  '(zq'
  '(z~p7'
  '({:F'
  '(|,'
  '(|P'
  '(|r'
  '(}GUi=j4('
  '(~/'
  ') C0'
  ')"*'
  ')"G'
  ')"l'
  ')"Xpl'
  ')$u'
  ')$V'
  ')%Xs'
  ')("!.Q'
  ')))'
  ')),)'
  '))}9'
  '))}ct'
  ')*v'
  ')+$'
  ')+4R'
  ')+[1w'
  '),('
  '),`'
  ')-C>D'
  ')-D'
  ')-E:'
  ")-W}'"
  ').2'
  ').CSu'
  ')/)$'
  ')/R!m['
  ')0]'
  ')0KK9'
  ')0Xj'
  ')1d'
  ')2C'
  ')2K'
  ")3'"
  ')3d'
  ')3h'
  ')3Jq'
  ')3Tn'
  ')3v'
  ')4$'
  ')5,'
  ')5fP'
  ')6:'
  ')6D'
  ')7$'
  ')7D'
  ')7k['
  ')8=z'
  ')8`'
  ')8Pl'
  ')9+yr'
  ')9,'
  ');R'
  ');Ry)'
  ');yD'
  ')<J'
  ')<k'
  ')<m&'
  ')<U,'
  ')<W'
  ')=,'
  ')=_[H;B'
  ')>?4'
  ')@~'
  ')[j'
  ')[v'
  ')\\&'
  ")\\'!"
  ')\\g'
  ')]c[Y'
  ')^d'
  ')^w'
  ')_2'
  ')_Cg'
  ')_x'
  ')_Y'
  ')`>,'
  ')`]B'
  ')`k'
  ')ar@['
  ')Auu4'
  ')B2'
  ')bd'
  ')BD'
  ')Bg'
  ')bt'
  ')cIi&'
  ')Ct'
  ')d#'
  ')Da'
  ')DO'
  ')e1'
  ')E4\\'
  ')E:'
  ')Ed'
  ')fxai'
  ')g&('
  ')G+'
  ')gD'
  ')Gu3='
  ')GV'
  ')G~'
  ')h8'
  ')h?'
  ')i3%g=O'
  ')i<n'
  ')IB'
  ')IDATx'
  ')JS'
  ')k('
  ')Ky'
  ')L4'
  ')Ld'
  ')le'
  ')lg'
  ')l~'
  ')m '
  ')M/05q'
  ')ms^P'
  ')o$'
  ')o0d'
  ')Oa'
  ')Od'
  ')P8#%W'
  ')p:'
  ')PTH0'
  ')q/~IaA'
  ')QD'
  ')ql'
  ')qS'
  ')r6'
  ')RB'
  ')ro'
  ')s+'
  ')sf'
  ')t$PH'
  ')t:'
  ')tf'
  ')Ud'
  ')Un'
  ')uRp'
  ')V$V'
  ')v3|+'
  ')V^x'
  ')vd'
  ')W1'
  ')WAC'
  ')WK'
  ')x6'
  ')XD'
  ')xE;:B'
  ')xF5'
  ')yE:'
  ')YS'
  ')Z)z'
  ')z3|'
  ')Zd'
  ')Zf'
  ')ZO'
  ')}!'
  ')}d'
  ')}J1>'
  ')~%'
  ')~Jj'
  '* -'
  '*!='
  '*!\\'
  '*!A'
  '*!e'
  '*"\'t'
  '*">$Q'
  '*"d'
  '*#D'
  '*#r%'
  "*%'"
  '*%5@'
  '*&$'
  '*&?{Z'
  '*)1'
  '*)5!'
  '**E:'
  '*+8'
  '*+JtF'
  '*.d'
  '*/(F'
  '*/WG'
  '*04'
  '*1z_Y'
  '*2d'
  '*2eG*'
  '*4?'
  '*4j3A`'
  '*4O'
  '*5d'
  '*6t'
  '*7Y'
  '*8(\\'
  '*8d'
  '*8D'
  '*:F'
  '*:z'
  '*;['
  '*;`'
  '*;d'
  '*;V'
  '*<5'
  '*=d'
  '*=nb*'
  '*=yZ'
  '*>E:'
  '*>W'
  '*?0'
  '*@@'
  '*@O'
  '*@p'
  '*[9?'
  '*[d'
  '*[t'
  '*\\@'
  '*\\d'
  '*]$'
  '*^%&'
  '*_d'
  '*A\\"'
  '*AD'
  '*AU'
  '*B_'
  '*Bl'
  '*C0'
  '*cd'
  '*d:'
  '*d:$'
  '*D?'
  '*Da'
  '*DC'
  '*DD)S'
  '*E:'
  '*e?U'
  '*Ed'
  '*F)U'
  '*fd'
  '*Ff'
  '*g2*Q'
  '*H!"e`7'
  '*h?d'
  '*h]'
  '*id'
  '*jd'
  '*JfU'
  '*jl'
  '*jt'
  '*kd'
  '*l1w,'
  '*Ld'
  '*lE:'
  '*lX<'
  '*m-g'
  '*m0}'
  '*m@'
  '*ma8'
  '*mc'
  '*Md'
  '*mW'
  '*ND'
  '*O+'
  '*o;'
  '*OT'
  '*P$'
  '*p%Rv'
  '*pD'
  '*q9'
  '*qd'
  '*QD'
  '*Ql'
  '*R<}'
  '*ra'
  '*RD'
  '*Rf'
  '*RT'
  '*SD'
  '*sp'
  '*T$'
  '*tC>;'
  '*u *#'
  '*u"'
  '*U*'
  '*VC'
  '*vc'
  '*VJ'
  '*vrK'
  '*vt'
  '*Vu'
  '*wd'
  '*WE:'
  '*wpH'
  '*x&1<3)'
  '*X/'
  '*x2'
  '*x7'
  '*x<T1'
  '*Xd'
  '*xd'
  '*xR'
  '*xW3'
  '*XzL'
  '*yGCX'
  '*z$'
  '*ZB'
  '*Zd'
  '*Zi'
  '*ZQ'
  '*{$'
  '*{Z'
  '*|H'
  '*|Me4'
  '*}d'
  '*~d'
  '*~e'
  '*~fB'
  '+ "'
  '+ -> Lc'
  '+ Cal Zero'
  '+ Inc (PgUp)'
  '+!^9B'
  '+"Lz'
  '+#$'
  '+#r'
  '+$3'
  '+%('
  '+%>'
  '+%_i'
  '+%J'
  "+'y"
  "+'|u"
  '+(/4'
  '+(3Y\\R'
  '+(<'
  '+(Jw'
  '+(l%'
  '+*$'
  '+*-'
  '+*k 9A'
  '+++'
  '++++'
  '++++++++++++++++'
  '++++++++++++++++++++'
  '++7Z'
  '++y'
  '++yO'
  '+,#'
  '+,SA'
  '+-E:'
  '+-gI'
  "+.;'X"
  '+.p'
  '+/- movement'
  '+/- movement range'
  '+/d'
  '+0d'
  '+0E:'
  '+2{i'
  '+3[;'
  '+3]o'
  '+3d'
  '+4^'
  '+53'
  '+5Z6]'
  '+7M'
  '+8$'
  '+8]'
  '+8B'
  '+8c'
  '+8~'
  '+9/'
  '+922D'
  '+93'
  '+96'
  '+9? '
  '+9fnS'
  '+:3'
  '+:7'
  '+:f'
  '+:P'
  '+<~'
  '+=F'
  '+>k'
  '+?1#c'
  '+?f'
  '+?G'
  '+@a'
  '+[('
  '+[[+'
  '+\\?k'
  '+]\\^w'
  '+_1)Rj'
  '+`9'
  '+`o5'
  '+`rsq'
  '+B#'
  '+B?]'
  '+C/'
  '+C_'
  '+d5'
  '+d<'
  '+D['
  '+DQ'
  "+E'"
  '+E:'
  '+E['
  '+gdQc'
  '+H1'
  '+HM!%'
  '+HN'
  '+ho'
  '+hyP'
  '+H}'
  '+I('
  '+i)'
  '+iIZ'
  '+Inc reference'
  '+JA'
  '+JHeR'
  "+K'Vz_P"
  '+K^'
  '+khC'
  '+kpjD'
  '+l='
  '+ll'
  '+Lx'
  '+m!m5J'
  '+mJ5'
  '+N5'
  '+ND'
  '+nmA'
  '+nVw#'
  '+pc'
  '+pd'
  '+pD'
  '+q:<V\\'
  '+q;'
  '+r%'
  '+r9w'
  '+RBC'
  '+Rw'
  '+rW#'
  '+sq'
  "+t'"
  '+ti'
  '+tr6'
  '+Tz'
  '+tz'
  '+uj'
  '+V1*<'
  '+W`+7}'
  '+WD'
  '+WI'
  '+x('
  '+X]R'
  '+Xg4`'
  '+xI4'
  '+xm'
  '+Y*'
  '+yD'
  '+YV'
  '+Z#'
  '+Z8'
  '+zsD'
  '+zU'
  '+{Y'
  '+|c7'
  '+~D'
  ', \\pQ:'
  ', ]'
  ',!$'
  ',"D'
  ',#d'
  ',$E:'
  ',%o'
  ',%x'
  ',&$'
  ",'-H"
  ",'0Hy,Zg"
  ',(D'
  ',)%:Oq>'
  ',)%K'
  ',)d'
  ',*d'
  ',*f'
  ',*P'
  ',+d'
  ',,7'
  ',,D'
  ',,E:'
  ',-$'
  ",-^',"
  ',-C'
  ',/D'
  ',/ZTE'
  ',2%'
  ',2E:'
  ',3('
  ',4$'
  ',5$'
  ',51'
  ',5g0'
  ',6['
  ',6D'
  ',6Jp-n'
  ',7d'
  ',7m;'
  ',8 '
  ',8$'
  ',8d'
  ',8f]'
  ',8Z'
  ',9C'
  ',9E:'
  ',:C,'
  ',:d'
  ',<d'
  ',<E:'
  ',=='
  ',=h'
  ',=N'
  ',>A'
  ',>d'
  ',>X'
  ',?;'
  ',?L,'
  ',?V'
  ',@!&Use dialog to define'
  ',@0'
  ',@C1'
  ',@p'
  ',@P'
  ',[d'
  ',[SNCr'
  ',\\D'
  ',\\f'
  ',]!'
  ',]$'
  ',^d'
  ',^ls'
  ',_)'
  ',`@('
  ',aE:'
  ',AW'
  ',b3Ea1'
  ',Ba'
  ',BT'
  ',cL'
  ',d!'
  ',d:'
  ',d:&'
  ',DD'
  ',dd'
  ',DQ'
  ',e*'
  ',e1'
  ',E:'
  ',e;j'
  ',E['
  ',ed'
  ',EYO'
  ',EZ<X'
  ',F '
  ',F+'
  ',fd'
  ',FPHb'
  ',Fu'
  ',g%'
  ',HD'
  ',i='
  ',id'
  ',IDATx'
  ',ik8'
  ',Jd'
  ',jSg'
  ',k3'
  ',LC;U'
  ',LVSR'
  ',M$'
  ',m-ok'
  ',m-}'
  ',mc'
  ',md'
  ',n!'
  ',Nd'
  ',oZ8yi'
  ',P^'
  ',Pd'
  ',P}'
  ',q+'
  ',Q1'
  ',q7q'
  ',qE:'
  ',qi'
  ',ratI'
  ',Rd'
  ',s$7^'
  ',Sd'
  ',t,'
  ',t/'
  ',t>'
  ',TD'
  ',tI)2'
  ',Tm'
  ',TUt'
  ',T|'
  ',Ud'
  ',uM'
  ',Up'
  ',Us'
  ',Vd'
  ',VI'
  ',vZ)'
  ',w)'
  ',w=x'
  ',WB'
  ',WD'
  ',wd'
  ',wM'
  ',Wx'
  ',wz'
  ',X&'
  ',X7H'
  ',x?'
  ',Xc'
  ',YD'
  ',ye'
  ',YH$'
  ',ys'
  ",z7`'"
  ',za'
  ',ZD'
  ',zE:'
  ',{K'
  ',|( '
  ',|hP'
  ',|Y'
  ',}]'
  ',~0c'
  ',~B1'
  ',~Ct'
  ',~d'
  ',~k'
  '- # DT points'
  '- # FD points'
  '- -'
  '- Cal Zero'
  '- CCD height/width'
  '- Com port/rate'
  '- Cross length'
  '- d'
  '- Frame rate'
  '- Inc (PgDn)'
  '- Limit of Auto-Focus'
  '- Limit of Program'
  '- Max Trans Pos'
  '- Rot speed'
  '- Trans name'
  "-!'N"
  '-!/'
  '-!e'
  '-!m'
  '-"x'
  "-#'"
  '-#d'
  '-$D'
  '-$L)'
  '-$p*'
  '-$Q'
  '-${('
  '-%$'
  '-%YK'
  '-&d'
  '-&d='
  '-(;'
  '-(R'
  '-(r['
  '-(u'
  '-)d'
  '-)w9'
  '-*B'
  '-+)'
  '-,E:'
  '-,w%&wTL'
  '--4'
  '--<q$YK'
  '--fG)R6'
  '-/%'
  '-/D'
  '-0d'
  '-13['
  '-1d'
  '-1R'
  '-2&'
  '-2>'
  '-2D'
  '-2M'
  '-3+'
  '-3-'
  '-3b'
  '-3D'
  '-3eG*wp'
  '-4D'
  '-5$'
  '-5eG*'
  '-6-'
  '-6D'
  '-6E'
  '-6s'
  '-74M'
  '-7x'
  '-8_'
  '-8ZQ{'
  '-9d'
  '-9m'
  '-9n'
  '-:y'
  '-;E:'
  '-<=E'
  '-<U'
  '-<z3A'
  '-=8'
  '-=d'
  '-=SoWS'
  '-=WH'
  '->d'
  '-?D'
  '-?E:'
  '-?w'
  '-?|'
  '-@$'
  '-@f'
  '-[8k'
  '-[a]'
  '-\\$'
  '-]+'
  '-]E:'
  '-^$'
  '-^4'
  '-_$'
  '-_E'
  '-_KmK4.'
  '-_V'
  '-`['
  '-A$'
  '-ad'
  '-APK<'
  '-B$'
  '-B+~(c'
  '-B.'
  '-B/'
  '-bd'
  '-Cd'
  '-cE:'
  '-cg'
  '-cq;Yq#9d'
  '-D$'
  '-d%'
  '-D)'
  '-d;'
  '-Da'
  '-db'
  '-DH'
  '-dj3'
  '-DQ'
  '-dt%#g'
  '-Dt%d'
  '-Dt%x'
  '-E$'
  '-e2'
  '-E:'
  '-ed'
  '-F6_ZK'
  '-fE:'
  '-FK'
  '-gd'
  '-GE:'
  '-gh'
  '-h.}'
  '-hd'
  '-HID'
  '-I*s'
  '-i1V[?'
  '-Id'
  '-Inc reference'
  '-J$'
  '-J2'
  '-j;IG'
  '-jd'
  '-JZ'
  '-Jz-'
  '-kd'
  '-Kd'
  '-Ki'
  '-L;V'
  '-Ld'
  '-LX'
  '-m0'
  '-M]'
  '-md'
  '-ME:'
  '-mlR'
  '-mm'
  '-NM'
  '-nmt'
  '-NR'
  '-oc3'
  '-Od'
  '-oJ'
  '-Op#'
  '-p/'
  '-Pd'
  '-pd'
  '-Ps'
  '-Qd'
  '-qd'
  '-Qi'
  '-R%'
  '-rCO'
  '-Rd'
  '-RgxZ'
  '-RKn'
  '-s(zB'
  '-s>'
  '-s^'
  '-sd'
  '-SD'
  '-sU'
  '-SuZ'
  '-T#!'
  '-t<'
  '-T<'
  '-T?]'
  '-Ta'
  '-tB8'
  '-td'
  '-TD'
  '-TiRv'
  '-T|>'
  '-T~'
  '-UD'
  '-Uy'
  '-v$'
  '-VjZ{'
  '-v{'
  '-W-'
  '-WD'
  '-wd'
  '-WvU'
  '-xD'
  '-xe'
  '-Y$'
  '-y,=R[N'
  '-Y=j'
  '-yD'
  '-yu'
  '-Z5|'
  '-zD'
  '-zE'
  '-{[e1'
  '-{D'
  '-|$'
  '-|>QZ'
  '-|Z'
  '-}='
  '-}D'
  '-}O'
  '-~$'
  '. ^T'
  '. D'
  '. o'
  '.!>'
  '.!D'
  '."3\\'
  '."7'
  '."D'
  '.#>'
  '.#D'
  '.#F'
  '.#q'
  '.$$'
  ".$'"
  '.$u'
  '.&_%'
  '.&oE'
  ".'."
  ".'E:"
  ".'i"
  ".'OG<"
  ".'p"
  '.(K'
  '.)!'
  '.)s'
  '.*#'
  '.*/'
  '.*>'
  '.*_'
  '.*d'
  '.+d'
  '.,8'
  '.,v'
  '.-3'
  '.-d'
  '..,'
  '..D'
  '..d'
  '..k'
  '..n'
  '..U'
  './D'
  './H'
  '.0$'
  '.0f0'
  '.0X'
  '.1^'
  '.1E!)^'
  '.1K'
  '.3dS'
  '.3E:'
  '.3v'
  '.47-S'
  '.4bA'
  '.4X"'
  '.6d'
  '.6m'
  '.7d'
  '.7g'
  '.7i'
  '.8c.'
  '.8pa'
  '.9d'
  '.:D'
  '.;]'
  '.;D'
  '.;p:g'
  '.<$'
  '.<D'
  '.=e'
  '.?\\~2'
  '.?d'
  '.?y'
  '.@@'
  '.@RB@'
  '.[$'
  '.[]'
  '.\\<'
  '.\\d'
  '.]$'
  '.]K'
  '.^d'
  '._:'
  '._E:'
  '._L]A'
  '.`)'
  '.`]'
  '.`d'
  ".A'b2"
  '.a3'
  '.Ad'
  '.ad'
  '.ai'
  '.At6'
  '.b8S'
  '.bD'
  '.BD'
  '.be'
  '.bm'
  '.Bn'
  '.CD'
  '.cD'
  '.cn'
  '.cr'
  '.czJ'
  '.czQ'
  '.d:'
  '.d:&'
  '.Da'
  '.DD'
  '.dD'
  '.dl'
  '.DO'
  '.E$'
  '.E:'
  '.eD'
  '.Ef'
  '.Ez'
  '.F$'
  '.fD'
  '.FJ`'
  '.FR'
  '.fW'
  '.g$'
  '.G7B'
  '.G:D'
  '.gl'
  '.Gn'
  '.gR'
  '.gs'
  '.g}'
  '.h+'
  '.HH'
  '.i"'
  '.i+'
  '.Ia'
  '.IDATx'
  '.j1'
  '.J='
  '.Jd'
  '.jgh'
  '.jO'
  '.k$'
  '.k3'
  '.km'
  '.L['
  '.lD'
  '.Ld'
  '.ldP]g'
  '.lt'
  '.m_'
  '.Md'
  '.mMMli'
  '.ND'
  '.nd'
  '.O!'
  '.OD'
  '.Ol'
  '.p$'
  '.PD'
  '.PfN'
  '.Pk-'
  '.PP!'
  '.PP#'
  '.q)'
  '.q;'
  '.QD'
  '.Qf'
  '.QRF'
  '.qV'
  '.R['
  '.rd'
  '.Rd'
  '.S$'
  '.s;'
  '.sE:'
  '.sRN'
  '.sx'
  '.T-'
  '.TJ'
  '.u/'
  '.u1?'
  '.u_'
  '.uC'
  '.ud'
  '.UG2Q'
  '.uX!'
  '.v%3'
  '.V7'
  '.vd'
  '.Vd'
  '.vD'
  '.wd'
  '.Wh'
  '.WzZ'
  '.x\\'
  '.Xd'
  '.xd'
  '.xQ'
  '.xSD'
  '.XV'
  '.Y('
  '.y*'
  '.Y7'
  '.YD'
  '.YZ'
  '.Z8N'
  '.z<'
  '.Z>H'
  '.ZD'
  '.zd'
  '.zE'
  '.Zt'
  '.Zv'
  '.ZY'
  '.|%m'
  '.|1'
  '.|d'
  '.|E'
  '.}D'
  '.}H'
  '.~='
  '.~D'
  '.~N5Zn('
  '/ $'
  '/ ='
  '/!>'
  '/!_F'
  '/!F:D'
  '/!p'
  '/!u'
  '/"/<i{'
  '/"`fw'
  '/$d'
  '/$t'
  '/%;}'
  '/%D'
  '/%H'
  '/&M'
  "/'D"
  "/'d\\"
  "/'g"
  '/($'
  '/(n'
  '/)('
  '/)8'
  '/)v^n'
  '/*Y\\^'
  '/+ '
  '/++D'
  '/+@'
  '/+d'
  '/-D'
  '/-oZj'
  '/-r'
  '/.$'
  '/.*('
  '/..r'
  '/.j'
  '/.pQv'
  '/1D'
  '/29'
  '/2d'
  '/3d'
  '/3J'
  '/45'
  '/5"{'
  '/5D'
  '/6$'
  '/6_/'
  '/6k'
  '/7d'
  '/:3'
  '/:['
  "/:['^t"
  '/:d'
  '/;;'
  '/;d'
  '/=D'
  '/>$'
  '/>X'
  '/>y'
  '/>}'
  '/?8a'
  '/?Y'
  '/?|8'
  '/@D'
  '/@i'
  '/@t'
  '/[~'
  '/\\&>`'
  '/\\+'
  '/\\D'
  '/\\Z'
  '/]D'
  '/^D'
  '/_ '
  '/_D'
  '/_i'
  '/`)'
  '/`_'
  '/`D'
  '/A '
  '/a$'
  '/a1'
  '/bG?s'
  '/C9'
  '/CD'
  '/ci='
  '/cP'
  '/Da'
  '/DD'
  '/DeDo'
  '/Dk'
  '/DQ'
  '/e[ '
  '/eD'
  '/ED'
  '/E{'
  '/f3'
  '/F6'
  '/f\\'
  '/gW'
  '/H$'
  '/h;'
  '/hD'
  '/HMx'
  '/ID'
  '/iD'
  '/IDATx'
  '/Jd'
  '/jd'
  '/jo'
  '/JP'
  '/kd'
  '/kN'
  '/K|'
  '/M)'
  '/m:w'
  '/MD'
  '/MJ'
  '/mn['
  '/MW'
  '/N-'
  '/n3'
  '/n\\'
  '/NE:'
  '/nu6'
  '/oD'
  '/ON'
  '/p%'
  '/PD'
  '/pD'
  '/PTH0'
  '/pU'
  '/q2S3'
  '/q7X'
  '/q8^'
  '/Q`='
  '/qd'
  '/Q|'
  '/r/'
  '/Rc'
  '/rd'
  '/rr'
  '/RUu'
  '/s(E'
  '/sD'
  '/Sd'
  '/tD'
  '/u$'
  '/u/Mq'
  '/UB'
  '/V2'
  '/V_'
  '/vJ'
  '/W)'
  '/W],'
  '/w_'
  '/X3'
  '/X\\n0'
  '/XE:'
  '/xMf'
  '/Xs'
  '/y#'
  '/y5wpJtj'
  '/YD'
  '/yfg`'
  '/Z/#&9'
  '/zPPa0'
  '/}$'
  '/~('
  '/~+G'
  '/~ooL'
  '0 d'
  '0"D'
  '0"f,'
  '0"I'
  '0#D'
  '0$#'
  '0$$'
  '0$D'
  '0%D'
  '0%Q'
  "0'd"
  "0'g"
  '0(]'
  '0)('
  '0)\\'
  '0)d'
  '0*D'
  '0+8'
  '0+D'
  '0,D'
  '0,Y'
  '0- '
  '0-$'
  '0-Mb'
  '0-sB'
  '0-Y'
  '0-Z'
  '0.$'
  '0.D'
  '0.e'
  '0/jK'
  '00_3'
  '00|I'
  '01_'
  '01A7'
  '01D'
  '02@'
  '03d'
  '049'
  '05yx'
  '06D'
  '06x#'
  '08$'
  '08`'
  '09D'
  '0:Ci'
  '0;s'
  '0<45'
  '0<]u'
  '0<K~'
  '0>D'
  '0@:'
  '0@D'
  '0@e'
  '0@p'
  '0@x'
  '0[!'
  '0[_^'
  '0\\+'
  '0\\d'
  '0]D'
  '0^!'
  '0^D'
  '0_/'
  '0`cf'
  '0`D'
  '0a$'
  '0Ad'
  '0B$'
  '0B4'
  '0BFAL'
  '0Bj'
  '0CD'
  '0Da'
  '0dD'
  '0DQ'
  '0dt)_'
  '0DTh'
  '0DU'
  '0e)e'
  '0e7'
  '0E:'
  '0eC'
  '0Ed'
  '0ep'
  '0F<'
  '0fD'
  '0FPSE'
  '0gD'
  '0Gd'
  '0gR'
  '0GS'
  '0H.U'
  '0h[x'
  '0Hd'
  '0hD'
  '0hO'
  '0HS<'
  '0HW'
  '0I%'
  '0i;'
  '0ID'
  '0IDATx'
  '0ie'
  '0j+'
  '0JD'
  '0jD'
  '0kD'
  '0KD'
  '0KU'
  '0l$'
  '0L8'
  '0LD'
  '0M$'
  '0mA,s'
  '0mu'
  '0Mv'
  '0N1>'
  '0Nd'
  '0NE:'
  '0nz@'
  '0n{'
  '0Od'
  '0oo3'
  '0OYi'
  '0o~'
  '0P^Lz'
  '0q;'
  '0qD'
  '0R*'
  '0R7'
  '0Rd'
  '0rD'
  '0RI'
  '0Rqq'
  '0RSRC'
  '0s '
  '0s$'
  '0S$'
  '0s?'
  '0sQ'
  "0t6'"
  '0v+u'
  '0vd'
  '0VD'
  '0V}'
  '0W!p'
  '0w1'
  '0W5'
  '0w>H'
  '0WA{'
  '0WC/'
  '0wlP'
  '0xd'
  '0Xd'
  '0y8R'
  '0yD'
  '0yw'
  '0Z+0'
  '0zD'
  '0Zd'
  '0zL1'
  '0ZP03'
  '0{D'
  '0|$'
  '0}$'
  '0}3'
  '0}h'
  '1 L-Turn'
  '1 ql'
  '1 R-Turn'
  '1!d'
  '1!j'
  '1!Z'
  '1"E:'
  '1"X'
  '1#-'
  '1$5'
  '1$d'
  '1%d'
  '1&8'
  "1&a'e"
  '1&D'
  "1'D"
  '1(%'
  '1(0'
  '1(?Th'
  '1(D'
  '1)/'
  '1)D'
  '1*D'
  '1*Nk'
  '1*ZSN'
  '1+4'
  '1+\\V'
  '1+D'
  '1+hj'
  '1,"N'
  '1,d'
  '1-&%oF%o'
  '1-bit pixmap  '
  '1-sided cal image'
  '1.$'
  '1.2'
  '1.t'
  '1/3M'
  '1/}'
  '11-'
  '115200'
  '11='
  '11D'
  '11d'
  '12A'
  '13%'
  '13d'
  '14400'
  '14d'
  '14P'
  '14TV'
  '14z'
  '15D'
  '16;7-'
  "17'*'g"
  '17?'
  '17yzo'
  '18xt'
  '19200'
  '19?'
  '1:6'
  '1:D'
  '1:K}de)D'
  '1:y'
  '1:z'
  '1<,'
  '1=)'
  '1=wSz'
  '1=wv'
  '1>g\\f2'
  '1?!'
  "1?'"
  '1?<'
  '1?G='
  '1?s'
  '1@&|'
  '1@D'
  '1@r8\\w'
  '1[g'
  '1\\)YE'
  '1\\-z'
  '1\\d'
  '1\\n~'
  '1]d'
  '1]v<>$'
  '1^%'
  '1^d'
  '1^Q'
  '1_d'
  '1`$'
  '1bd'
  '1c9'
  '1cd'
  '1CD'
  '1D.'
  '1Da'
  '1dd'
  '1DH-4'
  '1di 5J'
  '1dOd'
  '1DQ'
  '1d|'
  '1E['
  '1ep'
  '1F1'
  '1f5'
  '1f?'
  '1fd'
  '1fP'
  '1FQFj'
  '1fT'
  '1f|'
  '1G$'
  '1g=@'
  '1gd'
  '1gY'
  '1h)y'
  '1hD'
  '1HEB'
  '1h{'
  '1iD'
  '1IL'
  '1Im'
  '1i~h'
  '1j$'
  '1j8OO'
  '1jD'
  '1K$'
  '1k$'
  '1k<'
  '1K`'
  '1kd'
  '1L;)'
  '1lD'
  '1LM'
  '1Lu'
  '1Lx'
  '1l|T'
  '1M_'
  '1MaD\\+F@^v'
  '1Md'
  '1mD'
  '1mn'
  '1n&)'
  '1Nd'
  '1nE:'
  '1NfV'
  '1NzQ'
  '1o!'
  '1O4'
  '1Od'
  '1Oj'
  '1p8'
  '1pd'
  '1PR'
  '1q$'
  '1Q$'
  '1R s'
  '1Sh'
  '1SQum$D'
  '1Ss'
  '1S~t'
  '1T+'
  '1t/'
  '1t=!u'
  '1t>'
  '1Td'
  '1TQ'
  '1tX'
  '1ud'
  '1UD'
  '1v]a'
  '1VD'
  '1W$'
  "1w'"
  '1w5'
  '1W?kr'
  '1W`)'
  '1wd'
  '1wF]C'
  '1wh'
  '1X('
  '1X)'
  '1X+'
  '1x1:'
  '1X3'
  '1x75'
  '1X?'
  '1x]2:'
  '1Xd'
  '1xD'
  '1Xs'
  '1yD'
  '1zD'
  '1ZE:'
  '1zS}J'
  '1{$'
  '1{C'
  '1{e'
  '1{q'
  "1{v4U'"
  '1|$'
  '1|x`'
  '1~)'
  '1~)>'
  '1~S'
  '2 R'
  '2 S'
  '2!$'
  '2"!V'
  '2"P6&'
  '2"WE'
  '2$Q'
  '2%D'
  '2&n'
  "2'$"
  "2'/"
  "2'627"
  '2(\\'
  '2)%D'
  '2)='
  '2)d'
  '2)r'
  '2)rKc'
  '2)t('
  '2)X'
  '2*d'
  '2*y*fT`'
  '2++'
  '2,{'
  '2-d'
  '2-Jj='
  '2-sided cal image'
  '2.*'
  '2.D'
  '2.k'
  '2.q'
  '2/An'
  '2/D'
  '20 down'
  '20 up'
  '20.'
  '20D'
  '21$'
  '211'
  '21?'
  '21h'
  '22q'
  '23H'
  '23x.0'
  '24-bit pixmap'
  '24d'
  '24I['
  '25F5'
  '26.0'
  '26.3.1'
  '268'
  '26A'
  '26d'
  '26j'
  '27D'
  '27T'
  '27U'
  '28D'
  '28z'
  '29]3'
  '29D'
  '29kH'
  '2:$'
  '2<p'
  '2<u+Y'
  '2=='
  '2== '
  '2=d'
  '2=W'
  '2>dJ'
  '2?`J'
  '2?d'
  '2@9'
  '2@D'
  '2@f'
  '2@p'
  '2@z'
  '2[r'
  '2\\$'
  '2\\l'
  '2]D'
  '2^d'
  '2_9'
  '2_d'
  '2`5c'
  '2`z2'
  '2ad'
  '2AD'
  '2af'
  '2AH'
  '2as^'
  '2AU8'
  '2BD'
  '2bD'
  '2bK'
  '2C$'
  '2CC'
  '2CC0'
  '2cD'
  '2cv'
  '2Cz/'
  '2D9}z'
  '2Da'
  '2db'
  '2dD'
  '2e$'
  '2E['
  '2ej~7}'
  '2e{'
  '2f> '
  '2f@'
  '2FD'
  '2Fu'
  '2GD'
  '2h6'
  '2HD'
  '2hd'
  '2Hk'
  '2HT'
  '2I%'
  '2i.^'
  '2ID'
  '2J+'
  '2JD'
  '2jd'
  '2JG'
  '2K6'
  '2kD'
  '2KD'
  '2KV'
  '2L$'
  '2l^'
  '2lD'
  '2m@'
  '2mD'
  '2n$'
  '2NHV8@'
  '2NY'
  '2n~/#g'
  '2ok'
  '2oRR'
  '2Os'
  '2oXmr'
  '2Oytw/'
  '2pP@'
  '2Q!'
  '2q4b/'
  '2Qd'
  '2qD'
  '2r6'
  '2R^'
  '2R`'
  '2rD'
  '2rI'
  '2s!'
  '2S42%'
  '2s8'
  '2s?'
  '2s[)'
  '2sD'
  '2Sd'
  '2sn'
  '2sO'
  '2sS'
  '2t4'
  '2T5'
  '2Td'
  '2tD'
  '2tT2$'
  '2T{Vd'
  "2U'"
  '2uD'
  '2UD'
  '2Ud'
  '2uq'
  '2uu'
  '2V7'
  '2vD'
  '2VD'
  '2vs5'
  '2w$'
  '2WC='
  '2WD'
  '2WNYi'
  '2wr:'
  '2x('
  '2XD'
  '2xe'
  '2Y$'
  '2y*'
  '2Z*3K?'
  '2Z2:'
  '2Z\\~'
  '2zd'
  '2zjd<n'
  '2{zT}'
  '2|d'
  '2|h?'
  '2}b'
  '2}d'
  '2}iY'
  '2}M'
  '2}O'
  '2~D'
  '2~{'
  '3 7'
  '3 ='
  '3 d'
  '3!8'
  '3!h'
  '3!v'
  '3"^'
  '3"g'
  '3"i'
  '3"o'
  '3#d'
  '3$4'
  '3$7>U'
  '3$Q'
  '3$X'
  '3%:'
  '3%['
  '3%d'
  '3&?%'
  '3&E:'
  '3&R8'
  '3&Yxu'
  '3(zE'
  '3)D'
  '3*4'
  '3*C'
  '3*D'
  '3*h'
  '3+5'
  '3+S'
  '3,d'
  '3,wqD'
  '3-6'
  '3-E:'
  '3-vw'
  '3-w'
  '3-z$'
  '3.8'
  '3.f'
  '30D'
  '31D'
  '31|'
  '32FF'
  '33333'
  '33333f33'
  '33D'
  '34:'
  '34='
  '35d'
  '36D'
  '36M'
  '37*0&'
  '37h'
  '384'
  '38400'
  '38H'
  '39/'
  '39E'
  '39pB&'
  '3<V'
  '3<Z:'
  '3[_'
  '3[m'
  '3\\&'
  '3\\d'
  '3]$'
  '3]d'
  '3^^'
  '3_d'
  '3_G'
  '3`('
  '3`d'
  '3a$'
  '3A2'
  '3a323412-acd1-4343-a6a2-b13a48ad488e'
  '3a5'
  '3ac^'
  '3a|Y'
  '3B1ZB'
  '3b3J'
  '3bD'
  '3be'
  '3c3t'
  '3C6'
  "3D'"
  '3Da'
  '3dd'
  '3dE'
  '3DQ'
  '3e3'
  '3E:'
  '3E_'
  '3ed'
  '3F)!'
  '3F1Z'
  '3f33ff3f'
  '3f_m&'
  '3filter.llb'
  '3fkR'
  '3FZ'
  '3gd'
  '3gDwSF'
  '3Gh'
  '3h+'
  '3hd'
  '3hW]'
  '3I4KV'
  '3I>'
  '3Ib'
  '3iE:'
  '3iIG'
  '3Ir'
  '3j$'
  '3j@2('
  '3ja&`'
  '3JGk'
  '3jO7'
  '3k '
  '3K-'
  '3kd'
  '3KP'
  '3l/'
  '3L['
  '3lD'
  '3Lx'
  '3M/'
  '3mC'
  '3mF'
  '3n('
  '3nd'
  '3ni;'
  '3O/f>'
  '3od'
  '3Ow'
  '3P('
  '3pH'
  '3qd'
  '3qY'
  '3qz'
  '3RB)'
  '3rd'
  '3rRs)'
  '3RT|'
  '3s$'
  '3sv'
  '3T"v'
  '3tD'
  '3uQPV'
  '3V7R'
  '3vd'
  '3vK'
  '3VZ'
  '3wd'
  '3Wlo.'
  '3wTb'
  '3Wy'
  '3x*R'
  '3X>6'
  '3x^'
  '3Y$'
  '3y7'
  '3yd'
  '3yf'
  '3yt'
  '3Z-'
  '3ZD'
  '3zd'
  '3zE'
  '3ZK'
  '3{$'
  '3{w'
  '3{|'
  '3|[V'
  '3|D'
  '3}='
  '3~d'
  '3~m'
  '4 pack remainder'
  '4!;E'
  '4#0'
  '4$=fH'
  '4$x'
  '4%d'
  '4&V'
  "4'ru"
  "4'XJ"
  '4(Y'
  '4)h'
  '4)t'
  '4*D'
  '4+`'
  '4-*'
  '4-bit pixmap'
  '4-NML'
  '4.dn'
  '40G%'
  '40U'
  '40W'
  '41b'
  '41{'
  '42 ]'
  '42t}4'
  '43;'
  '43='
  '44</=@'
  '44g6'
  '44H%'
  '44i'
  '45%B'
  '45Sq^'
  '45}'
  '45}A]'
  '46['
  '46b'
  '46xF'
  '47('
  '47a'
  '47d'
  '47Ddu'
  '47e'
  '47K'
  '47T'
  '47Z'
  '47}'
  '485v'
  '48| '
  '49c3qw}'
  '49j'
  '4:2'
  '4;a'
  '4;d'
  '4=F'
  '4>@'
  '4>b4'
  '4>d'
  '4>o'
  '4?y'
  '4@$'
  '4@.'
  '4@p'
  '4@v'
  '4[_'
  "4[g'Z9kN"
  '4[L3I'
  '4[};'
  "4\\'Y'a5"
  '4]i'
  '4]MH'
  '4^e~'
  '4_=;'
  '4_k.`'
  '4`b'
  '4a0-'
  '4Ad'
  '4aMS1'
  '4bd'
  '4Bsx'
  '4C<up'
  '4c]'
  '4CCST'
  '4D?'
  '4Da'
  '4Dd'
  '4De'
  '4dM'
  '4DQ'
  '4DYc'
  '4e%'
  '4E:'
  '4E_'
  '4Ec'
  '4ed'
  '4eG*'
  '4Ej'
  '4Eq'
  '4EX'
  '4Fd'
  '4fE:'
  '4FTAB'
  '4Fu'
  '4G0o'
  '4G>'
  '4GE:'
  '4gK'
  '4I 8'
  '4i7'
  '4i9'
  '4i>'
  '4IDATx'
  '4IEe>u'
  '4JD'
  '4jd'
  '4jF'
  '4Js'
  '4j{=KTA'
  '4J~'
  '4K4'
  '4kd'
  '4Kr'
  '4lD'
  '4m!'
  '4mD'
  '4mh\\'
  '4mI'
  '4n$'
  '4nar'
  '4NS]'
  '4nx'
  '4o8'
  '4Pd'
  '4pH'
  '4PICC'
  '4pm'
  '4PsK'
  '4pZQ;'
  '4P~:L'
  '4q)|7'
  '4q?\\l'
  '4r*'
  '4r-S'
  '4R2'
  '4S>a'
  '4Sd'
  '4t"'
  '4t$'
  "4T'"
  '4t,Uv'
  '4T3'
  "4t^'X>"
  '4Td'
  '4U$'
  '4U`'
  '4uW'
  '4V*'
  '4v,'
  '4vd'
  '4VU'
  '4W(&'
  '4wd'
  '4Wd'
  '4wE'
  '4WL'
  '4WW'
  '4x!)m'
  "4X'"
  '4X['
  '4YA['
  '4yd'
  '4yH'
  "4Z'"
  '4Z,J'
  '4z:az'
  '4z;'
  '4Zg'
  '4{J'
  '4|$'
  "4}'"
  '4~"H'
  '4~>'
  '4~d'
  '4~G'
  '5!d'
  '5"d'
  '5"X|'
  '5#D'
  '5#{'
  '5$D'
  '5$K'
  '5%m!'
  '5&$'
  '5&~'
  "5'>"
  "5'\\"
  '5(,'
  '5)m'
  '5)Q'
  '5*J!'
  '5,DP5'
  '5-\\GMG'
  '5-`'
  '5-N'
  '5-W'
  '5.EzE'
  '5.k'
  '5.KYi'
  '5.N'
  "5/'k&'qk^"
  '5/['
  '5/d'
  '51D'
  '52E:'
  '52G'
  '54&'
  '545['
  '54Ci'
  '54d'
  '55O'
  '55Wx'
  '56$'
  '56%X'
  '56y'
  '57600'
  '57EtH'
  '57IH7'
  '57~/O'
  '58F'
  '59.k'
  '59A'
  '5:D'
  '5;$'
  '5;N'
  '5;pQ'
  '5<w'
  '5>G'
  '5>hl'
  '5?K'
  '5[<o'
  '5].'
  '5]s'
  '5^$'
  '5^<'
  '5^x'
  '5`O'
  '5`|'
  '5a$'
  '5A$'
  '5A@'
  '5B2'
  '5b3'
  '5B71B'
  '5b9'
  '5BD'
  '5Bk7N'
  '5Bs'
  '5bXE#'
  '5c$'
  '5c-c>t'
  "5C<qO'@"
  '5cc'
  '5Cd'
  '5d$'
  '5Da'
  '5Dd'
  '5DH'
  '5DQ'
  '5e)<'
  '5E:'
  '5eA~'
  '5eS'
  '5f$'
  '5f0'
  '5fj'
  '5g8'
  '5gd'
  '5gISd'
  '5H$'
  '5hJ 0v'
  '5I$'
  '5i$'
  '5I[V'
  '5Ib'
  '5IY'
  '5J*>4'
  '5jE:'
  '5J{'
  '5K9'
  '5Kd'
  '5Ki'
  '5Ki8'
  '5kK'
  '5kn'
  '5Kw'
  '5Ky'
  '5KY'
  '5k~>'
  '5l$'
  '5L.'
  '5La'
  '5LE:'
  '5Lu'
  '5mE:'
  '5mfT'
  '5N_^mU'
  '5nD'
  '5nek'
  '5NMwA'
  '5O.'
  '5O/'
  '5O4a'
  '5od'
  "5Ol`'"
  '5OU'
  '5p"'
  '5P$'
  '5Q$'
  '5Q('
  '5QCC,Z'
  '5qE:'
  '5QMR'
  '5r7'
  '5sD'
  '5Sd'
  '5Td'
  '5Tp'
  '5Ts'
  '5ttn'
  '5u$'
  '5UE:'
  "5V'x:"
  '5w*'
  '5Wd'
  '5wQH'
  '5wRB\\'
  '5Wx'
  '5X '
  '5X3'
  '5xd'
  '5XE:'
  "5Xk5^'"
  '5Xs'
  '5X}'
  '5y$)'
  '5Y)'
  '5Yc'
  '5yd'
  '5Ym'
  '5Y~3'
  '5zk'
  '5zO~'
  '5zxi'
  '5ZZ'
  '5{8'
  '5|+u'
  '5|8'
  '5|d'
  '5|o'
  '5|v-'
  '5|vt?'
  '5|w'
  '5}`'
  '5}q'
  '6"D'
  '6"k'
  '6"{'
  '6$Q'
  '6%V>WD'
  '6&E'
  "6'B"
  '6(7'
  '6(_'
  '6({O'
  '6*8'
  "6*@' "
  '6*]'
  '6*I'
  '6+;'
  '6,KV'
  '6-m`'
  '6/SO'
  '60-'
  '601'
  '64T'
  '64X'
  '65],o'
  '65h'
  '65Z'
  '66\\*'
  '67o'
  '68 '
  '69R'
  '69VC'
  '6:}u'
  '6<?'
  '6<I'
  '6<y'
  '6=Iu'
  '6?G'
  '6?I'
  '6?}xO'
  '6@p'
  '6@~V'
  '6\\-'
  '6\\/P'
  '6\\;'
  '6\\H'
  '6]n$'
  '6]p<'
  '6]x\\M'
  '6^3'
  '6^zl'
  '6_M'
  '6`8'
  '6`85@'
  '6`f'
  '6`G*'
  '6`nU'
  '6a5g'
  '6a><'
  '6BN%&'
  '6Bw'
  '6c!'
  '6CE'
  '6Da'
  '6DH'
  '6E:'
  '6eG*'
  '6F*'
  '6fl'
  '6FO'
  '6fT'
  '6h!'
  '6ho'
  '6I$'
  '6i3'
  '6I\\'
  '6iw>Iv'
  '6J$'
  '6jQ'
  '6k#'
  '6kh'
  '6k~'
  '6L3'
  '6Ld'
  '6m5}'
  '6mc'
  '6ME:'
  '6mYwa'
  '6n.>;'
  '6o;'
  '6Od'
  '6Op'
  '6oY'
  '6P1'
  '6PE:'
  '6PS&'
  '6q,'
  '6qd'
  '6qQA'
  '6r*'
  '6r*s]'
  '6r=#i'
  '6rD'
  '6r|n'
  '6S5'
  '6sd'
  '6Sd'
  '6Sr'
  '6t)w'
  '6T5'
  '6T:'
  '6u$'
  '6Um'
  '6uV'
  '6V('
  '6V3?'
  '6V5'
  '6vD'
  '6VH'
  '6vVpS'
  '6VX'
  '6v{'
  '6W*'
  '6w-g>U'
  '6W<'
  '6W]hMt'
  '6wHH'
  '6Ww'
  '6WwTQ'
  '6x$'
  '6x^'
  '6XO'
  '6xZ'
  '6Y5'
  '6y6'
  '6yD'
  '6yR'
  '6zc['
  '6Z}'
  '6{d'
  '6|7*D'
  '6|D'
  '6~i'
  '6~y'
  '7 3'
  '7 _'
  '7 d'
  '7!D'
  '7!Yw7'
  '7"d'
  '7#d'
  '7$D'
  '7$M'
  '7$Q'
  '7%$'
  '7%+'
  '7&n'
  "7't"
  '7*1N'
  '7*d'
  '7+(Z'
  '7+9XO'
  '7+b'
  '7+D'
  '7,-W'
  '7,d'
  '7-d'
  '7.-'
  '7.D'
  '7/$'
  '7/A'
  '7/F'
  '70|wP|}'
  '714'
  '71p'
  '71w'
  '71{'
  "72'"
  '73%?'
  '730]^Q:'
  '73d'
  '74E:'
  '74xZ~'
  '75*'
  '75N@'
  '76$'
  '777'
  '77h'
  '78d'
  '78G'
  '78o/'
  '79D'
  '7:$'
  '7:,%eE'
  '7:o13~3'
  '7=&d'
  '7>E:'
  '7?h'
  '7@H'
  '7@W'
  '7@Z'
  '7[!n'
  '7[f'
  '7\\/ @'
  '7\\1'
  '7\\a'
  '7\\j'
  '7\\|'
  '7^d'
  '7_E'
  '7_E:'
  '7a$'
  '7A%4'
  '7B-'
  '7BW'
  '7cd'
  '7cm'
  '7cox^'
  '7C~'
  '7D,:'
  '7dD'
  '7Dh'
  '7e$'
  '7E3'
  '7E:'
  '7E['
  '7e]'
  '7EF'
  "7Eo'"
  '7F#'
  '7Fa*'
  '7F{'
  '7gU'
  '7hd'
  '7iE'
  '7iE:'
  '7iH'
  '7iN'
  '7Io'
  '7IQa'
  '7iy'
  '7J0'
  '7J2'
  '7j6'
  '7KRI'
  '7kV'
  '7l8'
  '7md'
  '7MhE'
  "7n'"
  '7N;'
  '7nd'
  '7NO'
  '7o;'
  '7oD'
  '7oQ'
  '7pD'
  '7Px'
  '7q$'
  '7Q+^'
  '7qE_J'
  '7qg'
  '7rx'
  '7s&'
  '7S<-'
  '7SB'
  '7sc'
  '7t1'
  '7T?'
  '7tD'
  '7ud'
  '7ur'
  '7Ut#'
  '7V<'
  '7vb/S'
  '7w9'
  '7wd'
  '7WrUA'
  '7Wt'
  '7xD'
  '7xE'
  '7XM'
  '7y,'
  '7Z!4'
  '7z$'
  '7{E:'
  '7{J'
  '7}4'
  '7}d'
  '7}t'
  '7~='
  '7~D'
  '8 E:'
  '8 j'
  '8!9'
  '8!`'
  '8!C\\o'
  '8!~.'
  '8"$'
  '8#E:'
  '8$D'
  '8$T'
  '8$tg'
  '8%$'
  '8%('
  '8%M'
  '8&E:'
  "8'#["
  '8($'
  '8) _KD'
  '8),O)'
  '8)E:'
  '8+ '
  '8+$'
  '8+e'
  '8,['
  '8,E:'
  '8,W'
  '8,w+N_'
  '8,{J'
  '8-;t~'
  '8-bit pixmap'
  '8-j'
  '8.$'
  '8.`,]c'
  '8.`i'
  '8.M'
  '8/E:'
  '81$'
  '82cY'
  '82Dr'
  '82E:'
  '82i'
  '82l'
  '83w'
  '84$'
  '847k'
  '85C'
  '85E:'
  '85i'
  '86X'
  '87R'
  '88D'
  '89+'
  '8;:H'
  '8;Pqv'
  '8<$'
  '8<k'
  '8>-'
  '8>qAx'
  '8>v/Y'
  '8@p'
  '8[]_^A\\A]A^A_'
  '8[_^A^'
  '8[| '
  '8\\<'
  '8\\R I'
  '8]!'
  '8]$'
  '8]`'
  '8^4'
  '8^a'
  '8^d'
  '8_^'
  '8_Vw;'
  '8`d'
  '8A_10'
  '8AV'
  '8B>'
  '8C$'
  '8cD'
  '8cj'
  '8Cq'
  '8d)'
  '8D6'
  '8Da'
  '8DP'
  '8dq@'
  '8E:'
  '8eMes0'
  '8f!'
  '8F_'
  '8FBm'
  '8FH'
  '8Fh:'
  '8FN'
  '8G/'
  '8Gd'
  '8gj{'
  '8GN'
  '8GR'
  '8gsOl'
  '8gvc'
  '8Gw'
  '8HP'
  '8HZ'
  '8i='
  '8Ia'
  '8IDATx'
  '8iE:'
  '8ih'
  '8J(&'
  '8J-='
  '8j;'
  '8k!'
  '8k7Mx'
  "8K<'"
  '8kXqv'
  '8L?'
  '8LDa'
  '8loE'
  "8M'"
  '8Mojl>:'
  '8N:;)'
  '8ND'
  '8nD'
  '8Nf'
  '8nk'
  '8nPO.'
  '8O\\ .'
  '8oE}'
  '8q"'
  '8Q=Aq'
  '8q]'
  '8qD'
  '8R57'
  '8s*H'
  '8s7'
  '8S\\z'
  '8sA*C'
  '8sY'
  '8u*'
  '8v('
  '8V7GX'
  '8vlo'
  '8vp6d'
  '8vvm'
  '8W%S'
  '8wD.'
  '8wE:'
  '8Y2'
  '8Y6'
  '8y<'
  '8Y\\i&'
  "8yJ'"
  '8yo'
  '8yt'
  '8z(s'
  '8zE:'
  '8zi'
  '8{n'
  '8}/E'
  '8~j'
  '9!='
  '9!\\'
  '9"C'
  "9#.'"
  '9#f'
  '9$Rx'
  '9%&^'
  "9%'"
  "9'/hw9."
  "9'7"
  "9'D"
  "9'I"
  '9(/'
  '9(F'
  '9(i'
  '9)*1**D'
  '9)U'
  '9)|'
  '9*7'
  '9+X'
  '9-D'
  '9//'
  '9/2'
  '9/iy'
  '90d'
  '910'
  '91B'
  '91j'
  '91V'
  '91ZL'
  '92]'
  '92E:'
  '93Y'
  '94d'
  '9600'
  '977'
  '97x`'
  '98d'
  '98U@'
  '99/DnN<'
  '99_'
  '9;;'
  '9;v'
  '9;Z*'
  '9<d'
  '9<D'
  '9=cE1'
  '9=f}#0'
  '9@x\\'
  '9[ g'
  '9\\j'
  '9]p'
  '9]R5>s'
  '9^{'
  '9_3'
  '9_<-'
  '9_q'
  '9`q'
  '9a&'
  '9a>N,'
  '9aN'
  '9b '
  '9bZ'
  '9D$@t.H'
  '9D$dt2H'
  '9D$Pt,H'
  '9D$tt0H'
  "9d'Y;4_"
  '9D('
  '9D0'
  '9Da'
  '9DH'
  '9dh"'
  '9dM*'
  '9DN79_'
  '9DQ'
  '9E(Q)'
  '9e-'
  '9E:'
  '9e?'
  '9E['
  '9ED'
  '9Ee'
  '9eLf'
  '9F;j'
  '9FG*'
  '9fn'
  '9f{%l'
  '9g@'
  '9I-Y'
  '9IN'
  '9IvH'
  '9J@'
  '9jd'
  '9Jn'
  '9K;s%'
  '9K=-^'
  '9kD'
  '9KJf'
  '9ld'
  '9M=Xs'
  '9m>'
  '9m?x'
  '9m@'
  '9mD'
  '9M~('
  '9Oxn'
  '9Oy'
  '9OZ'
  '9P!4'
  '9p0'
  '9p7hV'
  '9pB'
  '9Pc'
  '9PF'
  '9Pkt'
  '9ql'
  '9QQ'
  '9R4b'
  '9R<'
  '9RQK"'
  '9Ru'
  '9SV'
  '9t0'
  '9TD'
  '9U3'
  '9ui*'
  '9V#'
  "9v'"
  '9VcS'
  '9vl*'
  '9Vo'
  '9vwl'
  '9W_'
  '9WO;6'
  '9ws[{]'
  '9W~3$s'
  '9x-'
  '9x_9VB'
  '9Xo4'
  '9Y!'
  '9Y8'
  '9yJt'
  '9z41u'
  '9ZD'
  '9zH'
  '9zrJ'
  "9{'3"
  '9{^'
  '9|['
  '9~7'
  '9~sc1'
  ': E:'
  ':!k'
  ':"$'
  ':#E:'
  ':%$'
  ':%_'
  ':&1'
  ':&D'
  ':&S2u'
  ':&Vk'
  ":'jH"
  ':($'
  ':(5D'
  ':)E:'
  ':*L'
  ':+$'
  ':,D'
  ':-s'
  ':.d'
  ':.N,'
  ':.U'
  ':/D'
  ':/j'
  ':0D'
  ':1`M'
  ':1d'
  ':2D'
  ':3.'
  ':63LS'
  ':6FK'
  ':6k'
  ':8DU'
  ':8e-]'
  ':8K'
  ':9+>8'
  '::`'
  '::d'
  '::E'
  '::N'
  ':;>'
  ':;\\<'
  ':<C;'
  ':<O;<j'
  ':?wY'
  ':?}'
  ':@M'
  ':@p'
  ':@x'
  ':\\d'
  ':\\l'
  ':]('
  ':]d'
  ':^$'
  ':^W'
  ':_D'
  ':_R}'
  ':ad'
  ':aUj'
  ':AZ'
  ":b'"
  ':bd'
  ':Bi'
  ':bY'
  ':C]'
  ':Co'
  ':cY'
  ':Da'
  ':dd'
  ':Dy'
  ':E:'
  ':ed'
  ':erq'
  ':f$'
  ':Fhf'
  ':g#_'
  ':g9|Io9|'
  ':gD'
  ':GX'
  ':HM'
  ':ho'
  ':id'
  ':J7'
  ':j<kt9'
  ':jd'
  ':k^'
  ':kd'
  ':Ke'
  ':M6'
  ':M\\.'
  ':M^'
  ':Ma'
  ':md'
  ':Mk`5'
  ':Mt.'
  ':mu'
  ':mVn'
  ":N'"
  ':nd'
  ':Nm'
  ':Nx/'
  ':o$'
  ':O+'
  ':oD'
  ':oG'
  ':or'
  ':P2K'
  ':pD'
  ':PII'
  ':pq'
  ':q=S~p'
  ':qb'
  ':qd'
  ':Qm'
  ':quJf'
  ':QV'
  ':qv1'
  ':Q|'
  ':q}'
  ':rD'
  ':rO8'
  ':S-'
  ':s`'
  ':sD'
  ':t$'
  ':T+'
  ':T7c'
  ':ud'
  ':V$'
  ':V`'
  ':Vc'
  ':WD'
  ':we'
  ':wE:'
  ':WI|'
  ':WmW'
  ':WS_'
  ':Wv'
  ':wZP'
  ':xd'
  ':xvS?'
  ':y,'
  ':Y;'
  ':Y[}='
  ':yA<J'
  ':Yd'
  ':yd'
  ':YrS'
  ':Yz'
  ':z '
  ':z"'
  ':z/Q'
  ':Z48'
  ':Z['
  ':zd'
  ':Zd'
  ':ZO'
  ':Zt5x'
  ':Z{'
  ':z~'
  ':{F'
  ':|d'
  ':|U'
  ':}"'
  ':~)'
  ':~d'
  ':~g'
  '; d'
  '; x'
  ';!`t\\}'
  ';"d'
  ';"jF'
  ';#d'
  ';#K'
  ';#s<'
  ';$9'
  ';$[b'
  ';$D'
  ';$k'
  ';$p'
  ';$Q'
  ';%('
  ';%D'
  ';&$'
  ";'N"
  ';(f'
  ';(l$&Mp'
  ';(U'
  ';)0'
  ';)d'
  ';){'
  ';+d'
  ';+dqs'
  ';+Q=2'
  ';,7'
  ';,E:'
  ';-;3'
  ';-`'
  ';.$'
  ';.7'
  ';.C'
  ';.}KcYLw'
  ';/!'
  ';/$'
  ';/`3~'
  ';2d'
  ";3'"
  ';3;'
  ';4$'
  ';4~t'
  ';5$'
  ';5K'
  ';6,`'
  ';6ES'
  ';7d'
  ';7V'
  ';8 p'
  ';8]~'
  ';8E:'
  ';9M'
  ';:d'
  ';:h'
  ';;;;;;;+'
  ';;E:'
  ';< '
  ';=j'
  ';?$'
  ';@$'
  ';@='
  ';[,'
  ';[.'
  ';[d'
  ';\\;'
  ';\\D'
  ';]$'
  ';^t'
  ';_5t'
  ';_d'
  ';`d'
  ';A4'
  ';A8'
  ';aD'
  ';AL'
  ';aM'
  ';B-'
  ';Bd'
  ';bGm'
  ';BL'
  ';BOM?Q_$'
  ";Bu'"
  ';cd'
  ';CE:'
  ';C~o'
  ';D$8}'
  ';D$<}'
  ';D$d}'
  ';Da'
  ';dF'
  ';e$'
  ';E:'
  ';E['
  ';Ea'
  ';EV'
  ';f.'
  ';f6'
  ';fb'
  ';fd'
  ';Ft'
  ';fu-'
  ';G('
  ';gd'
  ';Gd'
  ';Gv'
  ';H"'
  ';HD'
  ';hI'
  ';HmY'
  ';hoY'
  ';id'
  ';iN'
  ';Is'
  ';Jd'
  ';J~c'
  ';k$'
  ';K8'
  ';KBO'
  ';Kd'
  ';Ks'
  ';l.'
  ';L0'
  ';LCV'
  ';LD'
  ';LH9'
  ';Lx'
  ';M0'
  ';md'
  ';mR'
  ';n"'
  ';n='
  ';Nd'
  ';nd'
  ';NH'
  ';Od'
  ';olO'
  ';p@.Q'
  ';PD'
  ';pd'
  ';qd'
  ';r$'
  ';Rd'
  ';s$'
  ';s='
  ';Sd'
  ';Sz'
  ';t+'
  ';T3k'
  ';TD'
  ';Tf'
  ';tj'
  ';ud'
  ';UG'
  ';ur'
  ';v5'
  ';v9+p'
  ';Vd'
  ';V{G'
  ';wAaaFo'
  ';Wd'
  ';Wg'
  ';wKH'
  ';WZ'
  ';X.'
  ';X3'
  ';x4'
  ';XD'
  ';Xe'
  ';xI9! '
  ';xt'
  ';Y7FX'
  ';y\\'
  ';yd'
  ';zd'
  ';Zd'
  ';ZKW77'
  ';Z}U5-'
  ';{$'
  ';{?'
  ';|$'
  ';|^\\'
  '< d'
  '<!\\'
  '<"\''
  '<"p'
  '<#$'
  '<#`]'
  '<#Na:'
  "<$'"
  '<$>g'
  '<% '
  '<%?['
  '<%CJH'
  '<%d'
  '<%{'
  '<&E:'
  "<'I"
  "<'u"
  '<(d'
  '<)<'
  '<)d'
  '<*#~ '
  '<*A'
  '<+D'
  '<+PTH0'
  '<,d'
  '<,l'
  '<-n'
  '<.R'
  '</9'
  '</D'
  '<0\\:4*'
  '<0E'
  '<1$'
  '<14'
  '<2D'
  '<32v'
  '<4$'
  '<4g'
  '<5D'
  '<8D'
  '<8O'
  '<9r'
  '<:"'
  '<:$'
  '<:2'
  '<:wB'
  '<;E:'
  '<;F'
  '<<%'
  '<<D'
  '<<~'
  '<=$'
  '<=e'
  '<=u'
  '<>E:'
  '<?8'
  '<@$'
  '<@p'
  '<[$'
  '<[Hh'
  '<\\E:'
  '<\\r<^F9%>xr_2'
  '<]iN^+'
  '<^$'
  '<^('
  '<^3'
  '<^b/'
  '<^u'
  '<_D'
  '<_f'
  '<_z#'
  '<`-'
  '<`W'
  '<a$'
  '<a<'
  '<AE:'
  '<bD'
  '<By'
  '<C$'
  '<C8'
  '<CROL'
  '<cu='
  '<C~?M~?'
  '<Da'
  '<DE:'
  '<df'
  '<dlu'
  '<DQ'
  '<dXW]]'
  '<E:'
  '<eD'
  '<EG'
  '<Fd'
  '<FO/S'
  '<FT3'
  '<F{WD'
  '<G9'
  '<G>'
  '<Gc>'
  '<GD'
  '<gd'
  '<gF'
  '<GH'
  '<Gp'
  '<Gt'
  '<g|fUzT$'
  '<hA'
  '<hD'
  '<Hn'
  '<Ht'
  '<I$'
  '<I-I'
  '<I8'
  '<ie'
  '<iGx<i'
  '<ik'
  '<instrlib>'
  '<J!'
  '<J$'
  '<j$'
  '<JD'
  '<JE'
  '<Jo'
  '<kD'
  '<L=6'
  '<Ld'
  '<m$'
  '<M;'
  '<m<|'
  '<MD'
  '<mST'
  '<n4'
  '<N['
  '<nD'
  '<nl'
  '<NW'
  '<O!;)?'
  '<O/w+'
  '<o`'
  '<oA'
  '<Od'
  '<olO'
  '<oN'
  '<OQ'
  "<p'"
  '<PD'
  '<pD'
  '<Pon'
  '<pPTH0'
  '<pu'
  "<q+Y'"
  '<q:'
  '<qd'
  '<r!'
  '<r>'
  '<RD'
  '<resource>'
  '<RPTH0'
  '<rQ54'
  '<r{e'
  '<r}'
  '<s$'
  '<s-'
  '<S2_'
  '<Sd'
  '<Sh'
  '<T4ES'
  '<tE:'
  '<Tr!'
  '<TS'
  '<U$'
  '<v$'
  '<V3'
  '<VD'
  '<vilib>'
  '<VQx'
  '<Wb'
  '<WD'
  '<wE:'
  '<WJ'
  '<wNS'
  '<w}'
  '<X$'
  '<X8'
  '<Xb'
  '<xlv1'
  '<xq'
  '<Xs'
  '<y$'
  '<YD'
  '<YG'
  '<zD'
  '<Zh'
  '<Znn'
  '<{<'
  '<|$'
  '<}E:'
  '<}UK'
  '<~9Z'
  '<~z'
  '= 3'
  '= i-4Vn'
  '=!$'
  '="d'
  '="}&@'
  '=#$'
  '=#M0'
  '=$D'
  '=%D'
  '=%s\\'
  '=&d'
  "='d"
  '=(=NR*ND'
  '=(d'
  '=)6'
  '=)D'
  '=)zzR'
  '=*OYu'
  '=+^'
  '=+d'
  '=+|'
  '=,d'
  '=,sr'
  '=-$'
  '=.0N7'
  '=.D'
  '=.S4'
  '=.vLF'
  '=.X+'
  '=.Z'
  '=/!'
  '=/,'
  '=/G`O'
  '=0d'
  '=1d'
  '=2d'
  '=3D'
  '=3sg'
  "=4'x"
  '=4p'
  '=5d'
  '=6?^'
  '=6d'
  '=7d'
  '=8$p'
  '=8D'
  '=8D:'
  '=9#m'
  '=91)'
  '=9N'
  '=:,'
  '=:d'
  '=;+='
  '=;-'
  '=;4'
  '=;5)'
  '=;d'
  '=;P'
  '=<d'
  '=<v'
  '==D'
  '==h'
  '==oh'
  '=>('
  '=>;\\'
  '=?d'
  '=?gt'
  '=@"'
  '=@2'
  '=@d'
  '=["Q'
  '=[d'
  '=[e~'
  '=\\k[<'
  '=\\n7'
  '=]"rB'
  '=]1'
  '=]_'
  '=]G/'
  '=]Q'
  '=^:'
  '=^\\'
  '=^d'
  '=_?z'
  '=`$'
  '=`B'
  '=`k'
  '=a#"*9'
  '=a$'
  '=a:'
  '=a<'
  '=AD'
  '=c$'
  '=C6t'
  '=CD'
  '=Da'
  '=dD'
  '=E6'
  '=E:'
  '=Fhcl'
  '=GD'
  '=gDW'
  '=h+?'
  '=Ho'
  '=I '
  '=I&'
  '=I50'
  '=ifZ'
  '=J+'
  '=jd'
  '=jx0'
  '=K1'
  '=K3'
  '=k9'
  '=kE:'
  '=kV$'
  '=L$'
  '=L:'
  '=lpIp'
  '=m$'
  "=M'gtdq3"
  '=m2'
  '=M6'
  '=MP2'
  '=n$'
  '=nC'
  '=Nd'
  '=O '
  '=o_'
  '=Od'
  '=Okk'
  '=ORv'
  '=Ox'
  '=p$'
  '=P%'
  '=Pbm'
  '=q$'
  '=Q0)'
  '=qD'
  '=R:'
  '=Rd'
  '=RM'
  '=RpQ'
  '=RU'
  '=ry'
  '=S('
  '=S0'
  '=S:'
  '=sgT>'
  '=tM'
  '=TM^a/'
  '=u+O'
  '=U1'
  '=u['
  '=Ud'
  '=Up'
  '=v&'
  '=v.'
  '=v/Ft'
  '=v^'
  '=vd'
  '=Vd+'
  '=W%A'
  '=wE:'
  '=WK'
  '=Xd'
  '=y$'
  '=z$'
  '=Z$'
  '=zb'
  '=Zc'
  '=ZH'
  '=zP?'
  '=ZS'
  '=Zy'
  '=|$'
  '=}$'
  '=}d'
  '=}Qv'
  '=~+'
  '> yA'
  '>#zZ]'
  ">$'"
  '>$\\'
  '>$`'
  '>%qq}e'
  '>&ck'
  '>&d'
  ">'Fn%"
  ">'{"
  '>),'
  '>)c'
  '>)k'
  '>*L'
  '>*{8l'
  '>*~'
  '>,p'
  '>-ex'
  '>.D'
  '>.d'
  '>/j'
  '>07'
  '>1D'
  '>1PTH0'
  '>2-m'
  '>2d'
  '>3F'
  '>3i'
  '>3N'
  '>4d'
  '>4ze'
  '>5D'
  '>7d'
  '>7f'
  '>7n'
  '>8 bO'
  '>8]'
  '>8B'
  '>8D'
  '>8h'
  '>9E'
  '>:d'
  '>;D'
  '><)#'
  '><T'
  '>="'
  '>=;'
  '>=d'
  '>=Q'
  '>=r'
  '>>D'
  '>@%'
  '>@>!'
  '>@D'
  '>@d'
  '>@p'
  '>[s'
  '>[zMo#J`'
  '>\\=G'
  '>\\D'
  '>]l'
  '>^v'
  '>_|'
  '>`t;'
  '>a$6'
  '>AD'
  '>aW'
  '>AWp#'
  '>AX'
  '>B+'
  '>B_'
  '>bd'
  '>Bk'
  '>by'
  '>cLW'
  '>Csq'
  '>CWy'
  '>Da'
  '>DD'
  '>D|'
  '>ed'
  '>ei'
  '>ekhq'
  '>F;`'
  '>f='
  '>fd'
  '>fffff.'
  '>fyG'
  '>G]k'
  '>Ga'
  '>gd'
  '>GD'
  '>H.'
  '>h7'
  '>h8'
  '>hD'
  '>hN'
  '>hx'
  '>i$'
  '>I+)'
  '>i5'
  '>if'
  '>J]q'
  '>jd'
  '>Jf'
  '>K&'
  '>K0'
  '>kc'
  '>kd'
  '>ld'
  '>lG<'
  '>Lz'
  '>M1-'
  '>m<'
  '>mD'
  '>mI'
  '>mm0)'
  '>mx'
  '>m}j'
  '>N8'
  '>n9'
  '>O&'
  '>O<'
  '>od'
  '>OQ'
  '>p '
  '>P&'
  '>P3b'
  '>pbG'
  '>pd'
  '>Pv'
  '>Qc,'
  '>qd'
  '>QD'
  '>QFT'
  '>Qu'
  '>qW'
  '>r2'
  '>R38'
  '>rD'
  '>Rf'
  '>RgF'
  '>RQ'
  '>RTT('
  '>R}'
  '>SF'
  '>SL?'
  '>t,'
  '>td'
  '>ud'
  '>uJ,'
  '>V=g'
  '>vd'
  '>VE`'
  '>Vw'
  '>W@}'
  '>wb'
  '>wD'
  '>Wv'
  '>X3'
  '>y"|'
  '>yd'
  '>yv'
  '>Y~H'
  '>z+'
  '>zd'
  '>zr '
  '>{$'
  '>{d'
  '>{Ew'
  '>{Q'
  '>|D'
  '>|Uy'
  '>|}'
  '>},'
  '>~d'
  '?!$'
  '?!L;'
  '?"`y'
  '?"d'
  '?"E'
  '?"u'
  '?#-'
  '?#7j6p'
  '?#;Fsbm'
  '?#`'
  '?#i'
  '?%('
  '?&('
  '?&q'
  '?&W'
  "?'h"
  "?'k"
  '?(%Pr'
  '?)zOh'
  '?*::(INSTR|SOCKET)'
  '?*>'
  '?++~2F'
  '?+e2'
  '?+I'
  '?+p'
  '?.4s`&'
  '?/8K'
  '?/a='
  '?/d$^'
  '?09'
  '?0R'
  '?1('
  '?2N'
  '?3J'
  "?4N'~"
  '?4T+~b'
  '?4V'
  '?4{B'
  '?52C'
  '?5y+'
  '?68'
  '?77'
  '?8D'
  '?8m'
  '?9_\\'
  '?9K'
  '?9s'
  '?<_jhC'
  '?=-'
  '?>3'
  '???'
  '??L'
  '?@;'
  '?\\[o'
  '?\\HK'
  '?]h7'
  '?]Pu'
  '?^-'
  '?^2'
  '?`a'
  '?`H#*'
  '?`x'
  '?a.'
  '?A7'
  '?a7'
  '?B+'
  '?b<'
  '?C4'
  '?c\\'
  '?Cp'
  '?Cy'
  '?cY'
  '?D,'
  '?d0'
  '?D;8'
  '?D^'
  '?Da'
  '?DZ'
  '?e3'
  '?E:'
  '?F!'
  '?f%'
  '?fk??#'
  '?FO'
  '?FP0'
  '?f~'
  '?g_ J'
  '?GTWi=6s'
  "?H'"
  '?H,'
  '?H^'
  '?HA'
  '?HH'
  '?hm'
  '?i]'
  '?IX^t'
  '?Iy'
  '?j]G$'
  '?jT'
  '?kd'
  '?L#RW|'
  '?L$}'
  '?lB'
  '?Lp'
  '?MD'
  '?Mgd'
  '?Ml'
  '?M}'
  '?n-'
  '?o&>'
  '?O]'
  '?Ou'
  '?PbM'
  '?Pc8'
  '?QD'
  '?R&'
  '?R4'
  '?rHA'
  '?S!'
  '?s<'
  '?sU'
  '?SW'
  '?td'
  '?tH7/'
  '?U0^'
  '?u^S'
  '?uAmy'
  '?Us\\'
  '?v0'
  '?v?'
  '?V@'
  '?Vs=Rs@'
  '?VT'
  '?W8'
  '?WD'
  '?wpH'
  '?wz'
  '?X8['
  '?xa'
  '?xq'
  '?y('
  '?y?'
  '?Ys'
  '?zh'
  '?{f$M'
  '?|]'
  '?|F'
  '?|L'
  '?}d'
  '?~o#'
  '?~V~0'
  '@ /D%'
  '@ H'
  '@!|,'
  '@"G'
  '@"G;'
  '@"{'
  '@&BH'
  '@&K}q'
  "@'D"
  '@(:'
  '@(|4j'
  '@+g?'
  '@-=\\'
  '@-d'
  '@-h'
  '@.`K'
  '@.E:'
  '@/"'
  '@/`'
  '@/J?'
  '@01pO'
  '@1$'
  '@1+'
  '@1K'
  '@2H'
  '@3VAC'
  '@4d'
  '@5C|'
  '@72'
  '@7^Ui'
  '@7D'
  '@8x'
  '@9D'
  '@:('
  '@:G'
  '@;-}'
  '@;B'
  '@?$'
  '@?1'
  '@@('
  '@@+'
  '@@D'
  '@@p'
  '@[&'
  '@[_^'
  '@[_^A^A_'
  '@[BL'
  '@\\c'
  '@^F'
  '@`d'
  '@`M'
  '@`r'
  '@a1'
  "@C'"
  '@C3:d+'
  '@D-'
  '@d.'
  '@Da'
  '@DH'
  '@Dk'
  '@DQ'
  '@DxQ'
  '@E-i'
  '@E8'
  '@E:'
  '@E['
  '@E_$E'
  '@eV/'
  '@fe'
  '@fE:'
  '@FRN'
  '@g#!w5'
  '@g]'
  '@Ga'
  '@gF5'
  '@HJ'
  '@HKV'
  '@hlx_'
  '@hm'
  '@Hs;'
  '@i_o'
  '@Jou'
  '@jY9'
  '@K(O'
  '@K1'
  '@k]JM'
  '@kM'
  '@Lt'
  '@lW'
  '@m,Z'
  '@m}'
  '@n '
  '@n-'
  '@N-'
  '@nP'
  '@nR'
  '@NwT='
  '@nX'
  '@N|b'
  '@o$'
  '@o65'
  '@o`'
  '@pdn%N|'
  '@pfb'
  '@pH'
  '@PH'
  '@pS('
  '@PTH0'
  '@pu'
  '@Q:6'
  '@qv'
  '@rd'
  '@rz'
  '@r{'
  '@S!8'
  '@S]'
  '@sF'
  '@ss'
  '@S|('
  '@t; '
  '@TC4k '
  '@Tl\\'
  '@tlH'
  '@UMG'
  '@v`y'
  '@Vp#T0'
  '@w2-'
  '@W6'
  '@WIu'
  '@ws'
  '@x/9'
  '@xD'
  '@xHX'
  '@xY'
  '@y&+'
  '@y9'
  '@yD'
  '@yo^'
  '@yv'
  '@yY'
  '@y~O'
  "@Z'v"
  '@z)('
  '@z,'
  '@Zh'
  '@zn'
  '@{$'
  '@{.=_'
  '@|7'
  '@|\\I'
  '@|BP'
  '@|P'
  '@}o'
  '[ ='
  '[ D'
  '[ u:'
  '[ {'
  '[!]'
  '["D'
  '[#:G'
  '[#D'
  '[$$'
  '[$g'
  '[%3D'
  '[%E:'
  '[%Jo'
  '[&%'
  '[&D'
  "['$"
  "['2"
  '[("'
  '[(dp'
  '[(E:'
  '[)$'
  '[)i&mz('
  '[*$'
  "[*'"
  '[*z'
  '[+E:'
  '[+h'
  '[,('
  '[,D'
  '[,W'
  '[,z'
  '[-$'
  '[-as'
  '[-p'
  '[.4'
  '[.D'
  '[/D'
  '[/fl5'
  '[/K6'
  '[0$'
  '[05'
  '[0:'
  '[0]'
  '[0e'
  '[1]'
  '[1D'
  '[1hb'
  '[1Rt'
  '[2@o"Ix'
  '[2D'
  '[2NC@O{W>4/ '
  '[3$'
  '[38G'
  '[3I'
  '[452'
  '[4D'
  '[5D'
  '[5W'
  '[5X'
  '[6$'
  '[6SN'
  '[7E:'
  '[86/'
  '[8D'
  '[8{'
  '[9$'
  '[:<'
  '[:c0#'
  '[:D'
  '[:LW'
  '[;;'
  '[;D'
  '[;u'
  '[<$'
  '[<_'
  '[<N'
  '[<XY'
  '[=D'
  '[>$'
  '[>\\{'
  '[?$'
  '[?('
  '[?0'
  '[@D'
  '[@E'
  '[[$'
  '[[m'
  '[\\">\'>/'
  '[\\d'
  '[]d'
  '[^%'
  '[^1xUJ'
  '[^:'
  '[_$'
  '[_2xz'
  '[_6'
  '[_^'
  '[_^A\\A^A_'
  '[_^A^A_'
  '[_l'
  '[`$'
  "[a'+WB"
  '[Ad'
  '[am'
  '[aO'
  '[AU'
  '[B$'
  '[b1'
  '[bd'
  '[Bo'
  '[BT$'
  '[C>Cn'
  '[C>CnDc'
  '[c[+'
  '[cd'
  '[CE:'
  '[cl'
  '[d?^'
  '[Da'
  '[Dd'
  '[DH'
  '[dN'
  '[DQ'
  '[E:'
  '[ed'
  '[Eg'
  '[Er'
  '[ez'
  '[f;c'
  '[fd'
  '[Fd'
  '[Fh1*'
  '[FOr'
  '[F{'
  '[G$'
  '[g<g'
  '[gd'
  '[H$'
  '[H+'
  '[h\\'
  '[hd'
  '[hh'
  '[ho'
  '[Hr'
  '[I32'
  '[I_oE'
  '[id'
  '[Id'
  '[IT#'
  '[J6'
  '[Jd'
  '[jj'
  '[jx'
  '[jX'
  '[k+'
  '[K.'
  '[Kc'
  '[Kd'
  '[kniEYy'
  '[Ko'
  '[L`ZR'
  '[LA'
  '[LD'
  '[ld'
  '[Md'
  '[Mn+'
  '[n7'
  '[nd'
  '[NE:'
  '[Np'
  '[nT7[n'
  '[o,'
  '[oC'
  '[od'
  '[OD'
  '[oT'
  '[Pd'
  '[PQ'
  '[PrR'
  '[Q"'
  '[q$'
  '[Q(}'
  '[QE:'
  '[qjmq#'
  '[r$'
  '[r`'
  '[rK'
  '[rn'
  '[rz'
  '[Sd'
  '[sS'
  '[T<'
  '[td'
  '[TE:'
  '[ud'
  '[UD'
  '[UkSu'
  '[user-specified font]'
  '[v$'
  "[V'"
  '[Vd'
  '[wd'
  '[WE:'
  '[wgT'
  '[wI'
  '[ws>'
  '[XD'
  '[xd'
  '[xE'
  '[xO'
  '[xQ'
  '[Xs?'
  '[Y$'
  '[z8'
  '[Zd'
  '[zd'
  '[zj'
  '[{C'
  '[{d'
  '[|d'
  '[}d'
  '[~#'
  '[~.P'
  '[~d'
  '[~o'
  '\\ 3P'
  '\\ [y'
  '\\"9'
  '\\#C'
  '\\#K'
  '\\$ 1'
  '\\$ H'
  '\\$ I'
  '\\$(H'
  '\\$)'
  '\\$,f'
  '\\$0H'
  '\\$8H'
  '\\$<f'
  '\\$@'
  '\\$@f'
  '\\$\\H'
  '\\$`f'
  '\\$`H'
  '\\$df'
  '\\$DH'
  '\\$dH'
  '\\$Hf'
  '\\$hf'
  '\\$hH'
  '\\$lf'
  '\\$LH'
  '\\$lH'
  '\\$p'
  '\\$Pf'
  '\\$pf'
  '\\$T'
  '\\$tf'
  '\\$TH'
  '\\$tH'
  '\\$xf'
  '\\$Xf'
  '\\$|H'
  '\\%]'
  '\\%B\\O'
  '\\%O'
  '\\&['
  '\\&E-,'
  '\\&PRh'
  "\\')'"
  "\\')}W>"
  "\\';"
  "\\'K"
  '\\(&'
  '\\(d'
  '\\(i]'
  '\\(}%W'
  '\\)+'
  '\\)+}tC'
  '\\)6'
  '\\)@.'
  '\\)DL)'
  '\\*d'
  '\\+D'
  '\\+LQ'
  '\\+S'
  '\\,r'
  '\\,X'
  '\\-D'
  '\\.$'
  '\\.)'
  '\\/HpF'
  '\\1J'
  '\\1O_'
  '\\3_u'
  '\\4E:'
  '\\5q'
  '\\6e'
  '\\6ng;'
  '\\6U'
  '\\7d'
  '\\8?'
  '\\8J'
  '\\8mx'
  '\\8xX'
  '\\9f%'
  '\\:aEd'
  '\\:D'
  '\\;Z'
  '\\<7]'
  '\\=<'
  '\\=E'
  '\\>[+'
  '\\?d'
  '\\?i'
  '\\@W'
  '\\[D'
  '\\[Q'
  '\\\\D'
  '\\]$V`'
  '\\]4'
  '\\]d'
  '\\]MYv'
  '\\^"'
  '\\^8E'
  '\\^\\'
  '\\^d'
  '\\_d'
  '\\`+3'
  '\\`d'
  '\\`Yx?'
  '\\`Z*'
  '\\a?'
  '\\ad'
  '\\aU'
  '\\B3|'
  '\\B=d'
  '\\bD'
  '\\bQ'
  '\\bu'
  '\\c$'
  '\\cj'
  '\\CONP'
  '\\c|'
  '\\Db_Jb?hs'
  '\\dd'
  '\\dD'
  '\\DH'
  '\\E+'
  '\\E/'
  '\\E:'
  '\\e>'
  '\\E^r'
  '\\Ed'
  '\\ed'
  '\\eR'
  '\\Et'
  '\\Ev='
  '\\fd'
  '\\gd'
  '\\gjf'
  '\\H>C'
  '\\Hd'
  '\\hd'
  '\\hl'
  '\\i*koO^a'
  '\\I,5'
  '\\i7l'
  '\\Id'
  '\\iD'
  '\\is'
  '\\It'
  '\\IX'
  '\\J` '
  '\\Jd'
  '\\jd'
  '\\jK'
  '\\jQ('
  '\\jz'
  '\\K,(t'
  '\\k<'
  '\\K_Tf'
  '\\K`'
  '\\kd'
  '\\Kd'
  '\\ld'
  '\\Ld'
  '\\MD'
  '\\md'
  '\\N_'
  '\\Nd'
  '\\nd'
  '\\o['
  '\\od'
  '\\Od'
  '\\ojf'
  '\\oR'
  '\\O}'
  '\\Pd'
  '\\pD'
  '\\Q4'
  '\\Qd'
  '\\QN'
  '\\QYU\\'
  '\\r*'
  '\\r]'
  '\\Ra'
  '\\Rd'
  '\\rd'
  '\\RK1'
  '\\Rn?Tc'
  '\\S!8'
  '\\sb-'
  '\\Sd'
  '\\sd'
  '\\sS'
  '\\T%'
  '\\T5'
  '\\TD'
  '\\td'
  '\\TE'
  '\\tT'
  '\\tu'
  '\\T|'
  '\\u=/'
  '\\ud'
  '\\UD'
  '\\V?Q'
  '\\vd'
  '\\Vd'
  '\\w6'
  '\\Wd'
  '\\wD'
  '\\wq'
  '\\X3'
  '\\Xd'
  '\\xE:'
  '\\XQ{'
  '\\Xs'
  '\\Xyzq'
  '\\xZ'
  '\\yd'
  '\\Yd'
  '\\yhFy%@'
  '\\Your acquisition lost frames.'
  '\\Y~f'
  '\\Zd'
  '\\zd'
  '\\{d'
  '\\{o'
  '\\|d'
  '\\|nQ'
  '\\|v'
  '\\}8Z'
  '\\}d'
  '\\~!'
  '\\~>'
  '\\~D'
  '\\~L'
  '\\~S'
  '] D'
  '] E{'
  '] X:'
  ']!-'
  ']"d'
  ']#D'
  ']%d'
  ']&D'
  ']&z'
  "]'K"
  '](='
  '](d'
  '])0!'
  ']);@'
  '])c'
  '])D'
  '])N'
  ']*3'
  ']*L8}'
  ']+#'
  ']+d'
  ']+wSf'
  ']+~]w'
  '], '
  '],-'
  '],D'
  '].$'
  '].&'
  ']/#k'
  ']/E:'
  ']/q'
  ']0-'
  ']0.'
  ']0/'
  ']0HD'
  ']1$'
  ']1n '
  ']2E:'
  ']4/>c'
  ']4d'
  ']5_L'
  ']5D'
  ']5I'
  ']6ep'
  ']78'
  ']7M'
  ']8D'
  ']9M)69M'
  ']:$'
  '];('
  '];E:'
  "]<a'y"
  ']<w'
  ']<Zw'
  ']=$'
  ']=H'
  ']>!'
  ']>E:'
  ']?C'
  ']?o'
  ']@$'
  '][1'
  '][['
  '][]'
  ']]$'
  ']]qA'
  ']^$'
  ']^\\'
  ']_%2'
  ']`d'
  ']A&*'
  ']ad'
  ']AE:'
  ']aV'
  ']aY'
  ']a|'
  ']Bv'
  ']C$'
  ']C['
  ']C\\g'
  ']cd'
  ']cF'
  ']Cp'
  ']cz'
  ']Da'
  ']DD'
  ']dE:'
  ']DH'
  ']D{'
  ']E.'
  ']e6'
  ']E['
  ']Ed'
  ']Eih'
  ']Eo/'
  ']Eoo'
  ']F$'
  ']FM'
  ']fxcl'
  ']gd'
  ']GD'
  ']H&'
  ']h/'
  "]h9'w"
  ']h9K(Q'
  ']hd'
  ']hi('
  ']hP'
  ']hx~'
  ']I$'
  ']id'
  ']j4!'
  ']j6'
  ']j^X,'
  ']JD'
  ']jd'
  ']jI'
  ']JS'
  ']k0^'
  ']k7^k'
  ']kd'
  ']Kd'
  ']l$'
  ']L$'
  ']l&D'
  ']l0'
  ']lN}'
  ']L|'
  ']m$'
  "]m'"
  ']m-'
  ']M8'
  ']ME:'
  ']n)>'
  ']N2'
  ']nD'
  ']NR%Ww'
  ']O$'
  ']od'
  ']oE'
  ']p!.G0_.G'
  ']p5'
  ']P8k'
  ']pd'
  ']PE:'
  ']Pk'
  ']PU'
  ']pxf'
  ']qD'
  ']qq'
  ']Qu'
  ']R$'
  ']R^Y'
  ']rd'
  ']rE^'
  ']ru'
  ']sd'
  ']SE:'
  ']sf'
  ']t$'
  ']T['
  ']t^'
  ']Td'
  ']U$'
  ']u7'
  ']U]'
  ']ud'
  ']Um"kL'
  ']uU'
  ']vd'
  ']VE:'
  ']WR?'
  ']wX'
  ']X$'
  ']x<'
  ']xd'
  ']Xf'
  ']xFI'
  ']XpoK'
  ']yd'
  ']YE:'
  ']yN'
  ']zD'
  ']zh8'
  ']zP'
  ']{d'
  ']|5z'
  ']|^'
  ']|d'
  ']}E:'
  ']~$'
  '^ $'
  '^ %'
  '^ v{'
  '^!d'
  '^!J'
  '^"d'
  '^#d'
  '^$d'
  '^$k'
  '^$Q'
  '^%d'
  '^&d'
  '^&k'
  '^&~x,'
  "^'A"
  "^'E:"
  '^(D'
  '^)a'
  '^)tc*Q'
  '^)Xk'
  '^**'
  '^+d'
  '^+oVt|'
  '^,d'
  '^-"'
  '^-$'
  '^-D'
  '^.$'
  '^.+'
  '^.Q'
  '^/$'
  '^/:{_Dgh'
  '^0?r'
  '^0b'
  '^0D'
  '^0d'
  '^0q'
  '^16'
  '^1d'
  '^20-'
  '^2d'
  '^2T'
  '^2v'
  '^2wQ'
  '^3^'
  '^3d'
  '^3N'
  '^3QWS'
  '^5d'
  '^5Q'
  '^6d'
  '^6f9>'
  "^79'"
  '^8d'
  '^8e'
  '^8Oh'
  '^8Zil'
  '^9d'
  '^9o'
  '^:!'
  '^:XV'
  '^;d'
  '^<2'
  '^<d'
  '^<H'
  '^<s'
  '^=s'
  '^=s)zN/'
  '^>d'
  '^>G'
  '^>Q1'
  '^?O'
  '^@"'
  '^\\[SSZ'
  '^] '
  '^]$'
  '^]d'
  '^^^'
  '^^d'
  '^^DRo]'
  '^^E>'
  '^_$'
  '^_G'
  '^`$'
  '^`8'
  '^`;/'
  '^`;W'
  '^`Y'
  '^A$'
  '^a$'
  '^a(N"'
  '^A\\,'
  '^ba'
  '^BE4$'
  '^B}|'
  '^c:<M'
  '^cd'
  '^Da'
  '^dd'
  '^DD'
  '^DH'
  '^D~'
  '^E:'
  '^eA'
  '^eP'
  '^erc'
  '^esH'
  '^f;eF?'
  '^f@'
  '^fd'
  '^ff'
  '^G"'
  '^G$'
  '^g1P'
  '^gd'
  '^H!'
  '^H7*'
  '^hE:'
  '^Ho'
  '^Ib'
  '^Id'
  '^iKS'
  '^iX'
  '^j;,'
  '^jD'
  '^Jd'
  '^jh'
  '^jH'
  '^K%'
  '^K+'
  '^kd'
  '^kl8'
  '^L,<'
  '^lc'
  '^ld'
  '^lQ_9K'
  '^md'
  '^NC'
  '^Nd'
  '^nD'
  '^nj'
  '^nk'
  '^nQ'
  '^n|G='
  '^o-'
  '^o@'
  '^Od'
  '^oE:'
  '^Ok'
  '^Os'
  '^O~'
  '^pd'
  '^PYj'
  '^Q$'
  '^qD'
  '^Q|'
  '^R$'
  '^R0'
  '^rB6'
  '^rC'
  '^RNo)'
  '^R}'
  '^s$'
  '^S$'
  '^s['
  '^Sm'
  '^Td'
  '^tE:'
  '^tS'
  '^Ud'
  '^ud'
  '^uF'
  '^v$'
  '^VD'
  '^vI'
  '^Vp^'
  '^VZ'
  '^W^U'
  '^Wd'
  '^wE:'
  '^Xb'
  '^Xd'
  '^xE:'
  '^xF'
  '^Xk'
  '^XM'
  '^XY'
  '^X~i'
  '^yd'
  '^zD'
  '^zH'
  '^zNK'
  '^{q]'
  '^|)d'
  '^|d'
  '^}D'
  '^~.'
  '^~/'
  '^~f'
  '^~o\\C'
  '_ ='
  '_ d'
  '_![b'
  '_"['
  "_#,H<' "
  '_#?'
  "_$'"
  '_$1'
  '_$>'
  '_%s'
  '_&c'
  '_&K'
  '_&t'
  '_(k'
  '_(V'
  '_({\\D'
  '_)&'
  '_).X'
  '_)si'
  '_*#'
  '_*x0?'
  '_+2V6'
  '_+s'
  '_+zz'
  '_,d'
  '_,p'
  '_.a'
  '_/U'
  '_/V'
  '_0<'
  '_0m'
  '_0P'
  '_2_'
  '_37'
  '_3Pw'
  '_3y'
  '_5d'
  '_5S'
  '_7?'
  '_7d'
  '_7K'
  '_87TR'
  '_8D'
  '_8x'
  '_9-'
  '_9fx'
  '_:d'
  '_:u'
  '_;a'
  '_;L'
  '_<;'
  '_<]'
  '_<B'
  '_>n'
  '_?+t(1Y'
  '_?;'
  '_?D'
  '_?G_'
  '_?h].]'
  '_?{'
  '_@d'
  '_@I'
  '_[l'
  '_[U'
  '_\\n'
  '_\\Z\\V'
  '_]?'
  '_`;'
  '_`\\'
  '_`g'
  '_A<'
  '_Ad'
  '_By'
  '_B{'
  '_Cd'
  '_CNGq'
  '_co'
  '_c{'
  '_Da'
  '_DM'
  '_e)JCg'
  '_E*'
  '_E3^'
  '_E:'
  '_e:l]o'
  '_E<'
  '_e>'
  '_EaI+'
  '_ED'
  '_f>'
  '_Fd'
  '_fl'
  '_g$'
  '_G)O'
  '_g1'
  '_gUL.EZ!'
  '_g{'
  '_h='
  '_h=P'
  '_h?|'
  '_hk'
  '_h{}>'
  '_I/'
  '_i\\u]Bf^+mp[4'
  '_i`'
  '_IpI'
  '_ir'
  '_IXF2'
  '_j='
  '_JCl]'
  '_jt'
  "_j{'"
  '_J~'
  '_k='
  '_ku'
  '_kY'
  '_L2&'
  '_Ld'
  '_M57K'
  '_n"y'
  '_N='
  '_n=Pj'
  '_n>'
  '_No&'
  '_o"='
  '_O;E]'
  '_OQ'
  '_O|('
  '_P<'
  '_P</~'
  '_Pd'
  '_pd'
  '_Pm'
  '_Po'
  '_pstDr'
  '_px'
  '_Q5'
  '_qD'
  '_r4'
  '_RB'
  '_Rd'
  '_r{k'
  '_sD'
  '_T$'
  '_T*G'
  '_T/KRU'
  '_tdi'
  '_Tg'
  '_uQM'
  '_uzO%'
  '_Vd'
  '_vddd'
  '_w$'
  '_w>1'
  '_X3'
  '_X?'
  '_XH'
  '_XQ'
  '_Xs'
  '_x|'
  '_y$'
  '_Ya'
  '_yo'
  '_Yo'
  '_YR['
  '_ZX'
  '_{I'
  "_{kt'{4"
  '_|d'
  '_|n'
  '_}d'
  '_}I'
  '_~8'
  '` $'
  '` _'
  '`!$'
  '`"D'
  '`#C'
  '`#d'
  '`#P'
  '`$d'
  '`%$'
  '`%('
  '`&:'
  '`&a3'
  '`&d'
  '`&qgfO'
  "`'d"
  "`'R"
  '`($'
  '`(s'
  '`)`'
  '`)d'
  '`)l'
  '`+Y'
  '`-$'
  '`-/X'
  '`-`'
  '`-q'
  '`.:'
  '`/A'
  '`/c'
  '`/d'
  '`0?'
  '`0d'
  '`3E:'
  '`3j'
  '`4d'
  '`5d'
  '`6S'
  '`6YU%'
  '`7$'
  '`8$'
  '`9F'
  '`:B'
  '`:d'
  '`:F,'
  '`;A'
  '`;d'
  '`<0H{'
  '`<C'
  '`<d'
  '`=_'
  '`=d'
  '`>('
  '`>6R'
  '`>d'
  '`? o'
  '`?!'
  '`?#<'
  '`[_^'
  '`[_^A^A_'
  '`\\$'
  '`]E:'
  '`]Y'
  '`^2'
  '`^8V'
  '`^^S&P'
  '`^d'
  '`_0'
  '`_@'
  '`_d'
  '``@'
  '``C'
  '``D'
  '``L'
  '`AZRN1'
  '`B6o.KhM'
  '`B7'
  '`b``fd`Pch`H'
  '`bd'
  '`BQ'
  '`b}'
  '`Cd'
  '`cD'
  '`D$s'
  '`D%'
  '`d``'
  '`Da'
  '`Dd'
  '`DH'
  '`DR'
  '`D}z'
  '`e$'
  '`e`'
  '`Er'
  '`F$'
  '`F]'
  '`fE:'
  '`G$'
  '`G%'
  '`G/Kf'
  '`G1'
  '`GB^'
  '`gd'
  '`gq'
  '`h$'
  '`H:'
  '`hF:'
  '`I`#'
  '`Id'
  '`iE:'
  '`IsS'
  '`IT'
  '`j$'
  '`Jd'
  '`jf'
  '`k^'
  '`kd'
  '`KY'
  "`l't0"
  '`lA'
  '`Ld'
  '`lD'
  '`Md'
  '`MF'
  '`mi'
  '`N j ..F'
  '`nd'
  '`NEA'
  '`nhj'
  '`oD'
  '`oS'
  '`PD'
  '`PPTH0'
  '`pVe~'
  '`Q0'
  '`Q`'
  '`q`'
  '`Qd'
  '`qd'
  '`q}'
  '`R;'
  '`rD'
  '`r|'
  '`S86'
  '`saKk'
  '`Sd'
  '`SPw'
  '`T2'
  '`TD'
  '`td'
  '`tH'
  '`U*'
  '`U*wk'
  '`U1>^'
  '`U5'
  '`uD'
  '`U|'
  '`vB1'
  '`Vd'
  '`wd'
  '`WD'
  '`Wl'
  '`WXoIw'
  '`xD'
  '`xl06H'
  '`x{'
  '`Y$'
  '`Y&'
  '`y@'
  '`Y`3'
  '`yi:'
  '`z$'
  '`Ze'
  '`ZE:'
  '`Zev'
  '`ZG'
  '`Z}'
  '`{E:'
  "`|'"
  '`|*'
  '`|4K'
  '`}$'
  '`}?'
  '`}Gl'
  '`~/'
  '`~E:'
  '`~J'
  "A '"
  'a D'
  'A d'
  'A H'
  'A!"'
  'a!7'
  'A!9'
  'A!D'
  'A!l'
  'A"\\'
  'a"N_'
  'A#$'
  'A#0'
  'a#7'
  'a#\\'
  'a#D'
  'a$d'
  'a$K'
  'a%$'
  'A%:Y'
  'a&$0'
  'a&E:'
  'a&Y'
  'a&Z'
  "A'd"
  'a($'
  'A(E:'
  'A(H'
  'a)E:'
  'a)mi'
  'A)S'
  'a)S~`'
  "a*'H"
  'A*+'
  'a*^k'
  'a+$'
  'A+8/Gy_'
  'A+d'
  'a,E:'
  'a,f'
  'a-5{'
  'a.$'
  "A.'"
  'A.d'
  'A.p'
  'a/D'
  'A/d'
  'a/g'
  'A/M'
  'a0!W'
  'a0\\'
  'A0D'
  'a1$'
  'a19'
  'A1D'
  'A1tZ'
  'A2$'
  'A2+'
  'A20'
  'a2];'
  'a2D'
  'A3.'
  'a38,/3'
  'a3G'
  'A3K'
  'a4$'
  'A4$'
  'A4f'
  'a4h'
  'A5"\\'
  'A5+i<'
  'a5-'
  'a5<G'
  'A5d'
  'a5D'
  'A5m'
  'A6B}'
  'A6E:'
  'a7$'
  'a8D'
  'A8d'
  'a8E:'
  'a8O'
  'a8R'
  'A9>U0dH'
  'a9D'
  'a9hn'
  'a9~e'
  'a:"'
  'a:$'
  'a:<'
  'A:d'
  'a:Dv'
  'a:e'
  'a:ge}\\'
  'a:Q'
  'A:r'
  'a:t]w'
  'A:~'
  'a;['
  'A;D'
  'a;E:'
  'A;zn'
  'a<['
  'A<D'
  'a<k'
  'A<Ws'
  'a=$'
  'A=$'
  'a=6'
  'a=;=P'
  'a=>hoF'
  'a=}$'
  'A>.'
  'A>2\\'
  'a>E:'
  'a>rJ'
  'a?:'
  'a@$'
  'A@5'
  'A@d'
  'a[D'
  'a[d'
  'A[J'
  'A\\]'
  'a]$'
  'A]G+'
  'A]X'
  'a^$'
  'A^d'
  'a^l8'
  'a^MJt'
  'a^MmU'
  'A^v`'
  'A_E:'
  'A_y=MMl'
  'A`)\\'
  'a`1'
  'a`d'
  'A`H'
  'A`I'
  'A`v'
  'Aa?'
  'aaaz'
  'aad'
  'Aad'
  'aAE:'
  'AAI'
  'Ab0'
  'abbe'
  'abbreviated'
  'ABd'
  'AbJo'
  'ABq'
  'abs(x)'
  'aC$'
  'ac<d<'
  'Acd'
  'acd'
  'ACD'
  'Action'
  'action'
  'actual # data points'
  'aCw'
  'aDa'
  'adaD'
  'ADD'
  'add'
  'Add'
  'aDE:'
  'aDGz3Q'
  'ADH'
  'ADN'
  'aDO'
  'ADQ'
  'aE$5'
  'aE:'
  'AE:'
  'AE>'
  'AE['
  'AeD'
  'AED'
  'AEZ'
  'Af"'
  'AF$'
  'af4'
  'af<g'
  'Af>%'
  'AfD'
  'afd'
  'Affected axes'
  'Afo'
  'AFTER all beads are selected'
  'Ag$'
  'AG$'
  'agd'
  'AgfS'
  'aGg'
  'aGk'
  'aGR'
  'ah!r9'
  'aH$'
  'aH*k'
  'ahd'
  'ahos'
  'AHXG'
  'aI$'
  'AIDATx'
  'aIU'
  'aI|'
  'aj+'
  'ajd'
  'AJe7'
  'ajf'
  'AJN'
  'aj~'
  'Ak!'
  'ak='
  'aK?!w.'
  'ak^'
  'akC'
  'akd'
  'AKd'
  'aKD'
  'aKd'
  'aKQ'
  'aKQP'
  'AkYwA'
  'Al$'
  'Al>'
  'ald'
  'aLd'
  'alignment(left, top)'
  'All axes?'
  'All Images? (No)'
  'ALT'
  'Alt'
  'Am$'
  "AM'"
  'amd'
  'AMd'
  'AMhV'
  'Amplitude'
  'amw'
  'AM|6'
  'An '
  'aN(w'
  'An+'
  'AN?'
  'An@p^'
  'aN['
  'An_'
  'Analysis'
  'aND'
  'And'
  'ANd'
  'aNd'
  'aNI'
  'Annotation Menu Selection'
  'Annotation Menu Selection?'
  'aNx'
  'ao$'
  'Ao3'
  'Ao8'
  'AOD'
  'Aod'
  'aOE:'
  'aoen'
  'AOOgh'
  'aoq'
  'ap$'
  'AP%'
  'ap>XZxa'
  'aPB'
  'APD'
  'ApE:'
  'apOSU'
  'App Instance Close'
  'App Instance Close?'
  'appended path'
  'Application Font'
  'AQ$'
  'Aq>'
  'aQd'
  'aQT'
  'AQ{p'
  'ar&'
  'Ar&'
  'aR/('
  'Ar5'
  'aR:'
  'Ar@^'
  'Ar_R0'
  'arc size(360)'
  'Ard'
  'ard'
  'aRE:'
  'aRE]'
  'Arial'
  'ARM'
  'aRm'
  'Arr (strict)D'
  'array'
  'Array of bead'
  'Array of cal clusters'
  'arUH'
  'aRw=o'
  'aS+'
  'aS7'
  'asd'
  'AsdCd'
  'AsE:'
  'asI'
  'ASI TG-1000'
  'ASI TG-1000.lvlib'
  'ASI_adjust focus-subvi.vi'
  'ASI_adjust focus-subvi.viPTH0'
  'ASI_Piezo'
  'asu'
  'ATb7RIb'
  'atd'
  'aTd'
  'ATd'
  'Atf1'
  'ATHb'
  'aToUv%'
  'Atrm'
  'AtW'
  'atW'
  'aud'
  'aUE:'
  'aUp'
  'AUTO FOCUS'
  'Auto-Focus'
  'Auto-Reset'
  'Auto-reset counter'
  'Auto-reset zero'
  'Autonics Motor'
  'Autoreference? 1=Y'
  'Autoscale Range Change'
  'aV(*m'
  'aV*'
  'av6'
  'av>'
  'av>r'
  'avd'
  'AVd'
  'avE'
  'Averaging of radial intensities'
  'avg power spectrum of stack'
  'avMG'
  'AVVWSH'
  'AV}'
  'Aw$'
  'Aw)'
  'Aw].F6U'
  'awa'
  'AWAVATVWSH'
  'AWAVAUATVWUSH'
  'AWAVVWSH'
  'AWAVVWUSH'
  'AWd'
  'aWO'
  'aWs'
  'AWST'
  "aw{$y5'"
  'Ax$'
  'ax?'
  'AX\\y:'
  'AXD'
  'aXd'
  'axd'
  'axe'
  'Axes'
  'Axes to move'
  'Axes to query'
  'Axes to set'
  'Axis'
  'Axis identifier?'
  'Axis Name.ctl'
  'Axis Name.ctlPTH0'
  'axN]'
  'ay-'
  'aY1Gy3'
  'AY2'
  'ay['
  'AY_He'
  'Ayc'
  'ayd'
  'AyD'
  'AYD'
  'AyEo'
  'AYG'
  'Az '
  'Az!'
  'AZ$'
  'AZ('
  'az,'
  'Az-'
  'Az7'
  'az<'
  'Azd'
  'aZd'
  'aZG'
  'aZj+f'
  'azu'
  'A{.'
  'a{\\<alO'
  'A{E:'
  'A{IK'
  'a{k'
  'a{O,'
  'a|4'
  'a|H=jTyeMSh'
  'A}('
  'a}]'
  'A}J'
  'A~w'
  'b a'
  'B KS'
  'B!-'
  'b!>'
  'B!['
  'b!d'
  'B!Y)'
  'B"):'
  'b"d'
  'b#\\'
  'B#u'
  'B$:'
  'b$D'
  'b$d'
  'b%&A'
  'b%5'
  'b%n'
  'b%wP+'
  'B%Y'
  'B%Z'
  'B%z'
  'B&D'
  'b&DV'
  'B&h'
  'b&LN'
  "b'84"
  "b'9"
  "b'["
  "b'd"
  "b'R?"
  'B(/'
  'b(d'
  'B(d'
  'B(i]l]b]d'
  'B)D'
  'B)M5'
  'b)mm8m'
  'B)s'
  'b*D'
  'B*k'
  'b*Z'
  'B+/'
  'b+D'
  'b+Z'
  'b+{'
  'B,D'
  'B,R('
  'B,W-'
  'B-d'
  'b-d'
  'B-S'
  'B-x'
  'b.$'
  'B.D'
  'b.g'
  'B/.'
  'B/d'
  'B/t'
  'b/y'
  'B0\\'
  'b0d'
  'B0H'
  'b0k'
  'b0U'
  'B0X'
  'b1[a'
  'B1\\'
  'B1d'
  'B28O'
  'B2E:'
  'b2M'
  'B2Q'
  'B3,j&'
  'b3]'
  'b3d'
  'b3}'
  'B4!_p'
  "b47'y0"
  'b4c'
  'b4d'
  'b4f^r'
  'b4v'
  'b5>'
  'B6b'
  'b6d'
  'B6d'
  'b6e'
  'b6o'
  'B6s'
  'B7d'
  'b7D'
  'b7Fz'
  'b7Jm'
  'b7~:'
  'B84'
  'b8@l~|'
  'b8d'
  'B8p'
  'B9?'
  'B9d'
  'b:4@`_'
  'b:9+'
  'B:d'
  'b;*z'
  'B;<'
  'B;D'
  'b;j'
  'B;O'
  'b;z'
  'B<7'
  'B<='
  'B<B8'
  'b<d'
  'b<g'
  'B<w'
  'B=('
  'b=4'
  'b=9'
  'b=9B'
  'b=<'
  'b=d'
  'B=d'
  'B=f<.'
  'b=r'
  'B>$'
  'B>@'
  'b>D'
  'B?8'
  'b?:'
  'B?=z'
  'B?d'
  'b?I'
  'B?V'
  'B?Xv'
  'b@E'
  'B@p'
  'b[d'
  'b\\*'
  'b\\@1'
  'B\\_'
  'B\\E'
  'b\\S'
  'b\\T'
  'B\\{PD'
  'B]*'
  'b]C'
  'b]D'
  'B]Z'
  'b^"1P'
  'b^D'
  'B^H'
  'B^NI'
  'B_l'
  'b_Y'
  'B_Y:u'
  'b`)'
  'B`4'
  'ba$'
  'bA&'
  'Ba/'
  'Ba7'
  'BA`'
  'background VIs'
  'Background VIs'
  'BAd'
  'Baedm'
  'bandpass/forget array'
  'bar'
  'base path'
  'base path/filename'
  'Baseline'
  'Basics.llb'
  'Baud Rate (115200)'
  'Baud Rate.ctl'
  'Baudrate'
  'BB$ '
  'Bb>'
  'bBd'
  'BBH'
  'BBU<~'
  'bC3'
  'Bc9_dG'
  'bCS'
  'BCy'
  'bc}'
  'bDa'
  'BDa'
  'bDaH'
  'BDD'
  'BDEx'
  'BDH'
  'BDHb'
  'BDHP'
  'BDPW'
  'bDRK'
  'BDSE'
  'bd~'
  'bE,i'
  'BE4'
  'BE:'
  'bE:'
  'BE['
  'Bead # %d'
  'Bead is good? array'
  'Bead is good? array in'
  'Bead is good? array out'
  'bead label name'
  'Bead Pos'
  'bead x/y pos array'
  'beads'
  'Beads?'
  'BES'
  'BeV'
  'BEw'
  'bex'
  'Bf#s'
  'bF$'
  'bf]HM'
  'BfD'
  'BfI'
  'bFO,e'
  'bfz'
  'BG color(transparent)'
  'BG$)'
  'BG, @{kK'
  'Bg['
  'Bg_'
  'BGC'
  'bgzH'
  'bH '
  'Bh!b'
  'Bh,'
  'bh:X'
  'BhA'
  'BHD'
  'bhw'
  'bhyh'
  'BI1*'
  'bId'
  'big-endian, network order'
  'bii'
  'bim'
  'bJ,1'
  'Bj?'
  'BjD'
  'BJK'
  'BJk~'
  'BJk~$5?'
  'BJo'
  'BJx'
  'bJZ'
  'bj~'
  'bKE:'
  'bKi'
  'BKj'
  'BKLB'
  'BKMK'
  'bKp'
  'Bkq'
  'bkT'
  'Bkvb'
  'bkx'
  'BLd'
  'bLJP'
  'BlRmB'
  'Blue'
  'Bm0'
  'bM\\F'
  'bma'
  'bMB(<3'
  'bn:?@'
  'Bn@'
  'bNd'
  'Bnd'
  'bNE'
  'bnP'
  'BNRl'
  'bOB'
  'BOd'
  'Bod'
  'bOE:'
  'bol'
  'Bold?'
  'Bookmark Info Change'
  'Bool (strict)D'
  'Boolean'
  'Border Size'
  'BoSi_'
  'bottom'
  'Bounds'
  'bo|7v'
  "bp;FE'"
  'BP^'
  'BPd'
  'Bpp'
  'BPTH0'
  'BPz'
  'Bq+T'
  'BqA'
  'bqa'
  'Bqd'
  'BQd'
  'bqL@'
  'BqQ/'
  'Br$'
  "br\\'"
  'BRD'
  'bRD$y'
  'bRE:'
  'BRY'
  'brzqx'
  'bs6'
  'BS;`1'
  'bs['
  'bsd'
  'BsD'
  'bsl'
  'BSn'
  'BsQ_t'
  'Bt/'
  'btD'
  'BTd'
  'BTQ,'
  'Bud'
  'bud'
  'bUd'
  'BUd'
  'bUD'
  'Buffer Number'
  'Buffer Number In'
  'Buffer Number Mode'
  'Buffer Number Mode (Next)'
  'Buffer Number Out'
  'Buffer to extract'
  'build cal image.vi'
  'bUQ'
  'bus'
  'But'
  'Button'
  'Button Down'
  'buZbMtj'
  'bv,'
  'bv=S'
  'BV^Z~'
  'bV`'
  'bVa'
  'Bvd'
  'bvD'
  'BVd'
  'Bw#'
  'BW0'
  'BWD'
  'bwd'
  'bWd'
  'bwj{M'
  'bWk\\hIYU'
  'BWQ'
  'bws'
  'bWs'
  'bxD'
  'Bxd'
  'bxFR<'
  'bxHbBi'
  'BXm6'
  'BxY'
  'Bxz'
  'BY$'
  'BY<'
  'Byd'
  'BYd'
  'ByP'
  'bYz'
  'Bz#'
  'BZ^'
  'bZA'
  'bzcs'
  'bZd'
  'BZd'
  'bZLp'
  'Bzm'
  'bzM'
  'BZn'
  'b{T'
  'b{v'
  'B|D'
  'b|P'
  'b|}'
  'b}8{'
  'b}S'
  'B}Y B'
  'B~;'
  'B~I^)'
  'B~k'
  'B~M'
  'C :R'
  'c E:'
  'c I'
  'C I'
  'C!$'
  'C!+'
  'c!fPqhAU'
  'C!J'
  'c!x'
  'C"&'
  'C"D'
  'c"d'
  'c#d'
  'c#wb'
  'C$$'
  'c$o'
  'c$Q'
  'C$~'
  'c%#'
  'c%('
  'c%aP)='
  'C%E:'
  'c& '
  'C&<'
  'C&@'
  "C'$"
  'C(0[.'
  'C(E:'
  'c(j;'
  'C(n'
  'c)H!'
  'C*$'
  'c*bG'
  'C*Ow'
  'C*r'
  'C+E:'
  'c+fB'
  'C+Su'
  'c+W'
  "c,8'"
  'C,^'
  'C-$'
  'C-/'
  'C-]%'
  'c-D'
  'c-P'
  'C-q'
  'c. '
  'c.5'
  'C.E:'
  'c//'
  'C/`I'
  'c/L'
  'c/M'
  'C0$'
  'c0*L'
  'C0]'
  'c0D'
  'c0V'
  'C1E:'
  'c2_Uu'
  'C2b'
  'c2D'
  'C3$'
  'C3>'
  'c43'
  'c4D'
  'C4E:'
  'c4X'
  'c56'
  'c5@'
  'c5D'
  'C5kO'
  'C6$'
  'c63'
  'C7E:'
  'c81'
  'C8_'
  'C8A\\r'
  'c8aQ'
  'C8m'
  'C9$'
  'c9.m5'
  'c92'
  'C9Z'
  'c:5'
  'C:C'
  'C:D'
  'c:n9'
  'c:r6A'
  'C;A}'
  'c;NO'
  'C<"'
  'C<$'
  'C<*8'
  'c<C/'
  'c=5'
  'C=E:'
  'c=n'
  'c=sp'
  'c=z!'
  'c>%'
  'c>.'
  'c>1'
  'C>4!D'
  'c>d'
  'C>Vn'
  'C>}'
  'C?$'
  'C?7'
  'c?d'
  'c?L'
  'c@d'
  'C@E:'
  'C@Q'
  'C[-D'
  'C[d'
  'C[F"J'
  'C\\*^-'
  'C\\E:'
  'c\\z'
  'c]+N'
  'c^9'
  'C^c'
  'C^d'
  'C^L'
  'C_d'
  'C`-d'
  'c`@'
  'C`IM'
  'C`W'
  'Ca='
  'CA?'
  'CABk'
  'cal cluster path'
  'Cal File Path'
  'cal image'
  'cal image amplitudes'
  'cal image array'
  'Cal image data'
  'cal image intensities'
  'cal image slice, bead 2'
  'cal image vs current image'
  'Cal Zero'
  'callingConv'
  'Cam'
  'cam1'
  'camera'
  'Camera Control Mode'
  'CamSession'
  'CamSessionOut'
  'canBeProxied'
  'cancelled!'
  'caOl~'
  'cax'
  'CB$'
  'cB2'
  'cb;'
  'CBD'
  'cBd'
  'Cc^_'
  'ccd'
  'CCE:'
  'cCnU'
  'Ccz'
  'CD$<f'
  'CD$`f'
  'CD$`H'
  'CD$dH'
  'CD$Hf'
  'CD$hH'
  'CD$pf'
  'CD$tH'
  'CD$Xf'
  'cD+'
  'cD,'
  'CDa'
  'cDa'
  'cDd'
  'cdD'
  'CDH'
  'CdJ'
  'cDQ'
  'CE$'
  'CE6'
  'cE:'
  'CE:'
  'cE['
  'cED'
  'cEd '
  'Cell Edit'
  'Cell Edit?'
  'center'
  'ce~(*'
  'Cf('
  'Cf+n'
  'CFA;'
  'cfD'
  'CFE:'
  'Cffffff.'
  'cFQsEuc5'
  'Cg#>'
  'cg$'
  'cG*'
  'cg.p)0'
  'CG='
  'Cg['
  'cGN'
  'cgqN'
  'cgZ'
  'cgzK7v'
  'Ch39'
  'change'
  'change of rot value ref'
  'change of trans speen ref'
  'change of trans value ref'
  'Check FRF?'
  'check N bead pos v3-kimlab.vi'
  'check N bead pos v3-kimlab.viPTH0'
  'childOffset'
  'CHl'
  'choose bandpass v2.vi'
  'choose bandpass v2.viPTH0'
  'CHQ'
  'Chx'
  'CHz'
  'CH~'
  'Ci-'
  'CI/c('
  'CID'
  'cid'
  'Cid'
  'CIGu'
  'ciN'
  'Ciy'
  'cJ9'
  'CJ\\]'
  'cJd'
  'cJe'
  'cjW'
  'CjX'
  'CJz'
  'Cj{-'
  'ck;'
  'CL^'
  'classNameOffset'
  'classString&'
  'cLB'
  'clD'
  'CLD'
  'clE:'
  'cleanupMode'
  'CLl*'
  'Clockwise'
  'Close IMAQ acquisition'
  'Close.vi'
  'closeFuncNameOffset'
  'closeProxyFuncNameOffset'
  'Clu'
  "clX'"
  'Cl}'
  'Cm '
  'CM$'
  'cm%'
  'Cm4'
  'Cma\\'
  'Cmd'
  'Cmly'
  'cMO'
  'CN$'
  'cn*'
  'Cn/'
  'CN/W '
  'CNJq'
  'cNW+'
  'Cnwh!H'
  'CN|'
  'CO5i'
  'cod'
  'Cod'
  'code'
  'CODE'
  'code out'
  'CODE@'
  'Color Palette'
  'color string'
  'Color table'
  'color table'
  'color table string'
  'color(black)'
  'colors'
  'COM1'
  'COM2'
  'COM3'
  'COM4'
  'COM5'
  'COM6'
  'COM7'
  'COM8'
  'COM9'
  'Complex (CSG)'
  'Compression Type'
  'Configure.vi'
  'Conn. '
  'Conn. Axes'
  'connected stages?'
  'Container Bounds'
  'Continue tracking'
  'continue tracking'
  'Control Disabled Status'
  'Controller'
  'Controller error'
  'convert image'
  'Coords'
  'Correction Factor'
  'cosine bandpass'
  'Cosine bandpass'
  'Cosine bandpass for Hilbert'
  'cosine window'
  'Count'
  'Counterclockwise'
  'CP/'
  'cP3e'
  'CPC2'
  'cpcv.<1,fD>;[1,fD]'
  'cpcv.<2,fD>;[2,fD]'
  'cpcv.<2,iL>;[2,fD]'
  'cpcv.[1,fD];<1,fD>'
  'cpcv.[1,fD];[1,iL]'
  'cpcv.[1,S]'
  'cpcv.[1,{[1,fD],[1,fD]}]'
  'cpcv.[1,{[1,fD],[1,fD]}]/'
  'cpcv.[2,fD];<2,fD>'
  'cpcv.{[1,fD],[1,fD]}'
  'cpcv.{[1,fD],[1,fD]}0'
  'cpcv.{B,iL,S}'
  'cpcv.{fD,fD};{uL,uL}'
  'cpcv.{fD,fD};{uL,uL}+'
  'cpcv.{iL,iL,iL,iL};{iW,iW,iW,iW}'
  'cpcv.{iL,iL};{iW,iW}'
  'cpcv.{uW,uW};{iL,uW}'
  'cpd'
  'Cpd'
  'CPd'
  'CPMp'
  'cPr^'
  'cpsM'
  'cPTH0'
  'Cpyq'
  'cq k8'
  'cq4'
  'cq;'
  'CqD'
  'CQE:'
  'CR*'
  'cr,1'
  'cr=V'
  'cRD'
  'CrD'
  'crO'
  'cross length'
  'Cross length (in pixels)'
  'Cross length (pixels)'
  'cross size'
  'CrR'
  'cRV'
  'cS!d'
  'CS+'
  'CsD'
  'CSi'
  'CT!'
  'cT#'
  'CT$Pf'
  'Ct*|\\UD'
  'Ct3:'
  'cT6'
  'CT8Uj'
  'CT?'
  'CT?~'
  'ct['
  'CtD'
  'CtlRef'
  'Ctrl'
  'Ctv'
  'cTy'
  'cty'
  'Cty'
  'Cu$'
  'CU)h'
  'cu.'
  'CU23'
  'cub'
  'CUD?<'
  'CuG'
  'CuQ'
  'current frame data array in'
  'current image number'
  'Current pos rot?'
  'cursor'
  'Cursor Grab'
  'Cursor Grab?'
  'Cursor Menu Selection'
  'Cursor Menu Selection?'
  'Cursor Move'
  'Cursor Release'
  'Cursors:$'
  'cursorutil.llb'
  'CUX'
  'cu~lG'
  'Cv$'
  'Cva'
  'Cvvg'
  'CVx'
  'cwT%'
  'cw|'
  'cX$'
  'Cx&'
  'cX4V3'
  'cx5'
  'Cx;H*>'
  'cx]'
  'CX^3'
  'cxV'
  'cY!U'
  'CY$'
  'cy1'
  'Cycle Start Time'
  'CycleSchedule'
  'Cyd'
  'cyD'
  'Cyu'
  'CZ4;'
  'CZ>'
  'czD'
  'cZD'
  'cZheK'
  'cZI'
  'CZn'
  'CzqX-K!'
  'C{;vTE'
  'c{G'
  'C{H'
  'C{I_'
  'c{J'
  'c|$'
  'C|$lf'
  'C|2'
  'C|DO'
  'C|n'
  'C|r'
  'c|Uv'
  'C}`'
  'C}D'
  'c~"'
  'c~%'
  'C~p'
  'D 6'
  'D X'
  'd z'
  'd! D$'
  'd!<"'
  'D!D'
  'D!D"'
  'D!D$'
  'D!D$D"ON'
  'D!E'
  'd!hMV'
  'D!o'
  'd!TIf'
  'D!w'
  'd" 1 '
  'D"=x'
  'D"=y'
  'd"[0]'
  'd"[1]'
  'D"j='
  'D"Lc'
  'D"Lp'
  'd"Rot'
  'd"V'
  'D#?.'
  'D#l'
  'd#o'
  'D$ '
  'D$ !'
  'D$ 3'
  'D$ <'
  'D$ @'
  'D$ H'
  'D$ K'
  'D$$H'
  'D$('
  'D$( i'
  'D$( X'
  'D$(!U'
  'D$(&'
  'D$(('
  'D$()*'
  'D$(+ '
  'D$(+.'
  'D$(+K'
  'D$(/&'
  'D$(/m'
  'D$(1'
  'D$(2!'
  'D$(3'
  'D$(64'
  'D$(7'
  'D$(?q'
  'D$(?x'
  'D$([-'
  'D$([5'
  'D$(^'
  'D$(Bi'
  'D$(d'
  'D$(D'
  'D$(Do'
  'D$(H'
  'D$(H*'
  'D$(HcD$'
  'D$(He'
  'D$(I('
  'D$(J'
  'D$(JY'
  'D$(KF'
  'D$(KW'
  'D$(lx'
  'D$(M'
  'D$(OW'
  'D$(P^'
  'D$(Q='
  'D$(R<'
  'D$(tE'
  'D$(Uw'
  'D$(VN'
  'D$(wt'
  'D$({Q'
  'D$(|p'
  'D$,'
  'D$,H'
  'D$0'
  'D$0 i'
  'D$0 X'
  'D$0!U'
  'D$0&'
  'D$0('
  'D$0)*'
  'D$0+ '
  'D$0+K'
  'D$0/m'
  'D$01'
  'D$02!'
  'D$03'
  'D$064'
  'D$07'
  'D$0?q'
  'D$0?x'
  'D$0[-'
  'D$0Bi'
  'D$0D'
  'D$0Do'
  'D$0h'
  'D$0H'
  'D$0H*'
  'D$0He'
  'D$0I'
  'D$0I('
  'D$0JY'
  'D$0KF'
  'D$0KW'
  'D$0M'
  'D$0OW'
  'D$0P^'
  'D$0Q='
  'D$0tE'
  'D$0Uw'
  'D$0VN'
  'D$0{Q'
  'D$0|p'
  'D$4'
  'D$4H'
  'D$8'
  'D$8H'
  'D$8L'
  'D$8P'
  'D$<'
  'D$<H'
  'D$<I'
  'D$>'
  'D$>f'
  'D$@'
  'D$@@-'
  'D$@H'
  'D$@L'
  'D$`'
  'D$`1'
  'D$`H'
  'D$`I'
  'D$D'
  'D$d'
  'D$dD'
  'D$dH'
  'D$DH'
  'D$dL'
  'D$H'
  'D$h'
  'D$HH'
  'D$hH'
  'D$P'
  'D$p'
  'D$P/&'
  'D$P8'
  'D$PH'
  'D$PL'
  'D$PtW'
  'D$tH'
  'D$tL'
  'D$X'
  'D$x'
  'D$X8H'
  'D$XH'
  'D%/'
  'D%g'
  'd%k'
  'D%rd'
  'D%s'
  'D&5'
  'd&h`'
  "d'3"
  "D'J"
  "D'P"
  'D("'
  'd(A'
  'D(d'
  'd(R^'
  'D)D'
  'D)E:'
  'd)j'
  'D)w>'
  'd*$X'
  'D*5.'
  'D*D'
  'D*MD'
  'd+?'
  'd+I?'
  'd+T'
  'd,"'
  "d,'k"
  'd,='
  'D,d'
  'D,d@'
  'd,W'
  'D-$'
  'd."'
  'D.&'
  "d.'rY62"
  'D.D'
  'd.S'
  'd.x'
  'd/$'
  'D/d'
  'D/N|'
  'D0]y7'
  'd0D'
  'D0d'
  'D0m>'
  'd0o'
  'd0Sz'
  "d1='"
  'd1e'
  'D1L'
  'D1tR'
  'd2<='
  'd2d'
  'D2d'
  'd3d'
  'D3d'
  'd3H'
  'D4D'
  'D4HD'
  'd5-'
  'd51KO'
  'd51o'
  'D5D'
  'd5d'
  'D5J'
  'D5r'
  'D5u'
  'D6$'
  'd6d'
  'D6TQ'
  'd7$'
  'D7]'
  'D7d'
  'd7Mif'
  'd8=AO'
  'd8D'
  'd8Gb'
  'D9d'
  'D9x'
  'd: '
  'd:!'
  'd:"'
  'd:#'
  'd:$'
  'd:%'
  'd:&'
  "d:'"
  'd:)'
  'd:*'
  'd:+'
  'd:,'
  'd:-'
  'd:.'
  'd:/'
  'd:0'
  'd:1'
  'd:2'
  'd:3'
  'd:4'
  'd:6'
  'd:7'
  'd:8'
  'd:9'
  'd:;'
  'd:<'
  'd:='
  'd:>'
  'd:?'
  'd:@'
  'd:['
  'd:\\'
  'd:]'
  'd:^'
  'd:_'
  'd:`'
  'd:a'
  'd:A'
  'd:B'
  'd:b'
  'd:c'
  'd:C'
  'd:D'
  'd:d'
  'd:E'
  'd:e'
  'd:f'
  'd:F'
  'd:G'
  'd:g'
  'd:h'
  'd:H'
  'd:I'
  'd:j'
  'd:J'
  'd:K'
  'd:L'
  'd:l'
  'd:m'
  'd:M'
  'd:n'
  'd:N'
  'd:O'
  'd:o'
  'd:p'
  'd:P'
  'd:q'
  'd:Q'
  'd:r'
  'd:R'
  'd:s'
  'd:S'
  'd:t'
  'd:T'
  'd:U'
  'd:u'
  'd:V'
  'd:v'
  'd:W'
  'd:X'
  'd:x'
  'd:y'
  'd:Y'
  'd:z'
  'd:Z'
  'd:{'
  'd:|'
  'd:~'
  'D;/,'
  'd;;'
  'D;d'
  'd;d'
  'D;|'
  'D<d'
  'd<{Y['
  'd=_^'
  'd=d'
  'd=L'
  'D>#w'
  'd>%3cP'
  'd>]r'
  'd>d'
  'd>H'
  'd>|'
  'd?$'
  'd?&)'
  'D?D'
  'd?d'
  'd?La'
  'D?v'
  'd@$'
  'D@@'
  'd@D'
  'D@p'
  'd@r-'
  'd@s'
  'D[&'
  'd[b'
  'd[d'
  'D[f'
  'D\\%'
  'd\\?'
  'd\\C'
  'd\\D'
  'D\\M'
  'D\\wY '
  'd]$Q'
  'd]2'
  'd]b'
  'd]d'
  'd^d'
  'd_$'
  'D_<*'
  'D__0'
  'd_~'
  'd`d'
  'd`Eot3'
  'd`v`'
  'Da2'
  'Dab'
  'dAb-'
  'DaD'
  'DaH'
  'DaisyChain Search?'
  'DaisyChain settings'
  'Dap'
  'Dash'
  'DashDot'
  'DashDotDot'
  'data array'
  'Data Change'
  'Data Entry Limits:Minimum'
  'Data Range:Minimum'
  'data string'
  'Date and time'
  'date format (0)'
  'dAu'
  'dB5'
  'DB<'
  'dBd'
  'dbd'
  'dBO'
  'dBv'
  'DC '
  'dcd'
  'dCd'
  'Dch8'
  'Dcz'
  'dd!c3'
  'dd$j'
  'DD4K g'
  'DDa'
  'dDa'
  'DDH'
  'dDQ'
  'DdZ#PpX'
  'DD}'
  'dE '
  'De&'
  'DE:'
  'dE:'
  'DE?5'
  'ded'
  'dEd'
  'DEFI'
  'define # points per file'
  'defP'
  'DeMI'
  'desired # data points'
  'desired font(Application)'
  'Device ID'
  'Device ID out'
  'Df)'
  'Df8'
  'DF;|'
  'dfd'
  'dFd'
  'DFd'
  'Dfd'
  'DFDS'
  'DFH4'
  'DFJL*'
  'Dflt'
  'dG$'
  'dg$'
  'dg9'
  'DG9'
  'Dgb'
  'DGD'
  'DgE:'
  'dGf'
  'dgH'
  'DH1#'
  'dh8'
  'DH^'
  'dhd'
  'dHd'
  'DHD'
  'DHS'
  'Di3'
  'di`'
  'dIA'
  'Dialog Font'
  'DialogType.ctl'
  'DID'
  'DigNum (strict)D'
  'dimension size'
  'dinf|'
  'DiO'
  'Direction Change'
  'Disabled'
  'Disabled and Grayed Out'
  'disabled index (col)'
  'disabled index (row)'
  'DisabledEnum'
  'Display State Change'
  'displayFilter&'
  'dIZ'
  'diZQ)'
  'DJ$'
  'dj;N'
  'DJ@#T)!b'
  'djd'
  'dJd'
  'DJp'
  'dK?'
  'dk\\I'
  'DKd'
  'dkd'
  'Dkd'
  'dKd'
  'DKHIEz'
  'dkM'
  'dkr+'
  'DkTD'
  'DKU'
  'dkwG'
  'dK|'
  'dl!'
  'Dl0C'
  'Dl<'
  'Dld'
  'DLDR'
  'DLE:'
  'dlH'
  'DLPIN'
  'dlw[:'
  'DL~_'
  'DM!'
  'Dm%'
  'DM?'
  'DmD'
  'dMd'
  'dmd'
  'DME:'
  'dmP'
  'dMs'
  'DMu'
  'dn@'
  'DnD'
  'dnd'
  'dNd'
  'dNjl'
  'DnK'
  'DNUID'
  'DNx'
  'Dny'
  'dO$'
  'Do$'
  'do$'
  'Done Picking '
  'doO'
  'Dot'
  'Double Click'
  'DOy'
  'DoY.A'
  'dp2'
  'dP]n'
  'DpA]'
  'dpd'
  'DPd'
  'dPd'
  'dPdg9'
  'dPFY'
  "dPM'o"
  'dPX'
  'dpZ'
  'dQ"J'
  'dq$'
  'Dq*'
  'dq<'
  'dQ='
  'dq`'
  'dQD'
  'dQk'
  'Dqq273'
  'dQS'
  'dQw'
  'dr5*'
  'Dr69'
  'Drag Ended'
  'Drag Enter'
  'Drag Leave'
  'Drag Over'
  'Drag Source Update'
  'Drag Starting'
  'Drag Starting?'
  'Draw Area Size'
  'draw box around mouse'
  'Draw Circle by Radius.vi'
  'Draw Flattened Pixmap.vi'
  'Draw Grayed Out Rect.vi'
  'Draw Grayed Out Rect.viPTH0'
  'Draw Text at Point.vi'
  'Draw Text at Point.viPTH0'
  'drd'
  'Drd'
  'dRd'
  'driver'
  'Drn1'
  'Drop'
  'dR~'
  'ds+'
  'Ds<'
  'DS]'
  'DSd'
  'dsd'
  'dSd'
  'DSDS'
  'DsE:'
  'DSEF'
  'DsT'
  'Dt:'
  'DTd'
  'dtd'
  'DTHP'
  'dtM'
  'dtV'
  'Du$'
  'Du/1T'
  'dU=ux '
  'du?'
  'du\\'
  'DUD'
  'dUd'
  'dud'
  'duplicateFuncNameOffset'
  'Duu'
  'dux'
  'duZ'
  'Duz'
  "Dv'"
  'dV)'
  'dV_M0'
  'dVd'
  'dvd'
  'DVD'
  'dvE?P'
  'DW$'
  'dw$'
  'dW$'
  'DW*ZP'
  'Dwd'
  'dwG'
  'DWH'
  'DWO'
  'dwQ'
  'DWQ'
  'DWV'
  'dX out'
  'DX$'
  'dX:P'
  'Dxd'
  'dXd'
  'dxD'
  'Dxf'
  'dxh'
  'DxI'
  'dXkY|$'
  'dxSw2H"'
  'DxT'
  'Dxt^'
  'dxt^'
  'Dxtsztr'
  'Dxv~'
  'dY out'
  'DY)'
  'Dy.'
  'DYD'
  'dYd'
  'Dyf7TgM_CA'
  'dYW^@-'
  'dZ out'
  'DZ3<I}V'
  'dZc'
  'dzd'
  'dZd'
  'Dzd'
  'dzn'
  'DzO'
  'DZp'
  'dzqq'
  'DZ~h2'
  'd{5+A6'
  'D{>Y3'
  'd{d'
  'D{D'
  'D{}'
  'D|-S'
  'd|d'
  'D|D'
  "D|f!'"
  'D|Y'
  'D|}'
  'd|}">'
  'd}d'
  'D}D'
  'D~$'
  'D~3'
  'd~d'
  'D~H'
  'D~I>'
  'd~m'
  'D~W8'
  'E &'
  'e d'
  'E d'
  'E!E:'
  'E!Z'
  'E!{'
  'E"$H'
  'E"D'
  'e"D'
  'e"zvBd'
  'e#-u9'
  'E#b'
  'E#g'
  'e#tB'
  'e#Yn9'
  'E#Yvh'
  'E$A'
  'e$D'
  'E$D'
  'E$I'
  'e$J'
  'e%*'
  'E%NW'
  'e&bAg'
  "E'/^"
  "e'S"
  "e't"
  "E'u"
  "E'xG"
  "E'|;"
  'e(d'
  'E(GZ'
  'e)2'
  'e)\\'
  'e*P'
  'E*y'
  'E+;'
  'e+['
  'e+d'
  'E+Y'
  'e,>'
  'e,E:'
  'E,ul'
  'e,Y'
  'e-('
  'E-Fo=-'
  'e-j'
  'E-j'
  'e.$'
  'E.D'
  'e.L'
  'E/6}'
  'E/k'
  'e0d'
  'e0F'
  'e19'
  'e1D'
  'e24\\'
  'e2D'
  'e3$'
  'E37'
  'e3<'
  'e3}'
  'e4d'
  'e5E:'
  'E5kpb'
  'e5M'
  'E5p7'
  'E5X'
  'E6#'
  'E6^'
  'e6d'
  'E6~'
  'e7@'
  'e7a'
  'e8d'
  'e8v@X'
  'e8x'
  'E94'
  'e9;'
  'e9]~'
  'e9`'
  'e9d'
  'E9d'
  'e9F'
  'E9m'
  'e9Y'
  'e:&'
  'e:2U'
  'E:q3'
  'e:r'
  'E:W'
  'e;$'
  'E;t'
  'e;|'
  'e<$'
  'e<.V'
  'E<5'
  'E<d'
  'E<H'
  'e<p'
  'e=)>'
  'e=D'
  'E> '
  'e>$'
  'E>B'
  'E>Ye'
  'e?>'
  'E?d'
  'e?d'
  'E@ '
  'E@d'
  'E@|'
  "e['"
  'e[D'
  'E[q'
  'E[Zl'
  'e\\\\p'
  'e\\`'
  'e\\D'
  'E\\L'
  'E])'
  'E]4'
  'e]D'
  'E]M'
  'E]sN'
  'E^ '
  'E^ W%'
  'E^('
  'e^/w'
  'E^='
  'e^^'
  'E^d'
  'e^D'
  'e^M-'
  'e^PTH0'
  'e^w'
  'E_D'
  'e_d'
  'e_g'
  'E_P'
  'E_sE'
  'e`$'
  'e`d'
  'e`|'
  'eA '
  'eAd'
  'Ead'
  'EAd'
  'EaP'
  'Eb$'
  'EB<'
  'eB@'
  'ebD'
  'EBD'
  'eBE:'
  'EBlY4'
  'ebYp'
  'Eb|'
  'ec$'
  'EC8pr('
  'eC=X'
  'EcD'
  'eCd'
  'eCGB'
  'ECz,'
  'ed$'
  'eD$'
  'eD*'
  'Ed='
  'eDa'
  'EDa'
  'EDd'
  'edM'
  'eDQ'
  'Edx'
  'eE2'
  'EE:'
  'EE['
  'eEd'
  'Eed'
  'eeD'
  'EEd'
  'Eeg+'
  'Eeq'
  'Eez'
  'ef$'
  'Ef7'
  'ef\\'
  'ef`'
  'Ef`3'
  'EFb'
  'EFD'
  'Efd'
  'eFd'
  'EFd'
  'EFdT'
  'EFVD '
  'EFX'
  'eg$'
  'Eg9'
  'eGD'
  'EGD'
  'egt}>d{'
  'eH"'
  'eH7'
  'eH\\'
  'ehD'
  'Ehd'
  'ehj'
  'ehV'
  'eIc'
  'Eid'
  'eID'
  'EId'
  'ein0'
  'eiP'
  'EIs'
  'eIx'
  'eJ"'
  'ej$'
  'EJ.,p'
  'EJd'
  'eJd'
  'ejf'
  'EjI'
  'EjK_8'
  'EJY'
  'EK#'
  'Ek('
  'EK.Z'
  'eKA'
  'eKd'
  'ekD'
  'eKF'
  'Ekm~A'
  'EKO'
  'EKX'
  'El/4#'
  'ELbg'
  'ELD'
  'eLd'
  'ElD'
  'Eld'
  'element'
  'Element Data'
  'ElL'
  'eLOH'
  'elQ'
  'El{'
  'eM$'
  'em$'
  'em]'
  'EmJ'
  'empty?'
  'EMr'
  'emwL4'
  'eM{'
  'en?'
  'Enabled'
  'enC'
  'enD'
  'eNd'
  'enF'
  'enT'
  'Ent'
  'Eo]e'
  'eoCiteE'
  'eod'
  'eOd'
  'eof'
  'eOGh'
  'eP$'
  'ep]'
  'epm^'
  'epPTH0'
  'epY'
  'Ep}&'
  'eqd'
  'eQd'
  'eR$'
  'Er&'
  'Er+:'
  'er,'
  'er0'
  'eR8]'
  'eR`'
  'Erd'
  'error'
  'error code (no error:0)'
  'error in'
  'error in (no error)'
  'Error in: coming from loop'
  'error IO'
  'error out'
  'error out 2'
  'error source (" ")'
  'error.llb'
  'error?'
  'errorCode'
  'ErVF'
  'eS$'
  'es$'
  'EsE'
  'EsE:'
  'Estimated end time (min)'
  'ESW'
  'et '
  'et+'
  'ET6'
  'Et\\OpQU'
  'EtC'
  'eTd'
  'etD'
  'ETe'
  'eTj'
  'eU%t'
  'Eu0'
  'EU2'
  'eU8'
  'eud'
  'eUD'
  'EUZ&'
  'ev$'
  'EVD'
  'Event Data'
  'Event Registration Refnum'
  'eventFreeFuncNameOffset'
  'eventRegCompleteFuncNameOffset'
  'eventRegFuncNameOffset'
  'eventsource.ctl'
  'Every'
  'eVs79'
  'eW!G'
  'Ew-'
  'eW6'
  'eWd'
  'ewD'
  'eWwB'
  'EX3'
  'Ex^'
  'eXapL'
  'exbW'
  'eXd'
  'Exd'
  'exE:'
  'Exec State Change'
  'eXFhX'
  'exp'
  'Exp Baseline'
  'exp-ref management.vi'
  'exp-ref management.viPTH0'
  'exp/ref '
  'exp/ref array'
  'Exp/ref array'
  'exponential'
  'EXs'
  'Extension (nm)'
  'ey$'
  'EY:X'
  'eY?GB.N'
  'eYd'
  'Eyd'
  'eyfb)L'
  'eYJO'
  'eYs'
  'eyUi`'
  'eYyhY'
  'EZ"6w2'
  'ez]!'
  'ezD'
  'Ezd'
  'eZE:'
  'Ezo'
  'EzT'
  'eZv'
  'Ez|/'
  'ez}'
  'E{U'
  'E|aIT'
  'e|d'
  'E|d'
  'E|M '
  'e}('
  'E}(k'
  'E}6E'
  'E}@'
  'e}]'
  'e}D'
  'E}D'
  'e}O'
  'E}Pf'
  'E~"E'
  'e~7w'
  'e~7w3'
  'E~kh'
  'E~l'
  'e~wue'
  'f %'
  'F +   -> F'
  'F +F -> F'
  'F 1SG'
  'f ='
  'F ['
  'f _'
  'F H'
  'F!?'
  'F!c'
  'F!SCQ'
  'F"_'
  'F"d'
  'f"L'
  'f#*_})'
  'f#d'
  'f#o-A#Q'
  'f#Q'
  'f$D'
  'f$Q'
  'F$R'
  'F$R&'
  'f%0'
  'f%d'
  'f&d'
  "f'D"
  "f'P"
  "f'z"
  'f(!M4'
  'F(#'
  'F(,'
  'f(D'
  'F(I]'
  'f)#`'
  'f)$'
  'F),'
  'f)/'
  'f)C'
  'f)c'
  'f)ca'
  'f)C{'
  'F)J'
  'f)o'
  'f){a'
  'F*-}RS'
  'f*E:'
  'f*f'
  'F*o'
  'F*|&'
  'f,+'
  'F,7'
  'F,9o'
  'F,D'
  'f,d'
  'f-E:'
  'f-QL'
  'F-x in'
  'F-x out'
  "f.'>"
  'F.Pmh'
  'F.X'
  'F/.'
  'f/d'
  'f/KTW'
  'F0A'
  'f0E:'
  'f0r/'
  'f1%%D'
  'f1d'
  'f1m'
  'f2D'
  'F2U?'
  'F2V'
  'F3$'
  'f3$'
  'f33f3ff3'
  'f3A'
  'f3D'
  'f3i'
  'F3VK'
  'f4$'
  'f48i&f'
  'f4]'
  'F4D'
  'f4Iy'
  'f5$'
  'F5r'
  'f69C'
  'F6d'
  'f7d'
  'F7P'
  'f7q'
  'f874'
  'F8<'
  'F8A'
  'f8E:'
  'F9*'
  'f9d'
  'F9D'
  'f:D'
  'F:n'
  'F:~'
  'f;%'
  'f;D'
  'F;FmG'
  'f;KK'
  'f<D'
  'f=$'
  'F=C<h'
  'f=w0'
  'F=Y'
  'f>$'
  'F>F'
  'f>UV6'
  'F?d'
  'f?o'
  'f@:l'
  'F@A'
  'F@E:'
  'F[:'
  'f[D'
  'F[E:'
  'f[K'
  'f[M'
  'f\\$d<eJ'
  'f\\D'
  'f]$'
  'f^='
  'F^D'
  'f^H'
  'F^Q'
  'f_1'
  'F_]'
  'f_E:'
  'f_hvwL'
  'f`_'
  'f`d'
  'F`X|'
  'FA4'
  'fAE:'
  'FAl'
  'Faq'
  'FaS'
  'fAVC'
  'FAy4'
  'fB$'
  'FB$'
  'Fb6x'
  'Fb<'
  'fB[-'
  'Fb]'
  'fbc'
  'fbd'
  'Fc&'
  'fC:'
  'FCAW'
  'FCc'
  'fcD'
  'fcM'
  'FcP/('
  'Fd6'
  'FDa'
  'fDa'
  'fDd'
  'fdD'
  'FDd'
  'fDQ'
  'fDS'
  'fe$'
  'FE:'
  'fE:'
  'fec'
  'fEd'
  'FED'
  'fei'
  'Fet_'
  'FeY'
  'FF$'
  'ff.'
  'fF0'
  'ff3fffff'
  'fFb$'
  'Ffcp'
  'fFD}'
  'FFF'
  'fff.'
  'ffff.'
  'fffff.'
  'ffffff.'
  'FfFi)'
  'Ffw'
  'fF~'
  'Fg#'
  "fG'"
  'fg[s'
  'FGd'
  'fGd'
  'fgE:'
  'FGeX'
  'fgH'
  'fGH'
  'FgH^i'
  'FGi'
  'fGj'
  'FgT'
  'FgUM'
  'fG|'
  'Fh!/'
  'fh$'
  "fH'"
  'fH/'
  'fH3'
  'FhD'
  'FHd'
  'fHD'
  'fhf'
  'FHH'
  'fHI'
  'Fho'
  'fHV'
  'fi!'
  'FI#'
  "fI'"
  'fi`}'
  'fID'
  'Fie'
  'FIk-'
  'File # Saved'
  'file # to append'
  'file number to append out'
  'File Path'
  'file progress'
  'File Size'
  'file size'
  'fileID'
  'files saved'
  'Files.llb'
  'fill?(F)'
  'Filtered X'
  'Final Trans Pos'
  'final trans pos'
  'Fir'
  'FIR Coefficients'
  'FIR Filter (DBL).vi'
  'FIR Filter.vi'
  'Fix to a Certain Pattern'
  'Fj+'
  'fj['
  'fJD'
  'fjd'
  'fjf'
  'fjV'
  'fK$'
  'FK('
  'Fk=I/'
  'fkd'
  'FKgi'
  'fkM`f'
  'FkQ'
  'fkw'
  'fk}c'
  'fl/<H'
  'FL;AD'
  'flag'
  'flags'
  'flagsOffset'
  'Flatten Pixmap.vi'
  'Flatten Pixmap.viPTH0'
  'flatten3funcNameOffset'
  'FLC'
  'FLd'
  'fLE:'
  'flg'
  'Flk%'
  'Float'
  'fLPF'
  'FM$'
  'fM6'
  'Fm@?S!8'
  'fmd'
  'fmG'
  'Fn!'
  'fn-'
  'Fn0H'
  'fN<l'
  'fnD'
  'fNd'
  'Fnm'
  'Fo#'
  'fO4'
  'Focus Deviation from the Center'
  'Focus inc reference'
  'Focus Pos (Cal)'
  'Focus Pos (Start)'
  'Focus Pos (Track)'
  'Focus position'
  'Focus Step (F1)'
  'foD'
  'FOd'
  'FOis'
  'Font Name:'
  'FOr'
  'for bead'
  'for hilbert'
  'for Hilbert '
  'Force'
  'force (pN)'
  'Force (pN)'
  'Force (pN) vs Extension (nm) '
  'Force Arr'
  'Force clamp: Min force start=/=finish'
  'forget radius'
  'format string'
  'forward coefficients'
  'FOSms'
  'fOU]"'
  'four-fold tracking'
  'fp1!'
  'fP2'
  'fP='
  'Fp^'
  'fPd'
  'fpD'
  'FPEx'
  'FPHP'
  'fPQ'
  'FPTD'
  'fq$'
  'Fq&g9G]'
  'fQ-7^'
  'Fq9.'
  'Fq>'
  'fQD'
  'FR.'
  'fRA'
  'FRa[L'
  'FRAM'
  'frame index'
  'Frame rate'
  'fRD'
  'frD'
  'FRd'
  'fRH'
  'frlegN'
  'fRz'
  'fs%'
  'fS;'
  'FS;6'
  'fS[2mX6H,K'
  'fSD'
  'Fsd'
  'fsu'
  'fs}"'
  'fT '
  'fT$'
  'ft/'
  'ft7zP'
  'ft>'
  'ftd'
  'FTe<'
  'fTgk'
  'FtN'
  'ftp'
  'fTR'
  'fTSR'
  'fU"'
  'fu"e5'
  'Fu7'
  'FUd'
  'fUE:'
  'FUm'
  'fuM'
  'FUWl'
  'FUy'
  'fv!XknE'
  'fv2'
  'fv3'
  'FV5'
  'Fvd'
  'fvd'
  'fVDK'
  'FVME'
  'fvQm'
  'FVw'
  'fWD'
  'fwD'
  'fWd'
  'fWh'
  'FWH+'
  'FWl+'
  'fWS'
  'Fwz'
  'fX0'
  'fX3'
  'fXD'
  'fxD'
  'FXd'
  'fY)$'
  'fY.'
  'fyD'
  'fYD'
  'Fyd'
  'FyJK'
  'FYQ'
  'Fyua'
  'fYz'
  'Fz"'
  'fz$'
  'FZ&'
  'fZD'
  'Fzd'
  'FZd'
  'Fzg@'
  'FzM'
  'fZ|'
  'F{8'
  'F{d'
  'f{DX'
  'F{f'
  'F{g'
  'F{I'
  'f{qy['
  'F{s'
  'f{y'
  'F|4'
  'f|]'
  'F|D'
  'f|K{'
  'f|{'
  'f}d'
  'F}g*'
  'f}n'
  'F}oa'
  'f}yn'
  'f~,Vwv'
  'F~d'
  'F~g-z'
  'f~HH'
  'F~m'
  'g $'
  'G d'
  'g!Co'
  'g!g'
  'g!Y'
  'g"$'
  'G"r'
  'g"T'
  'g#$'
  'G#)'
  'g$d'
  'g$e'
  'G$Q'
  'G$r'
  'G${c1"K='
  'G%!B'
  'g%d'
  'g&.'
  'G&@'
  'g&[c'
  'g&D'
  'G&H'
  "G'@"
  "G'w"
  'G("'
  'G("yZ("yK("'
  'g($'
  'G(%XR'
  'g(]'
  'g(h>'
  'G)"'
  'g)$'
  'g)%'
  'G)?'
  'G)[c'
  'g*d'
  'G*D*7'
  'G+\\'
  'g+D'
  'g+Y\\}r'
  'G,<b1`'
  'g,u'
  'g-$'
  'g-D'
  'G-F'
  'g-}Em'
  'g.$'
  'G.$'
  'G/3'
  'g/D'
  'G/v'
  'g0$'
  'g08'
  'g1$'
  'g1g'
  'G1u'
  'G1}'
  'g2I['
  'g2x'
  'G2{'
  'G38\\~L'
  'g3:{'
  'g3d'
  'G3r'
  'G3SS'
  'G44'
  'g45v'
  'g4E:'
  'G4u'
  'g6`'
  'g6d'
  'g6X'
  'G7&'
  "G7'eS"
  'G7+'
  'g7b'
  'g7E:'
  'G7t'
  'G7xl5'
  'g7Y'
  'g7y'
  'g8N'
  'G8y'
  'G9$'
  'G9A'
  'g9d'
  'G:$'
  'g:<'
  'g:E:'
  'G:o'
  'g:r'
  'G:R'
  'g;0`'
  'G;\\l8'
  'G;d'
  'G<;x'
  'g<e'
  'G=d'
  'g=I'
  'G=j^1'
  'g>$'
  'G>)'
  'g>IR'
  'g>L'
  'g?$'
  'G?>'
  'G?h9'
  'G@D'
  'G@k0'
  'G@~'
  'G[!'
  'g[E:'
  'G\\A5]%'
  'G\\b)j='
  'g\\d'
  'G\\G'
  'g\\m'
  'G]$'
  'g]?'
  'g]d'
  'G]d'
  'g^ '
  'g^*'
  'G^cIy'
  'g^E:'
  'g^O'
  'g_*'
  'g_d'
  'g_N'
  'g`d'
  'G`d'
  'GA&'
  'ga>'
  'Gad'
  'gAd'
  'gaE:'
  'gagg'
  'GaY~,Kv'
  'gB$'
  'Gb*'
  'GB2('
  'Gb7.'
  'gbD'
  'Gbd'
  'gBE:'
  'gbi'
  'gbsiK'
  'GBU'
  'GC)'
  'Gc4'
  'GC5'
  'gc<'
  'gcd'
  'GcD'
  'GCDI'
  'GCPR'
  'gCq,WX'
  'GCS_LabVIEW'
  'gD+'
  'gDa'
  'GDa'
  'GDD'
  'gDd'
  'gdE:'
  'gDH'
  'gDq'
  'gDU'
  'gE:'
  'GE:'
  'GeA'
  'GEa>'
  'Ged'
  'ged'
  'gEE:'
  'gEfz'
  'General command.llb'
  'GeqU'
  'GEr'
  'get buff image-lost frames.vi'
  'get buff image-lost frames.viPTH0'
  'Get Current Position.vi'
  'Get Current Position.viPTH0'
  'Get initial motor positions'
  'Geu'
  'gfd'
  'gFd'
  'Gfd'
  'GFV'
  'Gf|'
  'gGd'
  'Ggd'
  'ggE:'
  'Ggeu'
  'GG|'
  'GhD'
  'ghd'
  'gHE:'
  'GHH'
  'gHm'
  'gH|'
  'GI Te*'
  "gi'#"
  'Gi2'
  'gI?'
  'gid'
  'gix'
  'GJ!y'
  'gj+!'
  'gJ_T'
  'gJd'
  'Gjd'
  'gjE:'
  'gjh'
  'gjP'
  'gJT}P'
  'GK('
  'gk+'
  'GK2'
  'GK;'
  'GK>Zx'
  'Gkd'
  'gKE:'
  'Gko'
  'gkZ'
  'gl1'
  'GLD'
  'gld'
  'gle'
  'glH'
  'glI'
  'Glj'
  'gLm'
  'GLo'
  'Glo_\\'
  'Global motor pos.vi'
  'Global motor pos.viPTH0'
  'GL{P'
  'gm&'
  'Gm0'
  'GMaGc'
  'GMC&F'
  'gMd'
  'gmE:'
  'GmK'
  'GMK'
  'gmn'
  'GMYbI'
  'Gn&'
  'GN2'
  'gNd'
  'gnd'
  'GNn'
  'GnUHu'
  'Gn|'
  'GO&4'
  'go('
  'goD'
  'GOF'
  'GoGH'
  'GOH axes'
  'GOH.vi'
  'GOm'
  'gon'
  'GoN'
  'GOz~'
  'gP$'
  'gP/'
  'gpA'
  'gpd'
  'gPE'
  'GPf'
  'GPK-'
  'GPRF'
  'gPs'
  'gQ$'
  'Gq%'
  'Gq&'
  'gq0'
  'GQ2P'
  'GQa('
  'gqd'
  'gqe)/N'
  'GQF'
  'Gq{#'
  'gr$UT'
  'gR&'
  'gr&I'
  'gr-'
  "gR]|>'R"
  'Gr_'
  'Grayscale (I16)'
  'Grayscale (SGL)'
  'Grayscale (U8)'
  'grayscale color table.vi'
  'grD'
  'gRE:'
  'Green'
  'GRf'
  'grG'
  'GS '
  'gS)'
  'GS,'
  'Gs@Q'
  'gsd'
  'gSd'
  'gsi'
  'GSR'
  'gT<D<Y'
  'gtD'
  'gTd'
  'gu$'
  'gU<Dx'
  'gU[&'
  'gU\\'
  'Gu^'
  'gUE:'
  'gun}'
  'GUO'
  'guq'
  'GUR'
  'gUS'
  'GV#'
  'GV-'
  'gv3'
  'GV3'
  'GV:'
  'gvp='
  'gVx'
  'Gvy'
  "gw'F"
  'Gwa?On'
  'gwd'
  'GwD'
  'gWd'
  'GwG1'
  'GWH'
  'gWo'
  'GwSN'
  'gx#'
  'Gx,\\%'
  'gX3'
  'Gx4'
  'gxd'
  'gXE:'
  'GXeD6m'
  'GxrZ'
  'Gy"G?'
  'gy-9'
  'gyd'
  'gYd'
  'gYnR'
  'gYS<'
  'GZ#`'
  'GZ:'
  'Gz]'
  'gZ_'
  'gzD'
  'GZd'
  'gZd'
  'Gzh'
  'Gzmq'
  'gZvD'
  'G{>'
  'G{~'
  'g|5'
  'g|d'
  'G|Y'
  'g}d'
  'G~eU'
  'g~t'
  'H!"iN'
  'h!05'
  'h!k'
  'h!p~1'
  'h"$'
  'H"h'
  'h#q'
  "H$'"
  'H$a'
  'h$E:'
  'H$R/dDO*]{'
  'h$W'
  'H%\\7z'
  'H%B'
  'h%d'
  'H%h'
  'H%p'
  'H%|.'
  'H&(]'
  'h&D'
  'H&G'
  'h&m&'
  "h'3"
  "H'7W="
  "h'="
  "h'\\A"
  "h'h"
  'h(D'
  'H(Z'
  'h)JM'
  'h)Oi'
  'h*\\'
  'h*D'
  'h*z'
  'h+]'
  'h,2='
  'H,LX'
  'H,p'
  'H--'
  'h-D'
  'H-}`y'
  'H."'
  'h.D'
  'H.FK'
  'h.g'
  'h/7kc'
  'H/q'
  'h/s'
  'h0^'
  'h0d'
  'H0Y'
  'H11'
  'h1;'
  'h1D'
  'H2o$'
  'h3$'
  'h3D'
  'h3m'
  'h4d'
  'h4z'
  'H5S'
  'H5t'
  'h63'
  'h6<'
  'h6D'
  'h6Z'
  'H75'
  'h7D'
  'H7g'
  'h7mKg'
  'H8*d'
  'H96'
  'h9d'
  'H9X#'
  'h:D'
  'H:K'
  'H:S('
  'h;4'
  'h;=AO'
  'H;eph!'
  'h;z'
  'h<D'
  'H<{'
  'h<}'
  'h=$'
  'h=+'
  'H=d'
  'h=P'
  'H=sB'
  'h>bp'
  'H>V'
  'h>Z'
  'H?"'
  'h?$'
  'h?%'
  "h?'F"
  'H?['
  'H?B'
  'H?c'
  'h?D'
  'H?|'
  'h@D'
  'H@H'
  'h[ '
  'H[]_^A^A_'
  'h[_^A^'
  'h[`'
  'H[c'
  'h[cG'
  'h[D'
  'H[d'
  'H[D'
  'h[PW'
  'h\\f.#'
  'h]$'
  'H]=Y%u'
  'H]G'
  'h]l'
  'h^7'
  'h^D'
  'h^k@-'
  'h^Mz\\'
  'h^t5'
  'H_$1'
  'H_(:'
  'h_+6h'
  'h_^'
  'H_^'
  'H_D'
  'H_i_D'
  'h_Oc_'
  'H_u'
  'h`:q'
  'h`D'
  'H`H'
  'ha$-g'
  'HA-'
  'hAi'
  'half-length of pixmap'
  'half-width'
  'hAmG('
  'hAmo&A'
  'Hao'
  'hAo'
  'hAv'
  'hB$'
  "hb'&"
  'Hb-'
  'Hb0t'
  'HB7c|'
  'hB[$'
  'HB\\'
  'Hbd'
  'HBI'
  'hbsabK'
  'hC$'
  'Hc(9'
  'Hc8'
  'Hc>'
  'hc['
  'HcA'
  'HcB'
  'HcD'
  'hcD'
  'HcD$$H'
  'HcD$@H'
  'HcD$HH'
  'HcD$LH'
  'Hch'
  'HcH'
  'HcK4H'
  'HcK[N'
  'hCL'
  'HcN'
  'HcN4I'
  'HcO4H'
  'HcP'
  'HCQm'
  'hCt'
  'Hcx'
  'HcX'
  'HcY'
  'Hcz'
  'hD+'
  'hDa'
  'HDa'
  'hdd'
  'HDQ'
  'hDz'
  'HE:'
  'hEd'
  'Height'
  'Height&2'
  'hEs['
  'HeSi,'
  'hF-'
  'hF:n'
  'hfd'
  'hFd'
  'HFp'
  'hFP}'
  'HFq'
  'HFucf['
  'HFv'
  'HG"L'
  'Hg4'
  'hg6$'
  'Hg]'
  'Hga'
  'hgD'
  'hgGL'
  'HgY'
  'hh"'
  'hH4'
  'hHD'
  'Hhd'
  'hhI'
  'HhP'
  'HHV'
  'hi$'
  'hi$Z3'
  'hID'
  'Hidy'
  'High bandpass'
  'HIGH bandpass'
  'High Color'
  'hiI&Y'
  'HIST'
  'hi{z'
  'hj$'
  'hj\\'
  'HJlP:'
  'HJR'
  'hJtn'
  'hK$'
  'hK/'
  'HK>'
  'HkD'
  'hkn'
  'hKnb'
  'hkx'
  'hkZ46'
  'hK~'
  'hl$'
  'hl0'
  'hl4'
  'HL:'
  'Hli'
  'HLIvi'
  'HLL'
  'Hm#D'
  'HM$'
  'hM8>'
  'hMaB.'
  'hmd'
  'hMD'
  'Hmf|nq0'
  'HMo'
  'HMPTH0'
  'hN3'
  'HnD'
  'hnd'
  'HnE'
  'Ho)'
  'ho='
  'hOd'
  'hoE:'
  'hoJJ'
  'hok'
  'HOME'
  'Home'
  'Home ref'
  'horizontal'
  'Horizontal'
  'how}R'
  "hp'"
  'HP('
  'hP8'
  'hp^'
  'HpH'
  'HPH'
  'hpjO1'
  'hPOx'
  'HPTH0'
  'hQ '
  'Hq!'
  'Hq"'
  'Hq$'
  'hQ$'
  'hQ@Z'
  'hq]'
  'hQE'
  'hQE:'
  'Hr3Y'
  'HR5'
  'HR;'
  'hRD'
  'hrD'
  'HRJ'
  'HRJoK'
  'HR{'
  'hR|'
  'Hs+'
  'Hs-D'
  'hsD'
  'hsf'
  'hSj'
  'HSL (U32)'
  'Hsv'
  'ht5'
  'ht7'
  'hT; m'
  'ht='
  'Htd'
  'hTd'
  'htm'
  'Hu]'
  'hUD'
  'hud'
  'huI'
  'hun'
  'HuP'
  'hv%:'
  'hv6)JQ!'
  'HVd'
  'hVm'
  'hvP'
  'HVS'
  'HW*Yc'
  'hWd'
  'hwK'
  'hwOF'
  'hWY@'
  'hX._'
  'hXd'
  'HXD'
  'hxd'
  'hxl'
  'HY$'
  "hy'"
  'hy+o'
  'HyAM!'
  'hyc'
  'hyD'
  'HyI'
  'HyM;'
  'hyQ'
  'HZ('
  'Hz,'
  'Hz.'
  'HZ5'
  'hz?'
  'hzAzd<B'
  'hZD'
  'HzE:'
  'HZf'
  'hzv'
  'h{g'
  'H|$'
  'H|n'
  'H|O'
  'H|T'
  'H}.'
  'h}acD'
  'H}F'
  'H}v'
  'h~#'
  'h~c'
  'h~E:'
  'I 9'
  'I ]'
  'I D'
  'i I'
  'i L'
  'i L('
  'I!!GOg!!'
  'I!4'
  'I!;'
  'i!d'
  'I",R.'
  'I"}'
  'I#8W'
  'i#D'
  'I#MY"i2!'
  'I$6'
  'I$D'
  'I$Kt'
  'i$Q'
  'I$Q'
  'i$R'
  'I$Rl?'
  'i%-'
  'I%9'
  'i%e'
  'i%P7]f'
  'i%Q'
  'i&C'
  'i&d'
  'I&d'
  'I&t7'
  'i&w'
  'I&Zt'
  "i'$"
  "I'e"
  "i'eh"
  "i'vD<}n"
  'I(!'
  'i)-'
  'I)1'
  'i)X'
  'i*]V&'
  'i*d'
  'I*D'
  'i*W'
  'i+)'
  'i+cVX'
  'I+J'
  "i,'oN"
  'I-%'
  'I-*'
  'i.60'
  'i.]g'
  'I.^'
  'i.BKs'
  'I.D'
  'i.I'
  'i/_'
  'I/B'
  'i/d'
  'I0v'
  'i0~'
  'i1B'
  'I1Z'
  'I2d'
  'I2D array of complex'
  'I2F'
  'I2G'
  'i3[t'
  'I3d'
  'i3d'
  'I3FU'
  'I3o'
  'I4d'
  'I5d'
  'i5I'
  'I5p'
  'i65G'
  'I6['
  'i6d'
  'I6n'
  'I6V'
  'i7!'
  'i7=Q'
  'i7a'
  'i7aQ9'
  'I7t'
  'I8E'
  'i8E:'
  'I8GP'
  'I8{'
  'i9&o'
  'I9>v'
  'I9g!'
  'I:#'
  'i:,'
  'I:F|'
  'i:J'
  'I;=NJz'
  'i;C9'
  'i;z'
  'i<C'
  'i<D'
  'I<}W<}[<}Shx]<'
  'I<~n'
  'I=6'
  'I=hu'
  'i=J'
  'I=o'
  'i>"&0V'
  'I>+'
  'I>4O8'
  'I>`'
  'I>d'
  'I>dX'
  'i?H'
  'i?y'
  'i@3'
  'i@v'
  'I[O'
  'I[R'
  'i\\$'
  'i\\5'
  'i\\[C'
  'i\\k:N'
  'i\\o+f'
  'i\\St|O'
  'I]^'
  'i]d'
  'i^%'
  'i^@'
  'i^H'
  'i^rN'
  'I_+'
  'i_-f}'
  'I_3Jj'
  'i`"'
  "I`''"
  'iA!'
  "Ia'3"
  'ia,'
  'Iad'
  'iAD'
  'Iag'
  'iAmG'
  'iAW'
  'ibd'
  'IbD'
  'IBF'
  'ibh'
  'iBNs'
  'iBU2'
  'Ic$'
  'icl8'
  'icon'
  'ICON'
  'Id%'
  'Id='
  'IDa'
  'iDa'
  'IDATx'
  'Idd'
  'Identification'
  'IDsG'
  'iDw'
  'IE:'
  'iE:'
  'IE['
  'IEl'
  'ien'
  'IEND'
  'Ieo='
  'ieSz'
  'ie~'
  'if mouse is not'
  'If no: current pos z?'
  'IfD'
  'IFr'
  'iFX'
  'Ig@'
  'IGb##%@'
  'ih!'
  'IH<;'
  'IHDR'
  'Ihi'
  'II%O'
  "Ii'"
  'Iid'
  'iIr'
  'Ij+K'
  'iJD'
  'ijN'
  'IJO'
  'ijO@'
  'IJP'
  'ijs'
  'IJu'
  'Ik@'
  'Ikd'
  'Il)'
  'IL4'
  'IL9'
  'Il;'
  'IlD'
  'ilj'
  'iLm'
  'IlxW'
  'im$Z'
  'Im`y'
  'Image'
  'image'
  'Image Area Size'
  'Image Controls.llb'
  'image data'
  'image depth'
  'Image In'
  'Image Name'
  'Image Out'
  'Image Out (duplicate)'
  'Image Pixels (Float)'
  'Image Pixels (I16)'
  'Image Pixels (U16)'
  'Image Pixels (U8)'
  'Image reference'
  'Image Type'
  'image type'
  'ImageControl'
  'ImageControl:ImageControl'
  'ImageControlD'
  'imagedata.ctl'
  'IMAQ Create'
  'IMAQ CreatePTH0'
  'IMAQ Dispose'
  'IMAQ Image.ctl'
  'IMAQ ImageToArray'
  'IMAQ ImageToArrayPTH0'
  'IMAQ Session'
  'IMAQ Write TIFF File 2'
  'imaqcfgc.*'
  'IMAQdx'
  'IMAQdx (strict)D'
  'IMAQdx Buffer Number Mode.ctl'
  'IMAQdx Camera Control Mode.ctl'
  'IMAQdx Close Camera.vi'
  'IMAQdx Close Camera.viPTH0'
  'IMAQdx Configure Grab.vi'
  'IMAQdx Configure Grab.viPTH0'
  'IMAQdx Get Image.vi'
  'IMAQdx Grab.vi'
  'IMAQdx Grab.viPTH0'
  'IMAQdx Open Camera.vi'
  'IMAQdx Session'
  'IMAQdx Stop Acquisition.vi'
  'IMAQdx Stop Acquisition.viPTH0'
  'IMAQdx.ctl'
  'IMAQdx.llb'
  'imaqdx.rc'
  'imaqdx.rcPTH0'
  'IMAQdxD'
  'IMAQImage'
  'IMAQimage'
  'IMAQImage (strict)D'
  'IMAQImage&'
  'IMAQVISN'
  'ImD'
  'iMD'
  'img%05d.tif'
  'img%05d.tif?PbM'
  'In position'
  'In Set Position'
  'In$'
  'in0'
  'in['
  'Incoming Handle'
  'ind'
  'index'
  'index (row)'
  'index i'
  'index of first ref'
  'indices of all exp'
  'indices of all ref'
  'init/cont (init:F)'
  'Initial Time at Start'
  'Initialize'
  'Initialize.vi'
  'Initialize.viPTH0'
  'inj'
  'InO'
  'input cluster'
  'iNs?'
  'Instr'
  'Intensity vs Radius'
  'Interface'
  'INy'
  'INYw'
  'iO '
  'iO8'
  'Io:QF'
  'iOb'
  'ioC'
  'Iod'
  'IOq'
  'IOU'
  'iow'
  'ip)T'
  'ip^5'
  'iPd'
  'ipe'
  'ipj'
  'IPqdM'
  'iPR'
  'ipv'
  'Ipw'
  'iq#'
  'Iq>'
  'iq>]'
  'IqQ'
  'ir$'
  'Ir8'
  'ira9'
  'ir}'
  'Is&'
  'Ise'
  'iSp'
  'iSq'
  'isRTContext&'
  'IsY'
  'is} '
  'It.'
  'Italic?'
  'Itc'
  'itd'
  'iTd'
  'ItE:'
  'iTt'
  'ItzQ'
  'iu?'
  'IU^8'
  'iuI3'
  'IUU'
  'IUVI'
  'iux'
  'Iv4'
  'Iv4H'
  'IV['
  'iVl'
  'IVL'
  'iVz'
  'iw ('
  'Iw(D'
  'Iwd'
  'IWr'
  'IX-6'
  'iX>d'
  'ixd'
  'iXg'
  'iXK'
  'IXLe'
  'iXz'
  'IY$'
  'iy-'
  'IY>'
  'IYB'
  'iYd'
  'IYg'
  'iYh'
  'iYI'
  'iyt\\>R'
  'Iz&'
  'IZ@'
  'izd'
  'izG1'
  'IZu^P'
  'I{8//4'
  'i{d'
  'I{f'
  'I{u@'
  'i{}'
  'i|-M'
  'I}-'
  'i}D'
  'i}n'
  'I}t'
  'I}u'
  'i~<'
  'I~_'
  'I~D'
  'J @B'
  'J h'
  'j r'
  'j!an'
  'J!d'
  'j!D'
  'j!q'
  'J"i'
  'j"o_'
  'j"z'
  'J#7`'
  'j#]'
  'j#g'
  'j#iX'
  'J#O'
  'j$['
  'j$d'
  'J$Q'
  'j$Q'
  'J%d'
  'j%D'
  'J&4'
  'J&@y'
  'j&d'
  'J&d'
  'j&D'
  "j'/"
  "J'd"
  'j(!]'
  'J(?'
  'J(\\_'
  'J(D'
  'j)D'
  'j)F'
  'J)O'
  'J*"'
  'j*0'
  'j*^a'
  'J*d'
  'J*}'
  'J+*'
  'J+D'
  'j+j'
  'J+O"'
  'j+u'
  'j,d'
  'J,D'
  'J,w'
  'j-0'
  'J-9'
  'j-D'
  'J-d'
  'J.d'
  'J.L*b'
  'J/$'
  'j/d'
  'j/}'
  'j0D'
  'J0E:'
  'J1=4'
  'J1d'
  'J1JqaeR'
  'j1vM'
  'J1W'
  'J2#QTNnT'
  'j27'
  'J2='
  'j2aj'
  'J2c'
  'j2d'
  'J2f'
  'J3d'
  'j3D'
  'J3e'
  'J4D'
  'j4Ra'
  'J4S'
  'J4w'
  'J51H'
  'J62'
  'J6d'
  'j6d'
  'J7*P;g'
  'j7D'
  'J7d'
  'j7m'
  'J7p'
  'j7V'
  'J93'
  'j9`%i'
  'j9d'
  'J9J'
  'j9K=u'
  'j:\\'
  'j:D'
  'j:yp'
  "j;'h"
  'j;.'
  'J;C'
  'j;d'
  'J;l'
  'J;Vu'
  'j;y'
  'j<dZ'
  'j<TMh'
  'J<V39E2'
  'J<y'
  'j<Y'
  'J=<+u'
  'j=\\'
  'j=`'
  'J=F'
  'J=S'
  'J=U'
  'j=Z7'
  'j>D'
  'j>U'
  'j?d'
  'j?O'
  'J?Y'
  'j?yiz'
  'J?~'
  'J@+'
  'j@0'
  'J@`m'
  'J@H'
  'J@s'
  'j@z'
  'j@}E'
  'J[-'
  'j[9'
  'J[^%_'
  'j[Ab'
  'j[B'
  'J[B[i'
  'j[M'
  'J[m'
  'j\\2'
  'J] '
  'j]9o'
  'j];D'
  'J]G'
  'j]N'
  'J]w'
  'J^+'
  'j^5'
  'J^D'
  'J^|'
  'j_3'
  'J__%U'
  'j`@'
  'J`^`3 '
  'jAD'
  'jad'
  'jaHE'
  'jAO'
  'jb!g'
  'Jb#'
  "JB%'"
  'JB%D'
  'Jb)u'
  'jb9'
  'jB?'
  'jb_'
  'jBd'
  'JBL'
  'Jc<'
  'JCD'
  'jCd'
  'JclT'
  'jco]'
  'JCq'
  'JcY'
  'Jd5I'
  'jd@)'
  'jDa'
  'JDa'
  'jDeN^,dZ'
  'jDQ'
  'jdS'
  'JDT'
  'Jdzr1r'
  'jd|`zu'
  'je#'
  'Je2'
  'Je4'
  'jE:'
  'JE:'
  'jE['
  'je]'
  'jED'
  'Jee'
  'jeF'
  'JeQ'
  'JfE'
  'jf|SK'
  'JF}'
  'JG,mi'
  'jG8'
  'jGd'
  'jGS'
  'jGWi'
  'jH*'
  'jh['
  'JHA'
  'jHD'
  'jI$'
  'jI9'
  'ji9'
  'JIA'
  'JiK'
  'JIP'
  'jJ 0'
  'JJ1'
  'jj;'
  'JJD'
  'jJd'
  'jjf'
  'jJh%Gh'
  'JJh/Gh'
  'jJo/5$'
  'JJw'
  'Jk./'
  'Jk>'
  'jKc'
  'jKD'
  'JKd'
  'Jkg'
  'jki'
  'jkk'
  'Jkru'
  'jK~'
  'Jl1'
  'JLD'
  'JLK'
  'jm&'
  'jm-'
  'JM4'
  'JM8'
  'JM\\'
  'jMd'
  'Jmf'
  'jMh'
  'JMK'
  'jN#('
  'jN$'
  'Jn+'
  'Jn:C'
  'jNbW'
  'JNd'
  'jnDr'
  'jNI'
  'JnI_'
  'JNl'
  'jNs'
  'jnS'
  'JnS'
  'JNX'
  'JO$'
  'JOaNE`'
  'job'
  'jOD'
  'Joib'
  'jOs'
  'JOw*'
  'jP$'
  "JP'"
  'JP/'
  'jp4'
  'JPd'
  'JPe'
  'jq%*'
  'jq-7'
  'jQ2'
  'jQd'
  'jqg'
  'JqL'
  'JQQRG'
  'JR_'
  'jRD'
  'JRd'
  'jrR'
  'js$'
  'JS,'
  'Js,'
  'JS2'
  'Js5T'
  'Js_'
  'JSd'
  'JsxF'
  'jT X'
  'Jt3'
  'jT='
  'jt_'
  'jtd'
  'jtfo'
  'jTiYbOyX+'
  'jTj^O'
  'JTL'
  'jU2'
  'JuA7'
  'jUd'
  'JUd'
  'Juvq'
  'jv"/'
  'jVC5'
  'jvd'
  'JVd'
  'jVJ-H'
  'JVU'
  'jW.'
  'jw6]&'
  'Jw;a'
  'jwd'
  'jWd'
  'jWhg'
  'JWk'
  'JwPH'
  'jxD'
  'jxH2n'
  "JXjT$'"
  'JXK'
  'jY%'
  'jy3'
  'JYD'
  'jyHm'
  'jYs^'
  'JyV'
  'JZ1'
  'jZf'
  'jz}y'
  'j{/YZP'
  'j{@'
  'j{_['
  'j{D'
  'J{p'
  'j|+'
  'J|E'
  'j|lV,'
  'j|p'
  'j}-GD1'
  'J}>'
  'J}A8'
  'J}z'
  'J~='
  'J~@'
  'j~d'
  'J~Q'
  'K /_,'
  'k G'
  'K!\\'
  'K!d'
  'k!D'
  'K!R_'
  'K"C'
  'K"E:'
  'k"}'
  'K$"'
  'K$$'
  'K$d'
  'K$P'
  'k$Q'
  'K%d'
  'k%r'
  'k%X7'
  'K&,'
  'k&3'
  'K&d'
  "K'!"
  "k'<A"
  "K'D"
  "k'd"
  "K'iaks"
  'k(!5r'
  'K($'
  'k(E:'
  'k(wt'
  'K(Z'
  'K)a'
  'k)K'
  'K)l'
  'k*d'
  'k*L'
  'k+X:X'
  'K,*'
  'K,9'
  'K,CsS'
  'k,d'
  'K,d'
  'k-d'
  'K-m'
  'K-u'
  'k.^'
  'k.b'
  'k.D'
  'k/\\T'
  'K/b'
  'k/D'
  'K/d'
  'k0#t'
  'k0$'
  'K09WSr'
  'K0]'
  'K0yus'
  'k0~'
  'K1)'
  'k15'
  'K17yz'
  'k1d'
  'k1p2'
  'K1|^'
  'K2!'
  'K2d'
  'k3d'
  'k4H'
  'K4i'
  'k4X'
  'K5d'
  'k5d'
  'K5K'
  'k6E:'
  'k6K;K_'
  'K7"'
  'K7$su'
  'K73'
  'k7<'
  'k7d'
  'K7r'
  'K7T'
  'K7Z'
  'k8/7F'
  'K8d'
  'K8W'
  'K8Y'
  'k9_'
  'k9c'
  'k9d'
  'k9s8'
  'K9w'
  'k:a&j'
  'K:d'
  'K;5'
  'k;8'
  'k;^N'
  'K;E:'
  'k;X3W'
  'k;~'
  'k<!t'
  'k<4'
  'k<d'
  'k<H'
  'K<M'
  'K<x'
  'k=='
  'K=\\'
  'K=a'
  'k=D'
  'K>.'
  'K>7='
  'k>d'
  'K>D'
  'k>q'
  'K>w'
  'k?d'
  'k?oM'
  'k@d'
  'k@w'
  'K[!'
  'k[$'
  'k[m'
  'K\\)'
  'k\\D'
  'K\\nD'
  'k]$'
  "k]'"
  'K]w'
  'K]z'
  'k^$'
  'K^(?'
  'k_Gg!'
  'k_jJ'
  'K_P5'
  'k_S'
  'Ka\\'
  'kAD'
  'kaKk'
  'KAv'
  "kb'"
  'KBD'
  'kbD'
  'kBd'
  'KbF*/b'
  'kC$'
  'kc$'
  'kc2'
  'kC@T'
  'kcl'
  'KCZ'
  'Kc~N:'
  'KD$'
  'KD$a'
  'Kd?/ _p{"-2I'
  'Kd^'
  'KDa'
  'kDa'
  'KDN`'
  'kDSK'
  'kdX'
  "ke'"
  'Ke+'
  'KE['
  'keb'
  'Key Down'
  'Key Down?'
  'Key Repeat'
  'Key Repeat?'
  'Key Up'
  'Kf%o'
  'Kf?'
  'kfd'
  'kFd'
  'KFN'
  'kfNg'
  'kFq]Sh'
  'kfu'
  'kG$'
  'kg^'
  'kgd'
  'kGJ&4'
  'Kgo'
  'kGR_'
  'kGT'
  'KH fv'
  'kH$'
  "KH'"
  'kH>'
  'kHd'
  'KHD'
  'Kht8'
  'ki1x'
  'kI6'
  'Ki<'
  'KIe'
  'kIE:'
  'kigpg'
  'KiqR'
  'kiU['
  'kiWL'
  'kI{{'
  'kjd'
  'kJD'
  'kjn'
  'kjo!@'
  'KjU'
  'kK$'
  'kk*Y'
  'kk8'
  'kK<'
  'kKG'
  'kkJ'
  'KKL'
  'KKq'
  'kkrz'
  'kKV=G'
  'kK{Bf'
  'kL$'
  'klc'
  'kLC6'
  'klD'
  'Klli'
  'klmg'
  'kLo'
  'km8'
  'km9'
  'Km\\'
  'KMB'
  'kMd'
  'kmd'
  'KMK('
  'kMP'
  'KMq'
  'Kmx'
  'kN$'
  'kN3'
  'Kn;'
  'Kn>+UI'
  'kn^'
  'KNa'
  'Knd'
  'knD'
  'kNs'
  'kNS'
  'kO$'
  'kO.d'
  'kO7'
  'KO9'
  'kO:'
  'ko=+'
  'kod'
  'KOe'
  'KOJ'
  'kP.'
  'kp/'
  'kP3'
  'kpd'
  'KpF'
  'KpI'
  'kpj'
  'KPNS'
  'kPU'
  'kQ$'
  'kqd'
  "kqj]S'"
  'KqM'
  'KQv'
  'KqY+'
  'kr$'
  'kR$'
  'KR?K'
  'kRw'
  'kr}'
  'Ks?'
  'KSd'
  'ksd'
  'ksQQ-$'
  'ksx'
  'kT$'
  'KT7*'
  'Kt]'
  'ktD'
  'kTZ\\QH'
  'KT{'
  'kT~'
  'kU$'
  "KU'"
  'kU('
  'ku6'
  'ku9'
  'ku9@;'
  'KU[('
  'KUc'
  'kUE'
  "kug'"
  'KUh'
  'kUi'
  'Kui'
  'kun<'
  'kUq?'
  'KUX'
  'kUz'
  'KV0'
  'kvd'
  'Kvi'
  'kW$'
  'kW0'
  'KW4a6'
  'KW['
  'kwd'
  'kWm'
  'kWU'
  'kX$'
  "KX'"
  'KX3'
  'KX_1'
  'kxd'
  'Kx{ '
  'Ky;_{'
  'kyd'
  'kYE:'
  'Kyq'
  'kyxy_yo'
  'kZ '
  'kZ$'
  'KZ$H'
  'kz1'
  'Kz1Y'
  'kzD'
  'kzfn'
  'KZg'
  'KZi'
  'kZj)K'
  'KZO'
  'KzX'
  'k{d'
  'k{p'
  'K{V'
  'K|$'
  "k|'"
  'k|>'
  'K|`)'
  'k|d'
  'K|N/w'
  'K}`KiD'
  'k}C'
  'k}J'
  'k}j'
  'K}tJ}j'
  'K}X'
  'K}Z'
  'k~ '
  'k~d'
  'k~q'
  'K~U'
  'K~zO'
  'L $%rf'
  'l D'
  'l H'
  'L z0G'
  'l!d'
  'L!M'
  'l!P'
  'l!q'
  'l!s'
  'L""e'
  'L"('
  'L"]'
  'l"E:'
  'l#D'
  'l#Ii'
  'L#N-'
  'L$ '
  'L$ H'
  'L$ I'
  'L$$'
  'L$$H'
  'L$('
  'L$(H'
  'L$,H'
  'L$0'
  'L$0H'
  'L$0HcD$'
  'L$8H'
  'L$8L'
  'L$<'
  'L$<H'
  'l$>'
  'l$>f'
  'L$@'
  'L$\\'
  'L$`H'
  'l$d'
  'L$D'
  'L$DH'
  'L$DL'
  'L$g'
  'L$HH'
  'L$hH'
  'L$hL'
  'L$L'
  'L$PH'
  'L$X'
  'L$XH'
  'L$XHcD$LH'
  'l$yc'
  'l%E:'
  'l%h'
  'l%m'
  'l&A,'
  'l&D'
  'l&U'
  "l'd"
  "L'df"
  "l'w3"
  'L(1eG*'
  'l(D'
  'L(X'
  'l(}'
  'l)\\C'
  'l)AK'
  'L)W7D'
  'l*$'
  'L*) '
  'L+*'
  'L+j'
  'L+w'
  'l,2|'
  'L,_'
  'l,d'
  'l-n'
  'L.9'
  'l.9'
  'L.^'
  'L.C'
  'L/ '
  'l/-P'
  'L/E'
  'l/nT'
  'l/w'
  'l0fJ'
  'L1('
  'l1,'
  'L1G'
  'L1I'
  'l1uLZ'
  'l2*Z'
  'L2Wc'
  'L4u!S'
  'l4XW'
  "l5'/_"
  'l5e'
  'l5G'
  'l5OYn['
  'l6 u '
  'l6?N'
  'l6YB6'
  'l7hfQG'
  'l7T'
  'L8K2aP3'
  'l9+'
  'l9D'
  'L9U/>c'
  'l9xt'
  'l9Z'
  'l:#'
  'L:6'
  'L;#n6'
  'l;.D'
  'L;d'
  'l;N'
  'L<]'
  'l<d'
  'L<k'
  'l<p'
  'l<v{'
  'l=^k'
  'l>$'
  'L?$'
  'l?d'
  'L?D'
  'L?q'
  'l@D'
  'l@e'
  'L@H'
  'l@h'
  'L@p'
  'l["'
  'l[d'
  'l[i'
  'l\\,"'
  'l\\E:'
  'L\\H._'
  'L]4'
  'L]7'
  'l]c'
  'L]k'
  'L]o]/cN'
  'l]PW:'
  'L]R'
  'L_"`'
  'l_2'
  'l_E'
  'L`^'
  'l`d'
  'La%SO'
  'La\\'
  'LAd'
  'lAd'
  'lAG'
  'laHe'
  'Last'
  'Last New'
  'last rot pos'
  'last trans pos'
  'LastBufferNumber'
  'LastBufferNumber&2'
  'lb$'
  "Lb''P"
  "Lb';P"
  'lb9'
  'LBd'
  'lbk'
  'Lbk'
  'lbL'
  'lBNID'
  'lbuU'
  'lc$'
  'lc$VE'
  'lc('
  'Lc+'
  'LcB'
  'LCD'
  'LcG'
  'LCh'
  'LCJU2'
  'lCK'
  'lcO'
  'LcY'
  'ld$'
  'lD>'
  'LDa'
  'LDD'
  'LDU'
  'Le3'
  'lE:'
  'LE:'
  'le]KS'
  'le_r>'
  'leafClassForTagFuncNameOffset'
  'LED'
  'led'
  'left'
  'left rank'
  'LEy'
  "lF'C3"
  'LF('
  'lF('
  'Lf]*l'
  'LFAT'
  'LFb'
  'LFD'
  'lfE:'
  'lfx4'
  'LG$'
  'LG+'
  'Lg7'
  'lG7}T'
  'lG\\v'
  'LgB'
  'lgD'
  'lGd'
  'lgK'
  'lgz3ugZ'
  'lh#'
  "lH'Gjt"
  'LH7'
  'lHN'
  'lHP'
  'libNameOffset'
  'LIds'
  'LIfp'
  'lIH'
  'Limit of Auto-Focus'
  'Limit of Program'
  'Limits.llb'
  'Listbox Double Click'
  'Listener'
  'little-endian'
  'LiU4'
  'LJ#'
  'LJ$'
  'LJ0\\%DZi'
  'lJ5'
  'LJ6'
  'Ljc'
  'ljd'
  'Ljm'
  "Ljq''["
  'lk$'
  'Lk1'
  'LK7'
  'lKD'
  'Lke'
  'lkj'
  'LkPp'
  'lld'
  'lLIbd'
  'lLWp'
  'LM*'
  'lM<'
  'lm]'
  'lMAJ'
  'lMcC'
  'LMd'
  'lmd'
  'lmN'
  'lMn'
  'LMx'
  'LN.'
  'Ln/'
  'ln>'
  'ln\\'
  'lNC}.'
  'lNd'
  'lnd'
  'Lno'
  'LNz'
  'ln|<'
  'LO;k'
  'load cal image file'
  'LoadImageControlVTable'
  'loE:'
  'long'
  'Lost Frame Message'
  'Lost frame message'
  'Low bandpass'
  'LOW bandpass'
  'Low Level'
  'lower limit'
  'lo}/'
  'Lp1'
  'lP>'
  'lpD'
  'LPj0'
  'LPPR*'
  'LPw'
  'lPx'
  'LpY'
  'lQ$'
  'Lq&'
  'lQd'
  'lQl<f'
  'lQUZ'
  'LR '
  'lr('
  'lrD'
  'lrO@'
  'lS#d'
  'Ls&c'
  'lsd'
  'Lsf'
  'lsm'
  'Lt('
  'lt6'
  'Ltd'
  'ltd'
  'lts'
  'lu$'
  'LUl'
  'lv$'
  'Lv2'
  'LV5mT'
  'Lv['
  'LV_IMAQdxAttributeBatch'
  'LV_IMAQdxRegisterEvent'
  'lvanlys.*PTH0'
  'lvanlys.dll'
  'LVBoundsTypeDef.ctl'
  'LVBoundsTypeDef.ctlPTH0'
  'lVd'
  'lveventtype.ctl'
  'lvg'
  'LVIN'
  'LVINLBVW'
  'LVMouseTypeDef.ctl'
  'LVPoint32TypeDef.ctl'
  'lvX'
  'lw$'
  'lw('
  'lWP'
  'LWS'
  'Lws'
  'lx$'
  'Lx)*'
  'lX3'
  'LXr'
  'lXvI,w'
  'LY(T'
  'ly,'
  'LY0e'
  'Ly\\'
  'lYd'
  'lyd'
  'lYv'
  'Lyyg'
  'Lz"'
  'Lz2'
  'Lz^'
  'lzd'
  'LZhl'
  'l{<`m'
  'l{G'
  'L{UbE'
  'l|<'
  'L}$'
  'l}+'
  'L}]@%'
  'L}W'
  'l}Y'
  'L~&('
  'l~^'
  'L~B'
  'L~D'
  'L~m'
  'M $'
  'M ?'
  'm d'
  "m!'j"
  'M!='
  'M!D'
  'M!d'
  'm!d'
  'M!n'
  'M!s'
  'M"7F'
  'M";'
  'M";S'
  'M"d'
  'm"n'
  'm#D'
  'M#D'
  'M#t'
  'M$D'
  'm$d'
  'm$Q'
  'M$U'
  'm$Yd>'
  'M%D'
  'm%D'
  'm%t'
  'm%w'
  'M%{'
  'M&D'
  'M&E'
  "M'$"
  "M'9"
  "m'd"
  "m'T"
  'M(>'
  'M(D'
  'M(w'
  'M)1'
  'm)Z{'
  'M*1=)'
  'm*['
  'm*d'
  'm*e'
  'M*E:'
  'M*FHZ'
  'M+$'
  "M+'"
  'm+.'
  'm+d'
  'M,?'
  'm,d'
  'M-126.PD1'
  'M-126.PD1, COM4 9600'
  'M-126.PD1, COM5 115200'
  'm-[+'
  'M-^7['
  'M-d'
  'm-E:'
  'M.!'
  'm.d'
  'M.d'
  'M.I'
  'm/a'
  'M/E:'
  'm/Q'
  'M/Rp'
  'm0+'
  'M07'
  'M0d'
  'm0D'
  'M0N'
  'm10'
  'M1d'
  'm1D'
  'm1e'
  'm1SWRW'
  'm1uY'
  'M1w'
  'M1~]'
  'm2)j*'
  'm2D'
  'M2D'
  'M2f=q\\'
  'm2m'
  'M3)'
  'M3+@'
  'M32D array of prepped'
  'm3='
  'm3b-e'
  'm3D'
  'M3D'
  'M3d[0'
  'm3Ji'
  'M3VZ'
  'm3Zi'
  'M43J'
  'm475gx'
  'M4^'
  'm4D'
  'M4D'
  'M4h'
  'm5$'
  'M5&'
  'M5D'
  'M6$'
  'm6,'
  'M6.r'
  'M6;5'
  'm6d'
  'm6f'
  'm6Q'
  'm7,g'
  'm7d'
  'M7t'
  'M8$'
  'M8U'
  'M9+'
  'm9d'
  'M9E:'
  'M9EU_,p'
  'm:$'
  'M:D'
  'M;A\\'
  'M;d'
  'm;m'
  'M;O'
  'M<_'
  'm<d'
  'M<d'
  'm<q}'
  'm<s'
  'm=d'
  'M=gW'
  'M>d'
  'M>L'
  'm?/'
  'M?^'
  'M?`'
  'm?d'
  'M?D'
  'M?S'
  'm@+I@'
  'm@d'
  'M@E<'
  'M[&'
  'M\\4?'
  'M\\]'
  'm\\D'
  'm]%;'
  'm]*'
  'M]n]O!'
  'm^d'
  'm^Q'
  'M_!'
  'm_en'
  'm_h;'
  'm`d'
  'M`o4'
  'M`V+'
  'mA-Y}Q'
  'Ma.z'
  'MAd'
  'mad'
  'Madcity'
  'Mag Arr'
  'Mag pos when touched to glass'
  'Mag Position'
  'Magnet position'
  'Magnet position input'
  'Magnet position output'
  'Magnet2Force v3_for M270.vi'
  'Magnet2Force v3_for M270.viPTH0'
  'MainCycle'
  'make both cosine bandpass.vi'
  'mask'
  'matchExact'
  'Mau'
  'MAw'
  'Max pos?'
  'Max Trans Pos'
  'Max Trans Pos.vi'
  'Max Travel Limit'
  'Maximum'
  'Maximum travel limit'
  'MaZ'
  'mB.gY'
  'mBd'
  'MBD'
  'mBj'
  'MbM'
  'MC/'
  'mC5'
  'mCh'
  'Mcp%:'
  'mCX'
  'Mc{'
  'MC|JWo'
  'mc~)'
  'Md!'
  'Md\\w'
  'MDa'
  'mDa'
  'mDbY'
  'mDd'
  'mdh['
  'mdo'
  'MdQS'
  'mDZj#'
  'ME/L#'
  'ME:'
  'mE:'
  'mE['
  'meD'
  'median filter'
  'Median Filter.vi'
  'Median Filter.viPTH0'
  'MedianFilter81_H'
  'mEE:'
  'mEG'
  'MeH'
  'Mei'
  'MEND! '
  'Menu Activation?'
  'Menu Key'
  'Menu Mod'
  'Menu Selection (App)'
  'Menu Selection (User)'
  'Menu Selection? (App)'
  'Mercury'
  'message'
  'mEw'
  'mFd'
  'mfD'
  'mFE'
  'mFKs'
  'mFQe'
  'mfs.('
  'MFU]'
  "mG'y["
  'mGd'
  'mGe'
  'MGF'
  'mGFU'
  'MgI'
  'MGU'
  'MH.f{D'
  'Mh]'
  'mHD'
  'mhd'
  'MHDR'
  'MHI'
  'mhn'
  'mHq.'
  'mhVV'
  'mI,'
  'Mi^a'
  'mi_'
  'mId'
  'mIE'
  'millisecond timer value'
  'milliseconds to wait'
  'min value'
  'Minimum'
  'Minimum travel limit'
  'miscctls.llb'
  'Missed frames?'
  'Missing Frames?'
  'mIx'
  'mi~'
  'mJ*'
  'mJ/ F'
  'mj@'
  'mj]O'
  'mjWx'
  'mJX'
  'Mjx'
  'Mk-'
  'mK/'
  'Mk0'
  'mK:w'
  'mkd'
  'MkJRo3'
  'Mko'
  'MKt_'
  'ML"'
  'ml$'
  'mL$%'
  "ml'"
  'Ml1'
  'mlaUsUc'
  'MlBbiI-'
  'MLE6^'
  'mLJ'
  'mlM\\"'
  "mLtDX',"
  'mM"4'
  'Mm$'
  'Mm^'
  'mMd'
  'mmd'
  'MME'
  'mmg'
  'mMP'
  'MmS'
  'MN$'
  'MN-'
  'Mn5He'
  'mnD'
  'MnD'
  'mNE:'
  'MNG'
  'MNGI'
  'mOD'
  'Mods'
  'MoH='
  'mOQ'
  'MoS'
  'Mouse'
  'mouse'
  'Mouse Down'
  'Mouse Down?'
  'Mouse Enter'
  'Mouse Leave'
  'Mouse Modifiers'
  'Mouse Move'
  'Mouse Pos'
  'Mouse Position'
  'Mouse Up'
  'Mouse Wheel'
  'MOv'
  'MOV.vi'
  'Move Axis Relative.vi'
  'Move Axis Relative.viPTH0'
  'Move Axis to Position.vi'
  'Move focal position'
  'Move Speed (mm/s)'
  'MovePos'
  'MovePosRel'
  'moving average'
  'Mp measure freq'
  'MP,'
  'mp.)M'
  'Mpd'
  'mPD'
  'mps'
  'mp|'
  'mQ4'
  'mqd'
  'Mqd'
  'mQD'
  'mqV'
  'mR$'
  'Mr;s?Y'
  'mR]i'
  'mr_'
  'mrI'
  'MRw'
  'mr~2'
  'ms$'
  'MS&'
  'ms4;+{'
  'mS@T_"'
  'Msd'
  'mSd'
  'msH'
  'mt('
  'Mt1'
  'mt;'
  'mt@'
  'mT[O'
  'MT_'
  'mTD'
  'Mtd'
  'mtd'
  'mTM'
  'mTO'
  'mTq<'
  'Mu$'
  'Mu*}'
  'muA'
  'MUID'
  'MUOJ'
  'mUVs'
  'muw'
  'mV$'
  'mV]'
  'MvD'
  'mvd'
  'Mvi_'
  'mVj:'
  'mW$'
  'MW)'
  'MW6'
  'mwd'
  'mWi'
  'MWK'
  'Mx#'
  'MX%@E`'
  'Mxd'
  'mxV-'
  'mX~'
  'MY<1?'
  'mYd'
  'myd'
  'Myd'
  'mYg'
  'MyQ'
  'MZ*'
  'mzd'
  'mzEuEC}'
  'mZJI'
  'MZn'
  'MzS^'
  'mZ}'
  'm{d'
  'M{d'
  'm|*L'
  'M|9'
  'M|d'
  'm|d'
  'M|mH'
  'M|o7'
  'M}$'
  'M}::]'
  'm};m'
  'm}d'
  'M}P'
  'M~D'
  'm~M'
  "n '"
  'N @'
  'n a'
  'N bead plot dZ.vi'
  'N bead plot dZ.viPTH0'
  'N bead plot Z.vi'
  'n Gj#'
  'N N'
  'n!*'
  'n!7F2t'
  'n!;'
  'n!]'
  'n!D'
  'N!W&]A'
  'n"&Fj'
  'n"D'
  'N#g'
  'n$b'
  'n$E:'
  'n%-X'
  'N%]P'
  'n%P'
  "n&'5"
  'N&6}'
  'N&<'
  'N&a |7'
  'n&M'
  "n'D"
  "n'y"
  'N)"k'
  'n)Cb'
  'n)d'
  'n)E;'
  'n)R'
  'n*E:'
  'n*IH'
  'N*KR'
  'n+i,A'
  "N,'"
  'n-$'
  'n.D'
  'n.Q'
  'N/ Z'
  'n/:a'
  'n/E:'
  'n/Gs'
  'n/|'
  'n07m!2'
  'N1^#`'
  'N1f'
  'N1HG'
  'N1K'
  'n1Y'
  'n27'
  'n2a'
  'n2E:'
  'N2n'
  'N2{q'
  'n2|wf'
  'n3!'
  'n3@-'
  'N3A'
  'n3D'
  'N4>'
  'N4@'
  'n4d'
  'n4dvT'
  'N4}'
  'N5$'
  'N5/'
  'n6d'
  'n6N'
  'N7+g'
  'N70'
  'n7d'
  'n7s'
  'n8<'
  'N8_'
  'n9]'
  'n9D'
  'n9H'
  'n:d'
  'N:z'
  'n;?Q'
  'n;^'
  'N<.{'
  'N<0='
  'n<D'
  'n=d'
  'n=}'
  'N>2'
  'n>D'
  'N?Bv'
  'n?d'
  'N?W'
  'n@d'
  'n@XHl'
  'n[7:n'
  'N[\\'
  'n[Z'
  'N\\$'
  'N\\Q'
  'N\\w'
  'N\\Y'
  'N]-'
  'n]2'
  'N]cYS'
  'N]d'
  'N^>M'
  'n^C4'
  'N_$'
  'N`d'
  'n`d'
  'N`Z<'
  'nAb'
  'nAD'
  'nam'
  'name'
  'nameSearchAlgo'
  'native, host order'
  'NaX'
  'nBh'
  'nbZ'
  'Nc2'
  'Nc;'
  'Ncd'
  'nC|BtZ'
  'nD$'
  'nd*'
  'nDa'
  'NDa'
  'ndD'
  'NdM'
  'nDQ'
  'nDx{'
  'nE"'
  'NE:'
  'nE:'
  'NecB'
  'nED'
  'Ned'
  'Need to assign data here'
  'nEIPG'
  'NEN'
  'NeQ'
  'nEq'
  'NEr'
  'New Image'
  'new picture'
  'NewVal'
  'Next'
  'nFd'
  'NfE:'
  'NfI'
  'nfl'
  'Nfz'
  'Ng?'
  'Ng]gD'
  'ngc'
  'ngU'
  'Ngvq'
  'NH 8'
  'Nh3'
  'NH^A'
  'nHd'
  'nHDh.'
  'nhf'
  'nhfk'
  'NHq!'
  'nHW'
  'NI Security User Change (App)'
  'nI"'
  'ni$'
  'NI.LV.ALL.goodSyntaxTargets'
  'NI.LV.ALL.VILastSavedTarget'
  'NI3>%;'
  'nI_'
  'NI_AALBase.lvlib'
  'NiD'
  'nID'
  'NiE'
  'niimaqdx.dll'
  'nIPTH0'
  'Nirv'
  'nivision.dll'
  'NIW'
  'NI}'
  'Nj?<X'
  'nj`_'
  'njA'
  'nJcT'
  'NJqR'
  'Nju'
  'Nkc'
  'NkC'
  'nKd'
  'Nkq'
  'nKT'
  'nkU^'
  'NKW'
  'nL6y'
  'Nl^'
  'NLa'
  'nLd'
  'nLmc+'
  'Nm>'
  'Nmd'
  'NMl)G3~'
  'NN/'
  'nn4'
  'nn8'
  'nND'
  'NnD'
  'NNI'
  'nNj4G%'
  'NnN'
  'NnN?'
  'no circles'
  'No color table'
  'No.of digits'
  'NO]PY\\'
  'No`'
  'Nod'
  'nOd'
  'NOdQ'
  'Nog{U'
  'nojLt'
  'Nok'
  'nolME]U!6'
  'NON[d'
  'None'
  'NonZ'
  'NoW'
  'no{:'
  'NpD'
  'NQ;'
  'nqe'
  'Nql'
  'NQt'
  'nqY30='
  'Nqz*'
  'nr$'
  'nr3'
  'nRd'
  'Nro'
  'NS"'
  'nS%'
  'NS3'
  'Ns<EZ'
  'nsb)'
  'nsD'
  'nsL'
  'nsR'
  'nT9'
  'nT[4#'
  'Nta'
  'nU,'
  'Nu6'
  'nUD'
  'Null'
  'Number of Buffers'
  'NumCol'
  'Numeric'
  'Nuu&'
  'nV*~'
  'Nv3'
  'nVO'
  'nvT'
  'NW#W'
  'nw%9|'
  'nWBaf='
  'NWd'
  'nWD'
  'nWd)'
  'Nx@'
  'NxB'
  'nXCqus'
  'nXD'
  'NxhO'
  'NXPTP'
  'NYAq'
  'nyd'
  'NYE'
  'NYf'
  'nYn'
  'NYo'
  'nYU'
  'nyy$-w'
  'NYZ'
  'Ny}'
  'NZ7'
  'nzD'
  'NZd'
  'nZiI:^'
  'nzIOE'
  'NZj'
  'N{,'
  'n{5'
  'n{D'
  'N{Dp'
  'N}//|'
  'n}<'
  'N}Gl'
  'N}h'
  'N}Y'
  'n~IF]'
  'O #1$o'
  'O 80'
  'o =('
  'o f'
  'O H'
  'o!d'
  'O!d'
  'o!F'
  'O"\''
  'o"d'
  'O"d'
  'o"e'
  'o#Q'
  'o$fk'
  'o$Q'
  'o% '
  'o%@'
  'O%D'
  'o%e'
  'o%E:'
  'o%ED'
  'o%K}A'
  'O&1?n'
  'o&d'
  "o'$S"
  "o'D"
  "O'O"
  "O'w"
  'o(,'
  'o(d'
  'O(F'
  'O)9O'
  'o)d'
  'o)X'
  'o)Z7'
  'o)|o'
  'o*/'
  'O*>'
  'o*D'
  'O*t'
  'o+D'
  'O+S!'
  'o,D'
  'o,i'
  'o-#'
  'O-)'
  'o-D'
  'o.!'
  'O.;'
  'O.a'
  'o.d'
  'O/A'
  'o/d'
  'O0%'
  'o05~'
  'o0?'
  'o0D'
  'o0K'
  'o1$'
  'O17'
  'O1\\'
  'O1cm"'
  'O1SSx'
  'O1wVU('
  'o1~'
  'o2<'
  'o2['
  'o2_'
  'o2d'
  'O2T'
  'o3?y'
  'o3D'
  'o4$'
  'o4h'
  'o4o'
  'o5$'
  'O54'
  'o65C'
  'O6iu'
  'o6o'
  'O6V'
  'o6~'
  'o7$'
  'O7d'
  'o7p'
  'O7p'
  'O7{'
  'O7|'
  'O8#'
  'o8$'
  'O8$D'
  'o8/'
  'o8@'
  'O8E:'
  'o8G%'
  'o8X-'
  "o9<['"
  'O9D'
  'O:d'
  'o:d'
  'O;c'
  'o;t'
  'O;Z'
  'o<['
  'O<d'
  'o<E:'
  'O=d'
  'o=d'
  'o=O'
  'o=P'
  'O>4'
  'O>8'
  'o>@'
  'o>]D0'
  'O>Anz'
  'O>D'
  'o>d'
  'O>Gn>'
  'O>L'
  'O?D'
  'o?D'
  'O?lP~04\\'
  'o@$'
  'O@$'
  'O@`'
  'O[,B'
  'o[d'
  'O[j'
  'O[q'
  'O[w'
  'O\\"C'
  'O\\$'
  'o\\b'
  'o\\d'
  'O]&'
  'o^@~'
  'o^d'
  'o_&'
  'o_+n'
  'o_E:'
  'o_~'
  'O`B'
  'o`V'
  'o`W#'
  'oa$'
  'oA[jLs'
  'oA\\'
  'oaB'
  'OAo'
  'OAQ'
  'OAtr'
  'OAtrA'
  'OaU'
  'OA|'
  'ob.Ocvb'
  'obd'
  'obj step between slices'
  'objmgr'
  'OBl'
  'OC:lH?q'
  'oc?'
  'OCC['
  'ocD'
  'oCk:H'
  'ocKc'
  'OcQ'
  'oCq'
  'Ocq'
  'oCS`YGm'
  'OcZV'
  "od'"
  'Od/'
  'od['
  'ODa'
  'oDa'
  'Odd'
  'ODd'
  'ODE'
  'oDI'
  "odo'"
  'oDy'
  'oE:'
  'OE:'
  'oe;'
  'oE['
  'OEa'
  'oEd'
  'oeE:'
  'OeE:'
  'OeK'
  'oEq'
  'oeQ'
  'oEs'
  'Of '
  'of non-multiple-'
  'OF#'
  'of-four)'
  'of9*'
  'OFF'
  'OFI'
  'OFu'
  'Og$'
  'Og[i'
  'Ogf'
  'OgPTH0'
  'ogq'
  'Og{'
  'Oh 2#'
  'oh!'
  'oh1'
  'oH7'
  'oh7'
  'oHL'
  'OHY'
  'oH~<'
  "oi'"
  'OI(g'
  'OI?#'
  'oiA'
  'oId'
  'Oid'
  'OIe@'
  'oIku'
  'OIQs'
  'oJ%o5'
  'OJ?'
  'oJ[W0'
  'ojB~'
  'ojd'
  'oJD'
  'Ojd'
  'oje}'
  'OjG'
  'oJG'
  'ojMW'
  'oJPTH0'
  'ojR'
  'Ojvk'
  'oJx'
  'ok('
  'OK5F:|b'
  'Ok>'
  'okD'
  'OkE:'
  'OkIq'
  'Okl'
  'oK~['
  'OL '
  'ol%'
  'OL&>#'
  'Ol_'
  'OLD'
  'OlD'
  'OldVal'
  'Oli'
  'OLL~'
  'OLmw'
  'Om['
  'Omd'
  'oMd'
  'OMth'
  'On$'
  'ON-G'
  "on2'55&"
  'oN7bt%:'
  'ON='
  'ON_'
  'ONli;'
  'oNy'
  'oO%'
  'OO%n'
  'Ood'
  'oOd'
  'ood'
  'oOw'
  'op#'
  'oP/'
  'Opd'
  'openFuncNameOffset'
  'openWithContextFuncNameOffset'
  'Opt'
  'Option Mod'
  'Optional Rectangle'
  'OpW'
  'Op~'
  'OqD'
  'oQR'
  'oQu'
  'Or['
  'OrD'
  'oRD'
  'ORG'
  'ORH&1'
  'origin'
  'orn*'
  'oRt'
  'Orw:'
  'oR{'
  'or{'
  'Or}'
  'Os$'
  'Os<:'
  'oSd'
  'OsMmCu0'
  'Os}I'
  'Ot uNF'
  'oT5'
  'oTd'
  'otg'
  'otkW'
  'OtN'
  'otW A'
  'otY'
  'ou6'
  'Ou7'
  'Ou>-'
  'ou\\'
  'oub'
  'oud'
  'oUD'
  'ousMG[i[G'
  'Out position'
  'Outgoing Handle'
  'Outline?'
  'output cluster'
  'oUWm'
  'ov!=$*'
  'OV$'
  'OV&'
  'OV)_'
  'oV0'
  'over picture'
  'OVO'
  'Ow"'
  "Ow'"
  'ow.'
  'ow=i'
  'OW]'
  'oWd'
  'owd'
  'Owi'
  'OWi'
  'OX3'
  'Ox_Xi'
  'Oxd'
  'oXD'
  'oxd'
  'oxi'
  'OXK'
  'oxK,'
  'OXO'
  'oxTW'
  'oY?k^~'
  'Oy\\'
  'oY]S'
  'oYa6'
  'OyD'
  'OYiU'
  'oz)<'
  'oZ.n'
  'oz<'
  'oZcI'
  'Ozd'
  'oZd'
  'OzF'
  'Ozi'
  'OZj1'
  'ozj1'
  'ozu'
  'O{:r'
  'O{<'
  'O{d'
  'o{d'
  'o|\\v{'
  'o|A'
  'O|D'
  'o|d'
  'o|nP'
  'o|O'
  'O}$'
  'o}4'
  'o}q'
  'o}s[T'
  'O}V'
  'O}ys'
  'o~d'
  'O~Pe1'
  'O~T2'
  'O~y'
  'P D'
  'P j'
  'P y'
  'P!;X<M'
  'p!d'
  'p!D'
  'p!P'
  'P"d'
  'p"q'
  'p##'
  'p#?'
  'P#d'
  'p#D'
  'p#},i|'
  'p$$'
  'P$(+'
  'P$g'
  'P$Q'
  'p$Q'
  'P%jA'
  'P&*'
  'P&t'
  "p'$ti"
  "p'd"
  'p(\\'
  'p(d'
  'p)-'
  'P)D!+'
  'P)my'
  'P)zU'
  'p*D'
  'p*E'
  'P*EX'
  'p+$'
  'P+3'
  'p+<'
  'p+?'
  'p,!'
  'P,.'
  'p,d'
  'P,H'
  'p,YKM*KV'
  'p-d'
  'p.d'
  "p.f'?"
  'P.G'
  'p.HZ'
  'p.l('
  'P.O'
  'P.q'
  'p.Y3'
  "p/'"
  'p/d'
  'P/r}WQ'
  'p0D'
  'P0eJBSFhN]f&]'
  'P0N/'
  'p0P1'
  'p1$'
  'p1^k<'
  'p1^p'
  'p1l'
  'p1n}'
  'P1sg'
  "P1{P'O"
  'P2&)U'
  'p2<'
  'p2>]3$3q'
  'P2D'
  'p3D'
  'P4a'
  'p4d'
  'p4J'
  'P5#L'
  'P5G'
  'P6)'
  'p6D'
  'P6D'
  'p7$'
  'P75'
  'P7_'
  'p7_'
  'p7`'
  'P8ca'
  'P8d'
  'p8l'
  'P8tS'
  'p9^'
  'P9E:'
  'p9M'
  'P9N'
  'p9O'
  "P:'"
  'p:4'
  'p:F'
  'p;1'
  'p;D'
  'p;kz'
  'P;N#'
  'p<&Dm'
  'P<['
  'P<],d'
  'p<G'
  'P=&'
  "P='E"
  'P=a'
  'p=D'
  'P=d'
  'p>!%'
  'p>D'
  'P>d'
  'p>Pp4e'
  'p>Y3'
  'p?a'
  'P?D'
  'P@5'
  'P@>'
  'P@`s'
  'P@D'
  'p@D'
  'p[$'
  'p[]'
  'P[_^'
  'p[CY'
  'p\\d'
  'P\\r;'
  'p]2c'
  'P]6'
  'p]?u'
  'p]_'
  'p]D'
  'p]O'
  'p]Q'
  'P]R'
  'P]Uc'
  'P]}'
  'p^D'
  "p_('e"
  'P_7'
  'p_A'
  'P_d'
  'p`5'
  'p`d'
  'P`D'
  'P`x'
  'PA$'
  'Pa/9'
  'pa05'
  'pa<'
  'PA]]'
  'pa^}'
  'paa/'
  'pAd'
  'pad'
  'Pane Size'
  'Panel Close'
  'Panel Close?'
  'Panel Resize'
  'paP?'
  'pAq'
  'parentOffset'
  'path'
  'PAV;i'
  'paz'
  'PB('
  'Pbd'
  'pBO'
  'pby'
  'PCB'
  'Pcd'
  'pCW'
  'PCW'
  'pc{\\'
  'pd,i'
  'pd@'
  'PDa'
  'pDa'
  'pdD'
  'Pdd'
  'pDD'
  'pDQ'
  'PDr'
  'Pe3'
  'PE5'
  'pE['
  'PeD'
  'pED'
  'peD'
  'pen'
  'Pex'
  'pF-'
  'pF:#'
  'PFd'
  'pfd'
  'pFD'
  'PFm'
  'PF}'
  'Pg)'
  'pG/'
  'pG0'
  'pg;'
  'Pg;H*'
  'pG<K'
  'pgd'
  'Pgd'
  'pgD'
  'pGd'
  'Pge'
  'PgHQ'
  'pgm'
  'PGv'
  'PgvU\\Z$'
  'ph>'
  'PH@'
  'PHB`'
  'phd'
  'pHd'
  'Phd'
  'phk'
  'phkYl'
  'Photometric'
  'pi_'
  'pic of cal image'
  'PictD'
  'PICTPICT'
  'Picture'
  'picture'
  'picture in'
  'Picture out'
  'picture.llb'
  'pictutil.llb'
  'pid'
  'PID'
  'PId'
  'Pid'
  'Piezo stage initialization'
  'PiL'
  'pixel center'
  'Pixel distance'
  'pixel distance (nm)'
  'pixmap.llb'
  'PJ:'
  'pjCq_(N'
  'PJd'
  'pJD'
  'pjd'
  'PjD'
  'Pk%'
  'PkcV'
  'PKd'
  'pkD'
  'pKT'
  'PL=t'
  'PlatMods'
  'PLD'
  'pLD'
  'plD'
  'Pld'
  'Plot 0'
  'Plot 0$('
  'Plot 0$(<'
  'Plot 1'
  'Plot 1$('
  'Plot 1$(<'
  'Plot 10'
  'Plot 10$('
  'Plot 2'
  'Plot 2$('
  'Plot 3'
  'Plot 3$('
  'Plot 4'
  'Plot 4$('
  'Plot 5'
  'Plot 5$('
  'Plot 6'
  'Plot 6$('
  'Plot 7'
  'Plot 7$('
  'Plot 8'
  'Plot 8$('
  'Plot 9'
  'Plot 9$('
  'Plot Attribute Change'
  'PLTE'
  'pm$'
  'PM3$'
  'Pmd'
  'pMd'
  'pMX'
  "PN'N"
  'PN/S'
  'pNc'
  'Pnd'
  'PNd'
  'pNd'
  'Pnf'
  "po'"
  'po?6O'
  'pO@'
  'poa='
  'pOd'
  'PoD'
  'POd'
  'PoE'
  'pORB'
  'Portnumber'
  'pos in cal image in'
  'pos in cal image out'
  'Pos within cal image'
  'Pos: Diffraction Pattern'
  'POS?'
  'POS?.vi'
  'POS?.viPTH0'
  'Pos_degree'
  'position'
  'Position'
  'Position [internal units]'
  'position [internal units]'
  'Position values'
  'PoTL'
  'Power spectrum'
  'PP#'
  'pp$'
  'pP$'
  'Pp]j[='
  'pPd'
  'pQ -U'
  'pq$'
  "PQ'"
  'pq+'
  'Pq7'
  'pQD'
  'Pqd'
  'pQH'
  'PR6'
  'Pr>z'
  'pRD'
  'Prd'
  'prep cal image.vi'
  'prep cal image.viPTH0'
  'previous cursor ID'
  'PRF'
  'Prg'
  'prHQ'
  'proc cal image-make bandpass.vi'
  'proc cal image-make bandpass.viPTH0'
  'profiles'
  'PRT '
  'PrZxr^'
  'pSD'
  'psjnb'
  'PSn'
  'PSU'
  'Pt>'
  'PTAB'
  'PTAB+<'
  'PTAB/'
  'PTAB0'
  'PTAB1>'
  'PTAB6R'
  'PTAB8?'
  'PTAB:j'
  'PTAB<x'
  'PTAB@'
  'PTAB^'
  'PTAB^e'
  'PTABc'
  'PTABd'
  'PTABH'
  'PTABIn'
  'PTABJ'
  'PTABj^'
  'PTABJk'
  'PTABJo'
  'PTABjs'
  'PTABlx'
  'PTABOZ'
  'PTABp<'
  'PTABP`'
  'PTABpe'
  'PTABpu'
  'PTABr6'
  'PTABR<'
  'PTABry'
  'PTABsh'
  'PTABt7'
  'PTABTx'
  'PTABwt'
  'PTABx'
  'PTABy'
  'PTABZ'
  'PTAB~x'
  'PTAB~|'
  'pTd'
  'ptd'
  'PTH0'
  'pTM80'
  'pu '
  'pU$'
  'pU7!'
  'Public'
  'PUd'
  'pufPGgZmg'
  'pull'
  'PUo}'
  'PUPV'
  'PV1<'
  'PvA'
  'pvD'
  'PVD'
  "PvK'"
  'Pw('
  'Pw2'
  'pW8'
  'PW?='
  'PWQS'
  'pWqS8N'
  'PX`'
  'pXd'
  'PXd'
  'pXp'
  'Pxw'
  'Py('
  'py8'
  'pY92nq'
  'PYB'
  'pYD'
  'PYd'
  'PZ"g`'
  'Pz5'
  'pz[`k0'
  'pZU'
  'pzX'
  'p{B'
  'p{L+c'
  'p|%n'
  'p|*'
  'p}*'
  'P}D'
  'p}d'
  'P}x'
  'P~0'
  'P~J%a'
  'p~l'
  'p~m'
  'Q h'
  'q q'
  'q!d'
  'q!dr'
  'Q!gH'
  'Q!W'
  'Q"\''
  'q"A'
  'Q"J'
  'Q"u'
  'Q"Z'
  'q$ '
  'q$d'
  'Q$z'
  'Q%D'
  'Q%g'
  'q&:'
  'Q&D'
  'Q&Z'
  'q&|]'
  "q''~"
  "q'D"
  "Q'N"
  "q'R"
  'q(d'
  'Q(G'
  'q(w6'
  'Q)1'
  'q)\\'
  'q)i'
  'q)o'
  'q)pb'
  'Q)S'
  'q*9R'
  'Q*D'
  'q+$'
  'Q+m'
  'q+O'
  'Q,$'
  'Q,_'
  'Q,wf'
  "Q-!d'"
  'Q-*'
  'Q-Pg'
  'q-q'
  'Q.A6'
  'q.m}K7'
  'q.P'
  'q.Q'
  'Q//;!m'
  'q/6'
  'Q/@q'
  'Q0.'
  'q0]'
  'q0a$G:'
  'q0H'
  'q2D'
  'Q3o4EQv'
  'q3oP:zGJ7'
  'q3P'
  'q4@=_'
  'Q4I1*'
  'q4O'
  'Q4QP\\'
  'Q5^'
  'q6D"'
  'q6f'
  'Q6F'
  'Q6J'
  'Q6q'
  'q6Y"'
  'Q7;/'
  'q8%)m'
  'q8;'
  'Q8_'
  'Q8t'
  'Q9 D'
  'Q9A'
  'Q9b'
  'q9G'
  'Q9TJ'
  'q:8mw'
  'Q:GC'
  'Q:Im'
  'Q:K'
  'q;6'
  'Q;O'
  'q;{N'
  'q<5i'
  'Q<?IQ:~'
  'Q<F4'
  'q<u'
  'Q=-'
  'q=\\'
  'Q=u'
  'Q>A'
  'q>I'
  'Q>Y'
  'q??'
  'Q?@'
  'Q?f@`'
  'q?V'
  'q@-`)'
  'q@_B'
  'q@o'
  'q[5'
  'Q[D\\'
  'q[H4~'
  'Q\\4'
  'Q\\@'
  'Q\\b<'
  'q\\E:'
  'Q\\PG'
  'Q\\~'
  'Q]$'
  'Q]^/'
  'q]d'
  'Q^5'
  'Q^TT'
  'q_(-'
  'Q_d'
  'q_E:'
  'Q_m'
  'q`4#'
  'Q`d'
  'q`E:'
  'q`n'
  'Q`w"<i'
  'qa3'
  'qa5.Q'
  'qA;'
  'QAj'
  'Qal'
  'QAR'
  'qav'
  'QB,'
  'QB/'
  'qB;'
  'QB@'
  'QBc'
  'qBd'
  'qbD'
  'qbi'
  "qBzp'"
  'qc. '
  'QC6'
  'QC@'
  'QcA<l/t*'
  'QcH'
  'qcQ'
  'qd i}Q'
  'QD('
  'QD<'
  'qDA'
  'qDa'
  'QDa'
  'QDc'
  'qDd'
  'QDd'
  'qDH\\'
  'QDI'
  'qDQ'
  'QD~x'
  'qE5['
  'qE:'
  'QE:'
  'QE['
  'QEE:'
  'qeE:'
  'qeG'
  'qeh@V'
  'Qehk'
  'Qek'
  'qEv'
  'QF!'
  'qF/Bi'
  'qfd'
  'qFT'
  'QG$'
  'qgg'
  'QGG'
  'QGRW'
  'QGz$'
  'qH:'
  'qh^'
  'qhE:'
  'qHu'
  'qHv9'
  'qhZ'
  'QHZ'
  'qi-~'
  'QI<'
  'QId'
  'QIDATx'
  'qiE:'
  'qIL'
  'qiS'
  'qITF'
  'qj&'
  'QJD'
  'qJd'
  'qjDO'
  'qk"'
  'QK$'
  'QK&'
  'qk5'
  'qKd'
  'qkE:'
  'ql*p'
  'ql7'
  'qL:'
  'qL['
  'QldO'
  'qly'
  'Qm!Ue\\'
  'Qm&'
  'Qm0'
  'QM='
  'QMe'
  'QmI'
  'qmj'
  'QMj'
  'qn*'
  'qn/'
  'qn2'
  'QN>'
  'qnE:'
  'Qnn'
  'QnQ'
  'QnX1'
  'Qn|'
  'qok-'
  'Qop'
  'qOx'
  'Qp"'
  'qp%'
  'Qpw'
  'Qq;'
  'qQD'
  'QqE'
  'qqE:'
  'QqK'
  'qQND'
  'qQ}'
  'qr;dhc'
  'qrAr'
  'qRd'
  'QrJv"_X'
  'qS!'
  'qS4l'
  'qsc'
  'qsd'
  'QSh'
  'qSP'
  'qSZ'
  'QS~'
  'qT$'
  'QT,(*b'
  'qTc'
  'qtD'
  'qU$'
  'qun"uo'
  'quP'
  'qUR'
  'qUU'
  "qV'"
  'qv7'
  'Qv^'
  'qvd'
  'qVd'
  'QVf'
  'qVSM?'
  'qw('
  'Qw4'
  'qwa'
  'qwD'
  'qWk'
  'QWK'
  'Qwps'
  'QWq'
  'QWR'
  'qwU'
  'qwX3'
  'qx"'
  'qX3'
  'qXL'
  'Qxm'
  'qxW'
  'qy&r'
  'qY*'
  'Qy^K,'
  'qYD'
  'qyd'
  'QyF'
  'qyO'
  'qz/'
  'Qz0'
  'Qz3'
  'qz_T'
  'qZd'
  'qzd'
  'qzr'
  'QZt7'
  'Qz~'
  'q{6!'
  'q{D'
  'q{l'
  'q{~'
  "Q|'"
  'Q|0'
  'Q|d'
  'q|q'
  'q}8'
  'Q}_,'
  'Q}f'
  'Q~&'
  'q~Ei'
  'q~T'
  'R .'
  'r :'
  'r d'
  'R d'
  'R s'
  'r shifted cal ampl'
  'r shifted cal real'
  'r shifted!'
  'r t'
  'r!$'
  'r!_'
  'R!d'
  'r!f'
  'R!Y'
  'R"$'
  'r")2}'
  'R">'
  'r"d'
  'R"r'
  'R#d'
  'r#iI[qJ'
  'r#v'
  'R#V/'
  'R$4'
  'r$5'
  'R$:'
  'R$d'
  'r$d'
  'R$N'
  'r$z'
  'r%D'
  'R%e'
  "R&='"
  'R&@9P'
  'r&aHCn'
  'R&d'
  'r&d'
  'R&i'
  'r&JO'
  'R\'6+"'
  "r'`9?"
  "R'd"
  "r'D"
  "r'S"
  "r'|"
  'r($'
  'R(2b'
  'r(\\i'
  'R(o'
  'r)!i'
  'R).'
  'R)d'
  'R)I'
  'r)X'
  'R*$'
  'r*/'
  'r*6'
  'r*;'
  'r*d'
  'R+c'
  'r+E:'
  'r+~6N!g'
  'R,d'
  'r,E:'
  'R-)/'
  'R-D'
  'r-shifted corkscrew cal'
  'R-y'
  'r-|'
  'R.d'
  'r.d'
  'R/ '
  'r/#'
  'R/d'
  'R/e5'
  'R/E:'
  'r/g'
  'R0D'
  'R0G'
  'R0j&.'
  "R1,V+'Tm"
  'R10'
  'R1d'
  'r1HeE'
  'r1M'
  'r1q'
  'R2\\'
  'R2d'
  'R2D'
  'R2G'
  'R2M'
  'r2Np'
  'R2O'
  'R2s'
  'R3$'
  'R3d'
  'R3eO'
  'R3I'
  'r3P'
  'r4ou'
  'R4w'
  'r5D'
  'R5d'
  'R5Gi.M'
  'R5r'
  'r6>(f'
  'R6D'
  'R7C'
  'R7d'
  'R7GP'
  'R7M'
  'R7Xu('
  'r8*C'
  'R8;'
  'R8d'
  'r8d'
  'r9='
  'R9d'
  'r9d'
  'r9m('
  'r9Yc'
  'r9}'
  'R:%'
  'R:D'
  'r:k'
  'r:q'
  'R;$'
  'r;0'
  'R;d'
  'R<$'
  "r<'"
  'R<3'
  'r<Et'
  'R<f'
  'R<}'
  'R=1'
  'R=9'
  'r=_'
  'R=E:'
  'r=zX'
  'R>)'
  'R>d'
  'r>J'
  'r?#'
  'r?$'
  'R?^*'
  'R?d'
  'R?Q/'
  'r?r'
  'r@!'
  'r@$'
  'R@1U\\'
  'R@3'
  'R@:'
  'R@C'
  'R@D'
  'R[E:'
  'r\\$i'
  'R\\%v'
  'R\\/`'
  'r\\\\4_I'
  'r\\C'
  'r\\D'
  'R\\d'
  'r\\O5`'
  'r] '
  'R]$'
  'r]d'
  'r]K'
  'r^)'
  'R^]{'
  'r^^l'
  'r^d'
  'R^E:'
  'r^H'
  'R_*'
  'r_D'
  'R_d'
  'R_UUY'
  'r`$'
  'R`$'
  'r`/'
  'R`q'
  'rA%KXE'
  'rA('
  'Rac'
  'radial intensity profile 1'
  'radial intensity profile 2'
  'radius'
  'RaE:'
  'range'
  'RaR'
  'Raw cal image'
  'RAX'
  'raY'
  'rB<N7('
  "rB<VF'LW"
  'RB>'
  'RBd'
  'Rbd'
  'rbH'
  'RBQRf'
  'RBuL'
  'rBWJq'
  'rC$'
  'Rc$'
  "rc'^"
  'Rc+'
  'RCD'
  'Rcd'
  'RCFL'
  'Rcn,'
  'rc|'
  'rd]'
  'rd`'
  'RDa'
  'RDd'
  'RdD'
  'rdE:'
  'rDQ'
  'RdR'
  'RE$'
  'RE1w'
  'RE5'
  'rE:'
  'RE:'
  'rE['
  'RE['
  'Reached clamp'
  'real-space'
  'Real-space cosine window'
  'rect'
  'rect coord from center.vi'
  'rect coord from center.viPTH0'
  'Rectangle'
  'rectangle coordinates'
  'rectangle coordinates[0]'
  'rectangle coordinates[1]'
  'rectangle coordinates[2]'
  'rectangle coordinates[3]'
  'rectangular'
  'rEd'
  'Red'
  'rEe'
  'ref'
  'reference'
  'Reference mode'
  'Reference Move'
  'reference out'
  'refnum out'
  'refnumKind'
  'reG'
  'Register DC'
  'Reinit To Default'
  'Reinit To Dflt'
  'remainder'
  'RESET'
  'Reset'
  'Reset Tracking'
  'Reset tracking'
  'reverse coefficients'
  'Rf$'
  'rf]'
  'RFd'
  'RFD'
  "rFd}'"
  'rfE:'
  'rFE:'
  'rFj'
  'rFT'
  'rg!w6r'
  'rg.'
  'RG0c'
  'rG4o]'
  'rg?n'
  'RGB (U32)'
  'RGB (U64)'
  'rgd'
  'RGd'
  'RGE'
  'RgE:'
  'RGi#'
  'rgy'
  'RH!'
  'rH7'
  'RH[?'
  'rhD'
  'Rhd'
  'RHd'
  'rHd'
  'RHj'
  'rHo\\'
  'rhw_'
  'Ri$'
  'RID'
  'rId'
  'right'
  'right rank'
  'riH'
  'Ring'
  'ri}'
  'rI~'
  'rJ]'
  'rJd'
  'RjE:'
  'RJf'
  'rJnK|'
  'RK!/h'
  'Rk$'
  'RK$'
  'rkE'
  'RKV*'
  'RKZE|'
  'Rl$'
  'rld'
  'RLD'
  "RlW'n"
  'RLZ'
  'rL}Ss'
  'Rm('
  'RM@'
  'rm_MY'
  'RMB6'
  'rMd'
  'rmd'
  'RMd'
  'RmE:'
  'RMF'
  'Rmm'
  'rmN'
  'Rmn'
  'RMU'
  'RN$'
  'RN*'
  'Rn2'
  'RN8'
  'Rn\\'
  'rn_q_'
  'Rnd'
  'rNED'
  'rnns'
  'RNX'
  'Ro$'
  'Ro(J9:'
  'RO7'
  'rO9'
  'rOd'
  'rod'
  'ROE:'
  'ROH'
  'RON Affected axes'
  'RON settings'
  'Rot '
  'rot display ref'
  'Rot Pos'
  'rot pos'
  'Rot pos (deg)'
  'Rot position'
  'Rot Step (deg) '
  'Rot step (turns)'
  'Rot VISA in'
  'Rot VISA out'
  'Rot, COM2 115200'
  'Rot, COM3 9600'
  'RotationVISA'
  'Rotor'
  'Rows Per Strip'
  'Rp&'
  'rpD'
  'RPd'
  'RpE:'
  'rQ$'
  'RQ$'
  "Rq'"
  'rq5'
  'rq`'
  'rqD'
  'RQe'
  'rQf'
  'rr$'
  'rr_a$&)p'
  'rrD'
  'RRE:'
  'rrQ'
  'RS$'
  'RS)'
  'RS-232'
  'RS232 settings'
  'RsD'
  'RSRC'
  'Rst'
  'RsZ}'
  'RT$'
  'rT,=HT'
  'Rtd'
  'rTg'
  'rTkp'
  'RtV'
  'Ru7u'
  'RUE:'
  'rUf'
  'Rul'
  'running index in'
  'ruQ'
  'RVd'
  'Rvd'
  'RVL/'
  'RW$'
  'Rw$'
  'rw;H'
  'RW['
  'RWAnmb'
  'RwF'
  "RWG'"
  'RWK'
  'RwrH%'
  'rWv'
  'Rwz'
  'Rx$'
  'RX\\'
  'rXa'
  'rXE,'
  'RXE:'
  'RXl'
  'rxQm'
  'RXw'
  'RXz'
  'rYd'
  'ryGo'
  'Ryq-['
  'RYt'
  'rY{'
  'RZ$'
  'rz+'
  'Rz;'
  'Rz_'
  'Rzc'
  'RzcK'
  'Rzd'
  'RZk[xgq'
  'rZo'
  'r{C'
  'R{E:'
  'r|$'
  'R|d'
  'r|YK'
  'r|Zr'
  'R}<'
  'R}d'
  'R}ftl'
  'r}i'
  'r}p'
  'r~#'
  'r~6'
  'R~y'
  'S $'
  's D'
  's |'
  's!('
  'S!+'
  'S!1'
  'S!8'
  'S!88'
  'S!8x'
  'S!_'
  'S!d'
  'S!}'
  'S"?_'
  'S"^#D '
  's"P'
  's"y~.[+Im'
  'S#c-'
  's#Tr*~'
  's#u'
  'S#x'
  'S$$'
  's$A'
  'S$D'
  'S$dQ'
  's$K'
  's$Yf'
  'S%$'
  'S%?'
  's%H'
  'S%j)'
  'S&\\'
  'S&l'
  "S'^"
  "s'b"
  'S($'
  's(L'
  's({_'
  'S)$'
  'S)d'
  's*5'
  'S*6'
  'S*<)Y'
  's*u<e8r'
  'S*V!'
  's++'
  'S+^'
  'S+dR'
  'S+v*/'
  'S,.>Vq'
  's-d'
  's-Mm'
  'S-S'
  's-{'
  'S.$'
  'S.4'
  's.e'
  's.Y'
  's/6'
  'S/@`'
  'S/N'
  'S/P'
  'S0$'
  's0x'
  's1d'
  'S2:'
  "S2H'"
  's2y(_A'
  's3e'
  's3gf'
  'S3pBrj'
  's4Cu'
  's4d'
  'S4W'
  's5%'
  's511D'
  'S58'
  'S5:i'
  's5\\)F<'
  's5^('
  'S5M'
  's6d'
  's6o'
  'S6w'
  's7_N+'
  'S7BI`'
  's7t4'
  's7x'
  's7xP'
  's8d'
  'S8e{X~L/Hd'
  'S8O'
  'S8Z'
  'S:_'
  's:`'
  'S:Aa'
  'S:g3'
  's:m'
  'S;l'
  'S<D'
  's<D'
  'S<gx!'
  's<T'
  's=?87'
  's=g'
  'S=MM'
  'S=y'
  's> '
  'S>['
  'S>`'
  's>d'
  's?9I'
  'S?d'
  's?f'
  's@?e'
  's@yO'
  'S[d'
  's[O0m]'
  's\\G'
  's\\j|'
  'S\\U'
  's]E'
  's]o'
  's^^'
  's^B!'
  'S^D'
  'S^P'
  's^PV'
  'S_!y'
  'S_E'
  'S_Q'
  's`4D2e'
  'S`]|h'
  's```('
  's`d'
  'S`k='
  's`y'
  'sA$'
  'sA4}'
  'Saf\\'
  'SaKKO'
  'sat'
  'Save cal cluster file'
  'save N xyz traces.vi'
  'save trace.vi'
  'save trace.viPTH0'
  'saved file refnum'
  'Saves calibration file'
  'SaV~'
  'Sb)_s'
  'sBi?+}b8'
  'SbSd'
  'sbTbK9'
  'sb{H'
  'sC$'
  'Sc5'
  'Scale'
  'scale color'
  'Scale Range Change'
  'Scale.Maximum'
  'Scale.Minimum'
  'scd'
  'scQ'
  'ScS'
  'SCSR'
  'sCz'
  'sd+T'
  'Sd?'
  'SDa'
  'sDa'
  'SdB'
  'SdC'
  'sDD'
  'Sdd'
  'sdJ'
  'sDQ'
  'SdR'
  "sDrr'"
  'SDu'
  'se!'
  'Se6r'
  'sE['
  'sEA'
  'Seb|'
  'seconds since 1Jan1904'
  'SeD'
  'Sed'
  'SEL'
  'selected beads'
  'selected path'
  'selection'
  'Send'
  'Send to Rot'
  'Send to rot'
  'send to rot ref'
  'Send to Trans'
  'Send to trans'
  'send to trans ref'
  'Session In'
  'Session Out'
  'Set # of Cycles'
  'Set Cursor (Icon Pict).vi'
  'Set Cursor (Icon Pict).viPTH0'
  'Set Cursor.vi'
  'Set Cursor.viPTH0'
  'Set Focus  (0->50)'
  'Set obj'
  'SetCommand.vi'
  'SetCommand.viPTH0'
  'sets of 4 beads exist, and'
  'SetSpeed'
  'setup bar plot'
  'setup file progress'
  'seW'
  'sf.'
  'SF0'
  'sf8'
  'sF<o'
  'sfd'
  'sFfdCC'
  'sfJ'
  'SFl'
  'Sfl'
  'SFy'
  'SFZ'
  'sF|g'
  'SgB`'
  'SgD'
  'sgd'
  'SGd'
  'SgV'
  "sgZt'eg"
  'sg}_'
  'sH/'
  'sH4#y'
  'Sh8W\\b5'
  'sH_G q'
  'Shadow?'
  'shape'
  'shC'
  'SHen'
  'shf?y'
  'shf_~'
  'Shift'
  'Shift Mod'
  'sHL'
  'shm'
  'short'
  'Shortcut Menu Activation?'
  'Shortcut Menu Selection (App)'
  'Shortcut Menu Selection (User)'
  'Shortcut Menu Selection? (App)'
  'SHT'
  'SHt'
  'Sh~'
  'si$'
  'sI&v'
  'Si*!'
  'si/pS'
  'siblingOffset'
  'Sid'
  'SId'
  'Simple Error Handler.vi'
  'Simple Error Handler.viPTH0'
  'Single Cycle Num'
  'SiW_q'
  'six'
  'Size'
  'size'
  'size(s)'
  "sj'f+-"
  'SJ*'
  'sj9'
  'sj;'
  'sjD'
  'Sje'
  'sjk'
  'sjPTH0'
  'SJUqF+k'
  'SJ|'
  'Sk$'
  'sk$'
  'sk0'
  'SKf'
  'SKs'
  'skZ'
  'sl%'
  "Sl'"
  'Sl(t'
  'sl1'
  'Sl8g'
  'SL]'
  'SLD'
  'sLd'
  'Slide (strict)D'
  'slK'
  'SlV'
  'SL{'
  'SM52'
  'sM>'
  'smd'
  'SMm'
  'smoothing'
  'sMt'
  'smx^K'
  'sM}'
  'sm~m'
  'SN out'
  'Sn$'
  'sn7`'
  'snd'
  'Snd'
  'SniX'
  'SnL'
  'sNP'
  'sNz'
  'SO='
  'SoA'
  'SOd'
  'Solid'
  'SoR?]'
  'Sou'
  'Source'
  'source'
  'source out'
  'So{z'
  'Sp@'
  'SPcV_'
  'spd'
  'Speed'
  'speL'
  'sQ!'
  'sQ$'
  'Sq%'
  'sq:'
  'sQ=QW_'
  'sq>'
  'Sq?Hz'
  'sq]S'
  'Sqg/'
  'sQqM='
  'SQw'
  'sr!@D'
  'Sr#'
  'SRd'
  'SRH1G'
  'srq]'
  'srv>'
  'SRz0}'
  'Ss%]p'
  'Ss*D'
  'sS2O'
  'SS_'
  'ssD'
  'SsD'
  'SSzj'
  'ST,'
  'ST9'
  'stack of radial intensities'
  'Stacked'
  'Stage names input'
  'start angle(0)'
  'Start Cycles'
  'Start Moving?'
  'START TRACKING'
  'starting x 1'
  'starting x 2'
  'starting y 1'
  'starting y 2'
  'starts it'
  'Status'
  'status'
  'STOP'
  'Stop'
  'stop (end)'
  'stop (end) 2'
  'STOP Cycles'
  'Stop one-way'
  'Stop refnum'
  'Stop Trans'
  'StrD'
  'Strikeout?'
  'string'
  'String'
  'stripped path'
  'Style'
  'su.pO'
  'su3'
  'su@'
  'SubCycle'
  'substring ("")'
  'sum'
  'suZ'
  'Su}7~'
  'sv$'
  'Svf'
  'SvhL'
  'Sw"\''
  'sW3'
  'sW3#'
  'sW[B\\'
  'sWb'
  'swd'
  'sWd'
  'sWDM)v1'
  'sWe^'
  'Swi'
  'switch'
  'Switch'
  'Switch servo on?'
  'swN'
  'sWv'
  'sxd'
  'Sxd'
  'SXm'
  'SXy'
  'SX|jT9'
  "Sy'"
  'sy('
  'sy-'
  'SY\\'
  'syE:'
  'SYm='
  'sYO'
  'System Font'
  'System no.'
  'sZ/'
  'sz3K'
  'sZd'
  'szD'
  'SZL\\'
  'Szlij'
  'Szv'
  's{['
  's{cn7'
  'S{o{'
  'S|M'
  's}d'
  'S}Z'
  's~0'
  's~_'
  'S~P'
  'S~S'
  'S~z'
  'T +   -> T'
  'T +T -> T'
  'T ;*-A'
  't _'
  'T D'
  'T d'
  't H'
  't!$'
  't!+'
  't!='
  't!H'
  't!o'
  'T!x'
  't"\\'
  'T"uBD'
  't"v%s'
  't"w\''
  't#,'
  't#cR'
  't#H'
  't$ 1'
  'T$ H'
  't$ H'
  "T$'"
  'T$('
  'T$(H'
  't$(H'
  'T$,H'
  'T$0'
  'T$0H'
  't$0H'
  't$8H'
  'T$<'
  'T$<H'
  'T$`'
  'T$`H'
  'T$d'
  't$H'
  'T$h'
  't$HL'
  'T$l'
  'T$t'
  'T$T'
  'T$t1'
  't$X'
  'T$x'
  't$XH'
  'T$|'
  'T%#'
  't%#_g'
  't%$u'
  't%.0f'
  't%.6f'
  'T%/'
  't%d'
  't%H'
  't%j+k'
  'T&='
  'T&?p'
  'T&d'
  't&H'
  't&V'
  "t'H"
  "t'l"
  "t'v"
  't(A'
  't(E:'
  't(H'
  't(m'
  't(t'
  't(y'
  "T)'"
  'T)7P'
  't)L'
  't)M'
  'T*['
  't*H'
  't*I'
  't+:V'
  't+B'
  'T+d'
  't+H'
  't+lD'
  'T,)U,*'
  't,7'
  'T,a'
  'T,w`,'
  't-6'
  't-A'
  'T-C@g'
  't-g'
  't-g('
  't-H'
  'T-{'
  't.6.'
  't.H'
  'T/$'
  'T/5R'
  't/H'
  't/L'
  't/R'
  'T0#:5'
  't1d'
  't1H'
  'T2c{'
  'T2d'
  't2E:'
  't2H'
  'T3$'
  't3a'
  't3H'
  'T3M\\k'
  't3t'
  't3v2yt'
  't3Y'
  'T3Y~m'
  't4d'
  't4H'
  't4~'
  't5E:'
  'T5ei'
  'T5K%=&X'
  't5U57'
  'T5W'
  't6H'
  't6r'
  'T7+'
  't7d'
  'T7F'
  't7H'
  't7O'
  'T7R'
  'T7T'
  'T8c'
  't8d'
  'T8f'
  'T8F'
  't8H'
  'T9d'
  't9H'
  't9L'
  'T9v'
  't:,J'
  't:a'
  't:D'
  't:H'
  't:s'
  't;2y'
  'T;d'
  't;H'
  't;I'
  'T<%~!'
  'T<.U;'
  'T<6'
  't<='
  'T<Ax'
  'T<H'
  'T=d'
  't=H'
  'T=k'
  't>&'
  't>('
  't>+'
  't>H'
  't>m'
  't?H'
  't?l'
  'T@$'
  'T@_'
  't@H'
  't@Hc'
  'T[D'
  't[L'
  'T\\[Y]W[c'
  't\\H'
  't\\L'
  'T\\T'
  't\\{yVi'
  'T]#'
  't],'
  'T]:'
  'T]d'
  't]H'
  't^%'
  't^H'
  'T^h'
  't^L'
  'T^RZb9'
  "t_'O"
  'T_)I'
  'T_d'
  't_M'
  't_V:x'
  'T`d'
  't`s'
  'tA!?ltx'
  'tA"'
  'TA$'
  'Ta+g'
  'Ta.'
  'tA\\'
  'table'
  'Tad'
  'tAH'
  'tAJ:'
  'tANb'
  'Target'
  'taT'
  'taw'
  'tB&(%'
  'tB?'
  'TB\\)%'
  "TBahK'"
  'Tbd'
  'tbH'
  'tBH'
  'tBL'
  'tBM'
  'TBm,'
  'tBw['
  'tC-'
  'tCc'
  'TCd'
  'tCenh'
  'tcH'
  'tCo'
  'tC~'
  'TD#X('
  'tD0B'
  'Td]='
  'tDa'
  'TDa'
  'TDCC'
  'Tdd'
  'tdH'
  'TE!'
  'Te&'
  'TE:'
  'tE['
  'TE['
  'Ted'
  'TEd'
  'tEgn'
  'tEH'
  'TERM'
  'TeuaU'
  'text'
  'text color(black)'
  'text orientation '
  'text rect'
  'tE|&xUg'
  'TFb'
  'Tfd'
  'tFH'
  'tfH'
  'tFI'
  'tFL'
  'tFn'
  'tf~<'
  'tG*.'
  'tG7'
  'Tgd'
  'tGF'
  'Tgk#'
  'tgOTs'
  'tgR'
  'TH$'
  'Th1-'
  'tH]'
  'ThC'
  'THcL'
  'ThD'
  'the remainder'
  'then close the focal position connection'
  'tHH'
  'thH'
  'tHO'
  'thWBp'
  'ti/'
  'Tid'
  'TID'
  'TIFF Options'
  'tiH'
  'tIH'
  'Time'
  'Time (Frame #)'
  'time constant'
  'Time span after start (min)'
  'Time stamp'
  'Timeout'
  'timeout (500ms)'
  'Tip'
  'TIT'
  'Tjd'
  'tJH'
  'tJI'
  'TJk'
  'tJL'
  'tK,>'
  'Tkd'
  'tkD'
  'TKd'
  'TKG'
  'tkgp'
  'tkH'
  'tKH'
  'TKp-'
  'tkY'
  'Tl2'
  'TL4'
  'Tld'
  'TLi'
  'tLI'
  'tLL'
  'TM?v'
  'TmD'
  'tmd'
  'tMHc'
  'tmi'
  'TMN?.vi'
  'TMN?.viPTH0'
  'TMX?.vi'
  'TMX?.viPTH0'
  'tN0'
  'TN6'
  'tN<S'
  'Tnd'
  'tNH'
  'tnH'
  'tNL'
  'TN{'
  'to camera frame'
  'to cross'
  'to picture'
  'tO:'
  'ToCp'
  'Tod'
  'tOM'
  'top'
  'top left'
  'tOSx'
  'Total cycle #'
  'total data array in'
  'total data array out'
  'Total Lost Frames'
  'Total lost frames'
  'tOx'
  'TP*>=c'
  'Tpd'
  'tpH'
  'TPI'
  'TPJ'
  'tPL'
  'tPM'
  'tq J'
  'tq4/z'
  'Tq?5|'
  'tq`z'
  'Tqd'
  'TQd'
  'tQD'
  'tqd'
  'tQH'
  'tQh2:A'
  'tQq'
  'tr@'
  'tra'
  'Track File Path'
  'tran display ref'
  'tran pos'
  'Trans increment (F2)'
  'Trans pos'
  'Trans Pos (mm)'
  'Trans position'
  'Trans Speed (mm/s)'
  'Trans Step (mm)'
  'TRd'
  'TrD'
  'Tree Double Click'
  'Tree Drag'
  'Tree Drag?'
  'Tree Drop'
  'Tree Drop?'
  'Tree Item Close'
  'Tree Item Close?'
  'Tree Item Open'
  'Tree Item Open?'
  'tRH'
  'triangular'
  'tRNS'
  'TRva'
  'tS['
  'tSa'
  'TsD'
  'tSd'
  'tsH'
  'tSH'
  'tSI'
  'TSM'
  'Tt+'
  'Tt;'
  'TTd'
  'Ttd'
  'tTH'
  'Tu-'
  'tu0'
  'tU<'
  'tU@'
  'tUD'
  'Tud'
  'tud'
  'tUEMi'
  'tUH'
  'TurnOff'
  'tuw'
  'TUxw'
  'tV9'
  'Tv>'
  'tVd'
  'tVH'
  'tvH'
  "tW'"
  'Tw?'
  'Twd'
  'twD'
  'tWH'
  'twH'
  'twI'
  'tWO'
  'twPTH0'
  'twTK'
  'Twz'
  'TwZs u'
  "TX's"
  'TX3'
  'tx4'
  'tX='
  'tX@'
  'Tx\\H0'
  'TxD'
  'TXfi'
  'TXg'
  'txH'
  'tXH'
  'tXL'
  'TXlo'
  'Txt^'
  'txXsY'
  'TYd'
  'Tyd'
  'tYM'
  'type'
  'Type'
  'type of dialog (OK msg:1)'
  'type string'
  'typeClass&'
  'typeNameOffset'
  'tYva'
  'tYw'
  'TY{'
  'TY{e'
  'tz"'
  'tz$'
  'Tz^'
  'Tzd'
  'tzh'
  'tZH'
  'tZL'
  'tzL'
  'tzV3'
  'tzy'
  'TzZ'
  'TZ{'
  "tZ}'>"
  'T{d'
  'T{E'
  't{qxtsyt'
  'T|!1fI'
  't|[:~*'
  't}&'
  't}@'
  'T}d'
  't}H'
  'T}T_5'
  't}v'
  'T}w'
  'T~I'
  't~X'
  'u 2>bl'
  'U d'
  'U g'
  'U }'
  'u!d'
  'u!D'
  'u"$'
  'u"['
  'U"d'
  'u"H'
  'u"I'
  'u"M\''
  'U#d'
  'u#Hc'
  'u$d'
  'u$H'
  'u$X'
  'U%18'
  'u%d'
  'U%d'
  'u%s'
  'U%U'
  'U&?1E'
  'U&d'
  'u&H'
  'u&|'
  "U'#+"
  "u'3"
  "u'd"
  "u'H"
  'U(6y'
  'U(d'
  'u(E:'
  'u(P'
  'u)!4'
  'U)d'
  'u*$'
  'u*>'
  'U*J'
  'u*Q'
  'U*z'
  'U+d'
  'u+tg'
  'U,D'
  'U,q'
  'U,Y'
  'U-+_'
  'U-] '
  'U-_'
  'u-D'
  'u-qq'
  'u.2'
  'U.d'
  'u.i'
  'U.r'
  'U.R'
  'u.S'
  'U.T'
  'u.w'
  'U/('
  'u/,Ew'
  'u/['
  'u/`'
  'U/A'
  'U/F'
  'u/Z'
  'u0*'
  'U0d'
  'u0E'
  'U0GU'
  'u0H'
  'u0Hk'
  'U1C'
  'u1E'
  'U1E:'
  'u1MeBp'
  'U2d'
  'U3d'
  'U3fR'
  'u3H'
  'U3I'
  'u3I'
  'U4D'
  'u4o'
  'u4s'
  'U4S'
  'u5-q_'
  'U52z'
  'U5d'
  'u5g'
  'u5x'
  'u6@'
  'U6c'
  'U6d'
  'u7-'
  'u7='
  'U7d'
  'u7H'
  'u7q'
  'U7r'
  'u7~'
  'U8-'
  'u8d'
  'U8xh'
  'U9d'
  'u9H'
  'u9{'
  'U9~'
  "u:'+j"
  'u:2'
  'U:D'
  'u:u'
  'u:{'
  'u;.'
  'U;O'
  'u;z'
  'u<$'
  'u<&'
  'U<2'
  'u<A'
  'u<c<'
  'U<H'
  'u<H'
  'U<k'
  'U<v'
  'U<{'
  'u=.'
  'U=d'
  'U>#Z'
  'U>d'
  'u>d'
  'U>l{'
  'u>r'
  'u>tO~'
  'U?d'
  'u?E:'
  'U?q`'
  'u?Qf?'
  'u@;'
  'U@['
  'U@d'
  'u@H'
  'u[+'
  'u[D'
  'U[d'
  'u[Lr'
  'U[N'
  'u\\+'
  'U\\b'
  'u\\d'
  'U\\G'
  'U\\mly'
  'U]A'
  'u]d'
  'U]d'
  'u]}'
  'u^#W'
  'u^`@'
  'U^d'
  'u^D'
  'u^H'
  'U^n'
  'u^o'
  'u_$'
  'u_e'
  'U_S'
  'U_u'
  'u`\\q'
  'U`d'
  'u`E`'
  'u`G'
  'u`H'
  'U`w'
  'uAD'
  'Uad'
  'uAQ'
  'ub#'
  'UB$'
  'Ub*'
  'Ub8'
  'Ub9'
  'UBa'
  'uBFiY'
  'uBH'
  'ubHc'
  'uBK'
  'UbN'
  'uc9C=g'
  'uC['
  'Ucd'
  'UCd'
  'ucE:'
  'uC}'
  'UD"'
  'uD('
  'uDa'
  'UDa'
  'uDB'
  'UdD'
  'UDd'
  'udf'
  'UdG:H'
  'UDo'
  'udq'
  'udz'
  "UE'wTi"
  'ue)t'
  'uE:'
  'UEATe'
  'ued'
  'Ued'
  'UEE:'
  'uEH'
  'UEn'
  'UEr'
  'uEr'
  'ue{'
  'Ue~'
  'Uf.]'
  'Uf5'
  'uF=0n'
  'UF\\'
  'uFBF'
  'uFbK'
  'UFd'
  'UFU'
  'uFX'
  'uF{'
  'Ug['
  'UGd'
  'uGf'
  'UgFN@['
  'uGJ'
  'ugL'
  'UgM'
  'Uh,'
  "uh^'"
  'Uhd'
  'uhe'
  'UHE:'
  'UI)d'
  'uIc'
  'UId'
  'uiH'
  'UiUR'
  'ui{'
  'uJ='
  'Ujd'
  'ujIi'
  'UJli'
  'UJo'
  'UJVdJK(L<'
  'uJ}'
  'uj~'
  'Ukd'
  'UKd'
  'ukdV'
  'uK}('
  'UL\\'
  'ULD'
  'ule'
  'ulE'
  'ulI'
  'ULq='
  'Um>'
  'um]'
  'umA'
  'Umd'
  'uMH'
  'UmL'
  'uMS'
  'ums'
  'uMu'
  'umu'
  'UN@'
  'uN['
  'Und'
  'undefined'
  'Underline?'
  'unflattenFuncNameOffset'
  'uNo'
  'uNW>V'
  'uo<.'
  'UOd'
  'UoD'
  'UoG'
  'uOU'
  'UP%'
  'UP?V'
  'uP[{'
  'Upd'
  'uPd'
  'upD'
  'UPF'
  'uPH'
  'upof'
  'upper limit'
  'upPTH0'
  'uq8UJ'
  'UQ_'
  'UQB'
  'UqD'
  'uQD'
  'UQd'
  'uQH'
  'uQR'
  'UQt'
  'uQZ/'
  'Uq}'
  'UR1'
  'ur]'
  'uRD'
  'urd'
  'URd'
  'UrJ'
  'URL Change?'
  'uRT'
  'uS$'
  'US,'
  'USB Search?'
  'USB settings'
  'UsD'
  'User Event'
  'User-specified Font'
  'userDefined'
  'uSH'
  'uSI'
  'UsJ'
  'utb'
  'uTd'
  'Utd'
  'UTd'
  'Utility'
  'uTj'
  'Utk'
  'ut~'
  'ut~4'
  "uU'"
  'uu@'
  'Uud'
  'uud'
  'UUd'
  'uUd'
  'uuD1'
  'uuF'
  'uUH'
  'uUI'
  'UuU'
  'uuW'
  'UV#'
  'uV9Q'
  'Uv`'
  'UvE:'
  'uVK'
  'uVL'
  'uvP'
  'uv{'
  'Uwd'
  'UWd'
  'uWE:'
  'UWM'
  'uwn|'
  'UWq'
  'UWqS'
  'Ux$'
  'Ux),'
  'UX@k'
  'uxD'
  'UXD'
  'uYd'
  'Uyd'
  'uyE:'
  'uyH'
  'UYP'
  'UyR'
  'UYr'
  'uz"D'
  'uZ#'
  'uZ:'
  'uZ_'
  'uZd'
  'uzd'
  'Uzd'
  'UZf/'
  'uZHc'
  'UzqM'
  'u{D'
  'U{D'
  'U|$'
  'u|d'
  'U|s'
  'U|t'
  'U})n'
  'U}d'
  'u}D'
  'u}h\\'
  'u}s'
  'u~#'
  'u~2'
  'U~d'
  'u~r'
  'v Hc'
  'V z'
  'V!d'
  'v!Lc'
  'v"`{C&'
  'V"d'
  'V#>'
  'V#d'
  'v#K'
  'V#Q'
  'v#t'
  'V$d'
  'v$P'
  'v%b'
  'V%d'
  'v%d'
  "V%q'"
  'V%x'
  'V%y'
  'v&:'
  'V&>'
  'v&d'
  "V'$"
  "V'("
  "v'."
  "V'9t"
  "V'\\"
  "V'X"
  'v(a'
  'V*2a'
  'V*d'
  'V*I'
  'V*pi'
  'V*q+G'
  'V*t'
  'v+$'
  'v+,7'
  'V+d'
  'v+K'
  'v,['
  'V,Hy'
  'V-d'
  'V-E'
  'v-r'
  'V.$*'
  'v.('
  'V.+|1'
  'V.A'
  'V.d'
  'v.d'
  'v.E;'
  'v/!'
  'v/.mU'
  'v/d'
  'V/r'
  'V07'
  'v0A'
  'V0d'
  'v0d'
  'v0VQ'
  'V1$'
  'V1='
  'v1X'
  'v2 u'
  'v3E:'
  'v3Q'
  'V44!+:'
  'v4_'
  'V4d'
  'v4l'
  'v4M^'
  'V5d'
  'v5W'
  'v5Z'
  'v6!k'
  'V6d'
  'v6D'
  'v7/'
  'V70U'
  'V7^'
  'V7d'
  'v7x$'
  'V8Y'
  'V91'
  'v:#'
  'V:B'
  'V;$'
  'V;HE'
  'V;Q'
  'v;{'
  'V;~'
  'V<$'
  'V<:]'
  'v<CG6CO:'
  'V<q'
  'V<|'
  'V<|Y'
  'V==`'
  'V>_'
  'v>`'
  'V>`2'
  'V>k'
  'v>W'
  'V?.'
  'V?d'
  'v?D'
  'v?WB'
  'V@e'
  'V@E:'
  'v@jg'
  'V@}'
  'v[6'
  'v[;'
  'V[d'
  'v[E:'
  'V\\d'
  'V\\F'
  'V\\Fgv'
  'v\\L6L'
  'v\\X/'
  'V\\YY8'
  'v]%'
  'V]/,n'
  'V]=\\'
  'v]>'
  'V^"'
  'v^#vg'
  'V^c'
  'V^S'
  'v^{'
  'V_6#'
  'V_A'
  'V_d'
  'v`k'
  'va2'
  'Va='
  'Va_'
  'VAd'
  'VAD'
  'VAez'
  'VAK'
  'Value'
  'value'
  'Value 2'
  'Value 3'
  'Value Change'
  'VB&'
  'vB6'
  'VB[_:'
  'VB_=H'
  'Vbd'
  'vbD'
  'VbE`)`'
  'vBK'
  'vBK!]'
  'vbPTH0'
  'vbT+Y'
  'VBy|'
  'VC<N'
  'Vcd'
  'VCe'
  'VcF'
  'vcNz'
  'vcs]'
  'Vc|hlT'
  'vd>'
  'vDa'
  'VDa'
  'VDd'
  'vDD'
  'vdG'
  'vDH'
  'VDH'
  'VDU'
  'Ve9'
  'vE:'
  'VE['
  'VeD'
  'ved'
  'VEK'
  'VEL.vi'
  'Velocity values'
  'vertical'
  'Vertical'
  'VEvOs'
  'vF+'
  "vF_'"
  'vfH'
  'VfH'
  'VFu>'
  'vFu]m'
  'vg7'
  'Vgd'
  'VGd'
  'vGI'
  'vGm'
  'VGQ'
  'VgR28"'
  'VGs'
  'VHa~'
  'VHd'
  'vHQ'
  'VHv0'
  'vHwB'
  'VI reference (current VI)'
  'VI%q[7'
  'VICC'
  'VICD'
  'VId'
  'Vid'
  'VIDS'
  'ViG'
  'VIPV'
  'VISA in'
  'VISA out'
  'VISA resource name'
  'VISA resource name Out'
  'VISA resource name out'
  'VISANameD'
  'Visible'
  'vision'
  'VITS'
  'VIVI'
  'Viw+'
  'viW~'
  'vj4'
  'vJ\\'
  'VJD'
  'VK+'
  'VK<'
  'vK_9x'
  'vkd'
  'Vkd'
  'vkh'
  'vkP'
  'vKT'
  'vkT5NM'
  'VKx,d'
  'Vl-'
  'VL.T'
  'VLd'
  'vld'
  'VlD'
  'vLn'
  'VM&'
  'VmBiC'
  'vMC'
  'VMd'
  'vmd'
  'vmG['
  'vMK'
  'VN['
  'VNd'
  'Vnk'
  'VNv'
  'vNX}f'
  'vOb'
  'VOD'
  'voD'
  'Vod'
  'Vp\\'
  'VPd'
  'VpD'
  'Vq+'
  'Vq^:'
  'VQc'
  'VQd'
  'Vqd'
  'vqeM}u'
  'Vqf'
  'vqX'
  'vr%oQ'
  'Vr,'
  'vR/'
  'VRd'
  'Vrd'
  'vrE:'
  'VRsB(CrWD'
  'vrt'
  'VrY'
  'vs Time (Frame #)'
  'vS$R'
  'Vs%'
  'vS3'
  'VS8'
  'VS>|,/'
  'VSd'
  'vsd'
  'VsD'
  'vsf'
  'VST'
  'vsu'
  'vT9'
  'VTD'
  'vTK'
  'VtSB'
  'Vu:'
  'vuA'
  'vuE:'
  'VUL-"d,@'
  'VUQi'
  'vVa"'
  'vvd'
  'VVd'
  'Vvd'
  'vVD!'
  'vvQri'
  'VVW'
  'vv}'
  'vW#'
  "vw'"
  'Vw^I'
  'VWd'
  'VwE:'
  'VWH'
  'VWSH'
  'vwuw'
  'VWx'
  'vx('
  'VX3'
  'Vx>"w'
  'vx]o/s'
  'vxD'
  'VXd'
  'Vxd'
  'vXq;n'
  'Vy$'
  'vyb]d'
  'vYD'
  'VYD'
  'vyd'
  'VYE'
  'Vy|'
  'VZ4'
  'VZ;'
  'Vzd'
  'vZg'
  'vZk'
  'vzl'
  'vzM/}'
  'VzX'
  'V{['
  'V{d'
  'v{Ycs[]'
  'V|+'
  'V|D'
  'v|E:'
  'v|M'
  'V}$'
  'v}9'
  'V}BR'
  'v}D'
  'v}U'
  'v~<'
  'V~d'
  'W ='
  'w s'
  'w Sn'
  'w!d'
  'w!m'
  'W!M'
  'w!P6'
  'W!S'
  'W!x'
  'W"d'
  'w"D'
  'w#$'
  'w$C'
  'w%('
  'w%D'
  "W':"
  "W'?"
  "w'_"
  "w'd"
  "W's"
  'W(%'
  'w(:Q*2'
  'w(`'
  'W(a'
  'w(d'
  'w(D'
  'W(o'
  'W(sij'
  'W(~'
  'W)\\B'
  'w)D'
  'w)k'
  'w)t>'
  'w*$'
  'W*?'
  'w*k'
  'w+`'
  'w+D'
  'W+Z'
  'w,%'
  'W.$'
  'w.$'
  'w.h'
  'w/$'
  'W//'
  'w/bi'
  'w/Ld'
  'w/rAh/2U'
  'W0['
  'w0FR'
  'W0M'
  'w0PG'
  'w0x'
  'w1&7'
  'w1YQ'
  'W1}'
  'w2>dp'
  'W2A'
  'w2D'
  'w3E:'
  'w4$'
  'w4@'
  'w4A'
  'W4k'
  'w4m_gI'
  'w5$'
  'W5/'
  'w5a'
  'W5D'
  'w6"D'
  'w68'
  'w6<'
  'w6d'
  'W6K'
  'W7o,t'
  'w7R'
  'W8_'
  'W8u'
  'W9D'
  'w9E:'
  'w9iM'
  'W:W*'
  'W:x'
  'w;C'
  'w;d'
  'W;d'
  'w;i'
  'w;{'
  'w<d'
  'W<E:'
  'w<tS'
  'w=$'
  'w=E:'
  'W>"'
  'W>5'
  'W>X'
  'w?)z'
  'W?*d*P'
  'W?+.'
  'W?_'
  'W@3'
  'W@d'
  'W@}'
  'W[e'
  'w[h'
  'w\\D'
  'w\\d'
  'W\\d'
  'w\\lA'
  'W]6'
  'W]d'
  'W]g'
  'w]J#~~'
  'w^B'
  'w^E:'
  'w^J'
  'w^PW'
  'W_"'
  'W_$'
  'W_N'
  'w_O'
  'W`$+'
  'w`d'
  'w`H'
  'w`y'
  'Wa$'
  'Wa<'
  'WAd'
  'WAh'
  'Wait for Next Buffer? (Yes)'
  'Wait Time (s)'
  'want seconds? (F)'
  'wAP'
  'war'
  'waT+Y'
  'WaU>'
  'Waveform Graph'
  'wAZm/`,'
  'WB5h)'
  'Wb7'
  'WB=R'
  'wb?m'
  'WBD'
  'WbD'
  'WBN'
  'wbzr'
  'WB~'
  'Wc!$'
  'WC$3'
  'WC)'
  'Wc/Z'
  'Wc2'
  'wc[&'
  'Wca'
  'wcd'
  'wCD'
  'WCD'
  'Wcd'
  'wCK'
  'WcN{'
  'WD$'
  'wDa'
  'WDa'
  'WDF'
  'WDg]-w'
  'wDH'
  'WDX'
  'we8'
  'WE9g'
  'WE:'
  'wE:'
  'we?'
  'wE['
  'wfd'
  'wFd'
  'Wfd'
  'WFGraph (strict)D'
  'wfW'
  'WG1'
  'wG2'
  'wg>3'
  'WgD'
  'WGD'
  'WgM1'
  'WGr'
  'wgu'
  'Wh '
  'WH,'
  'WH8B*'
  'wH>'
  'wh['
  'Whn'
  'wHxK'
  'whZ'
  'wi0'
  'wi1'
  'Wi_'
  'Wid'
  'WiD'
  'wid'
  'Width'
  'width (-)'
  'Width&2'
  'wIE:'
  'wIH'
  'Without axis ID?'
  'Wj$'
  'WJ$'
  'wjD'
  'WJEF'
  'WJEY^'
  'WJS'
  'wjx'
  'wj{S'
  'wK+M'
  'wK2'
  'wK[2'
  'wKc'
  'wkd'
  'wKH'
  'wkH'
  'wkh\\G'
  "wL')"
  'WLC function sub.vi'
  'WLC function sub.viPTH0'
  'WLd'
  'wLD'
  'wlE:'
  'wLF'
  'wlH'
  'WlR'
  'Wlv'
  'wLz^h'
  'WM?)'
  'WMd'
  'Wmd'
  'Wmp'
  'wmP'
  'wMw'
  'wN?'
  'WnD'
  'wnH'
  'wN~'
  'WOD'
  'woD'
  'wOE:'
  'Wook'
  'wo|O'
  'WP$ '
  'Wp6w*'
  'WP<'
  'wp_'
  'wpD'
  'WPd'
  'wPH'
  'wpH'
  'wPp'
  'WQ%'
  'wq.'
  'wq='
  'WQA'
  'Wqd'
  'wqe'
  'wQH'
  'wqm'
  'Wqru'
  'wqu'
  'WR%F'
  'wR4'
  'Wr['
  'wrE:'
  'wRH'
  'wRL'
  'WRR?'
  'WRu'
  'Ws!'
  'wS"'
  'Ws*'
  'WS6Y#=~Y'
  'wS_'
  'WSd'
  'WsN'
  'WsrQ'
  'Wt67'
  'wt7g'
  'WT<Dx'
  'wT['
  'wt[U'
  'Wta'
  'WtD'
  'wtd'
  'wTE:'
  'wTwF'
  'WTY'
  'wT{8'
  'Wu0'
  'WU\\}'
  'wuD'
  'Wud'
  'wu}'
  'wv!'
  'WV"r'
  'wv0'
  'WV<'
  'Wvd'
  'WVd'
  'WVF'
  'wVJ~'
  'WW/'
  'Ww4'
  'Wwd'
  'wwd'
  'wWJh'
  'wX&'
  "Wx';"
  'wx5'
  'wx64'
  'wx64@'
  'wx64P'
  'wx= '
  'WxE:'
  'wXF3'
  'wxsj'
  'Wy$'
  'Wy)i'
  'Wy.'
  'wy<'
  'wyD'
  'WYd'
  'wYE:'
  'WyyZm['
  'wY{^'
  'Wz"'
  'wz$'
  'WZ+o'
  'wZ1-2'
  'Wzd'
  'WZh'
  'w{k+'
  'W|d'
  'w} '
  'w}-Ad'
  'w}`'
  'W}d'
  'W}d:'
  'w~<'
  'W~v'
  'w~w'
  'x !'
  'x -> Lc'
  'X 3f'
  'x < y?'
  'x c'
  'x d'
  'X out'
  'X pos 1'
  'X pos 2'
  'X Scale.Range:Maximum'
  'X Scale.Range:Minimum'
  "x!'"
  'X!d'
  'x!d'
  'X!Ns'
  'x!u_'
  'X!x'
  'x"8x'
  'X"A*'
  'X"d'
  'x"D'
  'x"S'
  'X#d'
  'x#s'
  'x#Z'
  'X$@'
  'X$D'
  'x$Y'
  'X%('
  'x%3'
  'X%D'
  'x%t`H'
  'x%u'
  'X&d'
  'X&S/'
  'X&Y'
  "X'd"
  "x'R"
  'x(\'"'
  'X(d'
  'x(S'
  'x)8'
  'x)9UH'
  'X)D'
  'X)O'
  'X)y'
  'x*!'
  'x*:,?'
  'X*X(J'
  'X*Yl'
  'X+4'
  'X+?'
  'X+d'
  'x+Q'
  'x+U'
  'X+~'
  'x,%'
  'x,4'
  'X,d'
  'x,y blank z array'
  'x,y pos array'
  'x,y,z array'
  'x,y,z array out'
  'X-<'
  'x-<!2NX'
  'X-d'
  'X. X2'
  'X."$'
  'x.8'
  'x.:'
  'x.B'
  'X.D'
  'X/G+eP'
  'x/P'
  'x/y'
  'x/y pos'
  'x/y pos[0]'
  'x/y pos[1]'
  'X0d'
  'X0kT'
  'x0R'
  'x0T'
  'x0|J'
  'x1*'
  'X1d'
  'X2d'
  'X3D'
  'X3U;'
  'x4C'
  'x4F'
  'x4NN'
  'x4W@'
  'x5<0'
  'X5d'
  'X5g#y'
  'X5iI'
  'x6#ak'
  'X6d'
  'X6J'
  'X6YeA'
  'X7 '
  'X7!'
  'X7d'
  'X7H'
  'X7H7'
  'X7o'
  'x7R'
  'X8%'
  'X8D'
  'x9AN'
  'X9{m'
  'x:$'
  'X:`6'
  'X:d'
  'x:G<]'
  'x:M<'
  'X;d'
  'x;EN'
  'x;K%'
  'x;S'
  'x;t'
  'x;wD'
  'X<)'
  'x<+'
  'x<-'
  'X<0>]s'
  'x<D'
  'X<d'
  'X=D'
  'x=m'
  'x=oku?'
  'x=t'
  'X=xP'
  'X?d'
  'x?s'
  'x?X'
  'X@*"'
  'X@B'
  'X@CmZ|'
  'X@d'
  'X@nf'
  'X@t2x!`r'
  'x[*%D'
  'x[5'
  'X[_^A^'
  'x[d'
  'X[D'
  'X[h!u '
  'x\\5'
  'x\\;_@'
  'x]B'
  'X]d'
  'X]o'
  'X^,W'
  'X^3'
  'x^a'
  'X^d'
  'x^D'
  'x^q'
  'X^s'
  'x_*'
  'x_9'
  'X_=[L'
  'X_>!I'
  'x_^'
  'x_D'
  'X_d'
  'X`.'
  'X`/?Lm'
  'X`D'
  'xA%'
  'xA&'
  'Xa` }^v'
  'xAbK'
  'xAd'
  'XAd'
  'Xad'
  'XAF'
  'XaP'
  'Xap'
  'xAt/'
  'XAZE'
  'xA}1{J'
  'XB"'
  'xB0'
  'xb3J'
  'xB<'
  'XB_'
  'XBD'
  'Xbd'
  'Xby7cvRy'
  'xC!2'
  'XC#'
  'XCd'
  'Xcd'
  'XControl:Container Bounds'
  'XCv'
  'xCW'
  'XD:'
  'XDa'
  'Xdd'
  'xdd'
  'XDd'
  'xDD'
  'xDH'
  'XdM'
  'xdN#@'
  'XDq'
  'XE.'
  'xe8'
  'XE:'
  'xE:'
  'XEc#'
  'XeD'
  'xeD'
  'XEd'
  'Xeg'
  'XEW'
  'XEw'
  'Xf '
  'XF3'
  'Xfd'
  'xFd'
  'XFd'
  'XFf'
  'xFk'
  'xF}'
  'XGD'
  'xGd'
  'Xgd'
  'XGo'
  'XgwB'
  'xH!'
  'xHandle'
  'Xhd'
  'xHE:'
  'xHO'
  'xI]'
  'xi^V'
  'xIAY'
  'xiD'
  'Xid'
  'XId'
  'Xii'
  'xiP'
  'XIT'
  'Xi{'
  'xJ F'
  'Xj%'
  'xJ)'
  'xj>i'
  'xJ?'
  'XJd'
  'XjD'
  'XJi'
  'XjOeX8'
  'xJx'
  'xJY'
  'XK*'
  'xKd'
  'XKd'
  'xkd'
  'XkE:'
  'XKk'
  'xKQm'
  'XKt'
  'xKX'
  'xL6'
  'xl<'
  'xlak'
  'XLD'
  'xlD'
  'Xld'
  'Xlo'
  'Xlq:'
  'xLt'
  'XM6m-'
  'XM;h`XU'
  'xm?'
  'Xmd'
  'xmE:'
  'xmx'
  'XN0"'
  'xN<'
  'XN_'
  'XNd'
  'Xnd'
  'Xng'
  'xng'
  'XNiz'
  'xod'
  'XOd'
  'xOd'
  'XoD'
  'XoI'
  'XOj'
  'xozQx'
  'XP,='
  'Xp/'
  "xP3#Gi'"
  'XPd'
  'Xpd7|i'
  'xPe'
  'xpE:'
  'XpJ'
  'Xpp'
  'XPQ_'
  'xPTH0'
  'xpW'
  'xQ:'
  'xQA'
  'Xqd'
  'xQD'
  'XQD'
  'Xqe'
  'XQW6'
  'XQX'
  'XQXZ'
  'xQZ<'
  'xR1{-;'
  'xr7'
  'xr;'
  'Xr_'
  'Xrd'
  'XRd'
  'xrd'
  'xRg'
  'xRP'
  'XRrjk'
  'XS9'
  'xs_lP,~'
  'xs`'
  'XScale'
  'XScale.Maximum'
  'XScale.Minimum'
  'XSd'
  'xSd'
  'Xsd'
  'xSS'
  'XSUID'
  'xT$'
  'XT2'
  'XT69^'
  'xTD'
  'XtD'
  'XTd'
  'XTi'
  'xt|'
  'xU!T'
  'xu:'
  'Xu;'
  'xU\\'
  'xuD'
  'XUd'
  'Xud'
  'XuKp]'
  'XUV'
  'xV#'
  'xv/x#{'
  'Xv<'
  'xv\\'
  'Xvd'
  'XVD'
  'XvK'
  'XVPDP'
  'xvY'
  'xv{/'
  'XW`'
  'xWd'
  'Xwd'
  'xwE:'
  'XWmSsE'
  'xWr'
  'Xx /]H'
  'xX^7'
  'XXd'
  'xXf'
  'xXH'
  'xXi'
  'xxi'
  'XXo\\y'
  'xxt^'
  'XY)\\'
  'xY;'
  'xy;'
  'xYd'
  'XYd'
  'XYGraph (strict)D'
  'xyo'
  'xYO(i'
  'xyq'
  'XYvx'
  'xZ%0'
  'XzD'
  'xZD'
  'XZd'
  'xZE:'
  'XZo'
  'xZp'
  'X{ i'
  'x{;'
  'X{\\'
  'X{d'
  'X{i'
  'x{j'
  'x|4*'
  'X|d'
  'x}#'
  'x}69['
  'x~D'
  'X~i'
  'X~o2'
  'x~PTH0'
  'x~Q,@'
  'y j'
  'Y out'
  'Y pos 1'
  'Y pos 2'
  'Y Scale.Range:Maximum'
  'Y Scale.Range:Minimum'
  'Y!r'
  'y!}'
  'y"/'
  'Y"/'
  'y"9'
  'Y"D'
  'y#$'
  'Y#.'
  'y#.'
  'y#D'
  'Y#d'
  'y#q'
  'Y$d'
  'Y$dv'
  'y%$'
  'Y%$'
  'Y%G'
  'Y&$'
  'y&>'
  'y&d'
  'Y&K'
  'Y&n'
  "Y')d"
  "Y'*d"
  "Y'^t"
  'Y(d'
  'Y(l'
  'y(Z'
  'Y)d'
  'y*$'
  'y*B'
  'Y*Y'
  'y+!'
  'y+#'
  'y+*'
  'y+;'
  'Y+\\'
  'Y+d'
  "y,&'"
  'y,aD),'
  'y,c'
  'Y,d'
  'Y,E'
  'Y,K'
  'Y,Lm'
  'Y-7r'
  'Y-d'
  'Y.$'
  'y.?!\\\\'
  'Y.jE]uf3'
  'Y.{'
  'y/4'
  'y/B}'
  'Y/d'
  'y/F'
  'Y/t'
  'Y/u`j'
  'y0='
  'Y0f'
  'y0x'
  'Y17G'
  'y1:k'
  'Y1?'
  'y1`'
  'Y1d'
  'y1Er1,'
  'y1k'
  'y2)'
  'y2.J'
  'y2F'
  'Y2v'
  'y3d'
  'y3lP'
  'Y3tX4'
  'y3y'
  'Y4C'
  'Y4d'
  'Y4D'
  'y5%'
  'y5d'
  'Y5d'
  'Y5n'
  'Y5r'
  'Y5r!'
  'y5T'
  'Y6_'
  'Y6Cqy'
  'y6d'
  'Y6d'
  'y6M'
  'y6X'
  'y6Y'
  'Y6}'
  'y7.'
  'Y7b2'
  'Y7d'
  'Y8D'
  'Y8uZ]'
  'Y8|'
  'Y9Cq'
  'Y9g'
  'Y9~=;'
  'Y:d'
  'y:D'
  'Y:F'
  'y:H'
  'y<&'
  'Y<C'
  'y<D'
  'Y<I'
  'y<QN02K'
  'y=:'
  'Y=d'
  'y>!UH'
  'y>d'
  'Y?3'
  'Y?D'
  'y?E:'
  'Y[D'
  'y\\!'
  'Y\\2'
  'y\\_'
  'Y\\D'
  'y\\D'
  'Y\\W[_o'
  'Y]$'
  'y].'
  'y]?f'
  'y]D'
  'Y]F'
  'Y]v2+RF'
  'y^&'
  "y^'"
  'Y^3'
  'y^g'
  'y^I'
  'y^Q'
  'Y^YB'
  'y_S'
  'Y_sa'
  'Y`!'
  'Y`!kc'
  'Y`d'
  'y`w'
  'yA '
  'YAd'
  'yAd'
  'yAdT '
  'YaE:'
  'yA}'
  'yB$'
  'yB+'
  'Ybd'
  'ybf'
  'YBW'
  'Yc+W'
  'yc='
  'yC__'
  'yCD'
  'Ycd'
  'Ycp'
  'yd"9'
  'YDa'
  'yDa'
  'YdA'
  'yDd'
  'ydm'
  'Ye2'
  'Yed'
  'YEd'
  'YEi'
  'yeJ'
  'yes'
  'Yes'
  'YeS'
  'YEU'
  'YEu'
  'YEW'
  'YewF'
  'YE}O'
  'yf4'
  'Yfa'
  'Yfd'
  'YFn'
  'YF}'
  'Yg/'
  'yg?'
  'YGd'
  'YgD'
  'yGE'
  'ygE:'
  'yGE:'
  'YGtF'
  'YG}'
  'yH#'
  'yH1'
  'yH_'
  'Yh_'
  'YhD'
  'YHd'
  'yhM'
  'yHo'
  'YhV'
  'YI p'
  'Yi$'
  'yi9'
  'yid'
  'yId'
  'YIE:'
  'yIn3'
  'YJ-'
  'yJ0'
  'yj>'
  'yJD'
  'yjD'
  'YJF'
  'YJMX'
  'Yjn'
  'YjQ'
  'YJw8'
  'yjX'
  'YJY%K9'
  'yk$'
  'Yk%'
  'YK('
  'yK,'
  'YKd'
  'yKD'
  'Ykd'
  'yl&'
  "Yl'"
  'Yl.'
  'Yl]'
  'YlC]'
  'yld'
  'Yld'
  'yLD'
  'yLi'
  'Ylq'
  'YM&'
  'yMd'
  'YMd'
  'YmE:'
  'yn1'
  'yn\\'
  'yn]'
  'ynD'
  'yNd'
  'YNd'
  'yNK'
  'yNu+fG'
  'Yod'
  'yOd'
  'YOD'
  'yod'
  'yp5'
  'Yp5'
  'yp]'
  'Yp^g^*'
  'yP`@'
  'ypb'
  'yPC'
  'ypd'
  'YPD'
  'ypHFm'
  'ypmq'
  'ypr'
  'yps'
  'YQ$'
  'yQ(y'
  'yQ_'
  'yqD'
  'Yqd'
  'yqd'
  'yQd'
  'YQt'
  'yqw}'
  'yq~'
  'yR$'
  'Yr1:'
  'YRA'
  'yrD'
  'Yrd'
  'YRd'
  'yrPTH0'
  'Ys.d'
  'YScale'
  'YScale.Maximum'
  'YScale.Minimum'
  'YsD'
  'ysD'
  'YSE:'
  'ySj<)'
  'Ysk'
  'YSV'
  'yt$'
  'yT0'
  'yt4'
  'YtD'
  'YTd'
  'YTl'
  'ytW'
  'yU$'
  'Yu$'
  'yud'
  'YUE:'
  'yuI'
  'YUk'
  'yuO9'
  'YUQ'
  'yUW'
  "yV'"
  'yvD'
  'Yvd'
  'yVD'
  'Yvn'
  'Yv~'
  'yW41'
  'ywd'
  'YWd'
  'ywf'
  'ywm'
  'yWn'
  'Yx0'
  'Yxd'
  'YXd'
  'YXV4'
  'Yy=a'
  'yyd'
  'YYd'
  'YyE:'
  'yyi'
  'yY~@J'
  'yz!'
  'yz$i'
  'YZ&'
  'yZ48'
  'YZ?'
  'YZa6&'
  'YZd'
  'yzD'
  'Yzn'
  'Y{0t'
  'Y{4|'
  'Y{d'
  'y{E:'
  'y{n|'
  'Y|,_'
  'Y|3'
  'y|<'
  'Y|?'
  'y|c'
  'Y|d'
  'y}/s'
  'Y}d'
  'y}E:'
  'Y}s'
  'Y~*O'
  'Y~d'
  'y~E'
  'y~X'
  'Z $'
  'z D'
  'z index of first ref'
  'z indices of all exp'
  'z n'
  'Z out'
  'z step'
  'z step (um)'
  'z step between images'
  'z step between images (um)'
  'Z T)'
  'z tnp_'
  'z {'
  'Z }'
  'z!C$'
  'z!ck('
  'z!d'
  'Z!E'
  'z!x'
  'Z"d'
  'z"u'
  'z#/'
  'z#7'
  'Z#d'
  'Z$@'
  'z$d'
  'z$f'
  'Z$x<'
  'z$Z'
  'Z%4s'
  'Z%:E&'
  'Z%c'
  'z%d'
  'Z%d'
  'Z%r'
  'z%R'
  'Z&+M$'
  'Z&d'
  'z&d'
  "Z')8K"
  "z'5"
  "z'\\z"
  "z'E:"
  "z'}"
  'z(bCX'
  'z(d'
  'Z(G'
  'Z(U`}'
  'z)d'
  'z*D'
  'Z*L'
  'Z*U'
  'Z+j'
  'Z+QhO'
  'Z,$'
  'z,d'
  'Z,HB&S'
  'z-5'
  'Z-9'
  'Z-^%-\\Gp-~'
  'z-D'
  'Z-D'
  'z-N'
  "Z.+R'"
  'Z.d'
  'Z/d'
  'Z/dZ'
  'z/x'
  'z0a'
  'z0E:'
  'z15'
  'Z1?'
  'z1izH'
  'Z1L'
  'Z1P-Kk'
  'Z1Q'
  'z1R3'
  'Z2.G'
  'z2d'
  'Z3,'
  'z3<'
  'Z3d'
  'z3D'
  'Z40'
  'Z47A{='
  'z4>O'
  'Z4@'
  'Z4d'
  'Z4M,'
  'z5)'
  'Z5='
  'Z6$'
  'z63'
  'z6_#^yX'
  'z6D'
  'Z6I'
  'Z7$'
  'Z7)'
  'z72'
  'Z7EW6'
  'Z7j'
  'z9A'
  'z9D'
  'Z9d'
  'z9K'
  'z:B'
  'Z:d'
  'z:E\\='
  'Z:F'
  'z:OH'
  'z;.'
  'z;2'
  'Z;>'
  'Z;_hQ'
  'z;d'
  'Z;H'
  'Z;Y'
  'z;z0'
  'z<D'
  'Z<d'
  'Z<KZ'
  'Z=6=@h'
  'Z=d'
  'z=X '
  'Z=Yk'
  'z>,K2'
  'z>/'
  'z>8Y'
  'Z>['
  'z>F'
  'z>G'
  'Z?$'
  'z?E:'
  'Z?i'
  'z@4'
  'Z@@'
  'z@K'
  'z@si'
  'z@t'
  'Z[$'
  'z[33d3'
  'Z[>'
  'z[@'
  'Z[q]m}}'
  'Z\\DE@,'
  'Z\\E:'
  'z\\NW T'
  'z\\Y'
  'z]?F'
  'z]E:'
  'z]O'
  'Z]O'
  'Z]u'
  'z^A'
  'Z^d'
  'Z^Hr'
  'Z^Q'
  'Z^S'
  'Z^x'
  'z^z)!H='
  'z_7'
  'z_8'
  'Z_?'
  'Z_D'
  'z_H'
  'Z_y'
  'z`E:'
  'zA7h;'
  'Zad'
  'zAt'
  'zAX'
  'zA~'
  'zb"=ga'
  'zb+'
  'Zb.G'
  'ZbD'
  'ZBd'
  'zBE:'
  'ZC#T'
  'zc_'
  'ZCd'
  'zCd'
  'zcE:'
  'Zck'
  'Zd$'
  "Zd'"
  'zd,'
  'ZDa'
  'zDaH'
  'ZDd'
  'zDf'
  'zDH'
  'ZDH'
  'ZE '
  'ZE$'
  "zE'_"
  'ZE+Rl'
  'Ze3'
  'ze4'
  'zE:'
  'ZE:'
  'ze>('
  'zE['
  'ze^'
  'ZEb'
  'zEE:'
  'ZeE:'
  'zEN'
  'ZF$'
  'zf-'
  'Zf_q'
  'ZfC'
  'zfD'
  'Zfi/%'
  'ZFM'
  'ZfTj'
  'Zg$'
  'ZG.'
  'ZG7'
  'zgC'
  'zgD'
  'ZGE:'
  'zgP'
  'ZgV'
  'ZgX'
  'zg~'
  'zh?'
  'ZH_'
  'ZHd'
  'ZhE:'
  'zHE:'
  'ZHF'
  'zI#S'
  'zI9['
  'ziC'
  'zId'
  'ZId'
  'ZIGvU'
  'ZIt'
  'ZjB['
  'Zjd'
  'ZJi'
  'Zjn'
  'zjp)'
  'ZJW'
  'zk>'
  'ZKd'
  'ZkD'
  'ZkE'
  'zKE:'
  'ZKi'
  'ZKI'
  'ZkN'
  'ZKn'
  'zkP'
  'zkv'
  'Zl"'
  'ZLd'
  'zlra&E'
  "zm'"
  'zM=}'
  'Zm_d'
  'Zmd'
  'zMR'
  'ZMS'
  'zn%?'
  'ZN_'
  'ZnD'
  'zNE:'
  'zNekc'
  'ZNN'
  'ZnxO3'
  'ZOc7'
  'ZOD'
  'ZoG'
  'zoL:'
  'Zoom Factor'
  'ZoomFactor'
  'ZoomInteger'
  'ZoomInteger:All Elements'
  'ZOV'
  'Zp-'
  'zp0'
  'ZP;RF'
  'ZP>'
  'ZpBu'
  'ZPd'
  'Zpd'
  'zPn'
  'Zprc'
  'ZPSZ'
  'ZPTH0'
  'ZQ)'
  'Zq+'
  'zQ<'
  'zq\\'
  'zq\\Z'
  'ZqD'
  'zQE:'
  'zqE:'
  'zr '
  'Zr#'
  'zR;'
  'ZRd'
  'ZRh},q'
  'ZrU\\'
  'zs#'
  'zs<}'
  'Zsd'
  'ZSD'
  'zsG'
  'zss'
  'zt*'
  'zT>O'
  'ZtD'
  'zTE:'
  'ZtGq'
  'zTI'
  'zUD'
  'zUd'
  'ZUd'
  'ZUE'
  'zuQE'
  'ZUR'
  'ZurP'
  'zus'
  'ZuZ}'
  'zV"q'
  'ZV`'
  'ZVBY'
  'Zvd'
  'ZVD'
  'ZVgg&'
  'ZvJ'
  'ZvrD=4'
  'ZW${'
  'ZWa'
  'zwd'
  'ZwD'
  'zWD'
  'zWEF'
  'ZWg'
  "Zws'"
  'zw~'
  'ZX$'
  'Zx+'
  'zX.'
  'zX3'
  'Zxd'
  'ZXe'
  'zXF'
  'ZXG'
  'ZxH'
  'ZxL'
  'ZxM'
  'zXoU'
  'zXS'
  'Zy$'
  'Zy. '
  'ZY9'
  'zy?vS^'
  'zyd'
  'ZYE:'
  'Zyji'
  'Zyjl'
  'zyL'
  'zZ_'
  'ZzE:'
  'zZE:'
  'zzLW'
  'ZZX'
  'z{d'
  'z{FXg'
  'Z|$'
  'z|_'
  'z|d'
  "Z}'"
  'z}D'
  'Z}E:'
  'z}g'
  'z}L'
  'z~D'
  'z~L'
  'z~q'
  '{ E:'
  '{"d'
  '{"l'
  '{#d'
  '{#WH#'
  '{$"'
  '{%s'
  "{&o'"
  '{&rW'
  '{&Y3'
  "{'`"
  "{'B"
  '{(8'
  '{)@'
  '{)['
  '{)h'
  '{*o!'
  "{*r'v"
  '{*s*'
  '{+d'
  '{+k'
  '{,c'
  '{.0'
  '{/$'
  '{/\\'
  '{0_'
  '{0G'
  '{1-|'
  '{1yVH'
  '{2d'
  '{2f'
  '{2L^r}'
  '{2v'
  '{3E:'
  '{4?&z'
  '{4|'
  '{5d'
  '{5}'
  '{6d'
  '{6i'
  '{6L'
  '{7d'
  '{7D'
  '{9q'
  '{;C'
  '{;O'
  '{<7'
  '{=4'
  '{>b7`'
  '{>Sk'
  '{?$'
  '{@#'
  '{@UVg'
  '{[0'
  '{\\!v'
  '{\\d'
  '{\\i%'
  '{\\q'
  '{]D'
  '{]n]'
  '{]NO)'
  '{^!'
  '{^D'
  '{_c '
  '{_D'
  '{_M'
  '{_W'
  '{_X'
  '{`$'
  '{`j'
  '{a$'
  '{A-'
  '{AF@'
  '{aVz'
  '{B7'
  '{bf['
  '{Bn_'
  '{C3L'
  '{Da'
  '{DH'
  '{dI'
  '{DQ'
  '{E:'
  '{e;]5:Q'
  '{E['
  '{EC'
  '{ed'
  '{EyI'
  '{F6'
  '{Fs'
  '{g$'
  '{Gu'
  '{gU'
  '{gx.'
  '{h#'
  '{h%Ci'
  '{H7'
  '{h^'
  '{HA'
  '{hD'
  '{Is'
  '{J5'
  '{j^C='
  '{jD'
  '{Kd'
  '{l!X'
  '{LIf'
  '{MP'
  '{MUm'
  '{n%'
  '{n_n'
  '{O5'
  '{Od'
  '{oD'
  '{odd!'
  '{ot'
  '{Pne'
  '{PNl'
  '{pu'
  '{q$'
  '{q5'
  '{q='
  '{QD'
  '{qX'
  '{RD'
  '{Rd'
  '{rT'
  '{S!'
  '{sd'
  '{SD'
  '{SoE'
  '{T<7'
  '{T<E<^'
  '{tP'
  '{tZ'
  '{U<'
  '{uD'
  '{u{'
  '{u|'
  '{vD'
  '{Vk'
  '{Vx-'
  '{W;'
  '{WZ'
  '{xd'
  '{XI'
  '{xnhF'
  '{xr'
  '{XS5Q'
  '{Y$'
  '{Y6'
  '{z$'
  '{Zd'
  '{{d'
  '{{~'
  '{|ww'
  '{}B'
  '{}d'
  '{~D'
  '{~s'
  '|  '
  '| d'
  '| wh'
  '|!;['
  '|!D'
  '|!w'
  '|"D'
  '|# w'
  '|#\\'
  '|#x('
  '|$ 1'
  '|$ H'
  '|$#>'
  '|$(H'
  '|$,'
  '|$0H'
  '|$0m'
  '|$8H'
  '|$>'
  '|$h'
  '|$HH'
  '|%#|'
  '|%es'
  '|%j1^'
  '|%w'
  '|&a'
  "|'D"
  "|('"
  '|(l'
  '|)fqvg'
  '|)~'
  '|* p'
  '|*/n7'
  '|*D'
  '|+D'
  '|-e'
  '|0^'
  '|0L'
  '|2p4'
  '|30P'
  '|3D'
  '|3y'
  '|4D'
  '|5D'
  '|5sF'
  '|5Wwc'
  '|6D'
  '|8,'
  '|8>'
  '|8^'
  '|8b'
  '|8RA'
  '|9H'
  '|;3W'
  '|<L'
  '|=/Z'
  '|=1>'
  '|>2'
  '|>8'
  '|>d'
  '|>GW'
  '|?(Q'
  '|@Z6'
  '|[n('
  '|\\&'
  '|]\\'
  '|]E'
  '|]kNs'
  '|`HF'
  '|A1c?'
  '|b,'
  '|C!'
  '|c$'
  '|Cd'
  '|C{x'
  '|D+o/'
  '|d`-'
  '|Da'
  '|DQ'
  '|D~'
  '|E#|'
  '|e61l<_X<'
  '|ed'
  '|F*'
  '|fd'
  '|fHY'
  '|FK'
  '|FP'
  '|G('
  '|G4<'
  '|g]'
  '|h:S'
  '|I1c'
  '|iT'
  '|J/'
  '|K_o'
  '|kI'
  '|m_B'
  '|mi"'
  '|Mk'
  '|N6'
  '|ON'
  '|Or'
  '|O{B'
  '|p<'
  '|P['
  '|pC'
  '|PF'
  '|pL'
  '|q='
  '|Qo'
  '|RN6?'
  '|rrH'
  '|s#'
  '|sO'
  '|Ss'
  '|TE'
  '|tEi1'
  '|tP'
  '|U:eg9['
  '|vers'
  '|W^'
  '|wBKG'
  '|x!'
  '|X1'
  '|X>'
  '|Xgxr'
  '|y:|'
  '|Yb'
  '|Yz}'
  '|Z0h'
  '|Z^dJ'
  '|z{V#'
  '|z}T"@'
  '|z}T<@'
  '|z}TT@'
  '|{>rV'
  '|{I'
  '||K7d'
  '||Q'
  '|~5I'
  '|~D'
  '} ;'
  '} b'
  '}!&'
  '}!<X'
  '}!Q'
  '}#z'
  '}$Y'
  '}%=5'
  '}&4'
  '}&;'
  "}'2/"
  '}(t.q'
  '}(Ym]'
  '}*6['
  '}+94'
  '},{'
  '}-c_G'
  '}.C'
  '}1C?U'
  '}4MyQ='
  '}5e'
  '}5FX'
  '}5K'
  '}5s'
  '}75o'
  '}7I_o3'
  '}89&@'
  '}8n'
  '}9#^2eD'
  '}9m'
  '}9Z'
  '};3W'
  '};TL'
  '}<5x'
  '}<='
  '}=-'
  '}=?'
  '}=c'
  '}=E'
  '}=v|kv'
  '}>G/'
  '}?!'
  '}?{'
  '}@6P>'
  '}@@'
  '}@Uc-'
  '}[yH'
  '}]['
  '}]d'
  '}^_'
  '}_7'
  '}_g'
  '}_h'
  '}_{'
  '}`*'
  '}`Hz'
  '}`}'
  '}A *['
  '}AB'
  '}Ae'
  '}Ay'
  '}b+'
  '}Bv'
  '}BV'
  '}CD'
  '}cj'
  '}CW'
  '}Da'
  '}dC?e'
  '}Dh'
  '}E%'
  '}E:'
  '}E['
  '}ED'
  '}EG'
  '}EO'
  '}Eu'
  '}F,Z_'
  '}F7'
  '}ftr'
  '}fW'
  '}F}V\\!'
  '}G@'
  '}GD'
  '}Gz'
  '}h6Z'
  '}H?'
  '}Hkov'
  "}Htu'"
  '}hW'
  '}I&V'
  '}I^'
  '}IdD'
  '}Ig8]'
  '}IV'
  '}J8'
  '}Jd'
  '}kI'
  '}Kt=>'
  "}l'[r"
  '}le'
  '}lK'
  "}LM'f"
  '}M0a5'
  '}m5'
  '}M<{'
  '}m='
  '}m_K'
  '}Md'
  '}MS'
  '}mx'
  '}n[>'
  '}Nu'
  '}N}'
  '}OP'
  '}p]'
  '}Pd'
  '}Qg'
  '}Qw'
  '}q}'
  '}r%K'
  '}rJ'
  '}RnS^e'
  '}s%O'
  '}S0'
  '}SAo6w'
  '}Sd'
  '}St'
  '}Su~'
  '}t3'
  '}t_kP'
  '}TG'
  '}tW '
  '}tyo0'
  '}U['
  '}UD'
  '}V%'
  '}v7'
  '}vT'
  '}W.'
  '}WD'
  '}WE:'
  '}x<'
  '}XD'
  '}X{Z%'
  '}x|V'
  '}X~'
  '}Y$'
  '}Y_'
  '}YFb0JZb'
  '}YL'
  '}yx'
  '}Z$'
  '}Z|'
  '}{8'
  '}{b'
  '}|/'
  '}|m'
  '}|qM'
  '}}o'
  '}}T'
  '}}w'
  '}}}>'
  '~ %'
  '~ -'
  '~"Hc'
  '~"Ic'
  '~#w'
  '~$H'
  '~$Y'
  '~$z'
  '~%S'
  '~&d?'
  '~&f.'
  "~'7"
  "~'d"
  "~'H"
  '~(R~'
  '~(zE'
  '~)1'
  '~)T'
  '~*}'
  '~+$'
  '~+p'
  '~,d'
  '~,s^'
  '~-<'
  '~-d'
  '~.E:'
  '~.H'
  '~/UE'
  '~0$'
  '~0d'
  '~0J'
  '~0}'
  '~1d'
  '~3K'
  '~4.'
  '~4='
  '~5d'
  '~7#N'
  '~7A'
  '~8;'
  '~8H0'
  '~8Z'
  '~:F'
  '~;6#'
  '~;\\)Z'
  '~;d'
  '~<L'
  '~<mG'
  '~=-C'
  '~=9'
  '~>1'
  '~>5'
  '~>E:'
  '~>ffffff.'
  '~>L'
  '~?:2'
  '~@;sD'
  '~]\\'
  '~]d'
  '~`D'
  '~Ad'
  '~AEpe'
  '~ahS'
  '~Au'
  '~b\\Q'
  '~B_'
  '~BC'
  '~BL'
  '~c@'
  '~cD'
  '~Cf'
  '~Da'
  '~dzu'
  '~E('
  '~E)'
  '~e8wr'
  '~E:'
  '~E_'
  '~EG'
  '~f$'
  '~f/b'
  '~f_e~`?'
  '~fmg'
  '~GH'
  '~gY$'
  '~h!'
  '~hCM'
  '~HH'
  '~hV'
  '~hw'
  '~J5'
  '~JFuU'
  '~JH'
  '~k!'
  '~k=P/'
  '~Ka'
  '~L)'
  '~L\\'
  '~LjD'
  '~LT'
  '~MF'
  '~n?'
  '~NI'
  '~O:'
  '~oD'
  '~p '
  '~Q2'
  '~q^;k'
  '~Qd'
  '~r<o'
  '~RZ'
  '~S-'
  '~SH'
  '~T>'
  '~Td'
  '~TU'
  '~UE2'
  '~V)'
  '~Vf?~Lk'
  '~w:WO'
  '~Wa.ZJ&'
  '~wd'
  '~We2U'
  '~wg4'
  '~wN|'
  '~WO'
  "~x'"
  '~xD'
  '~XXoZ'
  '~yD'
  '~z '
  '~z/'
  '~ZA'
  '~ZbK'
  '~Zd'
  '~{$'
  '~{I'
  '~|D'
  '~|H'
  '~|L'
  '~|Z'
  '~}b'
  '~}E:'

# 18023 label-like strings, 18251 strings total
BGRUN END rc=0 after 1s
