2026-08-31 15:38:46	click	Approved	focus-transfer click into tool FP body before Ctrl+E (z-order rule, gui-recipes.md)	X=500,Y=400,X2=0,Y2=0,Key=
2026-08-31 15:38:49	keys	Approved	open tool BD; bootstrap batch per vi-scripting.md negative-search record	X=0,Y=0,X2=0,Y2=0,Key=^e
2026-08-31 15:39:34	click	NegativeSearch	bootstrap into TOOL OpSetIndexMode (vi-scripting.md negative-search record 2026-08-31)	X=300,Y=700,X2=0,Y2=0,Key=
2026-08-31 15:39:35	click	NegativeSearch	bootstrap into TOOL OpSetIndexMode (vi-scripting.md negative-search record 2026-08-31)	X=629,Y=285,X2=0,Y2=0,Key=
2026-08-31 15:40:27	click	NegativeSearch	bootstrap: pick LoopTunnel in class picker (vi-scripting.md record)	X=1138,Y=844,X2=0,Y2=0,Key=
2026-08-31 15:40:55	keys	NegativeSearch	bootstrap: place ONE property node into TOOL (vi-scripting.md negative-search record)	X=0,Y=0,X2=0,Y2=0,Key=^ 
2026-08-31 15:40:58	keys	NegativeSearch	bootstrap: place ONE property node into TOOL (vi-scripting.md negative-search record)	X=0,Y=0,X2=0,Y2=0,Key=Property Node
2026-08-31 15:40:59	key	NegativeSearch	bootstrap: place ONE property node into TOOL (vi-scripting.md negative-search record)	X=0,Y=0,X2=0,Y2=0,Key=enter
2026-08-31 15:41:00	click	NegativeSearch	bootstrap: place ONE property node into TOOL (vi-scripting.md negative-search record)	X=780,Y=290,X2=0,Y2=0,Key=
2026-08-31 15:41:46	click	NegativeSearch	bootstrap: wire cast->PN reference (vi-scripting.md record)	X=695,Y=320,X2=0,Y2=0,Key=
2026-08-31 15:41:47	click	NegativeSearch	bootstrap: wire cast->PN reference (vi-scripting.md record)	X=749,Y=280,X2=0,Y2=0,Key=
2026-08-31 15:42:02	click	NegativeSearch	bootstrap: open property row dropdown (vi-scripting.md record)	X=775,Y=302,X2=0,Y2=0,Key=
2026-08-31 15:42:57	click	NegativeSearch	bootstrap: fix broken reference wire (vi-scripting.md record)	X=715,Y=322,X2=0,Y2=0,Key=
2026-08-31 15:42:58	key	NegativeSearch	bootstrap: fix broken reference wire (vi-scripting.md record)	X=0,Y=0,X2=0,Y2=0,Key=delete
2026-08-31 15:42:58	click	NegativeSearch	bootstrap: fix broken reference wire (vi-scripting.md record)	X=695,Y=320,X2=0,Y2=0,Key=
2026-08-31 15:42:59	click	NegativeSearch	bootstrap: fix broken reference wire (vi-scripting.md record)	X=756,Y=281,X2=0,Y2=0,Key=
2026-08-31 15:43:48	keys	NegativeSearch	bootstrap: clear broken wire + reverse-direction rewire (gui-recipes.md reverse idiom)	X=0,Y=0,X2=0,Y2=0,Key=^b
2026-08-31 15:43:49	click	NegativeSearch	bootstrap: clear broken wire + reverse-direction rewire (gui-recipes.md reverse idiom)	X=756,Y=282,X2=0,Y2=0,Key=
2026-08-31 15:43:50	click	NegativeSearch	bootstrap: clear broken wire + reverse-direction rewire (gui-recipes.md reverse idiom)	X=695,Y=320,X2=0,Y2=0,Key=
2026-08-31 15:44:07	wire	NegativeSearch	bootstrap: wire cast->PN reference via drag-wire action (vi-scripting.md record)	X=695,Y=320,X2=756,Y2=282,Key=
2026-08-31 15:45:04	keys	NegativeSearch	clear broken wire	X=0,Y=0,X2=0,Y2=0,Key=^b
2026-08-31 15:45:05	rclick	NegativeSearch	bootstrap: PN Select Class menu (vi-scripting.md record)	X=668,Y=285,X2=0,Y2=0,Key=
2026-08-31 15:45:36	rclick	NegativeSearch	bootstrap: PN Select Class (retry on node body)	X=785,Y=287,X2=0,Y2=0,Key=
2026-08-31 15:47:47	click	NegativeSearch	bootstrap: PN Select Class -> LoopTunnel (vi-scripting.md record)	X=1697,Y=983,X2=0,Y2=0,Key=
2026-08-31 15:48:08	click	NegativeSearch	bootstrap: property row dropdown on LoopTunnel-classed PN	X=775,Y=302,X2=0,Y2=0,Key=
2026-08-31 15:48:51	click	NegativeSearch	bootstrap: pick Index Mode property row	X=830,Y=707,X2=0,Y2=0,Key=
2026-08-31 15:49:20	rclick	NegativeSearch	bootstrap: Change All To Write	X=785,Y=287,X2=0,Y2=0,Key=
2026-08-31 15:49:41	click	NegativeSearch	bootstrap: Change All To Write	X=863,Y=293,X2=0,Y2=0,Key=
2026-08-31 15:49:42	wire	NegativeSearch	bootstrap: cast->PN reference, classes now match	X=695,Y=320,X2=756,Y2=282,Key=
2026-08-31 15:50:52	wire	NegativeSearch	bootstrap: cast class-output(694,315 teal, hover-verified) -> PN reference	X=694,Y=315,X2=741,Y2=281,Key=
2026-08-31 15:51:45	wire	NegativeSearch	bootstrap: PN error chain wires (hover-verified terminals)	X=697,Y=322,X2=740,Y2=292,Key=
2026-08-31 15:51:49	wire	NegativeSearch	bootstrap: PN error chain wires (hover-verified terminals)	X=815,Y=292,X2=690,Y2=350,Key=
2026-09-01 08:19:57	click	Approved	diagnostic: focus transfer before Ctrl+E to view scrap v2 (functional check of set_index_mode)	X=500,Y=300,X2=0,Y2=0,Key=
2026-09-01 08:20:00	keys	Approved	open scrap v2 BD for visual verification	X=0,Y=0,X2=0,Y2=0,Key=^e
2026-09-01 09:27:03	click	Approved	recon: focus transfer before Ctrl+E on authorized working copy (fixture build)	X=600,Y=400,X2=0,Y2=0,Key=
2026-09-01 09:27:07	keys	Approved	recon: open working-copy BD	X=0,Y=0,X2=0,Y2=0,Key=^e
2026-09-01 09:27:40	drag	Approved	recon: scrollbar navigation (view-only)	X=90,Y=1015,X2=1750,Y2=1015,Key=
2026-09-01 09:28:03	drag	Approved	recon: scrollbar navigation	X=1750,Y=1015,X2=1640,Y2=1015,Key=
2026-09-01 09:28:54	keys	Approved	recon: open Navigation Window (view-only)	X=0,Y=0,X2=0,Y2=0,Key=^+n
2026-09-01 09:30:06	keys	Approved	recon: open Find dialog to jump to acquisition node	X=0,Y=0,X2=0,Y2=0,Key=^f
2026-09-01 09:30:28	click	Approved	recon: Find dialog Add object	X=960,Y=507,X2=0,Y2=0,Key=
2026-09-01 09:30:48	click	Approved	recon: Find dialog Add icon	X=961,Y=478,X2=0,Y2=0,Key=
2026-09-01 09:31:09	click	Approved	recon: VIs by Name	X=1022,Y=628,X2=0,Y2=0,Key=
2026-09-01 09:31:31	keys	Approved	recon: type-ahead in Select VI By Name list	X=0,Y=0,X2=0,Y2=0,Key=get buff
2026-09-01 09:31:53	keys	Approved	recon: list navigation	X=0,Y=0,X2=0,Y2=0,Key={DOWN}{DOWN}
2026-09-01 09:32:12	click	Approved	recon: OK in Select VI By Name	X=1136,Y=452,X2=0,Y2=0,Key=
2026-09-01 09:32:30	click	Approved	recon: run Find	X=856,Y=716,X2=0,Y2=0,Key=
2026-09-01 09:34:03	keys	Approved	recon: Context Help for connector map	X=0,Y=0,X2=0,Y2=0,Key=^h
2026-09-01 10:37:36	keys	VerifiedImpossible	VerifiedImpossible: primitive placement (skill list); fixture insertion	X=0,Y=0,X2=0,Y2=0,Key=^ 
2026-09-01 10:37:38	keys	VerifiedImpossible	VerifiedImpossible: primitive placement (skill list); fixture insertion	X=0,Y=0,X2=0,Y2=0,Key=Format Into String
2026-09-01 10:37:40	key	VerifiedImpossible	VerifiedImpossible: primitive placement (skill list); fixture insertion	X=0,Y=0,X2=0,Y2=0,Key=enter
2026-09-01 10:37:41	click	VerifiedImpossible	VerifiedImpossible: primitive placement (skill list); fixture insertion	X=350,Y=620,X2=0,Y2=0,Key=
2026-09-01 10:37:44	keys	VerifiedImpossible	VerifiedImpossible: primitive placement (skill list); fixture insertion	X=0,Y=0,X2=0,Y2=0,Key=^ 
2026-09-01 10:37:46	keys	VerifiedImpossible	VerifiedImpossible: primitive placement (skill list); fixture insertion	X=0,Y=0,X2=0,Y2=0,Key=Build Path
2026-09-01 10:37:48	key	VerifiedImpossible	VerifiedImpossible: primitive placement (skill list); fixture insertion	X=0,Y=0,X2=0,Y2=0,Key=enter
2026-09-01 10:37:49	click	VerifiedImpossible	VerifiedImpossible: primitive placement (skill list); fixture insertion	X=480,Y=620,X2=0,Y2=0,Key=
2026-09-01 10:37:52	keys	VerifiedImpossible	VerifiedImpossible: primitive placement (skill list); fixture insertion	X=0,Y=0,X2=0,Y2=0,Key=^ 
2026-09-01 10:37:54	keys	VerifiedImpossible	VerifiedImpossible: primitive placement (skill list); fixture insertion	X=0,Y=0,X2=0,Y2=0,Key=Strip Path
2026-09-01 10:37:55	key	VerifiedImpossible	VerifiedImpossible: primitive placement (skill list); fixture insertion	X=0,Y=0,X2=0,Y2=0,Key=enter
2026-09-01 10:37:56	click	VerifiedImpossible	VerifiedImpossible: primitive placement (skill list); fixture insertion	X=240,Y=680,X2=0,Y2=0,Key=
2026-09-01 10:42:47	click	Approved	deselect on empty-ish canvas before QD	X=700,Y=750,X2=0,Y2=0,Key=
2026-09-01 10:42:50	keys	VerifiedImpossible	VerifiedImpossible: primitive placement (retry, step-verified)	X=0,Y=0,X2=0,Y2=0,Key=^ 
2026-09-01 10:43:20	keys	VerifiedImpossible	VerifiedImpossible: primitive placement (step-verified)	X=0,Y=0,X2=0,Y2=0,Key=Format Into String
2026-09-01 10:43:53	click	Approved	focus QD text field	X=960,Y=490,X2=0,Y2=0,Key=
2026-09-01 10:43:55	keys	VerifiedImpossible	VerifiedImpossible: primitive placement (step-verified)	X=0,Y=0,X2=0,Y2=0,Key=Format Into String
2026-09-01 10:44:26	keys	VerifiedImpossible	VerifiedImpossible: primitive placement (QD reopen)	X=0,Y=0,X2=0,Y2=0,Key=^ 
2026-09-01 10:44:30	keys	VerifiedImpossible	VerifiedImpossible: primitive placement (QD reopen)	X=0,Y=0,X2=0,Y2=0,Key=Format Into String
2026-09-01 11:08:52	keys	Approved	user-commissioned fixture insertion (STATUS gated GUI plan): open BD of working copy	X=0,Y=0,X2=0,Y2=0,Key=^e
2026-09-01 11:09:13	keys	Approved	user-commissioned fixture insertion: toggle to BD	X=0,Y=0,X2=0,Y2=0,Key=^e
2026-09-01 11:09:28	keys	Approved	fixture insertion: open Find dialog to navigate to TIFF node	X=0,Y=0,X2=0,Y2=0,Key=^f
2026-09-01 11:09:56	keys	Approved	fixture insertion: open Find dialog (retry after stray menu)	X=0,Y=0,X2=0,Y2=0,Key=^f
2026-09-01 11:10:18	click	Approved	fixture insertion: Find-Objects navigation to TIFF node (user-commissioned)	X=766,Y=646,X2=0,Y2=0,Key=
2026-09-01 11:10:19	click	Approved	fixture insertion: Find-Objects navigation to TIFF node (user-commissioned)	X=961,Y=479,X2=0,Y2=0,Key=
2026-09-01 11:10:33	click	Approved	fixture insertion: Find-Objects VIs by Name	X=1021,Y=629,X2=0,Y2=0,Key=
2026-09-01 11:10:50	keys	Approved	fixture insertion: type-ahead to IMAQ Write TIFF File 2	X=0,Y=0,X2=0,Y2=0,Key=IMAQ Write TIFF
2026-09-01 11:11:13	keys	Approved	fixture insertion: retype type-ahead	X=0,Y=0,X2=0,Y2=0,Key=IMAQ Write T
2026-09-01 11:12:03	click	Approved	fixture insertion: select IMAQ Write TIFF File 2 row	X=805,Y=581,X2=0,Y2=0,Key=
2026-09-01 11:12:17	click	Approved	fixture insertion: confirm VI selection and run Find	X=1136,Y=453,X2=0,Y2=0,Key=
2026-09-01 11:12:32	click	Approved	fixture insertion: run Find to jump to TIFF node	X=856,Y=716,X2=0,Y2=0,Key=
2026-09-01 11:12:53	rclick	Approved	fixture insertion: open Functions palette via right-click on empty canvas	X=1550,Y=450,X2=0,Y2=0,Key=
2026-09-01 11:13:11	click	Approved	fixture insertion: open String subpalette	X=1813,Y=320,X2=0,Y2=0,Key=
2026-09-01 11:13:29	click	Approved	fixture insertion: enter String subpalette	X=1813,Y=320,X2=0,Y2=0,Key=
2026-09-01 11:14:02	click	Approved	fixture insertion: pick Format Into String from palette and place in loop	X=1395,Y=545,X2=0,Y2=0,Key=
2026-09-01 11:14:03	click	Approved	fixture insertion: pick Format Into String from palette and place in loop	X=1750,Y=900,X2=0,Y2=0,Key=
2026-09-01 11:15:34	rclick	Approved	fixture insertion: open Functions palette then File I/O subpalette	X=1550,Y=450,X2=0,Y2=0,Key=
2026-09-01 11:15:35	click	Approved	fixture insertion: open Functions palette then File I/O subpalette	X=1606,Y=477,X2=0,Y2=0,Key=
2026-09-01 11:15:50	click	Approved	fixture insertion: enter File I/O subpalette	X=1606,Y=477,X2=0,Y2=0,Key=
2026-09-01 11:16:05	click	Approved	fixture insertion: pick Build Path and place in loop	X=1188,Y=777,X2=0,Y2=0,Key=
2026-09-01 11:16:07	click	Approved	fixture insertion: pick Build Path and place in loop	X=1680,Y=960,X2=0,Y2=0,Key=
2026-09-01 11:16:17	rclick	Approved	fixture insertion: pick Strip Path and place in loop	X=1550,Y=450,X2=0,Y2=0,Key=
2026-09-01 11:16:19	click	Approved	fixture insertion: pick Strip Path and place in loop	X=1606,Y=477,X2=0,Y2=0,Key=
2026-09-01 11:16:20	click	Approved	fixture insertion: pick Strip Path and place in loop	X=1606,Y=477,X2=0,Y2=0,Key=
2026-09-01 11:16:36	click	Approved	fixture insertion: pick Strip Path and place	X=1291,Y=777,X2=0,Y2=0,Key=
2026-09-01 11:16:37	click	Approved	fixture insertion: pick Strip Path and place	X=1560,Y=960,X2=0,Y2=0,Key=
2026-09-01 11:18:14	keys	Approved	fixture insertion: Ctrl+F jump to acquisition subVI for identification	X=0,Y=0,X2=0,Y2=0,Key=^f
2026-09-01 11:18:35	keys	Approved	fixture insertion: retry Ctrl+F	X=0,Y=0,X2=0,Y2=0,Key=^f
2026-09-01 11:18:51	click	Approved	fixture insertion: select acquisition VI by name	X=962,Y=478,X2=0,Y2=0,Key=
2026-09-01 11:19:08	click	Approved	fixture insertion: VIs by Name for acquisition node	X=1022,Y=628,X2=0,Y2=0,Key=
2026-09-01 11:19:10	keys	Approved	fixture insertion: VIs by Name for acquisition node	X=0,Y=0,X2=0,Y2=0,Key=get buff
2026-09-01 11:19:30	keys	Approved	fixture insertion: arrow down to get buff	X=0,Y=0,X2=0,Y2=0,Key={DOWN}{DOWN}
2026-09-01 11:19:46	click	Approved	fixture insertion: OK then Find acquisition node	X=1136,Y=453,X2=0,Y2=0,Key=
2026-09-01 11:19:48	click	Approved	fixture insertion: OK then Find acquisition node	X=856,Y=716,X2=0,Y2=0,Key=
2026-09-01 11:22:31	click	Approved	fixture insertion: deselect click then open Context Help	X=850,Y=730,X2=0,Y2=0,Key=
2026-09-01 11:22:33	keys	Approved	fixture insertion: deselect click then open Context Help	X=0,Y=0,X2=0,Y2=0,Key=^h
2026-09-01 11:24:25	keys	Approved	fixture insertion: re-jump to acquisition node	X=0,Y=0,X2=0,Y2=0,Key=^f
2026-09-01 11:24:54	click	Approved	fixture insertion: focus BD, reopen Find	X=600,Y=600,X2=0,Y2=0,Key=
2026-09-01 11:24:56	keys	Approved	fixture insertion: focus BD, reopen Find	X=0,Y=0,X2=0,Y2=0,Key=^f
2026-09-01 11:29:13	keys	Approved	save unsaved fixture edits before LabVIEW restart (broken-VI mid-assembly save, standing discipline)	X=0,Y=0,X2=0,Y2=0,Key=^s
2026-09-01 11:29:36	click	Approved	UI aliveness test: open File menu	X=17,Y=33,X2=0,Y2=0,Key=
2026-09-01 11:31:44	click	Approved	close Context Help window to restore keyboard routing	X=1888,Y=33,X2=0,Y2=0,Key=
2026-09-01 11:32:16	click	Approved	open File menu for Save (menu-click save path)	X=17,Y=33,X2=0,Y2=0,Key=
2026-09-01 11:35:08	keys	Approved	save working copy (focus-esc-key sequence, stuck-menu fix)	X=0,Y=0,X2=0,Y2=0,Key=^s
2026-09-01 11:36:28	keys	Approved	recon: Ctrl+F jump to Save trace	X=0,Y=0,X2=0,Y2=0,Key=^f
2026-09-01 11:36:48	click	Approved	recon: pick Save trace.vi in VIs by Name	X=962,Y=478,X2=0,Y2=0,Key=
2026-09-01 11:36:49	click	Approved	recon: pick Save trace.vi in VIs by Name	X=1022,Y=628,X2=0,Y2=0,Key=
2026-09-01 11:36:51	keys	Approved	recon: pick Save trace.vi in VIs by Name	X=0,Y=0,X2=0,Y2=0,Key=Save
2026-09-01 11:37:08	keys	Approved	recon: select save trace.vi, Find	X=0,Y=0,X2=0,Y2=0,Key={DOWN}
2026-09-01 11:37:08	click	Approved	recon: select save trace.vi, Find	X=1136,Y=453,X2=0,Y2=0,Key=
2026-09-01 11:37:09	click	Approved	recon: select save trace.vi, Find	X=856,Y=716,X2=0,Y2=0,Key=
2026-09-01 11:41:30	keys	Approved	recon: open Context Help	X=0,Y=0,X2=0,Y2=0,Key=^h
2026-09-01 11:43:53	wire	NegativeSearch	fixture: GUI branch from base-path wire (500,501) to Strip Path 'path' - wire_control verified unreachable (Get Controls cannot see non-pane control, all 170 diagrams swept)	X=500,Y=501,X2=1757,Y2=922,Key=
2026-09-01 11:46:50	wire	NegativeSearch	fixture: retry GUI branch base-path wire to Strip Path left-center input	X=450,Y=501,X2=1732,Y2=907,Key=
2026-09-01 11:47:30	wire	NegativeSearch	fixture: reverse-direction branch - start Strip Path 'path' terminal, end on base-path wire	X=1732,Y=907,X2=450,Y2=501,Key=
2026-09-01 11:48:32	click	Approved	fixture: scroll right to expose Format node	X=1893,Y=1030,X2=0,Y2=0,Key=
2026-09-01 11:48:33	click	Approved	fixture: scroll right to expose Format node	X=1893,Y=1030,X2=0,Y2=0,Key=
2026-09-01 11:48:33	click	Approved	fixture: scroll right to expose Format node	X=1893,Y=1030,X2=0,Y2=0,Key=
2026-09-01 11:48:33	click	Approved	fixture: scroll right to expose Format node	X=1893,Y=1030,X2=0,Y2=0,Key=
2026-09-01 11:48:34	click	Approved	fixture: scroll right to expose Format node	X=1893,Y=1030,X2=0,Y2=0,Key=
2026-09-01 11:48:34	click	Approved	fixture: scroll right to expose Format node	X=1893,Y=1030,X2=0,Y2=0,Key=
2026-09-01 11:48:34	click	Approved	fixture: scroll right to expose Format node	X=1893,Y=1030,X2=0,Y2=0,Key=
2026-09-01 11:48:35	click	Approved	fixture: scroll right to expose Format node	X=1893,Y=1030,X2=0,Y2=0,Key=
2026-09-01 11:48:35	click	Approved	fixture: scroll right to expose Format node	X=1893,Y=1030,X2=0,Y2=0,Key=
2026-09-01 11:48:35	click	Approved	fixture: scroll right to expose Format node	X=1893,Y=1030,X2=0,Y2=0,Key=
2026-09-01 11:49:02	rclick	Approved	fixture: rclick Format 'format string' terminal for Create Constant	X=1603,Y=838,X2=0,Y2=0,Key=
2026-09-01 11:50:18	rclick	Approved	fixture: rclick format string terminal (row-corrected)	X=1601,Y=834,X2=0,Y2=0,Key=
2026-09-01 11:50:53	rclick	Approved	fixture: open node menu for Edit Format String	X=1617,Y=847,X2=0,Y2=0,Key=
2026-09-01 11:51:17	rclick	Approved	fixture: rclick Format node retry	X=1615,Y=845,X2=0,Y2=0,Key=
2026-09-01 11:51:53	click	Approved	fixture: select Format node then context-menu key	X=1615,Y=845,X2=0,Y2=0,Key=
2026-09-01 11:51:54	key	Approved	fixture: select Format node then context-menu key	X=0,Y=0,X2=0,Y2=0,Key=apps
2026-09-01 11:53:38	keys	Approved	fixture: reopen BD after restart	X=0,Y=0,X2=0,Y2=0,Key=^e
2026-09-01 11:53:52	keys	Approved	fixture: retry Ctrl+E	X=0,Y=0,X2=0,Y2=0,Key=^e
2026-09-01 11:54:26	click	Approved	fixture: Window menu > Show Block Diagram	X=288,Y=92,X2=0,Y2=0,Key=
2026-09-01 11:54:42	click	Approved	fixture: click Show Block Diagram	X=337,Y=113,X2=0,Y2=0,Key=
2026-09-01 11:55:00	keys	Approved	fixture: Ctrl+F jump to TIFF	X=0,Y=0,X2=0,Y2=0,Key=^f
2026-09-01 11:55:22	click	Approved	fixture: Find dialog - vi.lib + VIs by Name	X=770,Y=660,X2=0,Y2=0,Key=
2026-09-01 11:55:23	click	Approved	fixture: Find dialog - vi.lib + VIs by Name	X=962,Y=490,X2=0,Y2=0,Key=
2026-09-01 11:55:53	click	Approved	fixture: pick IMAQ Write TIFF in VIs by Name	X=1023,Y=640,X2=0,Y2=0,Key=
2026-09-01 11:55:55	keys	Approved	fixture: pick IMAQ Write TIFF in VIs by Name	X=0,Y=0,X2=0,Y2=0,Key=IMAQ
2026-09-01 11:56:34	click	Approved	fixture: select TIFF row, OK, Find	X=808,Y=610,X2=0,Y2=0,Key=
2026-09-01 11:56:53	click	Approved	fixture: OK and Find TIFF	X=1138,Y=465,X2=0,Y2=0,Key=
2026-09-01 11:56:54	click	Approved	fixture: OK and Find TIFF	X=858,Y=728,X2=0,Y2=0,Key=
2026-09-01 11:57:19	rclick	Approved	fixture: rclick Format node for Edit Format String	X=1756,Y=862,X2=0,Y2=0,Key=
2026-09-01 11:57:38	click	Approved	fixture: Edit Format String dialog	X=1602,Y=969,X2=0,Y2=0,Key=
2026-09-01 11:58:05	dclick	Approved	fixture: set format string img%05d.tif	X=960,Y=652,X2=0,Y2=0,Key=
2026-09-01 11:58:07	keys	Approved	fixture: set format string img%05d.tif	X=0,Y=0,X2=0,Y2=0,Key=^a
2026-09-01 11:58:08	keys	Approved	fixture: set format string img%05d.tif	X=0,Y=0,X2=0,Y2=0,Key=img{%}05d.tif
2026-09-01 11:58:29	click	Approved	fixture: OK on Edit Format String	X=967,Y=687,X2=0,Y2=0,Key=
2026-09-01 11:59:14	keys	Approved	error splice recon: Find acquisition node	X=0,Y=0,X2=0,Y2=0,Key=^f
2026-09-01 11:59:16	click	Approved	error splice recon: Find acquisition node	X=962,Y=490,X2=0,Y2=0,Key=
2026-09-01 11:59:17	click	Approved	error splice recon: Find acquisition node	X=1023,Y=640,X2=0,Y2=0,Key=
2026-09-01 11:59:19	keys	Approved	error splice recon: Find acquisition node	X=0,Y=0,X2=0,Y2=0,Key=get
2026-09-01 11:59:39	keys	Approved	error splice: select get buff, OK, Find	X=0,Y=0,X2=0,Y2=0,Key={DOWN}{DOWN}
2026-09-01 11:59:58	click	Approved	error splice: OK and Find acquisition	X=1138,Y=465,X2=0,Y2=0,Key=
2026-09-01 11:59:59	click	Approved	error splice: OK and Find acquisition	X=858,Y=728,X2=0,Y2=0,Key=
2026-09-01 12:00:53	click	Approved	error splice recon: select the error wire to trace it	X=300,Y=173,X2=0,Y2=0,Key=
2026-09-01 12:02:23	click	Approved	deselect error wire (empty canvas click)	X=900,Y=470,X2=0,Y2=0,Key=
2026-09-03 08:18:01	keys	Approved	user requested capture of the IMAQ Write TIFF node: Ctrl+F jump	X=0,Y=0,X2=0,Y2=0,Key=^f
2026-09-03 08:18:25	click	Approved	user-requested capture: VIs by Name -> IMAQ Write TIFF File 2	X=963,Y=490,X2=0,Y2=0,Key=
2026-09-03 08:18:26	click	Approved	user-requested capture: VIs by Name -> IMAQ Write TIFF File 2	X=1023,Y=640,X2=0,Y2=0,Key=
2026-09-03 08:18:28	keys	Approved	user-requested capture: VIs by Name -> IMAQ Write TIFF File 2	X=0,Y=0,X2=0,Y2=0,Key=IMAQ
2026-09-03 08:18:51	click	Approved	user-requested capture: select TIFF row, OK, Find	X=808,Y=610,X2=0,Y2=0,Key=
2026-09-03 08:18:52	click	Approved	user-requested capture: select TIFF row, OK, Find	X=1138,Y=465,X2=0,Y2=0,Key=
2026-09-03 08:18:54	click	Approved	user-requested capture: select TIFF row, OK, Find	X=858,Y=728,X2=0,Y2=0,Key=
2026-09-03 08:19:28	click	Approved	user-requested capture: close overlapping Search Palettes box, open Context Help, hover TIFF node	X=1636,Y=754,X2=0,Y2=0,Key=
2026-09-03 08:19:31	keys	Approved	user-requested capture: close overlapping Search Palettes box, open Context Help, hover TIFF node	X=0,Y=0,X2=0,Y2=0,Key=^h
2026-09-04 15:40:37	keys	Approved	FP-scripting test build (user-directed): open OpFP_v0 block diagram	X=0,Y=0,X2=0,Y2=0,Key=^e
2026-09-04 15:41:19	rclick	Approved	FP-scripting test build (user-directed 2026-09-04): open Functions palette on OpFP_v0 empty canvas	X=1150,Y=380,X2=0,Y2=0,Key=
2026-09-04 15:41:41	click	Approved	FP-scripting test build: enter Array subpalette	X=1310,Y=235,X2=0,Y2=0,Key=
2026-09-04 15:41:42	click	Approved	FP-scripting test build: enter Array subpalette	X=1310,Y=235,X2=0,Y2=0,Key=
2026-09-04 15:42:05	click	Approved	FP-scripting test build: place Index Array	X=1519,Y=300,X2=0,Y2=0,Key=
2026-09-04 15:42:06	click	Approved	FP-scripting test build: place Index Array	X=1000,Y=400,X2=0,Y2=0,Key=
2026-09-04 15:42:53	rclick	Approved	FP-scripting test build: open Application Control subpalette	X=1150,Y=500,X2=0,Y2=0,Key=
2026-09-04 15:42:54	click	Approved	FP-scripting test build: open Application Control subpalette	X=1414,Y=470,X2=0,Y2=0,Key=
2026-09-04 15:42:56	click	Approved	FP-scripting test build: open Application Control subpalette	X=1414,Y=470,X2=0,Y2=0,Key=
2026-09-04 15:43:17	click	Approved	FP-scripting test build: open Application Control subpalette (corrected row)	X=1414,Y=560,X2=0,Y2=0,Key=
2026-09-04 15:43:19	click	Approved	FP-scripting test build: open Application Control subpalette (corrected row)	X=1414,Y=560,X2=0,Y2=0,Key=
2026-09-04 15:43:46	rclick	Approved	FP-scripting test build: refocus BD and reopen palette	X=1150,Y=500,X2=0,Y2=0,Key=
2026-09-04 15:44:08	click	Approved	FP-scripting test build: enter Application Control subpalette	X=1414,Y=552,X2=0,Y2=0,Key=
2026-09-04 15:44:09	click	Approved	FP-scripting test build: enter Application Control subpalette	X=1414,Y=552,X2=0,Y2=0,Key=
2026-09-04 15:44:38	click	Approved	FP-scripting test build: place Invoke Node then Property Node	X=995,Y=690,X2=0,Y2=0,Key=
2026-09-04 15:44:39	click	Approved	FP-scripting test build: place Invoke Node then Property Node	X=1100,Y=400,X2=0,Y2=0,Key=
2026-09-04 15:44:41	rclick	Approved	FP-scripting test build: place Invoke Node then Property Node	X=1150,Y=500,X2=0,Y2=0,Key=
2026-09-04 15:44:43	click	Approved	FP-scripting test build: place Invoke Node then Property Node	X=1414,Y=552,X2=0,Y2=0,Key=
2026-09-04 15:44:44	click	Approved	FP-scripting test build: place Invoke Node then Property Node	X=1414,Y=552,X2=0,Y2=0,Key=
2026-09-04 15:44:46	click	Approved	FP-scripting test build: place Invoke Node then Property Node	X=891,Y=690,X2=0,Y2=0,Key=
2026-09-04 15:44:47	click	Approved	FP-scripting test build: place Invoke Node then Property Node	X=1250,Y=400,X2=0,Y2=0,Key=
2026-09-04 15:45:51	rclick	Approved	FP-scripting test build: select method on Invoke Node (Terminal class)	X=1105,Y=419,X2=0,Y2=0,Key=
2026-09-04 15:46:12	click	Approved	FP-scripting test build: open Select Method submenu	X=1166,Y=540,X2=0,Y2=0,Key=
2026-09-04 15:46:38	keys	Approved	FP-scripting test build: expand Select Method submenu	X=0,Y=0,X2=0,Y2=0,Key={RIGHT}
2026-09-04 15:47:04	click	Approved	FP-scripting test build: click Method field on Invoke Node to open method list	X=1100,Y=412,X2=0,Y2=0,Key=
2026-09-04 15:47:29	click	Approved	FP-scripting test build: choose Terminal.Create Indicator method	X=1166,Y=685,X2=0,Y2=0,Key=
2026-09-04 15:48:23	click	Approved	FP-scripting test build: open property picker on Property Node (Control class)	X=1250,Y=412,X2=0,Y2=0,Key=
2026-09-04 15:48:49	click	Approved	FP-scripting test build: pick Position property	X=1294,Y=294,X2=0,Y2=0,Key=
2026-09-04 15:49:18	keys	Approved	FP-scripting test build: expand Position submenu	X=0,Y=0,X2=0,Y2=0,Key={RIGHT}
2026-09-04 15:49:51	click	Approved	FP-scripting test build: choose Position > All Elements	X=1517,Y=294,X2=0,Y2=0,Key=
2026-09-04 15:51:28	rclick	Approved	FP-scripting test build: right-click Position item for Change To Write	X=1250,Y=412,X2=0,Y2=0,Key=
2026-09-04 15:52:05	click	Approved	FP-scripting test build: Change To Write on Position, then Create Control on its input	X=1318,Y=599,X2=0,Y2=0,Key=
2026-09-04 15:52:37	rclick	Approved	FP-scripting test build: rclick Position write input to Create Control	X=1237,Y=419,X2=0,Y2=0,Key=
2026-09-04 15:53:30	click	Approved	FP-scripting test build: Create > Control on Position write input	X=1523,Y=720,X2=0,Y2=0,Key=
2026-09-04 15:58:57	keys	Approved	read-only: show the user an erdosmiller VI's block diagram (never saved)	X=0,Y=0,X2=0,Y2=0,Key=^e
2026-09-04 17:46:43	keys	Approved	live click bench setup: open GUIBENCH_v0 block diagram	X=0,Y=0,X2=0,Y2=0,Key=^e
2026-09-04 17:47:56	drag	Approved	live click bench M3 (user: 실행 2026-09-04)	X=1101,Y=408,X2=1201,Y2=458,Key=
2026-09-04 17:48:01	drag	Approved	live click bench M3 (user: 실행 2026-09-04)	X=1101,Y=408,X2=1201,Y2=458,Key=
2026-09-04 17:48:05	drag	Approved	live click bench M3 (user: 실행 2026-09-04)	X=1101,Y=408,X2=1201,Y2=458,Key=
2026-09-04 17:48:09	rclick	Approved	live click bench M3 (user: 실행 2026-09-04)	X=1150,Y=500,X2=0,Y2=0,Key=
2026-09-04 17:48:10	click	Approved	live click bench M3 (user: 실행 2026-09-04)	X=1310,Y=235,X2=0,Y2=0,Key=
2026-09-04 17:48:12	click	Approved	live click bench M3 (user: 실행 2026-09-04)	X=1310,Y=235,X2=0,Y2=0,Key=
2026-09-04 17:48:14	click	Approved	live click bench M3 (user: 실행 2026-09-04)	X=1519,Y=300,X2=0,Y2=0,Key=
2026-09-04 17:48:15	click	Approved	live click bench M3 (user: 실행 2026-09-04)	X=1111,Y=641,X2=0,Y2=0,Key=
2026-09-04 17:48:19	rclick	Approved	live click bench M3 (user: 실행 2026-09-04)	X=1150,Y=500,X2=0,Y2=0,Key=
2026-09-04 17:48:21	click	Approved	live click bench M3 (user: 실행 2026-09-04)	X=1310,Y=235,X2=0,Y2=0,Key=
2026-09-04 17:48:22	click	Approved	live click bench M3 (user: 실행 2026-09-04)	X=1310,Y=235,X2=0,Y2=0,Key=
2026-09-04 17:48:24	click	Approved	live click bench M3 (user: 실행 2026-09-04)	X=1519,Y=300,X2=0,Y2=0,Key=
2026-09-04 17:48:26	click	Approved	live click bench M3 (user: 실행 2026-09-04)	X=1111,Y=641,X2=0,Y2=0,Key=
2026-09-04 17:48:30	rclick	Approved	live click bench M3 (user: 실행 2026-09-04)	X=1150,Y=500,X2=0,Y2=0,Key=
2026-09-04 17:48:32	click	Approved	live click bench M3 (user: 실행 2026-09-04)	X=1310,Y=235,X2=0,Y2=0,Key=
2026-09-04 17:48:33	click	Approved	live click bench M3 (user: 실행 2026-09-04)	X=1310,Y=235,X2=0,Y2=0,Key=
2026-09-04 17:48:35	click	Approved	live click bench M3 (user: 실행 2026-09-04)	X=1519,Y=300,X2=0,Y2=0,Key=
2026-09-04 17:48:36	click	Approved	live click bench M3 (user: 실행 2026-09-04)	X=1111,Y=641,X2=0,Y2=0,Key=
2026-09-04 17:48:40	rclick	Approved	live click bench M3 (user: 실행 2026-09-04)	X=1251,Y=413,X2=0,Y2=0,Key=
2026-09-04 17:48:42	click	Approved	live click bench M3 (user: 실행 2026-09-04)	X=1319,Y=600,X2=0,Y2=0,Key=
2026-09-04 17:48:46	rclick	Approved	live click bench M3 (user: 실행 2026-09-04)	X=1251,Y=413,X2=0,Y2=0,Key=
2026-09-04 17:48:48	click	Approved	live click bench M3 (user: 실행 2026-09-04)	X=1319,Y=600,X2=0,Y2=0,Key=
2026-09-04 17:48:51	rclick	Approved	live click bench M3 (user: 실행 2026-09-04)	X=1251,Y=413,X2=0,Y2=0,Key=
2026-09-04 17:48:53	click	Approved	live click bench M3 (user: 실행 2026-09-04)	X=1319,Y=600,X2=0,Y2=0,Key=
2026-09-04 17:49:26	drag	Approved	live click bench M3 (user: 실행 2026-09-04)	X=1101,Y=399,X2=1201,Y2=449,Key=
2026-09-04 17:49:30	drag	Approved	live click bench M3 (user: 실행 2026-09-04)	X=1101,Y=399,X2=1201,Y2=449,Key=
2026-09-04 17:49:34	drag	Approved	live click bench M3 (user: 실행 2026-09-04)	X=1101,Y=399,X2=1201,Y2=449,Key=
2026-09-04 17:51:40	drag	Approved	vision bench U1 trial1	X=1101,Y=395,X2=1201,Y2=445,Key=
2026-09-04 17:53:03	drag	Approved	vision bench U1 trial2	X=1101,Y=395,X2=1201,Y2=445,Key=
2026-09-04 17:53:30	drag	Approved	vision bench U1 trial3	X=1101,Y=395,X2=1201,Y2=445,Key=
2026-09-04 17:54:08	rclick	Approved	vision bench U2 trial1	X=700,Y=700,X2=0,Y2=0,Key=
2026-09-04 17:54:37	click	Approved	vision bench U2 trial1	X=860,Y=236,X2=0,Y2=0,Key=
2026-09-04 17:54:37	click	Approved	vision bench U2 trial1	X=860,Y=236,X2=0,Y2=0,Key=
2026-09-04 17:54:50	click	Approved	vision bench U2 trial1	X=1069,Y=302,X2=0,Y2=0,Key=
2026-09-04 17:54:50	click	Approved	vision bench U2 trial1	X=1111,Y=641,X2=0,Y2=0,Key=
2026-09-04 17:55:39	rclick	Approved	vision bench U2 trial2	X=700,Y=700,X2=0,Y2=0,Key=
2026-09-04 17:55:50	click	Approved	vision bench U2 trial2	X=860,Y=236,X2=0,Y2=0,Key=
2026-09-04 17:55:51	click	Approved	vision bench U2 trial2	X=860,Y=236,X2=0,Y2=0,Key=
2026-09-04 17:56:01	click	Approved	vision bench U2 trial2	X=1069,Y=302,X2=0,Y2=0,Key=
2026-09-04 17:56:01	click	Approved	vision bench U2 trial2	X=1111,Y=641,X2=0,Y2=0,Key=
2026-09-04 17:56:27	rclick	Approved	vision bench U2 trial3	X=700,Y=700,X2=0,Y2=0,Key=
2026-09-04 17:56:38	click	Approved	vision bench U2 trial3	X=860,Y=236,X2=0,Y2=0,Key=
2026-09-04 17:56:39	click	Approved	vision bench U2 trial3	X=860,Y=236,X2=0,Y2=0,Key=
2026-09-04 17:56:48	click	Approved	vision bench U2 trial3	X=1069,Y=302,X2=0,Y2=0,Key=
2026-09-04 17:56:49	click	Approved	vision bench U2 trial3	X=1111,Y=641,X2=0,Y2=0,Key=
2026-09-04 17:57:37	rclick	Approved	vision bench U4 trial1	X=1248,Y=412,X2=0,Y2=0,Key=
2026-09-04 17:57:46	click	Approved	vision bench U4 trial1	X=1316,Y=599,X2=0,Y2=0,Key=
2026-09-04 17:58:13	rclick	Approved	vision bench U4 trial2	X=1248,Y=412,X2=0,Y2=0,Key=
2026-09-04 17:58:22	click	Approved	vision bench U4 trial2	X=1316,Y=599,X2=0,Y2=0,Key=
2026-09-04 17:58:48	rclick	Approved	vision bench U4 trial3	X=1248,Y=412,X2=0,Y2=0,Key=
2026-09-04 17:58:58	click	Approved	vision bench U4 trial3	X=1316,Y=599,X2=0,Y2=0,Key=
2026-09-04 23:39:03	keys	Approved	bench prep: open GUIBENCH BD	X=0,Y=0,X2=0,Y2=0,Key=^e
2026-09-04 23:39:41	click	Approved	live click bench M3 (user: 실행 2026-09-04)	X=1311,Y=791,X2=0,Y2=0,Key=
2026-09-04 23:39:42	drag	Approved	live click bench M3 (user: 실행 2026-09-04)	X=1101,Y=399,X2=1201,Y2=449,Key=
2026-09-04 23:39:46	click	Approved	live click bench M3 (user: 실행 2026-09-04)	X=1311,Y=791,X2=0,Y2=0,Key=
2026-09-04 23:39:47	drag	Approved	live click bench M3 (user: 실행 2026-09-04)	X=1101,Y=399,X2=1201,Y2=449,Key=
2026-09-04 23:39:51	click	Approved	live click bench M3 (user: 실행 2026-09-04)	X=1311,Y=791,X2=0,Y2=0,Key=
2026-09-04 23:39:52	drag	Approved	live click bench M3 (user: 실행 2026-09-04)	X=1101,Y=399,X2=1201,Y2=449,Key=
2026-09-04 23:39:56	click	Approved	live click bench M3 (user: 실행 2026-09-04)	X=1311,Y=791,X2=0,Y2=0,Key=
2026-09-04 23:40:00	keys	Approved	live click bench M3 (user: 실행 2026-09-04)	X=0,Y=0,X2=0,Y2=0,Key=^f
2026-09-04 23:40:02	click	Approved	live click bench M3 (user: 실행 2026-09-04)	X=958,Y=716,X2=0,Y2=0,Key=
2026-09-04 23:40:07	click	Approved	live click bench M3 (user: 실행 2026-09-04)	X=1311,Y=791,X2=0,Y2=0,Key=
2026-09-04 23:40:10	keys	Approved	live click bench M3 (user: 실행 2026-09-04)	X=0,Y=0,X2=0,Y2=0,Key=^f
2026-09-04 23:40:13	click	Approved	live click bench M3 (user: 실행 2026-09-04)	X=958,Y=716,X2=0,Y2=0,Key=
2026-09-04 23:40:17	click	Approved	live click bench M3 (user: 실행 2026-09-04)	X=1311,Y=791,X2=0,Y2=0,Key=
2026-09-04 23:40:21	keys	Approved	live click bench M3 (user: 실행 2026-09-04)	X=0,Y=0,X2=0,Y2=0,Key=^f
2026-09-04 23:40:23	click	Approved	live click bench M3 (user: 실행 2026-09-04)	X=958,Y=716,X2=0,Y2=0,Key=
2026-09-04 23:44:03	keys	Approved	U5 M3 diagnostic (bench, user: 벤치 철저하게)	X=0,Y=0,X2=0,Y2=0,Key=^f
2026-09-05 00:12:17	drag	Approved	vision bench	X=1075,Y=399,X2=1175,Y2=449,Key=
2026-09-05 00:13:41	drag	Approved	vision bench	X=1075,Y=399,X2=1175,Y2=449,Key=
2026-09-05 00:14:02	drag	Approved	vision bench	X=1075,Y=399,X2=1175,Y2=449,Key=
2026-09-05 00:14:21	rclick	Approved	vision bench	X=500,Y=600,X2=0,Y2=0,Key=
2026-09-05 00:15:04	key	Approved	switch to block diagram	X=0,Y=0,X2=0,Y2=0,Key=^e
2026-09-05 00:15:19	click	Approved	click Window menu	X=293,Y=41,X2=0,Y2=0,Key=
2026-09-05 00:15:30	click	Approved	click View menu	X=96,Y=41,X2=0,Y2=0,Key=
2026-09-05 00:16:39	rclick	Approved	right-click title bar	X=118,Y=15,X2=0,Y2=0,Key=
2026-09-05 00:17:01	click	Approved	click right arrow for more tabs	X=965,Y=682,X2=0,Y2=0,Key=
2026-09-05 00:19:39	keys	Approved	bench prep: open GUIBENCH BD	X=0,Y=0,X2=0,Y2=0,Key=^e
2026-09-05 00:20:37	drag	Approved	vision bench	X=1080,Y=390,X2=1180,Y2=440,Key=
2026-09-05 00:21:03	drag	Approved	vision bench	X=1080,Y=390,X2=1180,Y2=440,Key=
2026-09-05 00:21:20	drag	Approved	vision bench	X=1080,Y=390,X2=1180,Y2=440,Key=
2026-09-05 00:21:37	rclick	Approved	vision bench	X=900,Y=600,X2=0,Y2=0,Key=
2026-09-05 00:21:51	rclick	Approved	vision bench	X=900,Y=600,X2=0,Y2=0,Key=
2026-09-05 00:22:02	rclick	Approved	vision bench	X=800,Y=700,X2=0,Y2=0,Key=
2026-09-05 00:22:13	rclick	Approved	vision bench	X=800,Y=700,X2=0,Y2=0,Key=
2026-09-05 00:22:20	key	Approved	vision bench	X=0,Y=0,X2=0,Y2=0,Key=^m
2026-09-05 00:22:25	click	Approved	vision bench	X=800,Y=700,X2=0,Y2=0,Key=
2026-09-05 00:22:26	key	Approved	vision bench	X=0,Y=0,X2=0,Y2=0,Key=apps
2026-09-05 00:22:37	click	Approved	vision bench	X=95,Y=40,X2=0,Y2=0,Key=
2026-09-05 00:22:50	click	Approved	vision bench	X=600,Y=600,X2=0,Y2=0,Key=
2026-09-05 00:22:50	rclick	Approved	vision bench	X=600,Y=600,X2=0,Y2=0,Key=
2026-09-05 00:22:51	key	Approved	vision bench	X=0,Y=0,X2=0,Y2=0,Key=f
2026-09-05 00:23:00	click	Approved	vision bench	X=237,Y=40,X2=0,Y2=0,Key=
2026-09-05 00:24:07	click	Approved	vision bench	X=57,Y=40,X2=0,Y2=0,Key=
2026-09-05 00:24:33	keys	Approved	bench prep: close stray Context Help	X=0,Y=0,X2=0,Y2=0,Key=^h
2026-09-05 00:38:37	click	Approved	verify_op revert: canvas click after focus (COM-hang guard)	X=1311,Y=791,X2=0,Y2=0,Key=
2026-09-05 00:38:41	click	Approved	verify_op revert: canvas click after focus (COM-hang guard)	X=1311,Y=791,X2=0,Y2=0,Key=
2026-09-05 00:38:45	click	Approved	verify_op revert: canvas click after focus (COM-hang guard)	X=1311,Y=791,X2=0,Y2=0,Key=
2026-09-05 00:38:49	click	Approved	verify_op revert: canvas click after focus (COM-hang guard)	X=1311,Y=791,X2=0,Y2=0,Key=
2026-09-05 00:41:46	drag	Approved	vision bench	X=1080,Y=390,X2=1180,Y2=440,Key=
2026-09-05 00:41:49	click	Approved	verify_op revert: canvas click after focus (COM-hang guard)	X=1311,Y=791,X2=0,Y2=0,Key=
2026-09-05 00:42:19	click	Approved	verify_op revert: canvas click after focus (COM-hang guard)	X=1311,Y=791,X2=0,Y2=0,Key=
2026-09-05 00:42:36	drag	Approved	vision bench	X=1082,Y=390,X2=1182,Y2=440,Key=
2026-09-05 00:42:52	click	Approved	verify_op revert: canvas click after focus (COM-hang guard)	X=1311,Y=791,X2=0,Y2=0,Key=
2026-09-05 00:42:57	drag	Approved	vision bench	X=1082,Y=390,X2=1182,Y2=440,Key=
2026-09-05 00:43:17	click	Approved	verify_op revert: canvas click after focus (COM-hang guard)	X=1311,Y=791,X2=0,Y2=0,Key=
2026-09-05 00:43:28	rclick	Approved	vision bench	X=600,Y=500,X2=0,Y2=0,Key=
2026-09-05 00:43:40	rclick	Approved	vision bench	X=700,Y=600,X2=0,Y2=0,Key=
2026-09-05 00:43:45	click	Approved	vision bench	X=720,Y=320,X2=0,Y2=0,Key=
2026-09-05 00:43:59	keys	Approved	vision bench	X=0,Y=0,X2=0,Y2=0,Key=^space
2026-09-05 00:44:16	click	Approved	vision bench	X=237,Y=40,X2=0,Y2=0,Key=
2026-09-05 00:44:28	click	Approved	vision bench	X=95,Y=40,X2=0,Y2=0,Key=
2026-09-05 00:44:42	keys	Approved	vision bench	X=0,Y=0,X2=0,Y2=0,Key=esc
2026-09-05 00:44:50	rclick	Approved	vision bench	X=700,Y=600,X2=0,Y2=0,Key=
2026-09-05 00:44:54	click	Approved	vision bench	X=710,Y=330,X2=0,Y2=0,Key=
2026-09-05 00:45:12	keys	Approved	vision bench	X=0,Y=0,X2=0,Y2=0,Key=alt+v
2026-09-05 00:45:17	keys	Approved	vision bench	X=0,Y=0,X2=0,Y2=0,Key=p
2026-09-05 00:45:32	keys	Approved	vision bench	X=0,Y=0,X2=0,Y2=0,Key=esc
2026-09-05 00:45:46	click	Approved	verify_op revert: canvas click after focus (COM-hang guard)	X=1311,Y=791,X2=0,Y2=0,Key=
2026-09-05 00:45:59	rclick	Approved	vision bench	X=700,Y=600,X2=0,Y2=0,Key=
2026-09-05 00:46:04	keys	Approved	vision bench	X=0,Y=0,X2=0,Y2=0,Key=Index
2026-09-05 00:46:18	keys	Approved	vision bench	X=0,Y=0,X2=0,Y2=0,Key=Return
2026-09-05 00:46:23	click	Approved	vision bench	X=1111,Y=641,X2=0,Y2=0,Key=
2026-09-05 00:46:41	click	Approved	verify_op revert: canvas click after focus (COM-hang guard)	X=1311,Y=791,X2=0,Y2=0,Key=
2026-09-05 00:46:42	rclick	Approved	vision bench	X=700,Y=600,X2=0,Y2=0,Key=
2026-09-05 00:46:43	keys	Approved	vision bench	X=0,Y=0,X2=0,Y2=0,Key=Return
2026-09-05 00:46:43	click	Approved	vision bench	X=1111,Y=641,X2=0,Y2=0,Key=
2026-09-05 00:46:53	click	Approved	verify_op revert: canvas click after focus (COM-hang guard)	X=1311,Y=791,X2=0,Y2=0,Key=
2026-09-05 00:47:03	rclick	Approved	vision bench	X=1225,Y=399,X2=0,Y2=0,Key=
2026-09-05 00:47:19	click	Approved	vision bench	X=1245,Y=375,X2=0,Y2=0,Key=
2026-09-05 00:47:32	click	Approved	verify_op revert: canvas click after focus (COM-hang guard)	X=1311,Y=791,X2=0,Y2=0,Key=
2026-09-05 00:47:34	rclick	Approved	vision bench	X=1225,Y=399,X2=0,Y2=0,Key=
2026-09-05 00:47:34	click	Approved	vision bench	X=1245,Y=375,X2=0,Y2=0,Key=
2026-09-05 00:47:41	click	Approved	verify_op revert: canvas click after focus (COM-hang guard)	X=1311,Y=791,X2=0,Y2=0,Key=
2026-09-05 00:47:43	rclick	Approved	vision bench	X=1225,Y=399,X2=0,Y2=0,Key=
2026-09-05 00:47:43	click	Approved	vision bench	X=1245,Y=375,X2=0,Y2=0,Key=
2026-09-05 00:47:52	click	Approved	verify_op revert: canvas click after focus (COM-hang guard)	X=1311,Y=791,X2=0,Y2=0,Key=
2026-09-05 00:47:56	keys	Approved	vision bench	X=0,Y=0,X2=0,Y2=0,Key=^f
2026-09-05 00:48:20	click	Approved	vision bench	X=1350,Y=150,X2=0,Y2=0,Key=
2026-09-05 00:48:35	click	Approved	verify_op revert: canvas click after focus (COM-hang guard)	X=1311,Y=791,X2=0,Y2=0,Key=
2026-09-05 00:48:38	keys	Approved	vision bench	X=0,Y=0,X2=0,Y2=0,Key=^f
2026-09-05 00:48:40	keys	Approved	vision bench	X=0,Y=0,X2=0,Y2=0,Key=alt+c
2026-09-05 00:48:50	click	Approved	verify_op revert: canvas click after focus (COM-hang guard)	X=1311,Y=791,X2=0,Y2=0,Key=
2026-09-05 00:48:53	keys	Approved	vision bench	X=0,Y=0,X2=0,Y2=0,Key=^f
2026-09-05 00:48:55	keys	Approved	vision bench	X=0,Y=0,X2=0,Y2=0,Key=Tab Return
2026-09-05 00:52:19	drag	Approved	vision bench	X=500,Y=300,X2=600,Y2=350,Key=
2026-09-05 00:52:21	click	Approved	verify_op revert: canvas click after focus (COM-hang guard)	X=1311,Y=791,X2=0,Y2=0,Key=
2026-09-05 00:52:22	drag	Approved	vision bench	X=500,Y=300,X2=600,Y2=350,Key=
2026-09-05 00:52:26	drag	Approved	vision bench	X=500,Y=300,X2=600,Y2=350,Key=
2026-09-05 00:52:29	rclick	Approved	vision bench	X=700,Y=500,X2=0,Y2=0,Key=
2026-09-05 00:52:30	click	Approved	vision bench	X=800,Y=400,X2=0,Y2=0,Key=
2026-09-05 00:52:30	click	Approved	vision bench	X=820,Y=430,X2=0,Y2=0,Key=
2026-09-05 00:52:31	click	Approved	vision bench	X=900,Y=480,X2=0,Y2=0,Key=
2026-09-05 00:52:32	click	Approved	vision bench	X=1111,Y=641,X2=0,Y2=0,Key=
2026-09-05 00:52:34	rclick	Approved	vision bench	X=700,Y=500,X2=0,Y2=0,Key=
2026-09-05 00:52:35	click	Approved	vision bench	X=800,Y=400,X2=0,Y2=0,Key=
2026-09-05 00:52:36	click	Approved	vision bench	X=820,Y=430,X2=0,Y2=0,Key=
2026-09-05 00:52:36	click	Approved	vision bench	X=900,Y=480,X2=0,Y2=0,Key=
2026-09-05 00:52:37	click	Approved	vision bench	X=1111,Y=641,X2=0,Y2=0,Key=
2026-09-05 00:52:40	rclick	Approved	vision bench	X=700,Y=500,X2=0,Y2=0,Key=
2026-09-05 00:52:40	click	Approved	vision bench	X=800,Y=400,X2=0,Y2=0,Key=
2026-09-05 00:52:41	click	Approved	vision bench	X=820,Y=430,X2=0,Y2=0,Key=
2026-09-05 00:52:42	click	Approved	vision bench	X=900,Y=480,X2=0,Y2=0,Key=
2026-09-05 00:52:42	click	Approved	vision bench	X=1111,Y=641,X2=0,Y2=0,Key=
2026-09-05 00:52:45	rclick	Approved	vision bench	X=620,Y=350,X2=0,Y2=0,Key=
2026-09-05 00:52:46	click	Approved	vision bench	X=700,Y=370,X2=0,Y2=0,Key=
2026-09-05 00:52:48	rclick	Approved	vision bench	X=620,Y=350,X2=0,Y2=0,Key=
2026-09-05 00:52:49	click	Approved	vision bench	X=700,Y=370,X2=0,Y2=0,Key=
2026-09-05 00:52:52	rclick	Approved	vision bench	X=620,Y=350,X2=0,Y2=0,Key=
2026-09-05 00:52:53	click	Approved	vision bench	X=700,Y=370,X2=0,Y2=0,Key=
2026-09-05 00:52:55	keys	Approved	vision bench	X=0,Y=0,X2=0,Y2=0,Key=^f
2026-09-05 00:52:57	click	Approved	vision bench	X=800,Y=550,X2=0,Y2=0,Key=
2026-09-05 00:53:00	keys	Approved	vision bench	X=0,Y=0,X2=0,Y2=0,Key=^f
2026-09-05 00:53:02	click	Approved	vision bench	X=800,Y=550,X2=0,Y2=0,Key=
2026-09-05 00:53:05	keys	Approved	vision bench	X=0,Y=0,X2=0,Y2=0,Key=^f
2026-09-05 00:53:07	click	Approved	vision bench	X=800,Y=550,X2=0,Y2=0,Key=
2026-09-05 00:56:22	click	Approved	verify_op COM retry click	X=1311,Y=791,X2=0,Y2=0,Key=
2026-09-05 00:56:26	click	Approved	verify_op revert: canvas click after focus (COM-hang guard)	X=1311,Y=791,X2=0,Y2=0,Key=
2026-09-05 00:56:28	drag	Approved	vision bench	X=500,Y=350,X2=600,Y2=400,Key=
2026-09-05 00:56:32	click	Approved	verify_op revert: canvas click after focus (COM-hang guard)	X=1311,Y=791,X2=0,Y2=0,Key=
2026-09-05 00:56:33	drag	Approved	vision bench	X=500,Y=350,X2=600,Y2=400,Key=
2026-09-05 00:56:37	click	Approved	verify_op revert: canvas click after focus (COM-hang guard)	X=1311,Y=791,X2=0,Y2=0,Key=
2026-09-05 00:56:39	drag	Approved	vision bench	X=500,Y=350,X2=600,Y2=400,Key=
2026-09-05 00:56:43	click	Approved	verify_op revert: canvas click after focus (COM-hang guard)	X=1311,Y=791,X2=0,Y2=0,Key=
2026-09-05 00:56:45	rclick	Approved	vision bench	X=700,Y=500,X2=0,Y2=0,Key=
2026-09-05 00:56:45	click	Approved	vision bench	X=850,Y=400,X2=0,Y2=0,Key=
2026-09-05 00:56:46	click	Approved	vision bench	X=900,Y=450,X2=0,Y2=0,Key=
2026-09-05 00:56:46	click	Approved	vision bench	X=900,Y=450,X2=0,Y2=0,Key=
2026-09-05 00:56:46	click	Approved	vision bench	X=920,Y=480,X2=0,Y2=0,Key=
2026-09-05 00:56:47	click	Approved	vision bench	X=1111,Y=641,X2=0,Y2=0,Key=
2026-09-05 00:56:50	click	Approved	verify_op revert: canvas click after focus (COM-hang guard)	X=1311,Y=791,X2=0,Y2=0,Key=
2026-09-05 00:56:52	rclick	Approved	vision bench	X=700,Y=500,X2=0,Y2=0,Key=
2026-09-05 00:56:52	click	Approved	vision bench	X=850,Y=400,X2=0,Y2=0,Key=
2026-09-05 00:56:52	click	Approved	vision bench	X=900,Y=450,X2=0,Y2=0,Key=
2026-09-05 00:56:53	click	Approved	vision bench	X=900,Y=450,X2=0,Y2=0,Key=
2026-09-05 00:56:53	click	Approved	vision bench	X=920,Y=480,X2=0,Y2=0,Key=
2026-09-05 00:56:54	click	Approved	vision bench	X=1111,Y=641,X2=0,Y2=0,Key=
2026-09-05 00:56:57	click	Approved	verify_op revert: canvas click after focus (COM-hang guard)	X=1311,Y=791,X2=0,Y2=0,Key=
2026-09-05 00:56:59	rclick	Approved	vision bench	X=700,Y=500,X2=0,Y2=0,Key=
2026-09-05 00:56:59	click	Approved	vision bench	X=850,Y=400,X2=0,Y2=0,Key=
2026-09-05 00:56:59	click	Approved	vision bench	X=900,Y=450,X2=0,Y2=0,Key=
2026-09-05 00:57:00	click	Approved	vision bench	X=900,Y=450,X2=0,Y2=0,Key=
2026-09-05 00:57:00	click	Approved	vision bench	X=920,Y=480,X2=0,Y2=0,Key=
2026-09-05 00:57:00	click	Approved	vision bench	X=1111,Y=641,X2=0,Y2=0,Key=
2026-09-05 00:57:04	click	Approved	verify_op revert: canvas click after focus (COM-hang guard)	X=1311,Y=791,X2=0,Y2=0,Key=
2026-09-05 00:57:05	rclick	Approved	vision bench	X=620,Y=360,X2=0,Y2=0,Key=
2026-09-05 00:57:06	click	Approved	vision bench	X=700,Y=390,X2=0,Y2=0,Key=
2026-09-05 01:00:49	click	Approved	verify_op revert: canvas click after focus (COM-hang guard)	X=1311,Y=791,X2=0,Y2=0,Key=
2026-09-05 01:01:24	click	Approved	verify_op revert: canvas click after focus (COM-hang guard)	X=1311,Y=791,X2=0,Y2=0,Key=
2026-09-05 01:01:44	keys	Approved	vision bench	X=0,Y=0,X2=0,Y2=0,Key=^e
2026-09-05 01:01:54	click	Approved	verify_op revert: canvas click after focus (COM-hang guard)	X=1311,Y=791,X2=0,Y2=0,Key=
2026-09-05 01:03:54	drag	Approved	vision bench	X=500,Y=350,X2=600,Y2=400,Key=
2026-09-05 01:03:57	click	Approved	verify_op revert: canvas click after focus (COM-hang guard)	X=1311,Y=791,X2=0,Y2=0,Key=
2026-09-05 01:05:16	click	Approved	verify_op revert: canvas click after focus (COM-hang guard)	X=1311,Y=791,X2=0,Y2=0,Key=
2026-09-05 01:05:19	drag	Approved	vision bench	X=500,Y=350,X2=600,Y2=400,Key=
2026-09-05 01:05:23	click	Approved	verify_op revert: canvas click after focus (COM-hang guard)	X=1311,Y=791,X2=0,Y2=0,Key=
2026-09-05 01:05:26	drag	Approved	vision bench	X=500,Y=350,X2=600,Y2=400,Key=
2026-09-05 01:05:30	click	Approved	verify_op revert: canvas click after focus (COM-hang guard)	X=1311,Y=791,X2=0,Y2=0,Key=
2026-09-05 01:05:33	drag	Approved	vision bench	X=500,Y=350,X2=600,Y2=400,Key=
2026-09-05 01:05:37	click	Approved	verify_op revert: canvas click after focus (COM-hang guard)	X=1311,Y=791,X2=0,Y2=0,Key=
2026-09-05 01:05:39	rclick	Approved	vision bench	X=700,Y=500,X2=0,Y2=0,Key=
2026-09-05 01:05:40	click	Approved	vision bench	X=850,Y=400,X2=0,Y2=0,Key=
2026-09-05 01:05:41	click	Approved	vision bench	X=900,Y=450,X2=0,Y2=0,Key=
2026-09-05 01:05:41	click	Approved	vision bench	X=900,Y=450,X2=0,Y2=0,Key=
2026-09-05 01:05:42	click	Approved	vision bench	X=920,Y=480,X2=0,Y2=0,Key=
2026-09-05 01:05:42	click	Approved	vision bench	X=1111,Y=641,X2=0,Y2=0,Key=
2026-09-05 01:05:45	click	Approved	verify_op revert: canvas click after focus (COM-hang guard)	X=1311,Y=791,X2=0,Y2=0,Key=
2026-09-05 01:05:48	rclick	Approved	vision bench	X=700,Y=500,X2=0,Y2=0,Key=
2026-09-05 01:05:49	click	Approved	vision bench	X=850,Y=400,X2=0,Y2=0,Key=
2026-09-05 01:05:49	click	Approved	vision bench	X=900,Y=450,X2=0,Y2=0,Key=
2026-09-05 01:05:49	click	Approved	vision bench	X=900,Y=450,X2=0,Y2=0,Key=
2026-09-05 01:05:50	click	Approved	vision bench	X=920,Y=480,X2=0,Y2=0,Key=
2026-09-05 01:05:50	click	Approved	vision bench	X=1111,Y=641,X2=0,Y2=0,Key=
2026-09-05 01:05:54	click	Approved	verify_op revert: canvas click after focus (COM-hang guard)	X=1311,Y=791,X2=0,Y2=0,Key=
2026-09-05 01:05:56	rclick	Approved	vision bench	X=700,Y=500,X2=0,Y2=0,Key=
2026-09-05 01:05:57	click	Approved	vision bench	X=850,Y=400,X2=0,Y2=0,Key=
2026-09-05 01:05:57	click	Approved	vision bench	X=900,Y=450,X2=0,Y2=0,Key=
2026-09-05 01:05:58	click	Approved	vision bench	X=900,Y=450,X2=0,Y2=0,Key=
2026-09-05 01:05:58	click	Approved	vision bench	X=920,Y=480,X2=0,Y2=0,Key=
2026-09-05 01:05:59	click	Approved	vision bench	X=1111,Y=641,X2=0,Y2=0,Key=
2026-09-05 01:06:02	click	Approved	verify_op revert: canvas click after focus (COM-hang guard)	X=1311,Y=791,X2=0,Y2=0,Key=
2026-09-05 01:06:05	rclick	Approved	vision bench	X=620,Y=360,X2=0,Y2=0,Key=
2026-09-05 01:06:05	click	Approved	vision bench	X=700,Y=390,X2=0,Y2=0,Key=
2026-09-05 01:06:09	click	Approved	verify_op revert: canvas click after focus (COM-hang guard)	X=1311,Y=791,X2=0,Y2=0,Key=
2026-09-05 01:06:11	rclick	Approved	vision bench	X=620,Y=360,X2=0,Y2=0,Key=
2026-09-05 01:06:12	click	Approved	vision bench	X=700,Y=390,X2=0,Y2=0,Key=
2026-09-05 01:06:15	click	Approved	verify_op revert: canvas click after focus (COM-hang guard)	X=1311,Y=791,X2=0,Y2=0,Key=
2026-09-05 01:06:18	rclick	Approved	vision bench	X=620,Y=360,X2=0,Y2=0,Key=
2026-09-05 01:06:19	click	Approved	vision bench	X=700,Y=390,X2=0,Y2=0,Key=
2026-09-05 01:06:22	click	Approved	verify_op revert: canvas click after focus (COM-hang guard)	X=1311,Y=791,X2=0,Y2=0,Key=
2026-09-05 01:06:25	keys	Approved	vision bench	X=0,Y=0,X2=0,Y2=0,Key=^f
2026-09-05 01:06:27	click	Approved	vision bench	X=800,Y=550,X2=0,Y2=0,Key=
2026-09-05 01:06:31	click	Approved	verify_op revert: canvas click after focus (COM-hang guard)	X=1311,Y=791,X2=0,Y2=0,Key=
2026-09-05 01:06:34	keys	Approved	vision bench	X=0,Y=0,X2=0,Y2=0,Key=^f
2026-09-05 01:06:36	click	Approved	vision bench	X=800,Y=550,X2=0,Y2=0,Key=
2026-09-05 01:06:40	click	Approved	verify_op revert: canvas click after focus (COM-hang guard)	X=1311,Y=791,X2=0,Y2=0,Key=
2026-09-05 01:06:43	keys	Approved	vision bench	X=0,Y=0,X2=0,Y2=0,Key=^f
2026-09-05 01:06:45	click	Approved	vision bench	X=800,Y=550,X2=0,Y2=0,Key=
2026-09-05 01:07:26	keys	Approved	bench prep: open GUIBENCH BD	X=0,Y=0,X2=0,Y2=0,Key=^e
2026-09-05 01:07:30	keys	Approved	bench prep: close stray Context Help	X=0,Y=0,X2=0,Y2=0,Key=^h
2026-09-05 01:07:50	click	Approved	verify_op revert: canvas click after focus (COM-hang guard)	X=1311,Y=791,X2=0,Y2=0,Key=
2026-09-05 01:08:09	drag	Approved	vision bench	X=1080,Y=390,X2=1180,Y2=440,Key=
2026-09-05 01:08:32	click	Approved	verify_op revert: canvas click after focus (COM-hang guard)	X=1311,Y=791,X2=0,Y2=0,Key=
2026-09-05 01:08:47	drag	Approved	vision bench	X=1080,Y=390,X2=1180,Y2=440,Key=
2026-09-05 01:09:01	click	Approved	verify_op revert: canvas click after focus (COM-hang guard)	X=1311,Y=791,X2=0,Y2=0,Key=
2026-09-05 01:09:10	drag	Approved	vision bench	X=1080,Y=390,X2=1180,Y2=440,Key=
2026-09-05 01:09:25	click	Approved	verify_op revert: canvas click after focus (COM-hang guard)	X=1311,Y=791,X2=0,Y2=0,Key=
2026-09-05 01:09:35	rclick	Approved	vision bench	X=600,Y=700,X2=0,Y2=0,Key=
2026-09-05 01:09:45	rclick	Approved	vision bench	X=800,Y=600,X2=0,Y2=0,Key=
2026-09-05 01:10:03	click	Approved	vision bench	X=94,Y=40,X2=0,Y2=0,Key=
2026-09-05 01:10:19	click	Approved	vision bench	X=238,Y=40,X2=0,Y2=0,Key=
2026-09-05 01:10:34	key	Approved	vision bench	X=0,Y=0,X2=0,Y2=0,Key=^w
2026-09-05 01:10:46	click	Approved	vision bench	X=190,Y=40,X2=0,Y2=0,Key=
2026-09-05 01:11:00	click	Approved	vision bench	X=700,Y=500,X2=0,Y2=0,Key=
2026-09-05 01:11:00	key	Approved	vision bench	X=0,Y=0,X2=0,Y2=0,Key=apps
2026-09-05 01:11:15	click	Approved	vision bench	X=900,Y=600,X2=0,Y2=0,Key=
2026-09-05 01:11:15	click	Approved	vision bench	X=900,Y=600,X2=0,Y2=0,Key=
2026-09-05 01:11:35	click	Approved	verify_op revert: canvas click after focus (COM-hang guard)	X=1311,Y=791,X2=0,Y2=0,Key=
2026-09-05 01:12:05	click	Approved	verify_op revert: canvas click after focus (COM-hang guard)	X=1311,Y=791,X2=0,Y2=0,Key=
2026-09-05 01:12:20	rclick	Approved	vision bench	X=1223,Y=390,X2=0,Y2=0,Key=
2026-09-05 01:17:49	click	Approved	verify_op COM retry click	X=1311,Y=791,X2=0,Y2=0,Key=
2026-09-05 01:17:51	click	Approved	verify_op revert: canvas click after focus (COM-hang guard)	X=1311,Y=791,X2=0,Y2=0,Key=
2026-09-05 01:17:52	click	Approved	verify_op revert: canvas click after focus (COM-hang guard)	X=1311,Y=791,X2=0,Y2=0,Key=
2026-09-05 01:18:13	drag	Approved	vision bench	X=1080,Y=394,X2=1180,Y2=444,Key=
2026-09-05 01:18:38	click	Approved	verify_op revert: canvas click after focus (COM-hang guard)	X=1311,Y=791,X2=0,Y2=0,Key=
2026-09-05 01:18:54	drag	Approved	vision bench	X=1080,Y=394,X2=1180,Y2=444,Key=
2026-09-05 01:19:05	click	Approved	verify_op revert: canvas click after focus (COM-hang guard)	X=1311,Y=791,X2=0,Y2=0,Key=
2026-09-05 01:19:12	drag	Approved	vision bench	X=1080,Y=394,X2=1180,Y2=444,Key=
2026-09-05 01:19:21	click	Approved	verify_op revert: canvas click after focus (COM-hang guard)	X=1311,Y=791,X2=0,Y2=0,Key=
2026-09-05 01:19:36	rclick	Approved	vision bench	X=1100,Y=640,X2=0,Y2=0,Key=
2026-09-05 01:19:51	rclick	Approved	vision bench	X=900,Y=650,X2=0,Y2=0,Key=
2026-09-05 01:20:04	click	Approved	vision bench	X=94,Y=40,X2=0,Y2=0,Key=
2026-09-05 01:20:15	rclick	Approved	vision bench	X=850,Y=700,X2=0,Y2=0,Key=
2026-09-05 01:20:15	keys	Approved	vision bench	X=0,Y=0,X2=0,Y2=0,Key=down down return
2026-09-05 01:20:26	keys	Approved	vision bench	X=0,Y=0,X2=0,Y2=0,Key=^+f
2026-09-05 01:20:38	click	Approved	vision bench	X=600,Y=750,X2=0,Y2=0,Key=
2026-09-05 01:20:38	rclick	Approved	vision bench	X=600,Y=750,X2=0,Y2=0,Key=
2026-09-05 01:21:03	click	Approved	vision bench	X=500,Y=600,X2=0,Y2=0,Key=
2026-09-05 01:21:04	rclick	Approved	vision bench	X=500,Y=600,X2=0,Y2=0,Key=
2026-09-05 01:21:04	keys	Approved	vision bench	X=0,Y=0,X2=0,Y2=0,Key=f
2026-09-05 01:21:20	keys	Approved	vision bench	X=0,Y=0,X2=0,Y2=0,Key=esc
2026-09-05 01:24:21	click	Approved	verify_op COM retry click	X=1311,Y=791,X2=0,Y2=0,Key=
2026-09-05 01:24:25	click	Approved	verify_op revert: canvas click after focus (COM-hang guard)	X=1311,Y=791,X2=0,Y2=0,Key=
2026-09-05 01:24:36	rclick	Approved	vision bench	X=700,Y=700,X2=0,Y2=0,Key=
2026-09-05 01:24:51	click	Approved	vision bench	X=288,Y=40,X2=0,Y2=0,Key=
2026-09-05 01:25:53	keys	Approved	vision bench	X=0,Y=0,X2=0,Y2=0,Key=esc
2026-09-05 01:25:53	keys	Approved	vision bench	X=0,Y=0,X2=0,Y2=0,Key=esc
2026-09-05 01:27:08	click	Approved	verify_op revert: canvas click after focus (COM-hang guard)	X=1311,Y=791,X2=0,Y2=0,Key=
2026-09-05 01:27:25	click	Approved	verify_op revert: canvas click after focus (COM-hang guard)	X=1311,Y=791,X2=0,Y2=0,Key=
2026-09-05 01:27:45	click	Approved	vision bench	X=371,Y=253,X2=0,Y2=0,Key=
2026-09-05 01:28:13	click	Approved	verify_op revert: canvas click after focus (COM-hang guard)	X=1311,Y=791,X2=0,Y2=0,Key=
2026-09-05 01:28:19	keys	Approved	vision bench	X=0,Y=0,X2=0,Y2=0,Key=esc
2026-09-05 01:29:09	keys	Approved	bench prep: open GUIBENCH BD	X=0,Y=0,X2=0,Y2=0,Key=^e
2026-09-05 01:29:13	keys	Approved	bench prep: close stray Context Help	X=0,Y=0,X2=0,Y2=0,Key=^h
2026-09-05 01:29:30	click	Approved	verify_op revert: canvas click after focus (COM-hang guard)	X=1311,Y=791,X2=0,Y2=0,Key=
2026-09-05 01:29:50	drag	Approved	vision bench	X=1080,Y=390,X2=1180,Y2=440,Key=
2026-09-05 01:30:11	click	Approved	verify_op revert: canvas click after focus (COM-hang guard)	X=1311,Y=791,X2=0,Y2=0,Key=
2026-09-05 01:30:26	drag	Approved	vision bench	X=1080,Y=390,X2=1180,Y2=440,Key=
2026-09-05 01:30:41	click	Approved	verify_op revert: canvas click after focus (COM-hang guard)	X=1311,Y=791,X2=0,Y2=0,Key=
2026-09-05 01:30:53	drag	Approved	vision bench	X=1080,Y=390,X2=1180,Y2=440,Key=
2026-09-05 01:31:06	click	Approved	verify_op revert: canvas click after focus (COM-hang guard)	X=1311,Y=791,X2=0,Y2=0,Key=
2026-09-05 01:31:24	rclick	Approved	vision bench	X=600,Y=400,X2=0,Y2=0,Key=
2026-09-05 01:31:38	keys	Approved	vision bench	X=0,Y=0,X2=0,Y2=0,Key=esc
2026-09-05 01:31:43	rclick	Approved	vision bench	X=300,Y=600,X2=0,Y2=0,Key=
2026-09-05 01:31:55	rclick	Approved	vision bench	X=700,Y=600,X2=0,Y2=0,Key=
2026-09-05 01:32:07	click	Approved	vision bench	X=238,Y=40,X2=0,Y2=0,Key=
2026-09-05 01:32:20	keys	Approved	vision bench	X=0,Y=0,X2=0,Y2=0,Key=esc
2026-09-05 01:32:21	keys	Approved	vision bench	X=0,Y=0,X2=0,Y2=0,Key=^+o
2026-09-05 01:32:35	keys	Approved	vision bench	X=0,Y=0,X2=0,Y2=0,Key=esc
2026-09-05 01:32:36	keys	Approved	vision bench	X=0,Y=0,X2=0,Y2=0,Key=^+f
2026-09-05 01:32:49	keys	Approved	vision bench	X=0,Y=0,X2=0,Y2=0,Key=esc
2026-09-05 01:32:54	click	Approved	vision bench	X=96,Y=40,X2=0,Y2=0,Key=
2026-09-05 01:33:03	keys	Approved	vision bench	X=0,Y=0,X2=0,Y2=0,Key=esc
2026-09-05 01:33:08	rclick	Approved	vision bench	X=700,Y=600,X2=0,Y2=0,Key=
2026-09-05 01:33:09	keys	Approved	vision bench	X=0,Y=0,X2=0,Y2=0,Key=down
2026-09-05 01:33:34	click	Approved	vision bench	X=861,Y=110,X2=0,Y2=0,Key=
2026-09-05 01:33:43	keys	Approved	vision bench	X=0,Y=0,X2=0,Y2=0,Key=^+o
2026-09-05 01:33:48	keys	Approved	vision bench	X=0,Y=0,X2=0,Y2=0,Key=^+o
2026-09-05 01:35:24	keys	Approved	COM unresponsive	X=0,Y=0,X2=0,Y2=0,Key=esc
2026-09-05 01:40:51	keys	Approved	bench prep: open GUIBENCH BD	X=0,Y=0,X2=0,Y2=0,Key=^e
2026-09-05 01:40:57	keys	Approved	bench prep: close stray Context Help	X=0,Y=0,X2=0,Y2=0,Key=^h
2026-09-05 01:41:21	click	Approved	verify_op revert: canvas click after focus (COM-hang guard)	X=1311,Y=791,X2=0,Y2=0,Key=
2026-09-05 01:41:41	drag	Approved	vision bench	X=1080,Y=390,X2=1180,Y2=440,Key=
2026-09-05 01:42:07	click	Approved	verify_op revert: canvas click after focus (COM-hang guard)	X=1311,Y=791,X2=0,Y2=0,Key=
2026-09-05 01:42:16	drag	Approved	vision bench	X=1080,Y=390,X2=1180,Y2=440,Key=
2026-09-05 01:42:28	click	Approved	verify_op revert: canvas click after focus (COM-hang guard)	X=1311,Y=791,X2=0,Y2=0,Key=
2026-09-05 01:42:33	drag	Approved	vision bench	X=1080,Y=390,X2=1180,Y2=440,Key=
2026-09-05 01:42:47	click	Approved	verify_op revert: canvas click after focus (COM-hang guard)	X=1311,Y=791,X2=0,Y2=0,Key=
2026-09-05 01:43:00	rclick	Approved	vision bench	X=900,Y=400,X2=0,Y2=0,Key=
2026-09-05 01:43:11	rclick	Approved	vision bench	X=250,Y=650,X2=0,Y2=0,Key=
2026-09-05 01:43:23	click	Approved	vision bench	X=238,Y=40,X2=0,Y2=0,Key=
2026-09-05 01:43:35	keys	Approved	vision bench	X=0,Y=0,X2=0,Y2=0,Key=Escape
2026-09-05 01:43:36	keys	Approved	vision bench	X=0,Y=0,X2=0,Y2=0,Key=^r
2026-09-05 01:43:49	keys	Approved	vision bench	X=0,Y=0,X2=0,Y2=0,Key=Escape
2026-09-05 01:43:49	rclick	Approved	vision bench	X=600,Y=550,X2=0,Y2=0,Key=
2026-09-05 01:44:02	click	Approved	vision bench	X=57,Y=40,X2=0,Y2=0,Key=
2026-09-05 01:44:16	keys	Approved	vision bench	X=0,Y=0,X2=0,Y2=0,Key=Escape
2026-09-05 01:44:20	rclick	Approved	vision bench	X=200,Y=750,X2=0,Y2=0,Key=
2026-09-05 01:44:36	rclick	Approved	vision bench	X=400,Y=500,X2=0,Y2=0,Key=
2026-09-05 01:44:36	keys	Approved	vision bench	X=0,Y=0,X2=0,Y2=0,Key=Down Down Return
2026-09-05 01:45:06	click	Approved	vision bench	X=600,Y=300,X2=0,Y2=0,Key=
2026-09-05 01:45:18	click	Approved	vision bench	X=94,Y=40,X2=0,Y2=0,Key=
2026-09-05 01:45:33	keys	Approved	vision bench	X=0,Y=0,X2=0,Y2=0,Key=Down
2026-09-05 01:45:53	click	Approved	verify_op revert: canvas click after focus (COM-hang guard)	X=1311,Y=791,X2=0,Y2=0,Key=
2026-09-05 01:46:08	rclick	Approved	vision bench	X=1225,Y=399,X2=0,Y2=0,Key=
2026-09-05 01:46:26	click	Approved	verify_op revert: canvas click after focus (COM-hang guard)	X=1311,Y=791,X2=0,Y2=0,Key=
2026-09-05 01:46:35	keys	Approved	vision bench	X=0,Y=0,X2=0,Y2=0,Key=^f
2026-09-05 01:46:57	click	Approved	vision bench	X=1250,Y=700,X2=0,Y2=0,Key=
2026-09-05 01:47:12	click	Approved	verify_op revert: canvas click after focus (COM-hang guard)	X=1311,Y=791,X2=0,Y2=0,Key=
2026-09-05 01:47:19	keys	Approved	vision bench	X=0,Y=0,X2=0,Y2=0,Key=^f
2026-09-05 01:47:34	click	Approved	vision bench	X=1320,Y=850,X2=0,Y2=0,Key=
2026-09-05 01:47:44	keys	Approved	vision bench	X=0,Y=0,X2=0,Y2=0,Key=Tab Tab Return
2026-09-05 01:47:58	click	Approved	verify_op revert: canvas click after focus (COM-hang guard)	X=1311,Y=791,X2=0,Y2=0,Key=
2026-09-05 01:48:01	keys	Approved	vision bench	X=0,Y=0,X2=0,Y2=0,Key=^f
2026-09-05 01:48:03	keys	Approved	vision bench	X=0,Y=0,X2=0,Y2=0,Key=Tab Tab Return
2026-09-05 01:48:17	click	Approved	verify_op revert: canvas click after focus (COM-hang guard)	X=1311,Y=791,X2=0,Y2=0,Key=
2026-09-05 01:48:20	keys	Approved	vision bench	X=0,Y=0,X2=0,Y2=0,Key=^f
2026-09-05 01:48:22	keys	Approved	vision bench	X=0,Y=0,X2=0,Y2=0,Key=Escape
2026-09-05 01:48:33	click	Approved	verify_op revert: canvas click after focus (COM-hang guard)	X=1311,Y=791,X2=0,Y2=0,Key=
2026-09-05 01:48:34	rclick	Approved	vision bench	X=600,Y=550,X2=0,Y2=0,Key=
2026-09-05 01:49:08	click	Approved	verify_op revert: canvas click after focus (COM-hang guard)	X=1311,Y=791,X2=0,Y2=0,Key=
2026-09-05 01:49:09	rclick	Approved	vision bench	X=600,Y=550,X2=0,Y2=0,Key=
2026-09-05 01:49:43	click	Approved	verify_op revert: canvas click after focus (COM-hang guard)	X=1311,Y=791,X2=0,Y2=0,Key=
2026-09-05 01:49:45	rclick	Approved	vision bench	X=1225,Y=399,X2=0,Y2=0,Key=
2026-09-05 01:49:57	click	Approved	verify_op revert: canvas click after focus (COM-hang guard)	X=1311,Y=791,X2=0,Y2=0,Key=
2026-09-05 01:49:59	rclick	Approved	vision bench	X=1225,Y=399,X2=0,Y2=0,Key=
2026-09-05 01:54:37	click	Approved	verify_op COM retry click	X=1311,Y=791,X2=0,Y2=0,Key=
2026-09-05 01:54:40	click	Approved	verify_op revert: canvas click after focus (COM-hang guard)	X=1311,Y=791,X2=0,Y2=0,Key=
2026-09-05 01:55:00	drag	Approved	vision bench U1_move trial1	X=1108,Y=395,X2=1208,Y2=445,Key=
2026-09-05 01:55:25	click	Approved	verify_op revert: canvas click after focus (COM-hang guard)	X=1311,Y=791,X2=0,Y2=0,Key=
2026-09-05 01:55:36	drag	Approved	vision bench U1_move trial2	X=1108,Y=395,X2=1208,Y2=445,Key=
2026-09-05 01:55:54	click	Approved	verify_op revert: canvas click after focus (COM-hang guard)	X=1311,Y=791,X2=0,Y2=0,Key=
2026-09-05 01:56:05	drag	Approved	vision bench U1_move trial3	X=1108,Y=395,X2=1208,Y2=445,Key=
2026-09-05 01:56:23	click	Approved	verify_op revert: canvas click after focus (COM-hang guard)	X=1311,Y=791,X2=0,Y2=0,Key=
2026-09-05 01:56:34	rclick	Approved	vision bench U2_place trial1 open palette	X=700,Y=700,X2=0,Y2=0,Key=
2026-09-05 01:56:45	rclick	Approved	vision bench U2_place trial1 open palette retry	X=700,Y=700,X2=0,Y2=0,Key=
2026-09-05 01:57:17	rclick	Approved	vision bench U2_place trial1 open palette retry2	X=700,Y=700,X2=0,Y2=0,Key=
2026-09-05 01:57:26	click	Approved	vision bench U2_place trial1 click Array icon 1	X=860,Y=235,X2=0,Y2=0,Key=
2026-09-05 01:57:38	click	Approved	vision bench U2_place trial1 click Array icon 2	X=860,Y=235,X2=0,Y2=0,Key=
2026-09-05 01:57:50	click	Approved	vision bench U2_place trial1 click Index Array	X=1069,Y=300,X2=0,Y2=0,Key=
2026-09-05 01:58:02	click	Approved	vision bench U2_place trial1 place Index Array at target	X=1111,Y=641,X2=0,Y2=0,Key=
2026-09-05 01:58:21	click	Approved	verify_op revert: canvas click after focus (COM-hang guard)	X=1311,Y=791,X2=0,Y2=0,Key=
2026-09-05 01:58:28	rclick	Approved	vision bench U2_place trial2 open palette	X=700,Y=700,X2=0,Y2=0,Key=
2026-09-05 01:58:35	click	Approved	vision bench U2_place trial2 click Array icon 1	X=860,Y=235,X2=0,Y2=0,Key=
2026-09-05 01:58:39	click	Approved	vision bench U2_place trial2 click Array icon 2	X=860,Y=235,X2=0,Y2=0,Key=
2026-09-05 01:58:51	click	Approved	vision bench U2_place trial2 click Index Array	X=1069,Y=300,X2=0,Y2=0,Key=
2026-09-05 01:58:55	click	Approved	vision bench U2_place trial2 place Index Array at target	X=1111,Y=641,X2=0,Y2=0,Key=
2026-09-05 01:59:13	click	Approved	verify_op revert: canvas click after focus (COM-hang guard)	X=1311,Y=791,X2=0,Y2=0,Key=
2026-09-05 01:59:20	rclick	Approved	vision bench U2_place trial3 open palette	X=700,Y=700,X2=0,Y2=0,Key=
2026-09-05 01:59:28	click	Approved	vision bench U2_place trial3 click Array icon 1	X=860,Y=235,X2=0,Y2=0,Key=
2026-09-05 01:59:32	click	Approved	vision bench U2_place trial3 click Array icon 2	X=860,Y=235,X2=0,Y2=0,Key=
2026-09-05 01:59:43	click	Approved	vision bench U2_place trial3 click Index Array	X=1069,Y=300,X2=0,Y2=0,Key=
2026-09-05 01:59:48	click	Approved	vision bench U2_place trial3 place Index Array at target	X=1111,Y=641,X2=0,Y2=0,Key=
2026-09-05 02:00:07	click	Approved	verify_op revert: canvas click after focus (COM-hang guard)	X=1311,Y=791,X2=0,Y2=0,Key=
2026-09-05 02:00:24	rclick	Approved	vision bench U4_menu trial1 rclick Position row	X=1250,Y=412,X2=0,Y2=0,Key=
2026-09-05 02:00:37	click	Approved	vision bench U4_menu trial1 click Change To Write	X=1318,Y=599,X2=0,Y2=0,Key=
2026-09-05 02:00:57	click	Approved	verify_op revert: canvas click after focus (COM-hang guard)	X=1311,Y=791,X2=0,Y2=0,Key=
2026-09-05 02:01:03	rclick	Approved	vision bench U4_menu trial2 rclick Position row	X=1250,Y=412,X2=0,Y2=0,Key=
2026-09-05 02:01:11	click	Approved	vision bench U4_menu trial2 click Change To Write	X=1318,Y=599,X2=0,Y2=0,Key=
2026-09-05 02:01:32	click	Approved	verify_op revert: canvas click after focus (COM-hang guard)	X=1311,Y=791,X2=0,Y2=0,Key=
2026-09-05 02:01:39	rclick	Approved	vision bench U4_menu trial3 rclick Position row	X=1250,Y=412,X2=0,Y2=0,Key=
2026-09-05 02:01:47	click	Approved	vision bench U4_menu trial3 click Change To Write	X=1318,Y=599,X2=0,Y2=0,Key=
2026-09-05 02:02:07	click	Approved	verify_op revert: canvas click after focus (COM-hang guard)	X=1311,Y=791,X2=0,Y2=0,Key=
2026-09-05 02:02:16	keys	Approved	vision bench U5_dialog trial1 open Find	X=0,Y=0,X2=0,Y2=0,Key=^f
2026-09-05 02:02:33	click	Approved	vision bench U5_dialog trial1 click Cancel	X=698,Y=650,X2=0,Y2=0,Key=
2026-09-05 02:02:54	click	Approved	verify_op revert: canvas click after focus (COM-hang guard)	X=1311,Y=791,X2=0,Y2=0,Key=
2026-09-05 02:03:03	keys	Approved	vision bench U5_dialog trial2 open Find	X=0,Y=0,X2=0,Y2=0,Key=^f
2026-09-05 02:03:21	click	Approved	vision bench U5_dialog trial2 click Cancel	X=698,Y=650,X2=0,Y2=0,Key=
2026-09-05 02:03:41	click	Approved	verify_op revert: canvas click after focus (COM-hang guard)	X=1311,Y=791,X2=0,Y2=0,Key=
2026-09-05 02:03:49	keys	Approved	vision bench U5_dialog trial3 open Find	X=0,Y=0,X2=0,Y2=0,Key=^f
2026-09-05 02:04:08	click	Approved	vision bench U5_dialog trial3 click Cancel	X=698,Y=650,X2=0,Y2=0,Key=
2026-09-05 02:07:55	click	Approved	verify_op COM retry click	X=1311,Y=791,X2=0,Y2=0,Key=
2026-09-05 02:07:59	click	Approved	verify_op revert: canvas click after focus (COM-hang guard)	X=1311,Y=791,X2=0,Y2=0,Key=
2026-09-05 02:08:19	drag	Approved	vision bench U1 trial1	X=1100,Y=403,X2=1200,Y2=453,Key=
2026-09-05 02:08:43	click	Approved	verify_op revert: canvas click after focus (COM-hang guard)	X=1311,Y=791,X2=0,Y2=0,Key=
2026-09-05 02:08:59	drag	Approved	vision bench U1 trial2	X=1100,Y=403,X2=1200,Y2=453,Key=
2026-09-05 02:09:17	click	Approved	verify_op revert: canvas click after focus (COM-hang guard)	X=1311,Y=791,X2=0,Y2=0,Key=
2026-09-05 02:09:31	drag	Approved	vision bench U1 trial3	X=1100,Y=403,X2=1200,Y2=453,Key=
2026-09-05 02:09:50	click	Approved	verify_op revert: canvas click after focus (COM-hang guard)	X=1311,Y=791,X2=0,Y2=0,Key=
2026-09-05 02:09:59	rclick	Approved	vision bench U2 trial1 open palette	X=300,Y=754,X2=0,Y2=0,Key=
2026-09-05 02:10:12	click	Approved	vision bench U2 trial1 focus click	X=300,Y=754,X2=0,Y2=0,Key=
2026-09-05 02:10:16	rclick	Approved	vision bench U2 trial1 open palette retry	X=300,Y=754,X2=0,Y2=0,Key=
2026-09-05 02:10:50	click	Approved	vision bench U2 trial1 click Array icon 1st	X=460,Y=236,X2=0,Y2=0,Key=
2026-09-05 02:10:54	click	Approved	vision bench U2 trial1 click Array icon 2nd	X=460,Y=236,X2=0,Y2=0,Key=
2026-09-05 02:11:05	click	Approved	vision bench U2 trial1 click Index Array	X=669,Y=300,X2=0,Y2=0,Key=
2026-09-05 02:11:22	click	Approved	vision bench U2 trial1 place Index Array node	X=1111,Y=641,X2=0,Y2=0,Key=
2026-09-05 02:11:41	click	Approved	verify_op revert: canvas click after focus (COM-hang guard)	X=1311,Y=791,X2=0,Y2=0,Key=
2026-09-05 02:11:50	rclick	Approved	vision bench U2 trial2 open palette	X=300,Y=754,X2=0,Y2=0,Key=
2026-09-05 02:12:01	click	Approved	vision bench U2 trial2 click Array icon 1st	X=460,Y=236,X2=0,Y2=0,Key=
2026-09-05 02:12:05	click	Approved	vision bench U2 trial2 click Array icon 2nd	X=460,Y=236,X2=0,Y2=0,Key=
2026-09-05 02:12:17	click	Approved	vision bench U2 trial2 click Index Array	X=669,Y=300,X2=0,Y2=0,Key=
2026-09-05 02:12:21	click	Approved	vision bench U2 trial2 place Index Array node	X=1111,Y=641,X2=0,Y2=0,Key=
2026-09-05 02:12:39	click	Approved	verify_op revert: canvas click after focus (COM-hang guard)	X=1311,Y=791,X2=0,Y2=0,Key=
2026-09-05 02:12:48	rclick	Approved	vision bench U2 trial3 open palette	X=300,Y=754,X2=0,Y2=0,Key=
2026-09-05 02:12:59	click	Approved	vision bench U2 trial3 click Array icon 1st	X=460,Y=236,X2=0,Y2=0,Key=
2026-09-05 02:13:03	click	Approved	vision bench U2 trial3 click Array icon 2nd	X=460,Y=236,X2=0,Y2=0,Key=
2026-09-05 02:13:15	click	Approved	vision bench U2 trial3 click Index Array	X=669,Y=300,X2=0,Y2=0,Key=
2026-09-05 02:13:19	click	Approved	vision bench U2 trial3 place Index Array node	X=1111,Y=641,X2=0,Y2=0,Key=
2026-09-05 02:13:38	click	Approved	verify_op revert: canvas click after focus (COM-hang guard)	X=1311,Y=791,X2=0,Y2=0,Key=
2026-09-05 02:13:56	rclick	Approved	vision bench U4 trial1 rclick Position row	X=1250,Y=412,X2=0,Y2=0,Key=
2026-09-05 02:14:08	click	Approved	vision bench U4 trial1 click Change To Write	X=1318,Y=599,X2=0,Y2=0,Key=
2026-09-05 02:14:28	click	Approved	verify_op revert: canvas click after focus (COM-hang guard)	X=1311,Y=791,X2=0,Y2=0,Key=
2026-09-05 02:14:37	rclick	Approved	vision bench U4 trial2 rclick Position row	X=1250,Y=412,X2=0,Y2=0,Key=
2026-09-05 02:14:48	click	Approved	vision bench U4 trial2 click Change To Write	X=1318,Y=599,X2=0,Y2=0,Key=
2026-09-05 02:15:07	click	Approved	verify_op revert: canvas click after focus (COM-hang guard)	X=1311,Y=791,X2=0,Y2=0,Key=
2026-09-05 02:15:16	rclick	Approved	vision bench U4 trial3 rclick Position row	X=1250,Y=412,X2=0,Y2=0,Key=
2026-09-05 02:15:28	click	Approved	vision bench U4 trial3 click Change To Write	X=1318,Y=599,X2=0,Y2=0,Key=
2026-09-05 02:15:49	click	Approved	verify_op revert: canvas click after focus (COM-hang guard)	X=1311,Y=791,X2=0,Y2=0,Key=
2026-09-05 02:16:00	keys	Approved	vision bench U5 trial1 open find dialog	X=0,Y=0,X2=0,Y2=0,Key=^f
2026-09-05 02:16:20	click	Approved	vision bench U5 trial1 click Cancel	X=699,Y=650,X2=0,Y2=0,Key=
2026-09-05 02:16:41	click	Approved	verify_op revert: canvas click after focus (COM-hang guard)	X=1311,Y=791,X2=0,Y2=0,Key=
2026-09-05 02:16:52	keys	Approved	vision bench U5 trial2 open find dialog	X=0,Y=0,X2=0,Y2=0,Key=^f
2026-09-05 02:17:13	click	Approved	vision bench U5 trial2 click Cancel	X=699,Y=650,X2=0,Y2=0,Key=
2026-09-05 02:17:34	click	Approved	verify_op revert: canvas click after focus (COM-hang guard)	X=1311,Y=791,X2=0,Y2=0,Key=
2026-09-05 02:17:46	keys	Approved	vision bench U5 trial3 open find dialog	X=0,Y=0,X2=0,Y2=0,Key=^f
2026-09-05 02:18:06	click	Approved	vision bench U5 trial3 click Cancel	X=699,Y=650,X2=0,Y2=0,Key=
2026-09-05 02:21:52	click	Approved	verify_op COM retry click	X=1311,Y=791,X2=0,Y2=0,Key=
2026-09-05 02:21:55	click	Approved	verify_op revert: canvas click after focus (COM-hang guard)	X=1311,Y=791,X2=0,Y2=0,Key=
2026-09-05 02:22:34	drag	Approved	vision bench U1_move trial1	X=1101,Y=402,X2=1201,Y2=452,Key=
2026-09-05 02:23:05	click	Approved	verify_op revert: canvas click after focus (COM-hang guard)	X=1311,Y=791,X2=0,Y2=0,Key=
2026-09-05 02:23:20	drag	Approved	vision bench U1_move trial2	X=1101,Y=402,X2=1201,Y2=452,Key=
2026-09-05 02:23:41	click	Approved	verify_op revert: canvas click after focus (COM-hang guard)	X=1311,Y=791,X2=0,Y2=0,Key=
2026-09-05 02:23:56	drag	Approved	vision bench U1_move trial3	X=1101,Y=402,X2=1201,Y2=452,Key=
2026-09-05 02:24:17	click	Approved	verify_op revert: canvas click after focus (COM-hang guard)	X=1311,Y=791,X2=0,Y2=0,Key=
2026-09-05 02:24:26	rclick	Approved	vision bench U2_place trial1 open palette	X=700,Y=700,X2=0,Y2=0,Key=
2026-09-05 02:24:58	click	Approved	vision bench U2_place trial1 click Array category (1st)	X=860,Y=235,X2=0,Y2=0,Key=
2026-09-05 02:25:03	click	Approved	vision bench U2_place trial1 click Array category (2nd)	X=860,Y=235,X2=0,Y2=0,Key=
2026-09-05 02:25:19	click	Approved	vision bench U2_place trial1 select Index Array	X=1069,Y=300,X2=0,Y2=0,Key=
2026-09-05 02:25:23	click	Approved	vision bench U2_place trial1 place node on canvas	X=1111,Y=641,X2=0,Y2=0,Key=
2026-09-05 02:25:45	click	Approved	verify_op revert: canvas click after focus (COM-hang guard)	X=1311,Y=791,X2=0,Y2=0,Key=
2026-09-05 02:25:54	rclick	Approved	vision bench U2_place trial2 open palette	X=700,Y=700,X2=0,Y2=0,Key=
2026-09-05 02:26:06	click	Approved	vision bench U2_place trial2 click Array category (1st)	X=860,Y=235,X2=0,Y2=0,Key=
2026-09-05 02:26:10	click	Approved	vision bench U2_place trial2 click Array category (2nd)	X=860,Y=235,X2=0,Y2=0,Key=
2026-09-05 02:26:22	click	Approved	vision bench U2_place trial2 select Index Array	X=1069,Y=300,X2=0,Y2=0,Key=
2026-09-05 02:26:27	click	Approved	vision bench U2_place trial2 place node on canvas	X=1116,Y=646,X2=0,Y2=0,Key=
2026-09-05 02:26:48	click	Approved	verify_op revert: canvas click after focus (COM-hang guard)	X=1311,Y=791,X2=0,Y2=0,Key=
2026-09-05 02:26:56	rclick	Approved	vision bench U2_place trial3 open palette	X=700,Y=700,X2=0,Y2=0,Key=
2026-09-05 02:27:00	click	Approved	vision bench U2_place trial3 click Array category (1st)	X=860,Y=235,X2=0,Y2=0,Key=
2026-09-05 02:27:04	click	Approved	vision bench U2_place trial3 click Array category (2nd)	X=860,Y=235,X2=0,Y2=0,Key=
2026-09-05 02:27:15	click	Approved	vision bench U2_place trial3 select Index Array	X=1069,Y=300,X2=0,Y2=0,Key=
2026-09-05 02:27:20	click	Approved	vision bench U2_place trial3 place node on canvas	X=1116,Y=646,X2=0,Y2=0,Key=
2026-09-05 02:27:41	click	Approved	verify_op revert: canvas click after focus (COM-hang guard)	X=1311,Y=791,X2=0,Y2=0,Key=
2026-09-05 02:27:59	rclick	Approved	vision bench U4_menu trial1 rclick Position row	X=1250,Y=412,X2=0,Y2=0,Key=
2026-09-05 02:28:11	click	Approved	vision bench U4_menu trial1 click Change To Write	X=1318,Y=599,X2=0,Y2=0,Key=
2026-09-05 02:28:34	click	Approved	verify_op revert: canvas click after focus (COM-hang guard)	X=1311,Y=791,X2=0,Y2=0,Key=
2026-09-05 02:28:42	rclick	Approved	vision bench U4_menu trial2 rclick Position row	X=1250,Y=412,X2=0,Y2=0,Key=
2026-09-05 02:28:54	click	Approved	vision bench U4_menu trial2 click Change To Write	X=1318,Y=599,X2=0,Y2=0,Key=
2026-09-05 02:29:14	click	Approved	verify_op revert: canvas click after focus (COM-hang guard)	X=1311,Y=791,X2=0,Y2=0,Key=
2026-09-05 02:29:23	rclick	Approved	vision bench U4_menu trial3 rclick Position row	X=1250,Y=412,X2=0,Y2=0,Key=
2026-09-05 02:29:35	click	Approved	vision bench U4_menu trial3 click Change To Write	X=1318,Y=599,X2=0,Y2=0,Key=
2026-09-05 02:29:57	click	Approved	verify_op revert: canvas click after focus (COM-hang guard)	X=1311,Y=791,X2=0,Y2=0,Key=
2026-09-05 02:30:08	keys	Approved	vision bench U5_dialog trial1 open Find dialog	X=0,Y=0,X2=0,Y2=0,Key=^f
2026-09-05 02:30:28	click	Approved	vision bench U5_dialog trial1 click Cancel	X=698,Y=650,X2=0,Y2=0,Key=
2026-09-05 02:30:42	click	Approved	verify_op revert: canvas click after focus (COM-hang guard)	X=1311,Y=791,X2=0,Y2=0,Key=
2026-09-05 02:30:54	keys	Approved	vision bench U5_dialog trial2 open Find dialog	X=0,Y=0,X2=0,Y2=0,Key=^f
2026-09-05 02:31:13	click	Approved	vision bench U5_dialog trial2 click Cancel	X=698,Y=650,X2=0,Y2=0,Key=
2026-09-05 02:31:28	click	Approved	verify_op revert: canvas click after focus (COM-hang guard)	X=1311,Y=791,X2=0,Y2=0,Key=
2026-09-05 02:31:38	keys	Approved	vision bench U5_dialog trial3 open Find dialog	X=0,Y=0,X2=0,Y2=0,Key=^f
2026-09-05 02:31:57	click	Approved	vision bench U5_dialog trial3 click Cancel	X=698,Y=650,X2=0,Y2=0,Key=
2026-09-05 02:36:40	click	Approved	verify_op COM retry click	X=1311,Y=791,X2=0,Y2=0,Key=
2026-09-05 02:36:44	click	Approved	verify_op revert: canvas click after focus (COM-hang guard)	X=1311,Y=791,X2=0,Y2=0,Key=
2026-09-05 02:37:46	drag	Approved	vision bench	X=1100,Y=395,X2=1200,Y2=445,Key=
2026-09-05 02:38:08	click	Approved	verify_op revert: canvas click after focus (COM-hang guard)	X=1311,Y=791,X2=0,Y2=0,Key=
2026-09-05 02:38:29	drag	Approved	vision bench	X=1100,Y=395,X2=1200,Y2=445,Key=
2026-09-05 02:38:45	click	Approved	verify_op revert: canvas click after focus (COM-hang guard)	X=1311,Y=791,X2=0,Y2=0,Key=
2026-09-05 02:39:00	drag	Approved	vision bench	X=1100,Y=395,X2=1200,Y2=445,Key=
2026-09-05 02:39:26	click	Approved	verify_op revert: canvas click after focus (COM-hang guard)	X=1311,Y=791,X2=0,Y2=0,Key=
2026-09-05 02:39:48	rclick	Approved	vision bench	X=1100,Y=650,X2=0,Y2=0,Key=
2026-09-05 02:40:21	click	Approved	vision bench	X=1260,Y=235,X2=0,Y2=0,Key=
2026-09-05 02:40:24	click	Approved	vision bench	X=1260,Y=235,X2=0,Y2=0,Key=
2026-09-05 02:40:48	click	Approved	vision bench	X=1260,Y=235,X2=0,Y2=0,Key=
2026-09-05 02:42:05	click	Approved	vision bench	X=1260,Y=235,X2=0,Y2=0,Key=
2026-09-05 02:42:55	rclick	Approved	vision bench	X=1100,Y=650,X2=0,Y2=0,Key=
2026-09-05 02:42:58	click	Approved	vision bench	X=1260,Y=235,X2=0,Y2=0,Key=
2026-09-05 02:43:09	click	Approved	vision bench	X=1260,Y=235,X2=0,Y2=0,Key=
2026-09-05 02:44:51	click	Approved	vision bench	X=1469,Y=300,X2=0,Y2=0,Key=
2026-09-05 02:45:21	click	Approved	vision bench	X=1111,Y=641,X2=0,Y2=0,Key=
2026-09-05 02:46:01	click	Approved	verify_op revert: canvas click after focus (COM-hang guard)	X=1311,Y=791,X2=0,Y2=0,Key=
2026-09-05 02:46:10	rclick	Approved	vision bench	X=1100,Y=650,X2=0,Y2=0,Key=
2026-09-05 02:46:35	click	Approved	vision bench	X=1469,Y=300,X2=0,Y2=0,Key=
2026-09-05 02:46:38	click	Approved	vision bench	X=1111,Y=641,X2=0,Y2=0,Key=
2026-09-05 02:46:57	click	Approved	verify_op revert: canvas click after focus (COM-hang guard)	X=1311,Y=791,X2=0,Y2=0,Key=
2026-09-05 02:47:06	rclick	Approved	vision bench	X=1100,Y=650,X2=0,Y2=0,Key=
2026-09-05 02:47:22	click	Approved	vision bench	X=1469,Y=300,X2=0,Y2=0,Key=
2026-09-05 02:47:26	click	Approved	vision bench	X=1111,Y=641,X2=0,Y2=0,Key=
2026-09-05 02:47:45	click	Approved	verify_op revert: canvas click after focus (COM-hang guard)	X=1311,Y=791,X2=0,Y2=0,Key=
2026-09-05 02:48:07	rclick	Approved	vision bench	X=1245,Y=414,X2=0,Y2=0,Key=
2026-09-05 02:48:28	click	Approved	vision bench	X=1313,Y=601,X2=0,Y2=0,Key=
2026-09-05 02:48:48	click	Approved	verify_op revert: canvas click after focus (COM-hang guard)	X=1311,Y=791,X2=0,Y2=0,Key=
2026-09-05 02:48:58	rclick	Approved	vision bench	X=1245,Y=414,X2=0,Y2=0,Key=
2026-09-05 02:49:09	click	Approved	vision bench	X=1313,Y=601,X2=0,Y2=0,Key=
2026-09-05 02:49:26	click	Approved	verify_op revert: canvas click after focus (COM-hang guard)	X=1311,Y=791,X2=0,Y2=0,Key=
2026-09-05 02:49:35	rclick	Approved	vision bench	X=1245,Y=414,X2=0,Y2=0,Key=
2026-09-05 02:49:46	click	Approved	vision bench	X=1313,Y=601,X2=0,Y2=0,Key=
2026-09-05 02:50:06	click	Approved	verify_op revert: canvas click after focus (COM-hang guard)	X=1311,Y=791,X2=0,Y2=0,Key=
2026-09-05 02:50:16	keys	Approved	vision bench	X=0,Y=0,X2=0,Y2=0,Key=^f
2026-09-05 02:50:38	click	Approved	vision bench	X=698,Y=650,X2=0,Y2=0,Key=
2026-09-05 02:50:52	click	Approved	verify_op revert: canvas click after focus (COM-hang guard)	X=1311,Y=791,X2=0,Y2=0,Key=
2026-09-05 02:51:02	keys	Approved	vision bench	X=0,Y=0,X2=0,Y2=0,Key=^f
2026-09-05 02:51:18	click	Approved	vision bench	X=698,Y=650,X2=0,Y2=0,Key=
2026-09-05 02:51:32	click	Approved	verify_op revert: canvas click after focus (COM-hang guard)	X=1311,Y=791,X2=0,Y2=0,Key=
2026-09-05 02:51:42	keys	Approved	vision bench	X=0,Y=0,X2=0,Y2=0,Key=^f
2026-09-05 02:51:57	click	Approved	vision bench	X=698,Y=650,X2=0,Y2=0,Key=
2026-09-05 02:56:18	click	Approved	verify_op COM retry click	X=1311,Y=791,X2=0,Y2=0,Key=
2026-09-05 02:56:22	click	Approved	verify_op revert: canvas click after focus (COM-hang guard)	X=1311,Y=791,X2=0,Y2=0,Key=
2026-09-05 02:56:40	drag	Approved	vision bench	X=1100,Y=395,X2=1200,Y2=445,Key=
2026-09-05 02:56:57	click	Approved	verify_op revert: canvas click after focus (COM-hang guard)	X=1311,Y=791,X2=0,Y2=0,Key=
2026-09-05 02:57:10	drag	Approved	vision bench	X=1100,Y=395,X2=1200,Y2=445,Key=
2026-09-05 02:57:22	click	Approved	verify_op revert: canvas click after focus (COM-hang guard)	X=1311,Y=791,X2=0,Y2=0,Key=
2026-09-05 02:57:35	drag	Approved	vision bench	X=1100,Y=395,X2=1200,Y2=445,Key=
2026-09-05 02:57:48	click	Approved	verify_op revert: canvas click after focus (COM-hang guard)	X=1311,Y=791,X2=0,Y2=0,Key=
2026-09-05 02:57:55	rclick	Approved	vision bench	X=300,Y=700,X2=0,Y2=0,Key=
2026-09-05 02:58:22	click	Approved	vision bench	X=460,Y=237,X2=0,Y2=0,Key=
2026-09-05 02:58:23	click	Approved	vision bench	X=460,Y=237,X2=0,Y2=0,Key=
2026-09-05 02:58:32	click	Approved	vision bench	X=669,Y=300,X2=0,Y2=0,Key=
2026-09-05 02:58:33	click	Approved	vision bench	X=1111,Y=641,X2=0,Y2=0,Key=
2026-09-05 02:58:48	click	Approved	verify_op revert: canvas click after focus (COM-hang guard)	X=1311,Y=791,X2=0,Y2=0,Key=
2026-09-05 02:58:55	rclick	Approved	vision bench	X=300,Y=700,X2=0,Y2=0,Key=
2026-09-05 02:58:56	click	Approved	vision bench	X=460,Y=237,X2=0,Y2=0,Key=
2026-09-05 02:58:56	click	Approved	vision bench	X=460,Y=237,X2=0,Y2=0,Key=
2026-09-05 02:59:04	click	Approved	vision bench	X=669,Y=300,X2=0,Y2=0,Key=
2026-09-05 02:59:05	click	Approved	vision bench	X=1125,Y=650,X2=0,Y2=0,Key=
2026-09-05 02:59:18	click	Approved	verify_op revert: canvas click after focus (COM-hang guard)	X=1311,Y=791,X2=0,Y2=0,Key=
2026-09-05 02:59:26	rclick	Approved	vision bench	X=300,Y=700,X2=0,Y2=0,Key=
2026-09-05 02:59:26	click	Approved	vision bench	X=460,Y=237,X2=0,Y2=0,Key=
2026-09-05 02:59:27	click	Approved	vision bench	X=460,Y=237,X2=0,Y2=0,Key=
2026-09-05 02:59:35	click	Approved	vision bench	X=669,Y=300,X2=0,Y2=0,Key=
2026-09-05 02:59:35	click	Approved	vision bench	X=1125,Y=650,X2=0,Y2=0,Key=
2026-09-05 02:59:47	click	Approved	verify_op revert: canvas click after focus (COM-hang guard)	X=1311,Y=791,X2=0,Y2=0,Key=
2026-09-05 02:59:54	rclick	Approved	vision bench	X=1248,Y=412,X2=0,Y2=0,Key=
2026-09-05 03:00:02	click	Approved	vision bench	X=1316,Y=599,X2=0,Y2=0,Key=
2026-09-05 03:00:14	click	Approved	verify_op revert: canvas click after focus (COM-hang guard)	X=1311,Y=791,X2=0,Y2=0,Key=
2026-09-05 03:00:21	rclick	Approved	vision bench	X=1248,Y=412,X2=0,Y2=0,Key=
2026-09-05 03:00:30	click	Approved	vision bench	X=1316,Y=599,X2=0,Y2=0,Key=
2026-09-05 03:00:37	click	Approved	verify_op revert: canvas click after focus (COM-hang guard)	X=1311,Y=791,X2=0,Y2=0,Key=
2026-09-05 03:00:44	rclick	Approved	vision bench	X=1248,Y=412,X2=0,Y2=0,Key=
2026-09-05 03:00:53	click	Approved	vision bench	X=1316,Y=599,X2=0,Y2=0,Key=
2026-09-05 03:01:00	click	Approved	verify_op revert: canvas click after focus (COM-hang guard)	X=1311,Y=791,X2=0,Y2=0,Key=
2026-09-05 03:01:09	keys	Approved	vision bench	X=0,Y=0,X2=0,Y2=0,Key=^f
2026-09-05 03:01:20	click	Approved	vision bench	X=698,Y=650,X2=0,Y2=0,Key=
2026-09-05 03:01:28	click	Approved	verify_op revert: canvas click after focus (COM-hang guard)	X=1311,Y=791,X2=0,Y2=0,Key=
2026-09-05 03:01:37	keys	Approved	vision bench	X=0,Y=0,X2=0,Y2=0,Key=^f
2026-09-05 03:01:47	click	Approved	vision bench	X=698,Y=650,X2=0,Y2=0,Key=
2026-09-05 03:01:54	click	Approved	verify_op revert: canvas click after focus (COM-hang guard)	X=1311,Y=791,X2=0,Y2=0,Key=
2026-09-05 03:02:04	keys	Approved	vision bench	X=0,Y=0,X2=0,Y2=0,Key=^f
2026-09-05 03:02:15	click	Approved	vision bench	X=698,Y=650,X2=0,Y2=0,Key=
2026-09-05 03:05:51	click	Approved	verify_op COM retry click	X=1311,Y=791,X2=0,Y2=0,Key=
2026-09-05 03:05:54	click	Approved	verify_op revert: canvas click after focus (COM-hang guard)	X=1311,Y=791,X2=0,Y2=0,Key=
2026-09-05 03:06:18	drag	Approved	vision bench	X=1100,Y=395,X2=1200,Y2=445,Key=
2026-09-05 03:06:41	click	Approved	verify_op revert: canvas click after focus (COM-hang guard)	X=1311,Y=791,X2=0,Y2=0,Key=
2026-09-05 03:06:56	drag	Approved	vision bench	X=1100,Y=395,X2=1200,Y2=445,Key=
2026-09-05 03:07:16	click	Approved	verify_op revert: canvas click after focus (COM-hang guard)	X=1311,Y=791,X2=0,Y2=0,Key=
2026-09-05 03:07:30	drag	Approved	vision bench	X=1100,Y=395,X2=1200,Y2=445,Key=
2026-09-05 03:07:54	click	Approved	verify_op revert: canvas click after focus (COM-hang guard)	X=1311,Y=791,X2=0,Y2=0,Key=
2026-09-05 03:08:00	rclick	Approved	vision bench	X=300,Y=700,X2=0,Y2=0,Key=
2026-09-05 03:08:16	click	Approved	vision bench	X=460,Y=236,X2=0,Y2=0,Key=
2026-09-05 03:08:16	click	Approved	vision bench	X=460,Y=236,X2=0,Y2=0,Key=
2026-09-05 03:08:27	click	Approved	vision bench	X=668,Y=300,X2=0,Y2=0,Key=
2026-09-05 03:08:28	click	Approved	vision bench	X=1111,Y=641,X2=0,Y2=0,Key=
2026-09-05 03:08:48	click	Approved	verify_op revert: canvas click after focus (COM-hang guard)	X=1311,Y=791,X2=0,Y2=0,Key=
2026-09-05 03:08:55	rclick	Approved	vision bench	X=300,Y=700,X2=0,Y2=0,Key=
2026-09-05 03:09:04	click	Approved	vision bench	X=460,Y=236,X2=0,Y2=0,Key=
2026-09-05 03:09:04	click	Approved	vision bench	X=460,Y=236,X2=0,Y2=0,Key=
2026-09-05 03:09:14	click	Approved	vision bench	X=668,Y=300,X2=0,Y2=0,Key=
2026-09-05 03:09:14	click	Approved	vision bench	X=1111,Y=641,X2=0,Y2=0,Key=
2026-09-05 03:09:38	click	Approved	verify_op revert: canvas click after focus (COM-hang guard)	X=1311,Y=791,X2=0,Y2=0,Key=
2026-09-05 03:09:45	rclick	Approved	vision bench	X=300,Y=700,X2=0,Y2=0,Key=
2026-09-05 03:09:54	click	Approved	vision bench	X=460,Y=236,X2=0,Y2=0,Key=
2026-09-05 03:09:54	click	Approved	vision bench	X=460,Y=236,X2=0,Y2=0,Key=
2026-09-05 03:10:04	click	Approved	vision bench	X=668,Y=300,X2=0,Y2=0,Key=
2026-09-05 03:10:05	click	Approved	vision bench	X=1111,Y=641,X2=0,Y2=0,Key=
2026-09-05 03:10:21	click	Approved	verify_op revert: canvas click after focus (COM-hang guard)	X=1311,Y=791,X2=0,Y2=0,Key=
2026-09-05 03:10:29	rclick	Approved	vision bench	X=1245,Y=412,X2=0,Y2=0,Key=
2026-09-05 03:10:41	click	Approved	vision bench	X=1313,Y=599,X2=0,Y2=0,Key=
2026-09-05 03:11:04	rclick	Approved	vision bench	X=1245,Y=412,X2=0,Y2=0,Key=
2026-09-05 03:11:29	click	Approved	verify_op revert: canvas click after focus (COM-hang guard)	X=1311,Y=791,X2=0,Y2=0,Key=
2026-09-05 03:11:36	rclick	Approved	vision bench	X=1245,Y=412,X2=0,Y2=0,Key=
2026-09-05 03:11:46	click	Approved	vision bench	X=1313,Y=599,X2=0,Y2=0,Key=
2026-09-05 03:12:00	click	Approved	verify_op revert: canvas click after focus (COM-hang guard)	X=1311,Y=791,X2=0,Y2=0,Key=
2026-09-05 03:12:07	rclick	Approved	vision bench	X=1245,Y=412,X2=0,Y2=0,Key=
2026-09-05 03:12:16	click	Approved	vision bench	X=1313,Y=599,X2=0,Y2=0,Key=
2026-09-05 03:12:32	click	Approved	verify_op revert: canvas click after focus (COM-hang guard)	X=1311,Y=791,X2=0,Y2=0,Key=
2026-09-05 03:12:40	keys	Approved	vision bench	X=0,Y=0,X2=0,Y2=0,Key=^f
2026-09-05 03:13:02	click	Approved	vision bench	X=698,Y=650,X2=0,Y2=0,Key=
2026-09-05 03:13:17	click	Approved	verify_op revert: canvas click after focus (COM-hang guard)	X=1311,Y=791,X2=0,Y2=0,Key=
2026-09-05 03:13:24	keys	Approved	vision bench	X=0,Y=0,X2=0,Y2=0,Key=^f
2026-09-05 03:13:48	click	Approved	vision bench	X=698,Y=650,X2=0,Y2=0,Key=
2026-09-05 03:14:02	click	Approved	verify_op revert: canvas click after focus (COM-hang guard)	X=1311,Y=791,X2=0,Y2=0,Key=
2026-09-05 03:14:11	keys	Approved	vision bench	X=0,Y=0,X2=0,Y2=0,Key=^f
2026-09-05 03:14:30	click	Approved	vision bench	X=698,Y=650,X2=0,Y2=0,Key=
2026-09-05 03:18:03	click	Approved	verify_op COM retry click	X=1311,Y=791,X2=0,Y2=0,Key=
2026-09-05 03:18:07	click	Approved	verify_op revert: canvas click after focus (COM-hang guard)	X=1311,Y=791,X2=0,Y2=0,Key=
2026-09-05 03:18:36	drag	Approved	vision bench	X=1090,Y=395,X2=1190,Y2=445,Key=
2026-09-05 03:18:52	click	Approved	verify_op revert: canvas click after focus (COM-hang guard)	X=1311,Y=791,X2=0,Y2=0,Key=
2026-09-05 03:19:09	drag	Approved	vision bench	X=1090,Y=395,X2=1190,Y2=445,Key=
2026-09-05 03:19:26	click	Approved	verify_op revert: canvas click after focus (COM-hang guard)	X=1311,Y=791,X2=0,Y2=0,Key=
2026-09-05 03:19:42	drag	Approved	vision bench	X=1090,Y=395,X2=1190,Y2=445,Key=
2026-09-05 03:20:10	click	Approved	verify_op revert: canvas click after focus (COM-hang guard)	X=1311,Y=791,X2=0,Y2=0,Key=
2026-09-05 03:20:19	rclick	Approved	vision bench	X=200,Y=654,X2=0,Y2=0,Key=
2026-09-05 03:20:34	click	Approved	vision bench	X=360,Y=235,X2=0,Y2=0,Key=
2026-09-05 03:20:39	click	Approved	vision bench	X=360,Y=235,X2=0,Y2=0,Key=
2026-09-05 03:20:56	click	Approved	vision bench	X=569,Y=301,X2=0,Y2=0,Key=
2026-09-05 03:21:01	click	Approved	vision bench	X=1111,Y=641,X2=0,Y2=0,Key=
2026-09-05 03:21:37	click	Approved	verify_op revert: canvas click after focus (COM-hang guard)	X=1311,Y=791,X2=0,Y2=0,Key=
2026-09-05 03:21:46	rclick	Approved	vision bench	X=200,Y=654,X2=0,Y2=0,Key=
2026-09-05 03:21:58	click	Approved	vision bench	X=360,Y=235,X2=0,Y2=0,Key=
2026-09-05 03:22:03	click	Approved	vision bench	X=360,Y=235,X2=0,Y2=0,Key=
2026-09-05 03:22:15	click	Approved	vision bench	X=569,Y=301,X2=0,Y2=0,Key=
2026-09-05 03:22:19	click	Approved	vision bench	X=1111,Y=641,X2=0,Y2=0,Key=
2026-09-05 03:22:35	click	Approved	verify_op revert: canvas click after focus (COM-hang guard)	X=1311,Y=791,X2=0,Y2=0,Key=
2026-09-05 03:22:45	rclick	Approved	vision bench	X=200,Y=654,X2=0,Y2=0,Key=
2026-09-05 03:22:57	click	Approved	vision bench	X=360,Y=235,X2=0,Y2=0,Key=
2026-09-05 03:23:01	click	Approved	vision bench	X=360,Y=235,X2=0,Y2=0,Key=
2026-09-05 03:23:13	click	Approved	vision bench	X=569,Y=301,X2=0,Y2=0,Key=
2026-09-05 03:23:18	click	Approved	vision bench	X=1111,Y=641,X2=0,Y2=0,Key=
2026-09-05 03:23:36	click	Approved	verify_op revert: canvas click after focus (COM-hang guard)	X=1311,Y=791,X2=0,Y2=0,Key=
2026-09-05 03:23:47	rclick	Approved	vision bench	X=1245,Y=412,X2=0,Y2=0,Key=
2026-09-05 03:24:01	click	Approved	vision bench	X=1313,Y=599,X2=0,Y2=0,Key=
2026-09-05 03:24:17	click	Approved	verify_op revert: canvas click after focus (COM-hang guard)	X=1311,Y=791,X2=0,Y2=0,Key=
2026-09-05 03:24:26	rclick	Approved	vision bench	X=1245,Y=412,X2=0,Y2=0,Key=
2026-09-05 03:24:39	click	Approved	vision bench	X=1313,Y=599,X2=0,Y2=0,Key=
2026-09-05 03:24:56	click	Approved	verify_op revert: canvas click after focus (COM-hang guard)	X=1311,Y=791,X2=0,Y2=0,Key=
2026-09-05 03:25:06	rclick	Approved	vision bench	X=1245,Y=412,X2=0,Y2=0,Key=
2026-09-05 03:25:18	click	Approved	vision bench	X=1313,Y=599,X2=0,Y2=0,Key=
2026-09-05 03:25:35	click	Approved	verify_op revert: canvas click after focus (COM-hang guard)	X=1311,Y=791,X2=0,Y2=0,Key=
2026-09-05 03:25:47	keys	Approved	vision bench	X=0,Y=0,X2=0,Y2=0,Key=^f
2026-09-05 03:26:12	click	Approved	vision bench	X=698,Y=650,X2=0,Y2=0,Key=
2026-09-05 03:26:29	click	Approved	verify_op revert: canvas click after focus (COM-hang guard)	X=1311,Y=791,X2=0,Y2=0,Key=
2026-09-05 03:26:41	keys	Approved	vision bench	X=0,Y=0,X2=0,Y2=0,Key=^f
2026-09-05 03:27:03	click	Approved	vision bench	X=698,Y=650,X2=0,Y2=0,Key=
2026-09-05 03:27:18	click	Approved	verify_op revert: canvas click after focus (COM-hang guard)	X=1311,Y=791,X2=0,Y2=0,Key=
2026-09-05 03:27:29	keys	Approved	vision bench	X=0,Y=0,X2=0,Y2=0,Key=^f
2026-09-05 03:27:51	click	Approved	vision bench	X=698,Y=650,X2=0,Y2=0,Key=
2026-09-05 03:31:50	click	Approved	verify_op COM retry click	X=1311,Y=791,X2=0,Y2=0,Key=
2026-09-05 03:31:54	click	Approved	verify_op revert: canvas click after focus (COM-hang guard)	X=1311,Y=791,X2=0,Y2=0,Key=
2026-09-05 03:32:48	drag	Approved	vision bench	X=1107,Y=396,X2=1207,Y2=446,Key=
2026-09-05 03:33:14	click	Approved	verify_op revert: canvas click after focus (COM-hang guard)	X=1311,Y=791,X2=0,Y2=0,Key=
2026-09-05 03:33:30	drag	Approved	vision bench	X=1107,Y=396,X2=1207,Y2=446,Key=
2026-09-05 03:33:48	click	Approved	verify_op revert: canvas click after focus (COM-hang guard)	X=1311,Y=791,X2=0,Y2=0,Key=
2026-09-05 03:34:03	drag	Approved	vision bench	X=1107,Y=396,X2=1207,Y2=446,Key=
2026-09-05 03:34:33	click	Approved	verify_op revert: canvas click after focus (COM-hang guard)	X=1311,Y=791,X2=0,Y2=0,Key=
2026-09-05 03:34:39	rclick	Approved	vision bench	X=250,Y=640,X2=0,Y2=0,Key=
2026-09-05 03:34:53	click	Approved	vision bench	X=410,Y=237,X2=0,Y2=0,Key=
2026-09-05 03:34:53	click	Approved	vision bench	X=410,Y=237,X2=0,Y2=0,Key=
2026-09-05 03:35:11	click	Approved	vision bench	X=619,Y=300,X2=0,Y2=0,Key=
2026-09-05 03:35:16	click	Approved	vision bench	X=1111,Y=641,X2=0,Y2=0,Key=
2026-09-05 03:35:44	click	Approved	verify_op revert: canvas click after focus (COM-hang guard)	X=1311,Y=791,X2=0,Y2=0,Key=
2026-09-05 03:35:51	rclick	Approved	vision bench	X=250,Y=640,X2=0,Y2=0,Key=
2026-09-05 03:35:55	click	Approved	vision bench	X=410,Y=237,X2=0,Y2=0,Key=
2026-09-05 03:35:55	click	Approved	vision bench	X=410,Y=237,X2=0,Y2=0,Key=
2026-09-05 03:36:06	click	Approved	vision bench	X=619,Y=300,X2=0,Y2=0,Key=
2026-09-05 03:36:10	click	Approved	vision bench	X=1117,Y=642,X2=0,Y2=0,Key=
2026-09-05 03:36:29	click	Approved	verify_op revert: canvas click after focus (COM-hang guard)	X=1311,Y=791,X2=0,Y2=0,Key=
2026-09-05 03:36:35	rclick	Approved	vision bench	X=250,Y=640,X2=0,Y2=0,Key=
2026-09-05 03:36:39	click	Approved	vision bench	X=410,Y=237,X2=0,Y2=0,Key=
2026-09-05 03:36:40	click	Approved	vision bench	X=410,Y=237,X2=0,Y2=0,Key=
2026-09-05 03:36:51	click	Approved	vision bench	X=619,Y=300,X2=0,Y2=0,Key=
2026-09-05 03:36:55	click	Approved	vision bench	X=1117,Y=642,X2=0,Y2=0,Key=
2026-09-05 03:37:18	click	Approved	verify_op revert: canvas click after focus (COM-hang guard)	X=1311,Y=791,X2=0,Y2=0,Key=
2026-09-05 03:37:38	rclick	Approved	vision bench	X=1248,Y=412,X2=0,Y2=0,Key=
2026-09-05 03:37:51	click	Approved	vision bench	X=1316,Y=599,X2=0,Y2=0,Key=
2026-09-05 03:38:10	click	Approved	verify_op revert: canvas click after focus (COM-hang guard)	X=1311,Y=791,X2=0,Y2=0,Key=
2026-09-05 03:38:24	rclick	Approved	vision bench	X=1248,Y=412,X2=0,Y2=0,Key=
2026-09-05 03:38:35	click	Approved	vision bench	X=1316,Y=599,X2=0,Y2=0,Key=
2026-09-05 03:38:54	click	Approved	verify_op revert: canvas click after focus (COM-hang guard)	X=1311,Y=791,X2=0,Y2=0,Key=
2026-09-05 03:39:07	rclick	Approved	vision bench	X=1248,Y=412,X2=0,Y2=0,Key=
2026-09-05 03:39:19	click	Approved	vision bench	X=1316,Y=599,X2=0,Y2=0,Key=
2026-09-05 03:39:40	click	Approved	verify_op revert: canvas click after focus (COM-hang guard)	X=1311,Y=791,X2=0,Y2=0,Key=
2026-09-05 03:39:49	keys	Approved	vision bench	X=0,Y=0,X2=0,Y2=0,Key=^f
2026-09-05 03:40:08	click	Approved	vision bench	X=698,Y=650,X2=0,Y2=0,Key=
2026-09-05 03:40:20	click	Approved	verify_op revert: canvas click after focus (COM-hang guard)	X=1311,Y=791,X2=0,Y2=0,Key=
2026-09-05 03:40:28	keys	Approved	vision bench	X=0,Y=0,X2=0,Y2=0,Key=^f
2026-09-05 03:40:45	click	Approved	vision bench	X=698,Y=650,X2=0,Y2=0,Key=
2026-09-05 03:40:57	click	Approved	verify_op revert: canvas click after focus (COM-hang guard)	X=1311,Y=791,X2=0,Y2=0,Key=
2026-09-05 03:41:05	keys	Approved	vision bench	X=0,Y=0,X2=0,Y2=0,Key=^f
2026-09-05 03:41:23	click	Approved	vision bench	X=698,Y=650,X2=0,Y2=0,Key=
2026-09-05 03:45:02	click	Approved	verify_op COM retry click	X=1311,Y=791,X2=0,Y2=0,Key=
2026-09-05 03:45:05	click	Approved	verify_op revert: canvas click after focus (COM-hang guard)	X=1311,Y=791,X2=0,Y2=0,Key=
2026-09-05 03:45:33	drag	Approved	vision bench	X=1100,Y=395,X2=1200,Y2=445,Key=
2026-09-05 03:45:49	click	Approved	verify_op revert: canvas click after focus (COM-hang guard)	X=1311,Y=791,X2=0,Y2=0,Key=
2026-09-05 03:46:03	drag	Approved	vision bench	X=1100,Y=395,X2=1200,Y2=445,Key=
2026-09-05 03:46:14	click	Approved	verify_op revert: canvas click after focus (COM-hang guard)	X=1311,Y=791,X2=0,Y2=0,Key=
2026-09-05 03:46:26	drag	Approved	vision bench	X=1100,Y=395,X2=1200,Y2=445,Key=
2026-09-05 03:46:56	click	Approved	verify_op revert: canvas click after focus (COM-hang guard)	X=1311,Y=791,X2=0,Y2=0,Key=
2026-09-05 03:47:02	rclick	Approved	vision bench	X=300,Y=620,X2=0,Y2=0,Key=
2026-09-05 03:47:46	click	Approved	vision bench	X=460,Y=235,X2=0,Y2=0,Key=
2026-09-05 03:47:46	click	Approved	vision bench	X=460,Y=235,X2=0,Y2=0,Key=
2026-09-05 03:47:58	click	Approved	vision bench	X=669,Y=300,X2=0,Y2=0,Key=
2026-09-05 03:48:08	click	Approved	vision bench	X=1111,Y=641,X2=0,Y2=0,Key=
2026-09-05 03:48:41	click	Approved	verify_op revert: canvas click after focus (COM-hang guard)	X=1311,Y=791,X2=0,Y2=0,Key=
2026-09-05 03:48:48	rclick	Approved	vision bench	X=300,Y=620,X2=0,Y2=0,Key=
2026-09-05 03:48:49	click	Approved	vision bench	X=460,Y=235,X2=0,Y2=0,Key=
2026-09-05 03:48:49	click	Approved	vision bench	X=460,Y=235,X2=0,Y2=0,Key=
2026-09-05 03:48:56	click	Approved	vision bench	X=669,Y=300,X2=0,Y2=0,Key=
2026-09-05 03:48:57	click	Approved	vision bench	X=1111,Y=641,X2=0,Y2=0,Key=
2026-09-05 03:49:08	click	Approved	verify_op revert: canvas click after focus (COM-hang guard)	X=1311,Y=791,X2=0,Y2=0,Key=
2026-09-05 03:49:15	rclick	Approved	vision bench	X=300,Y=620,X2=0,Y2=0,Key=
2026-09-05 03:49:16	click	Approved	vision bench	X=460,Y=235,X2=0,Y2=0,Key=
2026-09-05 03:49:16	click	Approved	vision bench	X=460,Y=235,X2=0,Y2=0,Key=
2026-09-05 03:49:23	click	Approved	vision bench	X=669,Y=300,X2=0,Y2=0,Key=
2026-09-05 03:49:24	click	Approved	vision bench	X=1111,Y=641,X2=0,Y2=0,Key=
2026-09-05 03:49:43	click	Approved	verify_op revert: canvas click after focus (COM-hang guard)	X=1311,Y=791,X2=0,Y2=0,Key=
2026-09-05 03:49:50	rclick	Approved	vision bench	X=1249,Y=412,X2=0,Y2=0,Key=
2026-09-05 03:49:59	click	Approved	vision bench	X=1316,Y=599,X2=0,Y2=0,Key=
2026-09-05 03:50:11	click	Approved	verify_op revert: canvas click after focus (COM-hang guard)	X=1311,Y=791,X2=0,Y2=0,Key=
2026-09-05 03:50:17	rclick	Approved	vision bench	X=1249,Y=412,X2=0,Y2=0,Key=
2026-09-05 03:50:24	click	Approved	vision bench	X=1316,Y=599,X2=0,Y2=0,Key=
2026-09-05 03:50:36	click	Approved	verify_op revert: canvas click after focus (COM-hang guard)	X=1311,Y=791,X2=0,Y2=0,Key=
2026-09-05 03:50:43	rclick	Approved	vision bench	X=1249,Y=412,X2=0,Y2=0,Key=
2026-09-05 03:50:51	click	Approved	vision bench	X=1316,Y=599,X2=0,Y2=0,Key=
2026-09-05 03:51:06	click	Approved	verify_op revert: canvas click after focus (COM-hang guard)	X=1311,Y=791,X2=0,Y2=0,Key=
2026-09-05 03:51:14	keys	Approved	vision bench	X=0,Y=0,X2=0,Y2=0,Key=^f
2026-09-05 03:51:32	click	Approved	vision bench	X=698,Y=650,X2=0,Y2=0,Key=
2026-09-05 03:51:44	click	Approved	verify_op revert: canvas click after focus (COM-hang guard)	X=1311,Y=791,X2=0,Y2=0,Key=
2026-09-05 03:51:51	keys	Approved	vision bench	X=0,Y=0,X2=0,Y2=0,Key=^f
2026-09-05 03:52:09	click	Approved	vision bench	X=698,Y=650,X2=0,Y2=0,Key=
2026-09-05 03:52:20	click	Approved	verify_op revert: canvas click after focus (COM-hang guard)	X=1311,Y=791,X2=0,Y2=0,Key=
2026-09-05 03:52:27	keys	Approved	vision bench	X=0,Y=0,X2=0,Y2=0,Key=^f
2026-09-05 03:52:44	click	Approved	vision bench	X=698,Y=650,X2=0,Y2=0,Key=
2026-09-05 03:56:22	click	Approved	verify_op COM retry click	X=1311,Y=791,X2=0,Y2=0,Key=
2026-09-05 03:56:25	click	Approved	verify_op revert: canvas click after focus (COM-hang guard)	X=1311,Y=791,X2=0,Y2=0,Key=
2026-09-05 03:56:40	drag	Approved	vision bench	X=1100,Y=395,X2=1200,Y2=445,Key=
2026-09-05 03:56:54	click	Approved	verify_op revert: canvas click after focus (COM-hang guard)	X=1311,Y=791,X2=0,Y2=0,Key=
2026-09-05 03:57:08	drag	Approved	vision bench	X=1100,Y=395,X2=1200,Y2=445,Key=
2026-09-05 03:57:19	click	Approved	verify_op revert: canvas click after focus (COM-hang guard)	X=1311,Y=791,X2=0,Y2=0,Key=
2026-09-05 03:57:32	drag	Approved	vision bench	X=1100,Y=395,X2=1200,Y2=445,Key=
2026-09-05 03:57:46	click	Approved	verify_op revert: canvas click after focus (COM-hang guard)	X=1311,Y=791,X2=0,Y2=0,Key=
2026-09-05 03:57:53	rclick	Approved	vision bench	X=700,Y=700,X2=0,Y2=0,Key=
2026-09-05 03:58:02	rclick	Approved	vision bench	X=700,Y=700,X2=0,Y2=0,Key=
2026-09-05 03:58:28	rclick	Approved	vision bench	X=700,Y=700,X2=0,Y2=0,Key=
2026-09-05 03:58:38	click	Approved	vision bench	X=860,Y=236,X2=0,Y2=0,Key=
2026-09-05 03:58:39	click	Approved	vision bench	X=860,Y=236,X2=0,Y2=0,Key=
2026-09-05 03:58:49	click	Approved	vision bench	X=1069,Y=305,X2=0,Y2=0,Key=
2026-09-05 03:58:50	click	Approved	vision bench	X=1111,Y=641,X2=0,Y2=0,Key=
2026-09-05 03:59:08	click	Approved	verify_op revert: canvas click after focus (COM-hang guard)	X=1311,Y=791,X2=0,Y2=0,Key=
2026-09-05 03:59:16	rclick	Approved	vision bench	X=700,Y=700,X2=0,Y2=0,Key=
2026-09-05 03:59:27	click	Approved	vision bench	X=860,Y=236,X2=0,Y2=0,Key=
2026-09-05 03:59:28	click	Approved	vision bench	X=860,Y=236,X2=0,Y2=0,Key=
2026-09-05 03:59:37	click	Approved	vision bench	X=1069,Y=305,X2=0,Y2=0,Key=
2026-09-05 03:59:37	click	Approved	vision bench	X=1111,Y=641,X2=0,Y2=0,Key=
2026-09-05 03:59:49	click	Approved	verify_op revert: canvas click after focus (COM-hang guard)	X=1311,Y=791,X2=0,Y2=0,Key=
2026-09-05 03:59:57	rclick	Approved	vision bench	X=700,Y=700,X2=0,Y2=0,Key=
2026-09-05 04:00:06	click	Approved	vision bench	X=860,Y=236,X2=0,Y2=0,Key=
2026-09-05 04:00:07	click	Approved	vision bench	X=860,Y=236,X2=0,Y2=0,Key=
2026-09-05 04:00:16	click	Approved	vision bench	X=1069,Y=305,X2=0,Y2=0,Key=
2026-09-05 04:00:16	click	Approved	vision bench	X=1111,Y=641,X2=0,Y2=0,Key=
2026-09-05 04:00:30	click	Approved	verify_op revert: canvas click after focus (COM-hang guard)	X=1311,Y=791,X2=0,Y2=0,Key=
2026-09-05 04:00:39	rclick	Approved	vision bench	X=1250,Y=415,X2=0,Y2=0,Key=
2026-09-05 04:00:49	click	Approved	vision bench	X=1317,Y=602,X2=0,Y2=0,Key=
2026-09-05 04:01:02	click	Approved	verify_op revert: canvas click after focus (COM-hang guard)	X=1311,Y=791,X2=0,Y2=0,Key=
2026-09-05 04:01:10	rclick	Approved	vision bench	X=1250,Y=415,X2=0,Y2=0,Key=
2026-09-05 04:01:20	click	Approved	vision bench	X=1317,Y=602,X2=0,Y2=0,Key=
2026-09-05 04:01:28	click	Approved	verify_op revert: canvas click after focus (COM-hang guard)	X=1311,Y=791,X2=0,Y2=0,Key=
2026-09-05 04:01:36	rclick	Approved	vision bench	X=1250,Y=415,X2=0,Y2=0,Key=
2026-09-05 04:01:46	click	Approved	vision bench	X=1317,Y=602,X2=0,Y2=0,Key=
2026-09-05 04:01:56	click	Approved	verify_op revert: canvas click after focus (COM-hang guard)	X=1311,Y=791,X2=0,Y2=0,Key=
2026-09-05 04:02:05	keys	Approved	vision bench	X=0,Y=0,X2=0,Y2=0,Key=^f
2026-09-05 04:02:17	click	Approved	vision bench	X=698,Y=650,X2=0,Y2=0,Key=
2026-09-05 04:02:26	click	Approved	verify_op revert: canvas click after focus (COM-hang guard)	X=1311,Y=791,X2=0,Y2=0,Key=
2026-09-05 04:02:36	keys	Approved	vision bench	X=0,Y=0,X2=0,Y2=0,Key=^f
2026-09-05 04:02:48	click	Approved	vision bench	X=698,Y=650,X2=0,Y2=0,Key=
2026-09-05 04:02:57	click	Approved	verify_op revert: canvas click after focus (COM-hang guard)	X=1311,Y=791,X2=0,Y2=0,Key=
2026-09-05 04:03:07	keys	Approved	vision bench	X=0,Y=0,X2=0,Y2=0,Key=^f
2026-09-05 04:03:18	click	Approved	vision bench	X=698,Y=650,X2=0,Y2=0,Key=
2026-09-05 04:06:51	click	Approved	verify_op COM retry click	X=1311,Y=791,X2=0,Y2=0,Key=
2026-09-05 04:06:55	click	Approved	verify_op revert: canvas click after focus (COM-hang guard)	X=1311,Y=791,X2=0,Y2=0,Key=
2026-09-05 04:07:18	drag	Approved	vision bench	X=1100,Y=395,X2=1200,Y2=445,Key=
2026-09-05 04:07:38	click	Approved	verify_op revert: canvas click after focus (COM-hang guard)	X=1311,Y=791,X2=0,Y2=0,Key=
2026-09-05 04:07:51	drag	Approved	vision bench	X=1100,Y=395,X2=1200,Y2=445,Key=
2026-09-05 04:07:59	click	Approved	verify_op revert: canvas click after focus (COM-hang guard)	X=1311,Y=791,X2=0,Y2=0,Key=
2026-09-05 04:08:14	drag	Approved	vision bench	X=1100,Y=395,X2=1200,Y2=445,Key=
2026-09-05 04:08:25	click	Approved	verify_op revert: canvas click after focus (COM-hang guard)	X=1311,Y=791,X2=0,Y2=0,Key=
2026-09-05 04:08:32	rclick	Approved	vision bench	X=600,Y=720,X2=0,Y2=0,Key=
2026-09-05 04:08:52	click	Approved	vision bench	X=760,Y=236,X2=0,Y2=0,Key=
2026-09-05 04:08:53	click	Approved	vision bench	X=760,Y=236,X2=0,Y2=0,Key=
2026-09-05 04:09:03	click	Approved	vision bench	X=969,Y=300,X2=0,Y2=0,Key=
2026-09-05 04:09:04	click	Approved	vision bench	X=1111,Y=641,X2=0,Y2=0,Key=
2026-09-05 04:09:14	click	Approved	verify_op revert: canvas click after focus (COM-hang guard)	X=1311,Y=791,X2=0,Y2=0,Key=
2026-09-05 04:09:22	rclick	Approved	vision bench	X=600,Y=720,X2=0,Y2=0,Key=
2026-09-05 04:09:31	click	Approved	vision bench	X=760,Y=236,X2=0,Y2=0,Key=
2026-09-05 04:09:31	click	Approved	vision bench	X=760,Y=236,X2=0,Y2=0,Key=
2026-09-05 04:09:41	click	Approved	vision bench	X=969,Y=300,X2=0,Y2=0,Key=
2026-09-05 04:09:41	click	Approved	vision bench	X=1111,Y=641,X2=0,Y2=0,Key=
2026-09-05 04:09:48	click	Approved	verify_op revert: canvas click after focus (COM-hang guard)	X=1311,Y=791,X2=0,Y2=0,Key=
2026-09-05 04:09:55	rclick	Approved	vision bench	X=600,Y=720,X2=0,Y2=0,Key=
2026-09-05 04:10:04	click	Approved	vision bench	X=760,Y=236,X2=0,Y2=0,Key=
2026-09-05 04:10:04	click	Approved	vision bench	X=760,Y=236,X2=0,Y2=0,Key=
2026-09-05 04:10:14	click	Approved	vision bench	X=969,Y=300,X2=0,Y2=0,Key=
2026-09-05 04:10:14	click	Approved	vision bench	X=1111,Y=641,X2=0,Y2=0,Key=
2026-09-05 04:10:24	click	Approved	verify_op revert: canvas click after focus (COM-hang guard)	X=1311,Y=791,X2=0,Y2=0,Key=
2026-09-05 04:10:30	rclick	Approved	vision bench	X=1250,Y=416,X2=0,Y2=0,Key=
2026-09-05 04:10:40	click	Approved	vision bench	X=1317,Y=603,X2=0,Y2=0,Key=
2026-09-05 04:10:47	click	Approved	verify_op revert: canvas click after focus (COM-hang guard)	X=1311,Y=791,X2=0,Y2=0,Key=
2026-09-05 04:10:54	rclick	Approved	vision bench	X=1250,Y=416,X2=0,Y2=0,Key=
2026-09-05 04:11:03	click	Approved	vision bench	X=1317,Y=603,X2=0,Y2=0,Key=
2026-09-05 04:11:11	click	Approved	verify_op revert: canvas click after focus (COM-hang guard)	X=1311,Y=791,X2=0,Y2=0,Key=
2026-09-05 04:11:18	rclick	Approved	vision bench	X=1250,Y=416,X2=0,Y2=0,Key=
2026-09-05 04:11:26	click	Approved	vision bench	X=1317,Y=603,X2=0,Y2=0,Key=
2026-09-05 04:11:35	click	Approved	verify_op revert: canvas click after focus (COM-hang guard)	X=1311,Y=791,X2=0,Y2=0,Key=
2026-09-05 04:11:44	keys	Approved	vision bench	X=0,Y=0,X2=0,Y2=0,Key=^f
2026-09-05 04:11:55	click	Approved	vision bench	X=698,Y=650,X2=0,Y2=0,Key=
2026-09-05 04:12:04	click	Approved	verify_op revert: canvas click after focus (COM-hang guard)	X=1311,Y=791,X2=0,Y2=0,Key=
2026-09-05 04:12:12	keys	Approved	vision bench	X=0,Y=0,X2=0,Y2=0,Key=^f
2026-09-05 04:12:23	click	Approved	vision bench	X=698,Y=650,X2=0,Y2=0,Key=
2026-09-05 04:12:31	click	Approved	verify_op revert: canvas click after focus (COM-hang guard)	X=1311,Y=791,X2=0,Y2=0,Key=
2026-09-05 04:12:40	keys	Approved	vision bench	X=0,Y=0,X2=0,Y2=0,Key=^f
2026-09-05 04:12:51	click	Approved	vision bench	X=698,Y=650,X2=0,Y2=0,Key=
2026-09-05 04:16:23	click	Approved	verify_op COM retry click	X=1311,Y=791,X2=0,Y2=0,Key=
2026-09-05 04:16:27	click	Approved	verify_op revert: canvas click after focus (COM-hang guard)	X=1311,Y=791,X2=0,Y2=0,Key=
2026-09-05 04:16:46	drag	Approved	vision bench	X=1101,Y=395,X2=1201,Y2=445,Key=
2026-09-05 04:17:00	click	Approved	verify_op revert: canvas click after focus (COM-hang guard)	X=1311,Y=791,X2=0,Y2=0,Key=
2026-09-05 04:17:13	drag	Approved	vision bench	X=1101,Y=395,X2=1201,Y2=445,Key=
2026-09-05 04:17:25	click	Approved	verify_op revert: canvas click after focus (COM-hang guard)	X=1311,Y=791,X2=0,Y2=0,Key=
2026-09-05 04:17:39	drag	Approved	vision bench	X=1101,Y=395,X2=1201,Y2=445,Key=
2026-09-05 04:17:57	click	Approved	verify_op revert: canvas click after focus (COM-hang guard)	X=1311,Y=791,X2=0,Y2=0,Key=
2026-09-05 04:18:04	rclick	Approved	vision bench	X=600,Y=720,X2=0,Y2=0,Key=
2026-09-05 04:18:24	rclick	Approved	vision bench	X=600,Y=720,X2=0,Y2=0,Key=
2026-09-05 04:19:14	click	Approved	vision bench	X=600,Y=720,X2=0,Y2=0,Key=
2026-09-05 04:19:16	rclick	Approved	vision bench	X=600,Y=720,X2=0,Y2=0,Key=
2026-09-05 04:19:29	click	Approved	vision bench	X=760,Y=237,X2=0,Y2=0,Key=
2026-09-05 04:19:31	click	Approved	vision bench	X=760,Y=237,X2=0,Y2=0,Key=
2026-09-05 04:19:43	click	Approved	vision bench	X=969,Y=300,X2=0,Y2=0,Key=
2026-09-05 04:19:44	click	Approved	vision bench	X=1111,Y=641,X2=0,Y2=0,Key=
2026-09-05 04:20:04	click	Approved	verify_op revert: canvas click after focus (COM-hang guard)	X=1311,Y=791,X2=0,Y2=0,Key=
2026-09-05 04:20:12	click	Approved	vision bench	X=600,Y=720,X2=0,Y2=0,Key=
2026-09-05 04:20:14	rclick	Approved	vision bench	X=600,Y=720,X2=0,Y2=0,Key=
2026-09-05 04:20:24	click	Approved	vision bench	X=760,Y=237,X2=0,Y2=0,Key=
2026-09-05 04:20:26	click	Approved	vision bench	X=760,Y=237,X2=0,Y2=0,Key=
2026-09-05 04:20:36	click	Approved	vision bench	X=969,Y=300,X2=0,Y2=0,Key=
2026-09-05 04:20:37	click	Approved	vision bench	X=1125,Y=650,X2=0,Y2=0,Key=
2026-09-05 04:20:53	click	Approved	verify_op revert: canvas click after focus (COM-hang guard)	X=1311,Y=791,X2=0,Y2=0,Key=
2026-09-05 04:21:01	click	Approved	vision bench	X=600,Y=720,X2=0,Y2=0,Key=
2026-09-05 04:21:03	rclick	Approved	vision bench	X=600,Y=720,X2=0,Y2=0,Key=
2026-09-05 04:21:13	click	Approved	vision bench	X=760,Y=237,X2=0,Y2=0,Key=
2026-09-05 04:21:14	click	Approved	vision bench	X=760,Y=237,X2=0,Y2=0,Key=
2026-09-05 04:21:24	click	Approved	vision bench	X=969,Y=300,X2=0,Y2=0,Key=
2026-09-05 04:21:25	click	Approved	vision bench	X=1125,Y=650,X2=0,Y2=0,Key=
2026-09-05 04:21:41	click	Approved	verify_op revert: canvas click after focus (COM-hang guard)	X=1311,Y=791,X2=0,Y2=0,Key=
2026-09-05 04:21:50	click	Approved	vision bench	X=600,Y=720,X2=0,Y2=0,Key=
2026-09-05 04:21:51	rclick	Approved	vision bench	X=1250,Y=415,X2=0,Y2=0,Key=
2026-09-05 04:22:01	click	Approved	vision bench	X=1317,Y=602,X2=0,Y2=0,Key=
2026-09-05 04:22:14	click	Approved	verify_op revert: canvas click after focus (COM-hang guard)	X=1311,Y=791,X2=0,Y2=0,Key=
2026-09-05 04:22:22	click	Approved	vision bench	X=600,Y=720,X2=0,Y2=0,Key=
2026-09-05 04:22:24	rclick	Approved	vision bench	X=1250,Y=415,X2=0,Y2=0,Key=
2026-09-05 04:22:33	click	Approved	vision bench	X=1317,Y=602,X2=0,Y2=0,Key=
2026-09-05 04:22:45	click	Approved	verify_op revert: canvas click after focus (COM-hang guard)	X=1311,Y=791,X2=0,Y2=0,Key=
2026-09-05 04:22:53	click	Approved	vision bench	X=600,Y=720,X2=0,Y2=0,Key=
2026-09-05 04:22:55	rclick	Approved	vision bench	X=1250,Y=415,X2=0,Y2=0,Key=
2026-09-05 04:23:04	click	Approved	vision bench	X=1317,Y=602,X2=0,Y2=0,Key=
2026-09-05 04:23:21	click	Approved	verify_op revert: canvas click after focus (COM-hang guard)	X=1311,Y=791,X2=0,Y2=0,Key=
2026-09-05 04:23:30	click	Approved	vision bench	X=600,Y=720,X2=0,Y2=0,Key=
2026-09-05 04:23:32	keys	Approved	vision bench	X=0,Y=0,X2=0,Y2=0,Key=^f
2026-09-05 04:23:49	click	Approved	vision bench	X=698,Y=650,X2=0,Y2=0,Key=
2026-09-05 04:24:03	click	Approved	verify_op revert: canvas click after focus (COM-hang guard)	X=1311,Y=791,X2=0,Y2=0,Key=
2026-09-05 04:24:12	click	Approved	vision bench	X=600,Y=720,X2=0,Y2=0,Key=
2026-09-05 04:24:14	keys	Approved	vision bench	X=0,Y=0,X2=0,Y2=0,Key=^f
2026-09-05 04:24:27	click	Approved	vision bench	X=698,Y=650,X2=0,Y2=0,Key=
2026-09-05 04:24:35	click	Approved	verify_op revert: canvas click after focus (COM-hang guard)	X=1311,Y=791,X2=0,Y2=0,Key=
2026-09-05 04:24:45	click	Approved	vision bench	X=600,Y=720,X2=0,Y2=0,Key=
2026-09-05 04:24:46	keys	Approved	vision bench	X=0,Y=0,X2=0,Y2=0,Key=^f
2026-09-05 04:24:59	click	Approved	vision bench	X=698,Y=650,X2=0,Y2=0,Key=
2026-09-05 04:34:37	click	Approved	verify_op COM retry click	X=1311,Y=791,X2=0,Y2=0,Key=
2026-09-05 04:34:41	click	Approved	verify_op revert: canvas click after focus (COM-hang guard)	X=1311,Y=791,X2=0,Y2=0,Key=
2026-09-05 04:35:10	drag	Approved	vision bench	X=1105,Y=395,X2=1205,Y2=445,Key=
2026-09-05 04:35:24	click	Approved	verify_op revert: canvas click after focus (COM-hang guard)	X=1311,Y=791,X2=0,Y2=0,Key=
2026-09-05 04:35:42	drag	Approved	vision bench	X=1105,Y=395,X2=1205,Y2=445,Key=
2026-09-05 04:35:53	click	Approved	verify_op revert: canvas click after focus (COM-hang guard)	X=1311,Y=791,X2=0,Y2=0,Key=
2026-09-05 04:36:10	drag	Approved	vision bench	X=1105,Y=395,X2=1205,Y2=445,Key=
2026-09-05 04:37:03	click	Approved	verify_op revert: canvas click after focus (COM-hang guard)	X=1311,Y=791,X2=0,Y2=0,Key=
2026-09-05 04:37:12	rclick	Approved	vision bench	X=620,Y=564,X2=0,Y2=0,Key=
2026-09-05 04:37:27	click	Approved	vision bench	X=780,Y=236,X2=0,Y2=0,Key=
2026-09-05 04:37:31	click	Approved	vision bench	X=780,Y=236,X2=0,Y2=0,Key=
2026-09-05 04:37:46	click	Approved	vision bench	X=989,Y=302,X2=0,Y2=0,Key=
2026-09-05 04:37:51	click	Approved	vision bench	X=1111,Y=641,X2=0,Y2=0,Key=
2026-09-05 04:38:12	click	Approved	verify_op revert: canvas click after focus (COM-hang guard)	X=1311,Y=791,X2=0,Y2=0,Key=
2026-09-05 04:38:21	rclick	Approved	vision bench	X=620,Y=564,X2=0,Y2=0,Key=
2026-09-05 04:38:35	click	Approved	vision bench	X=780,Y=236,X2=0,Y2=0,Key=
2026-09-05 04:38:40	click	Approved	vision bench	X=780,Y=236,X2=0,Y2=0,Key=
2026-09-05 04:38:44	click	Approved	vision bench	X=989,Y=302,X2=0,Y2=0,Key=
2026-09-05 04:38:50	click	Approved	vision bench	X=1117,Y=642,X2=0,Y2=0,Key=
2026-09-05 04:39:02	click	Approved	verify_op revert: canvas click after focus (COM-hang guard)	X=1311,Y=791,X2=0,Y2=0,Key=
2026-09-05 04:39:12	rclick	Approved	vision bench	X=620,Y=564,X2=0,Y2=0,Key=
2026-09-05 04:39:24	click	Approved	vision bench	X=780,Y=236,X2=0,Y2=0,Key=
2026-09-05 04:39:28	click	Approved	vision bench	X=780,Y=236,X2=0,Y2=0,Key=
2026-09-05 04:39:33	click	Approved	vision bench	X=989,Y=302,X2=0,Y2=0,Key=
2026-09-05 04:39:37	click	Approved	vision bench	X=1117,Y=642,X2=0,Y2=0,Key=
2026-09-05 04:39:54	click	Approved	verify_op revert: canvas click after focus (COM-hang guard)	X=1311,Y=791,X2=0,Y2=0,Key=
2026-09-05 04:40:05	rclick	Approved	vision bench	X=1250,Y=412,X2=0,Y2=0,Key=
2026-09-05 04:40:22	click	Approved	vision bench	X=1350,Y=599,X2=0,Y2=0,Key=
2026-09-05 06:29:08	click	Approved	unstick hung COM revert (vision bench recovery)	X=1311,Y=791,X2=0,Y2=0,Key=
2026-09-05 06:30:15	click	Approved	verify_op revert: canvas click after focus (COM-hang guard)	X=1311,Y=791,X2=0,Y2=0,Key=
2026-09-05 06:31:26	drag	Approved	vision bench U1_move t1: drag Invoke Node header +100+50	X=1101,Y=395,X2=1201,Y2=445,Key=
2026-09-05 06:32:23	click	Approved	verify_op revert: canvas click after focus (COM-hang guard)	X=1311,Y=791,X2=0,Y2=0,Key=
2026-09-05 06:33:02	drag	Approved	vision bench U1_move t2: drag Invoke Node header +100+50	X=1101,Y=395,X2=1201,Y2=445,Key=
2026-09-05 06:33:32	click	Approved	verify_op revert: canvas click after focus (COM-hang guard)	X=1311,Y=791,X2=0,Y2=0,Key=
2026-09-05 06:34:09	drag	Approved	vision bench U1_move t3: drag Invoke Node header +100+50	X=1101,Y=395,X2=1201,Y2=445,Key=
2026-09-05 06:35:23	click	Approved	verify_op revert: canvas click after focus (COM-hang guard)	X=1311,Y=791,X2=0,Y2=0,Key=
2026-09-05 06:35:53	rclick	Approved	vision bench U2_place t1: open Functions palette on empty canvas	X=300,Y=654,X2=0,Y2=0,Key=
2026-09-05 06:36:54	click	Approved	vision bench U2 t1: absorb swallowed first click	X=250,Y=750,X2=0,Y2=0,Key=
2026-09-05 06:36:55	rclick	Approved	vision bench U2 t1: open Functions palette	X=300,Y=654,X2=0,Y2=0,Key=
2026-09-05 06:38:01	click	Approved	vision bench U2 t1: Array category click 1	X=460,Y=240,X2=0,Y2=0,Key=
2026-09-05 06:38:01	click	Approved	vision bench U2 t1: Array category click 2	X=460,Y=240,X2=0,Y2=0,Key=
2026-09-05 06:38:19	click	Approved	vision bench U2 t1: pick Index Array from Array subpalette	X=669,Y=300,X2=0,Y2=0,Key=
2026-09-05 06:38:20	click	Approved	vision bench U2 t1: place Index Array at diagram (1100,600)	X=1111,Y=641,X2=0,Y2=0,Key=
2026-09-05 06:39:20	click	Approved	verify_op revert: canvas click after focus (COM-hang guard)	X=1311,Y=791,X2=0,Y2=0,Key=
2026-09-05 06:39:48	rclick	Approved	vision bench U2 t2: open Functions palette	X=300,Y=654,X2=0,Y2=0,Key=
2026-09-05 06:39:49	click	Approved	vision bench U2 t2: Array category click 1	X=460,Y=240,X2=0,Y2=0,Key=
2026-09-05 06:39:50	click	Approved	vision bench U2 t2: Array category click 2	X=460,Y=240,X2=0,Y2=0,Key=
2026-09-05 06:40:01	click	Approved	vision bench U2 t2: pick Index Array	X=669,Y=300,X2=0,Y2=0,Key=
2026-09-05 06:40:02	click	Approved	vision bench U2 t2: place Index Array at diagram (1100,600) w/ hotspot offset	X=1117,Y=642,X2=0,Y2=0,Key=
2026-09-05 06:40:32	click	Approved	verify_op revert: canvas click after focus (COM-hang guard)	X=1311,Y=791,X2=0,Y2=0,Key=
2026-09-05 06:41:01	rclick	Approved	vision bench U2 t3: open Functions palette	X=300,Y=654,X2=0,Y2=0,Key=
2026-09-05 06:41:02	click	Approved	vision bench U2 t3: Array category click 1	X=460,Y=240,X2=0,Y2=0,Key=
2026-09-05 06:41:02	click	Approved	vision bench U2 t3: Array category click 2	X=460,Y=240,X2=0,Y2=0,Key=
2026-09-05 06:41:12	click	Approved	vision bench U2 t3: pick Index Array	X=669,Y=300,X2=0,Y2=0,Key=
2026-09-05 06:41:13	click	Approved	vision bench U2 t3: place Index Array at diagram (1100,600) w/ hotspot offset	X=1117,Y=642,X2=0,Y2=0,Key=
2026-09-05 06:42:04	click	Approved	verify_op revert: canvas click after focus (COM-hang guard)	X=1311,Y=791,X2=0,Y2=0,Key=
2026-09-05 06:42:31	rclick	Approved	vision bench U4 t1: right-click Property Node Position row	X=1251,Y=412,X2=0,Y2=0,Key=
2026-09-05 06:42:43	click	Approved	vision bench U4 t1: click Change To Write	X=1330,Y=600,X2=0,Y2=0,Key=
2026-09-05 06:43:16	click	Approved	verify_op revert: canvas click after focus (COM-hang guard)	X=1311,Y=791,X2=0,Y2=0,Key=
2026-09-05 06:43:44	rclick	Approved	vision bench U4 t2: right-click Position row	X=1251,Y=412,X2=0,Y2=0,Key=
2026-09-05 06:43:54	click	Approved	vision bench U4 t2: click Change To Write	X=1330,Y=600,X2=0,Y2=0,Key=
2026-09-05 06:44:23	click	Approved	verify_op revert: canvas click after focus (COM-hang guard)	X=1311,Y=791,X2=0,Y2=0,Key=
2026-09-05 06:44:50	rclick	Approved	vision bench U4 t3: right-click Position row	X=1251,Y=412,X2=0,Y2=0,Key=
2026-09-05 06:44:59	click	Approved	vision bench U4 t3: click Change To Write	X=1330,Y=600,X2=0,Y2=0,Key=
2026-09-05 06:45:42	click	Approved	verify_op revert: canvas click after focus (COM-hang guard)	X=1311,Y=791,X2=0,Y2=0,Key=
2026-09-05 06:46:10	keys	Approved	vision bench U5 t1: Ctrl+F open Find dialog	X=0,Y=0,X2=0,Y2=0,Key=^f
2026-09-05 06:46:31	click	Approved	vision bench U5 t1: click Cancel on Find dialog	X=698,Y=650,X2=0,Y2=0,Key=
2026-09-05 06:46:45	click	Approved	verify_op revert: canvas click after focus (COM-hang guard)	X=1311,Y=791,X2=0,Y2=0,Key=
2026-09-05 06:47:14	keys	Approved	vision bench U5 t2: Ctrl+F open Find dialog	X=0,Y=0,X2=0,Y2=0,Key=^f
2026-09-05 06:47:33	click	Approved	vision bench U5 t2: click Cancel on Find dialog	X=698,Y=650,X2=0,Y2=0,Key=
2026-09-05 06:47:47	click	Approved	verify_op revert: canvas click after focus (COM-hang guard)	X=1311,Y=791,X2=0,Y2=0,Key=
2026-09-05 06:48:15	keys	Approved	vision bench U5 t3: Ctrl+F open Find dialog	X=0,Y=0,X2=0,Y2=0,Key=^f
2026-09-05 06:48:34	click	Approved	vision bench U5 t3: click Cancel on Find dialog	X=698,Y=650,X2=0,Y2=0,Key=
2026-09-05 06:54:29	click	Approved	verify_op COM retry click	X=1311,Y=791,X2=0,Y2=0,Key=
2026-09-05 06:54:32	click	Approved	verify_op revert: canvas click after focus (COM-hang guard)	X=1311,Y=791,X2=0,Y2=0,Key=
2026-09-05 06:54:54	drag	Approved	vision bench U1 trial1	X=1101,Y=395,X2=1201,Y2=445,Key=
2026-09-05 06:55:18	click	Approved	verify_op revert: canvas click after focus (COM-hang guard)	X=1311,Y=791,X2=0,Y2=0,Key=
2026-09-05 06:55:30	drag	Approved	vision bench U1 trial2	X=1101,Y=395,X2=1201,Y2=445,Key=
2026-09-05 06:55:47	click	Approved	verify_op revert: canvas click after focus (COM-hang guard)	X=1311,Y=791,X2=0,Y2=0,Key=
2026-09-05 06:56:01	drag	Approved	vision bench U1 trial3	X=1101,Y=395,X2=1201,Y2=445,Key=
2026-09-05 06:56:17	click	Approved	verify_op revert: canvas click after focus (COM-hang guard)	X=1311,Y=791,X2=0,Y2=0,Key=
2026-09-05 06:56:25	rclick	Approved	vision bench U2 trial1 open palette	X=900,Y=700,X2=0,Y2=0,Key=
2026-09-05 06:56:36	rclick	Approved	vision bench U2 trial1 open palette retry	X=900,Y=700,X2=0,Y2=0,Key=
2026-09-05 06:56:47	rclick	Approved	vision bench U2 trial1 open palette retry2	X=200,Y=780,X2=0,Y2=0,Key=
2026-09-05 06:57:03	rclick	Approved	vision bench U2 trial1 open palette retry3	X=200,Y=780,X2=0,Y2=0,Key=
2026-09-05 06:57:29	rclick	Approved	vision bench U2 trial1 open palette retry4	X=200,Y=784,X2=0,Y2=0,Key=
2026-09-05 06:57:38	click	Approved	vision bench U2 trial1 click Array icon 1	X=360,Y=236,X2=0,Y2=0,Key=
2026-09-05 06:57:46	click	Approved	vision bench U2 trial1 click Array icon 2	X=360,Y=236,X2=0,Y2=0,Key=
2026-09-05 06:57:55	click	Approved	vision bench U2 trial1 click Index Array	X=569,Y=310,X2=0,Y2=0,Key=
2026-09-05 06:58:05	click	Approved	vision bench U2 trial1 place Index Array	X=1111,Y=641,X2=0,Y2=0,Key=
2026-09-05 06:58:19	click	Approved	verify_op revert: canvas click after focus (COM-hang guard)	X=1311,Y=791,X2=0,Y2=0,Key=
2026-09-05 06:58:27	rclick	Approved	vision bench U2 trial2 open palette	X=200,Y=784,X2=0,Y2=0,Key=
2026-09-05 06:58:35	click	Approved	vision bench U2 trial2 click Array icon 1	X=360,Y=236,X2=0,Y2=0,Key=
2026-09-05 06:58:36	click	Approved	vision bench U2 trial2 click Array icon 2	X=360,Y=236,X2=0,Y2=0,Key=
2026-09-05 06:58:46	click	Approved	vision bench U2 trial2 click Index Array	X=569,Y=310,X2=0,Y2=0,Key=
2026-09-05 06:58:46	click	Approved	vision bench U2 trial2 place Index Array	X=1111,Y=641,X2=0,Y2=0,Key=
2026-09-05 06:59:00	click	Approved	verify_op revert: canvas click after focus (COM-hang guard)	X=1311,Y=791,X2=0,Y2=0,Key=
2026-09-05 06:59:08	rclick	Approved	vision bench U2 trial3 open palette	X=200,Y=784,X2=0,Y2=0,Key=
2026-09-05 06:59:09	click	Approved	vision bench U2 trial3 click Array icon 1	X=360,Y=236,X2=0,Y2=0,Key=
2026-09-05 06:59:10	click	Approved	vision bench U2 trial3 click Array icon 2	X=360,Y=236,X2=0,Y2=0,Key=
2026-09-05 06:59:19	click	Approved	vision bench U2 trial3 click Index Array	X=569,Y=310,X2=0,Y2=0,Key=
2026-09-05 06:59:20	click	Approved	vision bench U2 trial3 place Index Array	X=1111,Y=641,X2=0,Y2=0,Key=
2026-09-05 06:59:34	click	Approved	verify_op revert: canvas click after focus (COM-hang guard)	X=1311,Y=791,X2=0,Y2=0,Key=
2026-09-05 06:59:55	rclick	Approved	vision bench U4 trial1 rclick Position row	X=1250,Y=408,X2=0,Y2=0,Key=
2026-09-05 07:00:06	click	Approved	vision bench U4 trial1 click Change To Write	X=1317,Y=595,X2=0,Y2=0,Key=
2026-09-05 07:00:27	click	Approved	verify_op revert: canvas click after focus (COM-hang guard)	X=1311,Y=791,X2=0,Y2=0,Key=
2026-09-05 07:00:36	rclick	Approved	vision bench U4 trial2 rclick Position row	X=1250,Y=408,X2=0,Y2=0,Key=
2026-09-05 07:00:45	click	Approved	vision bench U4 trial2 click Change To Write	X=1317,Y=595,X2=0,Y2=0,Key=
2026-09-05 07:01:03	click	Approved	verify_op revert: canvas click after focus (COM-hang guard)	X=1311,Y=791,X2=0,Y2=0,Key=
2026-09-05 07:01:11	rclick	Approved	vision bench U4 trial3 rclick Position row	X=1250,Y=408,X2=0,Y2=0,Key=
2026-09-05 07:01:21	click	Approved	vision bench U4 trial3 click Change To Write	X=1317,Y=595,X2=0,Y2=0,Key=
2026-09-05 07:01:50	click	Approved	verify_op revert: canvas click after focus (COM-hang guard)	X=1311,Y=791,X2=0,Y2=0,Key=
2026-09-05 07:01:58	keys	Approved	vision bench U5 trial1 open Find	X=0,Y=0,X2=0,Y2=0,Key=^f
2026-09-05 07:02:19	click	Approved	vision bench U5 trial1 click Cancel	X=698,Y=650,X2=0,Y2=0,Key=
2026-09-05 07:02:50	click	Approved	verify_op revert: canvas click after focus (COM-hang guard)	X=1311,Y=791,X2=0,Y2=0,Key=
2026-09-05 07:03:03	keys	Approved	vision bench U5 trial2 open Find	X=0,Y=0,X2=0,Y2=0,Key=^f
2026-09-05 07:03:22	click	Approved	vision bench U5 trial2 click Cancel	X=698,Y=650,X2=0,Y2=0,Key=
2026-09-05 07:03:52	click	Approved	verify_op revert: canvas click after focus (COM-hang guard)	X=1311,Y=791,X2=0,Y2=0,Key=
2026-09-05 07:04:03	keys	Approved	vision bench U5 trial3 open Find	X=0,Y=0,X2=0,Y2=0,Key=^f
2026-09-05 07:04:32	click	Approved	vision bench U5 trial3 click Cancel	X=698,Y=650,X2=0,Y2=0,Key=
2026-09-05 07:11:36	click	Approved	verify_op COM retry click	X=1311,Y=791,X2=0,Y2=0,Key=
2026-09-05 07:11:39	click	Approved	verify_op revert: canvas click after focus (COM-hang guard)	X=1311,Y=791,X2=0,Y2=0,Key=
2026-09-05 07:12:31	drag	Approved	vision bench	X=1100,Y=395,X2=1200,Y2=445,Key=
2026-09-05 07:12:56	click	Approved	verify_op revert: canvas click after focus (COM-hang guard)	X=1311,Y=791,X2=0,Y2=0,Key=
2026-09-05 07:13:11	drag	Approved	vision bench	X=1100,Y=395,X2=1200,Y2=445,Key=
2026-09-05 07:13:31	click	Approved	verify_op revert: canvas click after focus (COM-hang guard)	X=1311,Y=791,X2=0,Y2=0,Key=
2026-09-05 07:13:45	drag	Approved	vision bench	X=1100,Y=395,X2=1200,Y2=445,Key=
2026-09-05 07:14:35	click	Approved	verify_op revert: canvas click after focus (COM-hang guard)	X=1311,Y=791,X2=0,Y2=0,Key=
2026-09-05 07:14:51	rclick	Approved	vision bench	X=620,Y=700,X2=0,Y2=0,Key=
2026-09-05 07:15:26	click	Approved	vision bench	X=780,Y=237,X2=0,Y2=0,Key=
2026-09-05 07:15:26	click	Approved	vision bench	X=780,Y=237,X2=0,Y2=0,Key=
2026-09-05 07:15:43	click	Approved	vision bench	X=989,Y=300,X2=0,Y2=0,Key=
2026-09-05 07:15:44	click	Approved	vision bench	X=1111,Y=641,X2=0,Y2=0,Key=
2026-09-05 07:16:12	click	Approved	verify_op revert: canvas click after focus (COM-hang guard)	X=1311,Y=791,X2=0,Y2=0,Key=
2026-09-05 07:16:20	rclick	Approved	vision bench	X=620,Y=700,X2=0,Y2=0,Key=
2026-09-05 07:16:31	click	Approved	vision bench	X=780,Y=237,X2=0,Y2=0,Key=
2026-09-05 07:16:32	click	Approved	vision bench	X=780,Y=237,X2=0,Y2=0,Key=
2026-09-05 07:16:41	click	Approved	vision bench	X=989,Y=300,X2=0,Y2=0,Key=
2026-09-05 07:16:42	click	Approved	vision bench	X=1117,Y=642,X2=0,Y2=0,Key=
2026-09-05 07:17:02	click	Approved	verify_op revert: canvas click after focus (COM-hang guard)	X=1311,Y=791,X2=0,Y2=0,Key=
2026-09-05 07:17:10	rclick	Approved	vision bench	X=620,Y=700,X2=0,Y2=0,Key=
2026-09-05 07:17:21	click	Approved	vision bench	X=780,Y=237,X2=0,Y2=0,Key=
2026-09-05 07:17:21	click	Approved	vision bench	X=780,Y=237,X2=0,Y2=0,Key=
2026-09-05 07:17:31	click	Approved	vision bench	X=989,Y=300,X2=0,Y2=0,Key=
2026-09-05 07:17:31	click	Approved	vision bench	X=1117,Y=642,X2=0,Y2=0,Key=
2026-09-05 07:17:54	click	Approved	verify_op revert: canvas click after focus (COM-hang guard)	X=1311,Y=791,X2=0,Y2=0,Key=
2026-09-05 07:18:13	rclick	Approved	vision bench	X=1250,Y=412,X2=0,Y2=0,Key=
2026-09-05 07:18:23	click	Approved	vision bench	X=1330,Y=599,X2=0,Y2=0,Key=
2026-09-05 07:18:44	click	Approved	verify_op revert: canvas click after focus (COM-hang guard)	X=1311,Y=791,X2=0,Y2=0,Key=
2026-09-05 07:18:52	rclick	Approved	vision bench	X=1250,Y=412,X2=0,Y2=0,Key=
2026-09-05 07:19:01	click	Approved	vision bench	X=1330,Y=599,X2=0,Y2=0,Key=
2026-09-05 07:19:21	click	Approved	verify_op revert: canvas click after focus (COM-hang guard)	X=1311,Y=791,X2=0,Y2=0,Key=
2026-09-05 07:19:30	rclick	Approved	vision bench	X=1250,Y=412,X2=0,Y2=0,Key=
2026-09-05 07:19:38	click	Approved	vision bench	X=1330,Y=599,X2=0,Y2=0,Key=
2026-09-05 07:20:07	click	Approved	verify_op revert: canvas click after focus (COM-hang guard)	X=1311,Y=791,X2=0,Y2=0,Key=
2026-09-05 07:20:17	keys	Approved	vision bench	X=0,Y=0,X2=0,Y2=0,Key=^f
2026-09-05 07:20:37	click	Approved	vision bench	X=698,Y=650,X2=0,Y2=0,Key=
2026-09-05 07:20:58	click	Approved	verify_op revert: canvas click after focus (COM-hang guard)	X=1311,Y=791,X2=0,Y2=0,Key=
2026-09-05 07:21:09	keys	Approved	vision bench	X=0,Y=0,X2=0,Y2=0,Key=^f
2026-09-05 07:21:23	click	Approved	vision bench	X=698,Y=650,X2=0,Y2=0,Key=
2026-09-05 07:21:46	click	Approved	verify_op revert: canvas click after focus (COM-hang guard)	X=1311,Y=791,X2=0,Y2=0,Key=
2026-09-05 07:21:57	keys	Approved	vision bench	X=0,Y=0,X2=0,Y2=0,Key=^f
2026-09-05 07:22:13	click	Approved	vision bench	X=698,Y=650,X2=0,Y2=0,Key=
2026-09-05 09:45:16	click	Approved	verify_op revert: canvas click after focus (COM-hang guard)	X=1311,Y=791,X2=0,Y2=0,Key=
2026-09-05 09:45:37	drag	Approved	vision bench	X=1101,Y=395,X2=1201,Y2=445,Key=
2026-09-05 09:45:53	click	Approved	verify_op revert: canvas click after focus (COM-hang guard)	X=1311,Y=791,X2=0,Y2=0,Key=
2026-09-05 09:46:06	drag	Approved	vision bench	X=1101,Y=395,X2=1201,Y2=445,Key=
2026-09-05 09:46:17	click	Approved	verify_op revert: canvas click after focus (COM-hang guard)	X=1311,Y=791,X2=0,Y2=0,Key=
2026-09-05 09:46:29	drag	Approved	vision bench	X=1101,Y=395,X2=1201,Y2=445,Key=
2026-09-05 09:46:53	click	Approved	verify_op revert: canvas click after focus (COM-hang guard)	X=1311,Y=791,X2=0,Y2=0,Key=
2026-09-05 09:47:00	rclick	Approved	vision bench	X=400,Y=700,X2=0,Y2=0,Key=
2026-09-05 09:47:17	rclick	Approved	vision bench	X=400,Y=700,X2=0,Y2=0,Key=
2026-09-05 09:47:47	rclick	Approved	vision bench	X=400,Y=700,X2=0,Y2=0,Key=
2026-09-05 09:48:09	click	Approved	vision bench	X=560,Y=236,X2=0,Y2=0,Key=
2026-09-05 09:48:10	click	Approved	vision bench	X=560,Y=236,X2=0,Y2=0,Key=
2026-09-05 09:48:22	click	Approved	vision bench	X=769,Y=303,X2=0,Y2=0,Key=
2026-09-05 09:48:23	click	Approved	vision bench	X=1111,Y=641,X2=0,Y2=0,Key=
2026-09-05 09:48:58	click	Approved	verify_op revert: canvas click after focus (COM-hang guard)	X=1311,Y=791,X2=0,Y2=0,Key=
2026-09-05 09:49:05	rclick	Approved	vision bench	X=400,Y=700,X2=0,Y2=0,Key=
2026-09-05 09:49:15	click	Approved	vision bench	X=560,Y=236,X2=0,Y2=0,Key=
2026-09-05 09:49:16	click	Approved	vision bench	X=560,Y=236,X2=0,Y2=0,Key=
2026-09-05 09:49:24	click	Approved	vision bench	X=769,Y=303,X2=0,Y2=0,Key=
2026-09-05 09:49:25	click	Approved	vision bench	X=1105,Y=640,X2=0,Y2=0,Key=
2026-09-05 09:49:50	click	Approved	verify_op revert: canvas click after focus (COM-hang guard)	X=1311,Y=791,X2=0,Y2=0,Key=
2026-09-05 09:49:58	rclick	Approved	vision bench	X=400,Y=700,X2=0,Y2=0,Key=
2026-09-05 09:50:08	click	Approved	vision bench	X=560,Y=236,X2=0,Y2=0,Key=
2026-09-05 09:50:09	click	Approved	vision bench	X=560,Y=236,X2=0,Y2=0,Key=
2026-09-05 09:50:18	click	Approved	vision bench	X=769,Y=303,X2=0,Y2=0,Key=
2026-09-05 09:50:19	click	Approved	vision bench	X=1117,Y=642,X2=0,Y2=0,Key=
2026-09-05 09:50:35	click	Approved	verify_op revert: canvas click after focus (COM-hang guard)	X=1311,Y=791,X2=0,Y2=0,Key=
2026-09-05 09:50:50	rclick	Approved	vision bench	X=1250,Y=412,X2=0,Y2=0,Key=
2026-09-05 09:51:02	click	Approved	vision bench	X=1318,Y=599,X2=0,Y2=0,Key=
2026-09-05 09:51:14	click	Approved	verify_op revert: canvas click after focus (COM-hang guard)	X=1311,Y=791,X2=0,Y2=0,Key=
2026-09-05 09:51:21	rclick	Approved	vision bench	X=1250,Y=412,X2=0,Y2=0,Key=
2026-09-05 09:51:29	click	Approved	vision bench	X=1318,Y=599,X2=0,Y2=0,Key=
2026-09-05 09:51:41	click	Approved	verify_op revert: canvas click after focus (COM-hang guard)	X=1311,Y=791,X2=0,Y2=0,Key=
2026-09-05 09:51:48	rclick	Approved	vision bench	X=1250,Y=412,X2=0,Y2=0,Key=
2026-09-05 09:51:58	click	Approved	vision bench	X=1318,Y=599,X2=0,Y2=0,Key=
2026-09-05 09:52:11	click	Approved	verify_op revert: canvas click after focus (COM-hang guard)	X=1311,Y=791,X2=0,Y2=0,Key=
2026-09-05 09:52:20	keys	Approved	vision bench	X=0,Y=0,X2=0,Y2=0,Key=^f
2026-09-05 09:52:31	click	Approved	vision bench	X=698,Y=650,X2=0,Y2=0,Key=
2026-09-05 09:52:44	click	Approved	verify_op revert: canvas click after focus (COM-hang guard)	X=1311,Y=791,X2=0,Y2=0,Key=
2026-09-05 09:52:53	keys	Approved	vision bench	X=0,Y=0,X2=0,Y2=0,Key=^f
2026-09-05 09:53:02	click	Approved	vision bench	X=698,Y=650,X2=0,Y2=0,Key=
2026-09-05 09:53:15	click	Approved	verify_op revert: canvas click after focus (COM-hang guard)	X=1311,Y=791,X2=0,Y2=0,Key=
2026-09-05 09:53:23	keys	Approved	vision bench	X=0,Y=0,X2=0,Y2=0,Key=^f
2026-09-05 09:53:33	click	Approved	vision bench	X=698,Y=650,X2=0,Y2=0,Key=
2026-09-05 10:04:22	click	Approved	verify_op COM retry click	X=1311,Y=791,X2=0,Y2=0,Key=
2026-09-05 10:04:25	click	Approved	verify_op revert: canvas click after focus (COM-hang guard)	X=1311,Y=791,X2=0,Y2=0,Key=
2026-09-05 10:04:46	drag	Approved	vision bench U1 trial1	X=1100,Y=395,X2=1200,Y2=445,Key=
2026-09-05 10:05:06	click	Approved	verify_op revert: canvas click after focus (COM-hang guard)	X=1311,Y=791,X2=0,Y2=0,Key=
2026-09-05 10:05:24	drag	Approved	vision bench U1 trial2	X=1100,Y=395,X2=1200,Y2=445,Key=
2026-09-05 10:05:43	click	Approved	verify_op revert: canvas click after focus (COM-hang guard)	X=1311,Y=791,X2=0,Y2=0,Key=
2026-09-05 10:06:01	drag	Approved	vision bench U1 trial3	X=1100,Y=395,X2=1200,Y2=445,Key=
2026-09-05 10:06:20	click	Approved	verify_op revert: canvas click after focus (COM-hang guard)	X=1311,Y=791,X2=0,Y2=0,Key=
2026-09-05 10:06:32	rclick	Approved	vision bench U2 trial1 open palette	X=1111,Y=645,X2=0,Y2=0,Key=
2026-09-05 10:07:07	click	Approved	vision bench U2 trial1 click Array cat 1	X=1272,Y=238,X2=0,Y2=0,Key=
2026-09-05 10:07:33	rclick	Approved	vision bench U2 trial1 reopen palette	X=1111,Y=645,X2=0,Y2=0,Key=
2026-09-05 10:07:38	click	Approved	vision bench U2 trial1 click Array cat A	X=1272,Y=238,X2=0,Y2=0,Key=
2026-09-05 10:07:56	click	Approved	vision bench U2 trial1 click Array cat B	X=1272,Y=238,X2=0,Y2=0,Key=
2026-09-05 10:08:17	click	Approved	vision bench U2 trial1 click Index Array	X=1481,Y=300,X2=0,Y2=0,Key=
2026-09-05 10:08:22	click	Approved	vision bench U2 trial1 place Index Array on canvas	X=1111,Y=641,X2=0,Y2=0,Key=
2026-09-05 10:08:42	click	Approved	verify_op revert: canvas click after focus (COM-hang guard)	X=1311,Y=791,X2=0,Y2=0,Key=
2026-09-05 10:08:55	rclick	Approved	vision bench U2 trial2 open palette	X=1111,Y=645,X2=0,Y2=0,Key=
2026-09-05 10:08:59	click	Approved	vision bench U2 trial2 click Array cat A	X=1272,Y=238,X2=0,Y2=0,Key=
2026-09-05 10:09:04	click	Approved	vision bench U2 trial2 click Array cat B	X=1272,Y=238,X2=0,Y2=0,Key=
2026-09-05 10:09:19	click	Approved	vision bench U2 trial2 click Index Array	X=1481,Y=300,X2=0,Y2=0,Key=
2026-09-05 10:09:23	click	Approved	vision bench U2 trial2 place Index Array on canvas	X=1111,Y=641,X2=0,Y2=0,Key=
2026-09-05 10:09:44	click	Approved	verify_op revert: canvas click after focus (COM-hang guard)	X=1311,Y=791,X2=0,Y2=0,Key=
2026-09-05 10:09:54	rclick	Approved	vision bench U2 trial3 open palette	X=1111,Y=645,X2=0,Y2=0,Key=
2026-09-05 10:09:59	click	Approved	vision bench U2 trial3 click Array cat A	X=1272,Y=238,X2=0,Y2=0,Key=
2026-09-05 10:10:04	click	Approved	vision bench U2 trial3 click Array cat B	X=1272,Y=238,X2=0,Y2=0,Key=
2026-09-05 10:10:13	click	Approved	vision bench U2 trial3 click Index Array	X=1481,Y=300,X2=0,Y2=0,Key=
2026-09-05 10:10:17	click	Approved	vision bench U2 trial3 place Index Array on canvas	X=1111,Y=641,X2=0,Y2=0,Key=
2026-09-05 10:10:37	click	Approved	verify_op revert: canvas click after focus (COM-hang guard)	X=1311,Y=791,X2=0,Y2=0,Key=
2026-09-05 10:10:59	rclick	Approved	vision bench U4 trial1 rclick Position row	X=1249,Y=411,X2=0,Y2=0,Key=
2026-09-05 10:11:40	click	Approved	vision bench U4 trial1 click Change To Write	X=1317,Y=598,X2=0,Y2=0,Key=
2026-09-05 10:12:02	click	Approved	verify_op revert: canvas click after focus (COM-hang guard)	X=1311,Y=791,X2=0,Y2=0,Key=
2026-09-05 10:12:12	rclick	Approved	vision bench U4 trial2 rclick Position row	X=1249,Y=411,X2=0,Y2=0,Key=
2026-09-05 10:12:27	click	Approved	vision bench U4 trial2 click Change To Write	X=1317,Y=598,X2=0,Y2=0,Key=
2026-09-05 10:12:46	click	Approved	verify_op revert: canvas click after focus (COM-hang guard)	X=1311,Y=791,X2=0,Y2=0,Key=
2026-09-05 10:12:56	rclick	Approved	vision bench U4 trial3 rclick Position row	X=1249,Y=411,X2=0,Y2=0,Key=
2026-09-05 10:13:10	click	Approved	vision bench U4 trial3 click Change To Write	X=1317,Y=598,X2=0,Y2=0,Key=
2026-09-05 10:13:32	click	Approved	verify_op revert: canvas click after focus (COM-hang guard)	X=1311,Y=791,X2=0,Y2=0,Key=
2026-09-05 10:13:44	keys	Approved	vision bench U5 trial1 open find dialog	X=0,Y=0,X2=0,Y2=0,Key=^f
2026-09-05 10:14:04	click	Approved	vision bench U5 trial1 click Cancel	X=698,Y=650,X2=0,Y2=0,Key=
2026-09-05 10:14:17	click	Approved	verify_op revert: canvas click after focus (COM-hang guard)	X=1311,Y=791,X2=0,Y2=0,Key=
2026-09-05 10:14:29	keys	Approved	vision bench U5 trial2 open find dialog	X=0,Y=0,X2=0,Y2=0,Key=^f
2026-09-05 10:14:49	click	Approved	vision bench U5 trial2 click Cancel	X=698,Y=650,X2=0,Y2=0,Key=
2026-09-05 10:15:01	click	Approved	verify_op revert: canvas click after focus (COM-hang guard)	X=1311,Y=791,X2=0,Y2=0,Key=
2026-09-05 10:15:13	keys	Approved	vision bench U5 trial3 open find dialog	X=0,Y=0,X2=0,Y2=0,Key=^f
2026-09-05 10:15:32	click	Approved	vision bench U5 trial3 click Cancel	X=698,Y=650,X2=0,Y2=0,Key=
2026-09-05 11:25:59	click	Approved	verify_op revert: canvas click after focus (COM-hang guard)	X=1311,Y=791,X2=0,Y2=0,Key=
2026-09-05 11:26:22	drag	Approved	vision bench U1_move trial1	X=1075,Y=395,X2=1175,Y2=445,Key=
2026-09-05 11:26:46	click	Approved	verify_op revert: canvas click after focus (COM-hang guard)	X=1311,Y=791,X2=0,Y2=0,Key=
2026-09-05 11:26:59	drag	Approved	vision bench U1_move trial2	X=1075,Y=395,X2=1175,Y2=445,Key=
2026-09-05 11:27:18	click	Approved	verify_op revert: canvas click after focus (COM-hang guard)	X=1311,Y=791,X2=0,Y2=0,Key=
2026-09-05 11:27:31	drag	Approved	vision bench U1_move trial3	X=1075,Y=395,X2=1175,Y2=445,Key=
2026-09-05 11:27:51	click	Approved	verify_op revert: canvas click after focus (COM-hang guard)	X=1311,Y=791,X2=0,Y2=0,Key=
2026-09-05 11:28:15	rclick	Approved	vision bench U2_place trial1 open palette	X=1200,Y=700,X2=0,Y2=0,Key=
2026-09-05 11:28:33	rclick	Approved	vision bench U2_place trial1 open palette retry	X=1200,Y=700,X2=0,Y2=0,Key=
2026-09-05 11:28:56	rclick	Approved	vision bench U2_place trial1 open palette retry2	X=1200,Y=700,X2=0,Y2=0,Key=
2026-09-05 11:29:36	rclick	Approved	vision bench U2_place trial1 open palette retry3	X=1200,Y=700,X2=0,Y2=0,Key=
2026-09-05 11:29:48	click	Approved	vision bench U2_place trial1 click Array category 1st	X=1360,Y=236,X2=0,Y2=0,Key=
2026-09-05 11:30:02	click	Approved	vision bench U2_place trial1 click Array category 2nd	X=1360,Y=236,X2=0,Y2=0,Key=
2026-09-05 11:30:15	click	Approved	vision bench U2_place trial1 click Index Array	X=940,Y=306,X2=0,Y2=0,Key=
2026-09-05 11:30:32	click	Approved	vision bench U2_place trial1 place Index Array at target	X=1111,Y=641,X2=0,Y2=0,Key=
2026-09-05 11:30:53	click	Approved	verify_op revert: canvas click after focus (COM-hang guard)	X=1311,Y=791,X2=0,Y2=0,Key=
2026-09-05 11:31:03	rclick	Approved	vision bench U2_place trial2 open palette	X=1200,Y=700,X2=0,Y2=0,Key=
2026-09-05 11:31:18	click	Approved	vision bench U2_place trial2 click Array 1st	X=1360,Y=236,X2=0,Y2=0,Key=
2026-09-05 11:31:19	click	Approved	vision bench U2_place trial2 click Array 2nd	X=1360,Y=236,X2=0,Y2=0,Key=
2026-09-05 11:31:33	click	Approved	vision bench U2_place trial2 click Index Array	X=940,Y=306,X2=0,Y2=0,Key=
2026-09-05 11:31:38	click	Approved	vision bench U2_place trial2 place Index Array at target	X=1136,Y=691,X2=0,Y2=0,Key=
2026-09-05 11:32:05	click	Approved	verify_op revert: canvas click after focus (COM-hang guard)	X=1311,Y=791,X2=0,Y2=0,Key=
2026-09-05 11:32:12	rclick	Approved	vision bench U2_place trial3 open palette	X=1200,Y=700,X2=0,Y2=0,Key=
2026-09-05 11:32:18	click	Approved	vision bench U2_place trial3 click Array 1st	X=1360,Y=236,X2=0,Y2=0,Key=
2026-09-05 11:32:18	click	Approved	vision bench U2_place trial3 click Array 2nd	X=1360,Y=236,X2=0,Y2=0,Key=
2026-09-05 11:32:32	click	Approved	vision bench U2_place trial3 click Index Array	X=940,Y=306,X2=0,Y2=0,Key=
2026-09-05 11:32:33	click	Approved	vision bench U2_place trial3 place Index Array at target	X=1111,Y=641,X2=0,Y2=0,Key=
2026-09-05 11:32:55	click	Approved	verify_op revert: canvas click after focus (COM-hang guard)	X=1311,Y=791,X2=0,Y2=0,Key=
2026-09-05 11:33:14	rclick	Approved	vision bench U4_menu trial1 rclick Position row	X=1250,Y=408,X2=0,Y2=0,Key=
2026-09-05 11:33:29	click	Approved	vision bench U4_menu trial1 click Change To Write	X=1317,Y=595,X2=0,Y2=0,Key=
2026-09-05 11:33:52	click	Approved	verify_op revert: canvas click after focus (COM-hang guard)	X=1311,Y=791,X2=0,Y2=0,Key=
2026-09-05 11:33:59	rclick	Approved	vision bench U4_menu trial2 rclick Position row	X=1250,Y=408,X2=0,Y2=0,Key=
2026-09-05 11:34:13	click	Approved	vision bench U4_menu trial2 click Change To Write	X=1317,Y=595,X2=0,Y2=0,Key=
2026-09-05 11:34:36	click	Approved	verify_op revert: canvas click after focus (COM-hang guard)	X=1311,Y=791,X2=0,Y2=0,Key=
2026-09-05 11:34:43	rclick	Approved	vision bench U4_menu trial3 rclick Position row	X=1250,Y=408,X2=0,Y2=0,Key=
2026-09-05 11:34:58	click	Approved	vision bench U4_menu trial3 click Change To Write	X=1317,Y=595,X2=0,Y2=0,Key=
2026-09-05 11:35:21	click	Approved	verify_op revert: canvas click after focus (COM-hang guard)	X=1311,Y=791,X2=0,Y2=0,Key=
2026-09-05 11:35:30	keys	Approved	vision bench U5_dialog trial1 open Find	X=0,Y=0,X2=0,Y2=0,Key=^f
2026-09-05 11:35:52	click	Approved	vision bench U5_dialog trial1 click Cancel	X=698,Y=650,X2=0,Y2=0,Key=
2026-09-05 11:36:07	click	Approved	verify_op revert: canvas click after focus (COM-hang guard)	X=1311,Y=791,X2=0,Y2=0,Key=
2026-09-05 11:36:16	keys	Approved	vision bench U5_dialog trial2 open Find	X=0,Y=0,X2=0,Y2=0,Key=^f
2026-09-05 11:36:36	click	Approved	vision bench U5_dialog trial2 click Cancel	X=698,Y=650,X2=0,Y2=0,Key=
2026-09-05 11:36:50	click	Approved	verify_op revert: canvas click after focus (COM-hang guard)	X=1311,Y=791,X2=0,Y2=0,Key=
2026-09-05 11:36:59	keys	Approved	vision bench U5_dialog trial3 open Find	X=0,Y=0,X2=0,Y2=0,Key=^f
2026-09-05 11:37:19	click	Approved	vision bench U5_dialog trial3 click Cancel	X=698,Y=650,X2=0,Y2=0,Key=
2026-09-05 11:48:02	click	Approved	verify_op COM retry click	X=1311,Y=791,X2=0,Y2=0,Key=
2026-09-05 11:48:05	click	Approved	verify_op revert: canvas click after focus (COM-hang guard)	X=1311,Y=791,X2=0,Y2=0,Key=
2026-09-05 11:48:24	drag	Approved	vision bench U1 trial1	X=1065,Y=395,X2=1165,Y2=445,Key=
2026-09-05 11:48:41	click	Approved	verify_op revert: canvas click after focus (COM-hang guard)	X=1311,Y=791,X2=0,Y2=0,Key=
2026-09-05 11:48:56	drag	Approved	vision bench U1 trial2	X=1065,Y=395,X2=1165,Y2=445,Key=
2026-09-05 11:49:11	click	Approved	verify_op revert: canvas click after focus (COM-hang guard)	X=1311,Y=791,X2=0,Y2=0,Key=
2026-09-05 11:49:26	drag	Approved	vision bench U1 trial3	X=1065,Y=395,X2=1165,Y2=445,Key=
2026-09-05 11:49:44	click	Approved	verify_op revert: canvas click after focus (COM-hang guard)	X=1311,Y=791,X2=0,Y2=0,Key=
2026-09-05 11:49:53	rclick	Approved	vision bench U2 trial1 open palette	X=700,Y=700,X2=0,Y2=0,Key=
2026-09-05 11:50:03	click	Approved	vision bench U2 trial1 canvas focus	X=700,Y=700,X2=0,Y2=0,Key=
2026-09-05 11:50:06	rclick	Approved	vision bench U2 trial1 open palette retry	X=700,Y=700,X2=0,Y2=0,Key=
2026-09-05 11:50:23	rclick	Approved	vision bench U2 trial1 open palette retry2	X=700,Y=750,X2=0,Y2=0,Key=
2026-09-05 11:50:44	rclick	Approved	vision bench U2 trial1 open palette retry3	X=700,Y=750,X2=0,Y2=0,Key=
2026-09-05 11:50:55	click	Approved	vision bench U2 trial1 array icon click1	X=860,Y=231,X2=0,Y2=0,Key=
2026-09-05 11:50:59	click	Approved	vision bench U2 trial1 array icon click2	X=860,Y=231,X2=0,Y2=0,Key=
2026-09-05 11:51:10	click	Approved	vision bench U2 trial1 select Index Array	X=1069,Y=301,X2=0,Y2=0,Key=
2026-09-05 11:51:17	click	Approved	vision bench U2 trial1 place Index Array at target	X=1111,Y=641,X2=0,Y2=0,Key=
2026-09-05 11:51:33	click	Approved	verify_op revert: canvas click after focus (COM-hang guard)	X=1311,Y=791,X2=0,Y2=0,Key=
2026-09-05 11:51:42	rclick	Approved	vision bench U2 trial2 open palette	X=700,Y=750,X2=0,Y2=0,Key=
2026-09-05 11:51:53	click	Approved	vision bench U2 trial2 array icon click1	X=860,Y=231,X2=0,Y2=0,Key=
2026-09-05 11:51:56	click	Approved	vision bench U2 trial2 array icon click2	X=860,Y=231,X2=0,Y2=0,Key=
2026-09-05 11:52:00	click	Approved	vision bench U2 trial2 select Index Array	X=1069,Y=301,X2=0,Y2=0,Key=
2026-09-05 11:52:05	click	Approved	vision bench U2 trial2 place Index Array at target	X=1111,Y=641,X2=0,Y2=0,Key=
2026-09-05 11:52:21	click	Approved	verify_op revert: canvas click after focus (COM-hang guard)	X=1311,Y=791,X2=0,Y2=0,Key=
2026-09-05 11:52:30	rclick	Approved	vision bench U2 trial3 open palette	X=700,Y=750,X2=0,Y2=0,Key=
2026-09-05 11:52:44	click	Approved	vision bench U2 trial3 array icon click1	X=860,Y=231,X2=0,Y2=0,Key=
2026-09-05 11:52:47	click	Approved	vision bench U2 trial3 array icon click2	X=860,Y=231,X2=0,Y2=0,Key=
2026-09-05 11:52:51	click	Approved	vision bench U2 trial3 select Index Array	X=1069,Y=301,X2=0,Y2=0,Key=
2026-09-05 11:52:55	click	Approved	vision bench U2 trial3 place Index Array at target	X=1111,Y=641,X2=0,Y2=0,Key=
2026-09-05 11:53:14	click	Approved	verify_op revert: canvas click after focus (COM-hang guard)	X=1311,Y=791,X2=0,Y2=0,Key=
2026-09-05 11:53:24	rclick	Approved	vision bench U4 trial1 rclick Position node	X=1250,Y=404,X2=0,Y2=0,Key=
2026-09-05 11:53:36	click	Approved	vision bench U4 trial1 click Change All To Write	X=1326,Y=412,X2=0,Y2=0,Key=
2026-09-05 11:53:55	click	Approved	verify_op revert: canvas click after focus (COM-hang guard)	X=1311,Y=791,X2=0,Y2=0,Key=
2026-09-05 11:54:04	rclick	Approved	vision bench U4 trial2 rclick Position node	X=1250,Y=404,X2=0,Y2=0,Key=
2026-09-05 11:54:15	click	Approved	vision bench U4 trial2 click Change All To Write	X=1326,Y=412,X2=0,Y2=0,Key=
2026-09-05 11:54:32	click	Approved	verify_op revert: canvas click after focus (COM-hang guard)	X=1311,Y=791,X2=0,Y2=0,Key=
2026-09-05 11:54:42	rclick	Approved	vision bench U4 trial3 rclick Position node	X=1250,Y=404,X2=0,Y2=0,Key=
2026-09-05 11:54:53	click	Approved	vision bench U4 trial3 click Change All To Write	X=1326,Y=412,X2=0,Y2=0,Key=
2026-09-05 11:55:11	click	Approved	verify_op revert: canvas click after focus (COM-hang guard)	X=1311,Y=791,X2=0,Y2=0,Key=
2026-09-05 11:55:22	keys	Approved	vision bench U5 trial1 Ctrl+F open Find	X=0,Y=0,X2=0,Y2=0,Key=^f
2026-09-05 11:55:39	click	Approved	vision bench U5 trial1 click Cancel	X=698,Y=650,X2=0,Y2=0,Key=
2026-09-05 11:55:50	click	Approved	verify_op revert: canvas click after focus (COM-hang guard)	X=1311,Y=791,X2=0,Y2=0,Key=
2026-09-05 11:56:02	keys	Approved	vision bench U5 trial2 Ctrl+F open Find	X=0,Y=0,X2=0,Y2=0,Key=^f
2026-09-05 11:56:18	click	Approved	vision bench U5 trial2 click Cancel	X=698,Y=650,X2=0,Y2=0,Key=
2026-09-05 11:56:29	click	Approved	verify_op revert: canvas click after focus (COM-hang guard)	X=1311,Y=791,X2=0,Y2=0,Key=
2026-09-05 11:56:40	keys	Approved	vision bench U5 trial3 Ctrl+F open Find	X=0,Y=0,X2=0,Y2=0,Key=^f
2026-09-05 11:56:58	click	Approved	vision bench U5 trial3 click Cancel	X=698,Y=650,X2=0,Y2=0,Key=
2026-09-05 16:35:40	click	Approved	M3 clicker toolkit (user: 시작 2026-09-05)	X=1311,Y=791,X2=0,Y2=0,Key=
2026-09-05 16:36:32	click	Approved	M3 clicker toolkit (user: 시작 2026-09-05)	X=1311,Y=791,X2=0,Y2=0,Key=
2026-09-05 16:37:07	click	Approved	M3 clicker toolkit (user: 시작 2026-09-05)	X=1311,Y=791,X2=0,Y2=0,Key=
2026-09-05 16:37:13	click	Approved	M3 clicker toolkit (user: 시작 2026-09-05)	X=1311,Y=791,X2=0,Y2=0,Key=
2026-09-05 16:37:15	drag	Approved	M3 clicker toolkit (user: 시작 2026-09-05)	X=1101,Y=399,X2=1201,Y2=449,Key=
2026-09-05 16:37:19	click	Approved	M3 clicker toolkit (user: 시작 2026-09-05)	X=1311,Y=791,X2=0,Y2=0,Key=
2026-09-05 16:37:21	drag	Approved	M3 clicker toolkit (user: 시작 2026-09-05)	X=1101,Y=399,X2=1201,Y2=449,Key=
2026-09-05 16:37:25	click	Approved	M3 clicker toolkit (user: 시작 2026-09-05)	X=1311,Y=791,X2=0,Y2=0,Key=
2026-09-05 16:37:27	drag	Approved	M3 clicker toolkit (user: 시작 2026-09-05)	X=1101,Y=399,X2=1201,Y2=449,Key=
2026-09-05 16:37:31	click	Approved	M3 clicker toolkit (user: 시작 2026-09-05)	X=1311,Y=791,X2=0,Y2=0,Key=
2026-09-05 16:37:33	rclick	Approved	M3 clicker toolkit (user: 시작 2026-09-05)	X=1150,Y=500,X2=0,Y2=0,Key=
2026-09-05 16:37:35	click	Approved	M3 clicker toolkit (user: 시작 2026-09-05)	X=1310,Y=235,X2=0,Y2=0,Key=
2026-09-05 16:37:36	click	Approved	M3 clicker toolkit (user: 시작 2026-09-05)	X=1310,Y=235,X2=0,Y2=0,Key=
2026-09-05 16:37:38	click	Approved	M3 clicker toolkit (user: 시작 2026-09-05)	X=1519,Y=300,X2=0,Y2=0,Key=
2026-09-05 16:37:39	click	Approved	M3 clicker toolkit (user: 시작 2026-09-05)	X=1111,Y=641,X2=0,Y2=0,Key=
2026-09-05 16:37:43	click	Approved	M3 clicker toolkit (user: 시작 2026-09-05)	X=1311,Y=791,X2=0,Y2=0,Key=
2026-09-05 16:37:45	rclick	Approved	M3 clicker toolkit (user: 시작 2026-09-05)	X=1150,Y=500,X2=0,Y2=0,Key=
2026-09-05 16:37:47	click	Approved	M3 clicker toolkit (user: 시작 2026-09-05)	X=1310,Y=235,X2=0,Y2=0,Key=
2026-09-05 16:37:49	click	Approved	M3 clicker toolkit (user: 시작 2026-09-05)	X=1310,Y=235,X2=0,Y2=0,Key=
2026-09-05 16:37:50	click	Approved	M3 clicker toolkit (user: 시작 2026-09-05)	X=1519,Y=300,X2=0,Y2=0,Key=
2026-09-05 16:37:52	click	Approved	M3 clicker toolkit (user: 시작 2026-09-05)	X=1111,Y=641,X2=0,Y2=0,Key=
2026-09-05 16:37:56	click	Approved	M3 clicker toolkit (user: 시작 2026-09-05)	X=1311,Y=791,X2=0,Y2=0,Key=
2026-09-05 16:37:58	rclick	Approved	M3 clicker toolkit (user: 시작 2026-09-05)	X=1150,Y=500,X2=0,Y2=0,Key=
2026-09-05 16:38:00	click	Approved	M3 clicker toolkit (user: 시작 2026-09-05)	X=1310,Y=235,X2=0,Y2=0,Key=
2026-09-05 16:38:01	click	Approved	M3 clicker toolkit (user: 시작 2026-09-05)	X=1310,Y=235,X2=0,Y2=0,Key=
2026-09-05 16:38:03	click	Approved	M3 clicker toolkit (user: 시작 2026-09-05)	X=1519,Y=300,X2=0,Y2=0,Key=
2026-09-05 16:38:05	click	Approved	M3 clicker toolkit (user: 시작 2026-09-05)	X=1111,Y=641,X2=0,Y2=0,Key=
2026-09-05 16:38:09	click	Approved	M3 clicker toolkit (user: 시작 2026-09-05)	X=1311,Y=791,X2=0,Y2=0,Key=
2026-09-05 16:38:11	rclick	Approved	M3 clicker toolkit (user: 시작 2026-09-05)	X=1251,Y=413,X2=0,Y2=0,Key=
2026-09-05 16:38:13	click	Approved	M3 clicker toolkit (user: 시작 2026-09-05)	X=1319,Y=600,X2=0,Y2=0,Key=
2026-09-05 16:38:17	click	Approved	M3 clicker toolkit (user: 시작 2026-09-05)	X=1311,Y=791,X2=0,Y2=0,Key=
2026-09-05 16:38:19	rclick	Approved	M3 clicker toolkit (user: 시작 2026-09-05)	X=1251,Y=413,X2=0,Y2=0,Key=
2026-09-05 16:38:21	click	Approved	M3 clicker toolkit (user: 시작 2026-09-05)	X=1319,Y=600,X2=0,Y2=0,Key=
2026-09-05 16:38:25	click	Approved	M3 clicker toolkit (user: 시작 2026-09-05)	X=1311,Y=791,X2=0,Y2=0,Key=
2026-09-05 16:38:27	rclick	Approved	M3 clicker toolkit (user: 시작 2026-09-05)	X=1251,Y=413,X2=0,Y2=0,Key=
2026-09-05 16:38:29	click	Approved	M3 clicker toolkit (user: 시작 2026-09-05)	X=1319,Y=600,X2=0,Y2=0,Key=
2026-09-05 16:38:33	click	Approved	M3 clicker toolkit (user: 시작 2026-09-05)	X=1311,Y=791,X2=0,Y2=0,Key=
2026-09-05 16:38:37	keys	Approved	M3 clicker toolkit (user: 시작 2026-09-05)	X=0,Y=0,X2=0,Y2=0,Key=^f
2026-09-05 16:38:39	click	Approved	M3 clicker toolkit (user: 시작 2026-09-05)	X=958,Y=716,X2=0,Y2=0,Key=
2026-09-05 16:38:44	click	Approved	M3 clicker toolkit (user: 시작 2026-09-05)	X=1311,Y=791,X2=0,Y2=0,Key=
2026-09-05 16:38:48	keys	Approved	M3 clicker toolkit (user: 시작 2026-09-05)	X=0,Y=0,X2=0,Y2=0,Key=^f
2026-09-05 16:38:51	click	Approved	M3 clicker toolkit (user: 시작 2026-09-05)	X=958,Y=716,X2=0,Y2=0,Key=
2026-09-05 16:38:55	click	Approved	M3 clicker toolkit (user: 시작 2026-09-05)	X=1311,Y=791,X2=0,Y2=0,Key=
2026-09-05 16:38:59	keys	Approved	M3 clicker toolkit (user: 시작 2026-09-05)	X=0,Y=0,X2=0,Y2=0,Key=^f
2026-09-05 16:39:02	click	Approved	M3 clicker toolkit (user: 시작 2026-09-05)	X=958,Y=716,X2=0,Y2=0,Key=
2026-09-05 16:39:37	keys	Approved	M3 clicker: measure Find/Cancel geometry (vision fallback, user: 시작 2026-09-05)	X=0,Y=0,X2=0,Y2=0,Key=^f
2026-09-05 16:40:05	click	Approved	M3 clicker toolkit (user: 시작 2026-09-05)	X=1311,Y=791,X2=0,Y2=0,Key=
2026-09-05 16:40:09	keys	Approved	M3 clicker toolkit (user: 시작 2026-09-05)	X=0,Y=0,X2=0,Y2=0,Key=^f
2026-09-05 16:40:11	click	Approved	M3 clicker toolkit (user: 시작 2026-09-05)	X=699,Y=650,X2=0,Y2=0,Key=
2026-09-05 16:40:15	click	Approved	M3 clicker toolkit (user: 시작 2026-09-05)	X=1311,Y=791,X2=0,Y2=0,Key=
2026-09-05 16:40:19	keys	Approved	M3 clicker toolkit (user: 시작 2026-09-05)	X=0,Y=0,X2=0,Y2=0,Key=^f
2026-09-05 16:40:22	click	Approved	M3 clicker toolkit (user: 시작 2026-09-05)	X=699,Y=650,X2=0,Y2=0,Key=
2026-09-05 16:40:26	click	Approved	M3 clicker toolkit (user: 시작 2026-09-05)	X=1311,Y=791,X2=0,Y2=0,Key=
2026-09-05 16:40:30	keys	Approved	M3 clicker toolkit (user: 시작 2026-09-05)	X=0,Y=0,X2=0,Y2=0,Key=^f
2026-09-05 16:40:33	click	Approved	M3 clicker toolkit (user: 시작 2026-09-05)	X=699,Y=650,X2=0,Y2=0,Key=
2026-09-05 20:43:30	click	Approved	M3 clicker toolkit (user: 시작 2026-09-05)	X=1311,Y=791,X2=0,Y2=0,Key=
2026-09-05 20:44:03	click	Approved	M3 clicker toolkit (user: 시작 2026-09-05)	X=866,Y=192,X2=0,Y2=0,Key=
2026-09-05 21:00:07	click	Approved	M3 clicker toolkit (user: 시작 2026-09-05)	X=1311,Y=791,X2=0,Y2=0,Key=
2026-09-06 04:16:07	keys	Approved	bench prep: open GUIBENCH BD	X=0,Y=0,X2=0,Y2=0,Key=^e
2026-09-06 04:16:12	keys	Approved	bench prep: close stray Context Help	X=0,Y=0,X2=0,Y2=0,Key=^h
2026-09-06 04:19:39	click	Approved	M3 clicker toolkit (user: 시작 2026-09-05)	X=866,Y=192,X2=0,Y2=0,Key=
2026-09-06 04:28:57	keys	Approved	bench prep: open GUIBENCH BD	X=0,Y=0,X2=0,Y2=0,Key=^e
2026-09-06 04:29:02	keys	Approved	bench prep: close stray Context Help	X=0,Y=0,X2=0,Y2=0,Key=^h
2026-09-06 04:29:09	click	Approved	M3 clicker toolkit (user: 시작 2026-09-05)	X=866,Y=192,X2=0,Y2=0,Key=
2026-09-06 04:29:56	click	Approved	M3 clicker toolkit (user: 시작 2026-09-05)	X=866,Y=192,X2=0,Y2=0,Key=
2026-09-06 04:29:58	keys	Approved	M3 clicker toolkit (user: 시작 2026-09-05)	X=0,Y=0,X2=0,Y2=0,Key=^e
2026-09-06 05:37:17	click	Approved	keystone bootstrap (user: 예외 허용 2026-09-06)	X=866,Y=192,X2=0,Y2=0,Key=
2026-09-06 05:37:21	keys	Approved	keystone bootstrap (user: 예외 허용 2026-09-06)	X=0,Y=0,X2=0,Y2=0,Key=^e
2026-09-06 05:40:03	click	Approved	keystone bootstrap (user: 예외 허용 2026-09-06)	X=1311,Y=800,X2=0,Y2=0,Key=
2026-09-06 05:40:04	wire	Approved	keystone bootstrap (user: 예외 허용 2026-09-06)	X=885,Y=659,X2=800,Y2=503,Key=
2026-09-06 05:41:30	click	Approved	keystone bootstrap (user: 예외 허용 2026-09-06)	X=1311,Y=800,X2=0,Y2=0,Key=
2026-09-06 05:41:31	click	Approved	keystone bootstrap (user: 예외 허용 2026-09-06)	X=1311,Y=800,X2=0,Y2=0,Key=
2026-09-06 05:41:33	wire	Approved	keystone bootstrap (user: 예외 허용 2026-09-06)	X=885,Y=659,X2=800,Y2=503,Key=
2026-09-06 05:41:38	click	Approved	keystone bootstrap (user: 예외 허용 2026-09-06)	X=1311,Y=800,X2=0,Y2=0,Key=
2026-09-06 05:41:39	wire	Approved	keystone bootstrap (user: 예외 허용 2026-09-06)	X=885,Y=665,X2=400,Y2=288,Key=
2026-09-06 05:41:43	click	Approved	keystone bootstrap (user: 예외 허용 2026-09-06)	X=1311,Y=800,X2=0,Y2=0,Key=
2026-09-06 05:42:34	click	Approved	keystone bootstrap (user: 예외 허용 2026-09-06)	X=1311,Y=800,X2=0,Y2=0,Key=
2026-09-06 05:42:36	keys	Approved	keystone bootstrap (user: 예외 허용 2026-09-06)	X=0,Y=0,X2=0,Y2=0,Key=^b
2026-09-06 05:42:38	click	Approved	keystone bootstrap (user: 예외 허용 2026-09-06)	X=1311,Y=800,X2=0,Y2=0,Key=
2026-09-06 05:43:17	click	Approved	keystone bootstrap (user: 예외 허용 2026-09-06)	X=1311,Y=800,X2=0,Y2=0,Key=
2026-09-06 05:43:18	wire	Approved	keystone bootstrap (user: 예외 허용 2026-09-06)	X=885,Y=659,X2=660,Y2=509,Key=
2026-09-06 05:43:23	click	Approved	keystone bootstrap (user: 예외 허용 2026-09-06)	X=1311,Y=800,X2=0,Y2=0,Key=
2026-09-06 05:43:24	wire	Approved	keystone bootstrap (user: 예외 허용 2026-09-06)	X=894,Y=656,X2=508,Y2=326,Key=
2026-09-06 05:43:29	click	Approved	keystone bootstrap (user: 예외 허용 2026-09-06)	X=1311,Y=800,X2=0,Y2=0,Key=
2026-09-06 05:44:07	click	Approved	keystone bootstrap (user: 예외 허용 2026-09-06)	X=1311,Y=800,X2=0,Y2=0,Key=
2026-09-06 05:44:09	keys	Approved	keystone bootstrap (user: 예외 허용 2026-09-06)	X=0,Y=0,X2=0,Y2=0,Key=^b
2026-09-06 05:44:11	click	Approved	keystone bootstrap (user: 예외 허용 2026-09-06)	X=1311,Y=800,X2=0,Y2=0,Key=
2026-09-06 05:45:25	click	Approved	keystone bootstrap (user: 예외 허용 2026-09-06)	X=1311,Y=800,X2=0,Y2=0,Key=
2026-09-06 05:45:26	wire	Approved	keystone bootstrap (user: 예외 허용 2026-09-06)	X=885,Y=659,X2=640,Y2=502,Key=
2026-09-06 05:45:30	click	Approved	keystone bootstrap (user: 예외 허용 2026-09-06)	X=1311,Y=800,X2=0,Y2=0,Key=
2026-09-06 05:46:25	click	Approved	keystone bootstrap (user: 예외 허용 2026-09-06)	X=1311,Y=800,X2=0,Y2=0,Key=
2026-09-06 05:46:27	keys	Approved	keystone bootstrap (user: 예외 허용 2026-09-06)	X=0,Y=0,X2=0,Y2=0,Key=^b
2026-09-06 05:46:29	click	Approved	keystone bootstrap (user: 예외 허용 2026-09-06)	X=1311,Y=800,X2=0,Y2=0,Key=
2026-09-06 05:46:39	click	Approved	keystone bootstrap (user: 예외 허용 2026-09-06)	X=1311,Y=800,X2=0,Y2=0,Key=
2026-09-06 05:46:40	wire	Approved	keystone bootstrap (user: 예외 허용 2026-09-06)	X=885,Y=659,X2=650,Y2=502,Key=
2026-09-06 05:46:45	click	Approved	keystone bootstrap (user: 예외 허용 2026-09-06)	X=1311,Y=800,X2=0,Y2=0,Key=
2026-09-06 05:47:34	click	Approved	keystone bootstrap (user: 예외 허용 2026-09-06)	X=1311,Y=800,X2=0,Y2=0,Key=
2026-09-06 05:47:36	wire	Approved	keystone bootstrap (user: 예외 허용 2026-09-06)	X=885,Y=659,X2=673,Y2=503,Key=
2026-09-06 05:47:40	click	Approved	keystone bootstrap (user: 예외 허용 2026-09-06)	X=1311,Y=800,X2=0,Y2=0,Key=
2026-09-06 05:48:21	click	Approved	keystone bootstrap (user: 예외 허용 2026-09-06)	X=1311,Y=800,X2=0,Y2=0,Key=
2026-09-06 05:48:22	keys	Approved	keystone bootstrap (user: 예외 허용 2026-09-06)	X=0,Y=0,X2=0,Y2=0,Key=^b
2026-09-06 05:48:24	click	Approved	keystone bootstrap (user: 예외 허용 2026-09-06)	X=1311,Y=800,X2=0,Y2=0,Key=
2026-09-06 05:50:01	click	Approved	keystone bootstrap (user: 예외 허용 2026-09-06)	X=300,Y=14,X2=0,Y2=0,Key=
2026-09-06 05:50:09	click	Approved	keystone bootstrap (user: 예외 허용 2026-09-06)	X=300,Y=14,X2=0,Y2=0,Key=
2026-09-06 05:50:13	keys	Approved	keystone bootstrap (user: 예외 허용 2026-09-06)	X=0,Y=0,X2=0,Y2=0,Key=^e
2026-09-06 05:51:02	click	Approved	keystone bootstrap (user: 예외 허용 2026-09-06)	X=1200,Y=800,X2=0,Y2=0,Key=
2026-09-06 05:51:05	keys	Approved	keystone bootstrap (user: 예외 허용 2026-09-06)	X=0,Y=0,X2=0,Y2=0,Key=^l
2026-09-06 05:52:00	click	Approved	keystone bootstrap (user: 예외 허용 2026-09-06)	X=1200,Y=800,X2=0,Y2=0,Key=
2026-09-06 05:52:02	wire	Approved	keystone bootstrap (user: 예외 허용 2026-09-06)	X=910,Y=679,X2=702,Y2=420,Key=
2026-09-06 05:52:06	click	Approved	keystone bootstrap (user: 예외 허용 2026-09-06)	X=1200,Y=800,X2=0,Y2=0,Key=
2026-09-06 05:52:08	wire	Approved	keystone bootstrap (user: 예외 허용 2026-09-06)	X=910,Y=685,X2=400,Y2=288,Key=
2026-09-06 05:52:12	click	Approved	keystone bootstrap (user: 예외 허용 2026-09-06)	X=1200,Y=800,X2=0,Y2=0,Key=
2026-09-06 05:53:00	click	Approved	keystone bootstrap (user: 예외 허용 2026-09-06)	X=1200,Y=800,X2=0,Y2=0,Key=
2026-09-06 05:53:02	keys	Approved	keystone bootstrap (user: 예외 허용 2026-09-06)	X=0,Y=0,X2=0,Y2=0,Key=^b
2026-09-06 05:53:04	click	Approved	keystone bootstrap (user: 예외 허용 2026-09-06)	X=1200,Y=800,X2=0,Y2=0,Key=
2026-09-06 05:53:17	keys	Approved	keystone bootstrap (user: 예외 허용 2026-09-06)	X=0,Y=0,X2=0,Y2=0,Key=^e
2026-09-06 06:01:37	click	Approved	keystone bootstrap (user: 예외 허용 2026-09-06)	X=300,Y=14,X2=0,Y2=0,Key=
2026-09-06 06:01:39	keys	Approved	keystone bootstrap (user: 예외 허용 2026-09-06)	X=0,Y=0,X2=0,Y2=0,Key=^e
2026-09-06 12:36:52	click	Approved	keystone bootstrap v1 (user: 예외 허용 2026-09-06)	X=1200,Y=800,X2=0,Y2=0,Key=
2026-09-06 12:37:34	click	Approved	keystone bootstrap v1 (user: 예외 허용 2026-09-06)	X=1200,Y=800,X2=0,Y2=0,Key=
2026-09-06 12:37:35	wire	Approved	keystone bootstrap v1 (user: 예외 허용 2026-09-06)	X=927,Y=676,X2=941,Y2=515,Key=
2026-09-06 12:37:40	click	Approved	keystone bootstrap v1 (user: 예외 허용 2026-09-06)	X=1200,Y=800,X2=0,Y2=0,Key=
2026-09-06 12:38:23	click	Approved	keystone bootstrap v1 (user: 예외 허용 2026-09-06)	X=1200,Y=800,X2=0,Y2=0,Key=
2026-09-06 12:39:09	click	Approved	keystone bootstrap v1 (user: 예외 허용 2026-09-06)	X=1200,Y=800,X2=0,Y2=0,Key=
2026-09-06 12:39:14	wire	Approved	keystone bootstrap v1 (user: 예외 허용 2026-09-06)	X=910,Y=685,X2=655,Y2=330,Key=
2026-09-06 12:39:18	click	Approved	keystone bootstrap v1 (user: 예외 허용 2026-09-06)	X=1200,Y=800,X2=0,Y2=0,Key=
2026-09-06 12:39:30	click	Approved	keystone bootstrap v1 (user: 예외 허용 2026-09-06)	X=300,Y=14,X2=0,Y2=0,Key=
2026-09-06 12:39:33	keys	Approved	keystone bootstrap v1 (user: 예외 허용 2026-09-06)	X=0,Y=0,X2=0,Y2=0,Key=^e
2026-09-06 12:41:53	click	Approved	keystone bootstrap v1 (user: 예외 허용 2026-09-06)	X=1200,Y=800,X2=0,Y2=0,Key=
2026-09-06 12:43:09	click	Approved	keystone bootstrap v1 (user: 예외 허용 2026-09-06)	X=1200,Y=800,X2=0,Y2=0,Key=
2026-09-06 12:43:10	click	Approved	keystone bootstrap v1 (user: 예외 허용 2026-09-06)	X=655,Y=450,X2=0,Y2=0,Key=
2026-09-06 12:43:12	keys	Approved	keystone bootstrap v1 (user: 예외 허용 2026-09-06)	X=0,Y=0,X2=0,Y2=0,Key={DEL}
2026-09-06 12:43:13	click	Approved	keystone bootstrap v1 (user: 예외 허용 2026-09-06)	X=1200,Y=800,X2=0,Y2=0,Key=
2026-09-06 12:43:15	keys	Approved	keystone bootstrap v1 (user: 예외 허용 2026-09-06)	X=0,Y=0,X2=0,Y2=0,Key=^b
2026-09-06 12:43:17	click	Approved	keystone bootstrap v1 (user: 예외 허용 2026-09-06)	X=1200,Y=800,X2=0,Y2=0,Key=
2026-09-06 12:43:18	wire	Approved	keystone bootstrap v1 (user: 예외 허용 2026-09-06)	X=910,Y=685,X2=702,Y2=450,Key=
2026-09-06 12:43:23	click	Approved	keystone bootstrap v1 (user: 예외 허용 2026-09-06)	X=1200,Y=800,X2=0,Y2=0,Key=
2026-09-06 12:43:35	click	Approved	keystone bootstrap v1 (user: 예외 허용 2026-09-06)	X=300,Y=14,X2=0,Y2=0,Key=
2026-09-06 12:43:37	keys	Approved	keystone bootstrap v1 (user: 예외 허용 2026-09-06)	X=0,Y=0,X2=0,Y2=0,Key=^e
2026-09-06 12:45:42	click	Approved	keystone bootstrap v1 (user: 예외 허용 2026-09-06)	X=1200,Y=800,X2=0,Y2=0,Key=
2026-09-06 12:45:54	click	Approved	keystone bootstrap v1 (user: 예외 허용 2026-09-06)	X=300,Y=14,X2=0,Y2=0,Key=
2026-09-06 12:45:56	keys	Approved	keystone bootstrap v1 (user: 예외 허용 2026-09-06)	X=0,Y=0,X2=0,Y2=0,Key=^e
2026-09-06 12:55:29	click	Approved	keystone bootstrap v1 (user: 예외 허용 2026-09-06)	X=300,Y=14,X2=0,Y2=0,Key=
2026-09-06 12:55:30	click	Approved	keystone bootstrap v1 (user: 예외 허용 2026-09-06)	X=300,Y=14,X2=0,Y2=0,Key=
2026-09-06 12:55:33	keys	Approved	keystone bootstrap v1 (user: 예외 허용 2026-09-06)	X=0,Y=0,X2=0,Y2=0,Key=^e
2026-09-06 12:56:22	click	Approved	read-only view of erdosmiller Create Invoke Node.vi diagram (diagnosis)	X=294,Y=281,X2=0,Y2=0,Key=
2026-09-06 12:56:25	keys	Approved	read-only view of erdosmiller Create Invoke Node.vi diagram (diagnosis)	X=0,Y=0,X2=0,Y2=0,Key=^e
2026-09-06 12:57:40	click	Approved	keystone bootstrap v1 (user: 예외 허용 2026-09-06)	X=300,Y=14,X2=0,Y2=0,Key=
2026-09-06 12:57:43	keys	Approved	keystone bootstrap v1 (user: 예외 허용 2026-09-06)	X=0,Y=0,X2=0,Y2=0,Key=^e
2026-09-06 13:05:17	click	Approved	M3 clicker toolkit (user: 시작 2026-09-05)	X=1311,Y=800,X2=0,Y2=0,Key=
2026-09-06 13:07:10	click	Approved	keystone bootstrap v1 (user: 예외 허용 2026-09-06)	X=300,Y=14,X2=0,Y2=0,Key=
2026-09-06 13:07:12	keys	Approved	keystone bootstrap v1 (user: 예외 허용 2026-09-06)	X=0,Y=0,X2=0,Y2=0,Key=^e
2026-09-06 13:07:16	click	Approved	keystone bootstrap v1 (user: 예외 허용 2026-09-06)	X=1200,Y=800,X2=0,Y2=0,Key=
2026-09-06 13:07:17	click	Approved	keystone bootstrap v1 (user: 예외 허용 2026-09-06)	X=800,Y=325,X2=0,Y2=0,Key=
2026-09-06 13:07:19	keys	Approved	keystone bootstrap v1 (user: 예외 허용 2026-09-06)	X=0,Y=0,X2=0,Y2=0,Key={DEL}
2026-09-06 13:07:21	click	Approved	keystone bootstrap v1 (user: 예외 허용 2026-09-06)	X=1200,Y=800,X2=0,Y2=0,Key=
2026-09-06 13:07:23	keys	Approved	keystone bootstrap v1 (user: 예외 허용 2026-09-06)	X=0,Y=0,X2=0,Y2=0,Key=^b
2026-09-06 13:07:24	click	Approved	keystone bootstrap v1 (user: 예외 허용 2026-09-06)	X=1200,Y=800,X2=0,Y2=0,Key=
2026-09-06 13:07:36	click	Approved	keystone bootstrap v1 (user: 예외 허용 2026-09-06)	X=300,Y=14,X2=0,Y2=0,Key=
2026-09-06 13:07:38	click	Approved	keystone bootstrap v1 (user: 예외 허용 2026-09-06)	X=300,Y=14,X2=0,Y2=0,Key=
2026-09-06 13:07:40	keys	Approved	keystone bootstrap v1 (user: 예외 허용 2026-09-06)	X=0,Y=0,X2=0,Y2=0,Key=^e
2026-09-06 13:08:49	click	Approved	keystone bootstrap v1 (user: 예외 허용 2026-09-06)	X=300,Y=14,X2=0,Y2=0,Key=
2026-09-06 13:08:50	click	Approved	keystone bootstrap v1 (user: 예외 허용 2026-09-06)	X=300,Y=14,X2=0,Y2=0,Key=
2026-09-06 13:08:53	keys	Approved	keystone bootstrap v1 (user: 예외 허용 2026-09-06)	X=0,Y=0,X2=0,Y2=0,Key=^e
2026-09-06 13:09:07	click	Approved	keystone bootstrap v1 (user: 예외 허용 2026-09-06)	X=300,Y=14,X2=0,Y2=0,Key=
2026-09-06 13:09:08	click	Approved	keystone bootstrap v1 (user: 예외 허용 2026-09-06)	X=300,Y=14,X2=0,Y2=0,Key=
2026-09-06 13:09:11	keys	Approved	keystone bootstrap v1 (user: 예외 허용 2026-09-06)	X=0,Y=0,X2=0,Y2=0,Key=^e
2026-09-06 13:10:08	click	Approved	keystone bootstrap v1 (user: 예외 허용 2026-09-06)	X=300,Y=14,X2=0,Y2=0,Key=
2026-09-06 13:10:10	keys	Approved	keystone bootstrap v1 (user: 예외 허용 2026-09-06)	X=0,Y=0,X2=0,Y2=0,Key=^e
2026-09-06 13:10:14	click	Approved	keystone bootstrap v1 (user: 예외 허용 2026-09-06)	X=1200,Y=800,X2=0,Y2=0,Key=
2026-09-06 13:10:15	click	Approved	keystone bootstrap v1 (user: 예외 허용 2026-09-06)	X=895,Y=685,X2=0,Y2=0,Key=
2026-09-06 13:10:17	keys	Approved	keystone bootstrap v1 (user: 예외 허용 2026-09-06)	X=0,Y=0,X2=0,Y2=0,Key={DEL}
2026-09-06 13:10:19	click	Approved	keystone bootstrap v1 (user: 예외 허용 2026-09-06)	X=1200,Y=800,X2=0,Y2=0,Key=
2026-09-06 13:10:21	keys	Approved	keystone bootstrap v1 (user: 예외 허용 2026-09-06)	X=0,Y=0,X2=0,Y2=0,Key=^b
2026-09-06 13:10:22	click	Approved	keystone bootstrap v1 (user: 예외 허용 2026-09-06)	X=1200,Y=800,X2=0,Y2=0,Key=
2026-09-06 13:10:35	click	Approved	keystone bootstrap v1 (user: 예외 허용 2026-09-06)	X=300,Y=14,X2=0,Y2=0,Key=
2026-09-06 13:10:36	click	Approved	keystone bootstrap v1 (user: 예외 허용 2026-09-06)	X=300,Y=14,X2=0,Y2=0,Key=
2026-09-06 13:10:39	keys	Approved	keystone bootstrap v1 (user: 예외 허용 2026-09-06)	X=0,Y=0,X2=0,Y2=0,Key=^e
2026-09-06 17:08:33	click	Approved	keystone step 1a: delete Create SubVI branch (user: 1~3 논스톱 2026-09-06)	X=300,Y=14,X2=0,Y2=0,Key=
2026-09-06 17:08:36	keys	Approved	keystone step 1a: delete Create SubVI branch (user: 1~3 논스톱 2026-09-06)	X=0,Y=0,X2=0,Y2=0,Key=^e
2026-09-06 17:08:40	click	Approved	keystone step 1a: delete Create SubVI branch (user: 1~3 논스톱 2026-09-06)	X=1200,Y=800,X2=0,Y2=0,Key=
2026-09-06 17:08:41	click	Approved	keystone step 1a: delete Create SubVI branch (user: 1~3 논스톱 2026-09-06)	X=942,Y=545,X2=0,Y2=0,Key=
2026-09-06 17:08:43	keys	Approved	keystone step 1a: delete Create SubVI branch (user: 1~3 논스톱 2026-09-06)	X=0,Y=0,X2=0,Y2=0,Key={DEL}
2026-09-06 17:08:44	click	Approved	keystone step 1a: delete Create SubVI branch (user: 1~3 논스톱 2026-09-06)	X=1200,Y=800,X2=0,Y2=0,Key=
2026-09-06 17:08:45	click	Approved	keystone step 1a: delete Create SubVI branch (user: 1~3 논스톱 2026-09-06)	X=302,Y=454,X2=0,Y2=0,Key=
2026-09-06 17:08:47	keys	Approved	keystone step 1a: delete Create SubVI branch (user: 1~3 논스톱 2026-09-06)	X=0,Y=0,X2=0,Y2=0,Key={DEL}
2026-09-06 17:08:49	click	Approved	keystone step 1a: delete Create SubVI branch (user: 1~3 논스톱 2026-09-06)	X=1200,Y=800,X2=0,Y2=0,Key=
2026-09-06 17:08:51	keys	Approved	keystone step 1a: delete Create SubVI branch (user: 1~3 논스톱 2026-09-06)	X=0,Y=0,X2=0,Y2=0,Key=^b
2026-09-06 17:08:52	click	Approved	keystone step 1a: delete Create SubVI branch (user: 1~3 논스톱 2026-09-06)	X=1200,Y=800,X2=0,Y2=0,Key=
2026-09-06 17:09:39	click	Approved	keystone step 2 prep (user: 1~3 논스톱 2026-09-06)	X=460,Y=248,X2=0,Y2=0,Key=
2026-09-06 17:09:42	keys	Approved	keystone step 2 prep (user: 1~3 논스톱 2026-09-06)	X=0,Y=0,X2=0,Y2=0,Key=^e
2026-09-06 17:11:01	click	Approved	keystone step 2: OpBuildPN_v0 (user: 1~3 논스톱 2026-09-06)	X=300,Y=14,X2=0,Y2=0,Key=
2026-09-06 17:11:04	keys	Approved	keystone step 2: OpBuildPN_v0 (user: 1~3 논스톱 2026-09-06)	X=0,Y=0,X2=0,Y2=0,Key=^e
2026-09-06 17:11:07	click	Approved	keystone step 2: OpBuildPN_v0 (user: 1~3 논스톱 2026-09-06)	X=1200,Y=800,X2=0,Y2=0,Key=
2026-09-06 17:11:09	click	Approved	keystone step 2: OpBuildPN_v0 (user: 1~3 논스톱 2026-09-06)	X=927,Y=693,X2=0,Y2=0,Key=
2026-09-06 17:11:10	keys	Approved	keystone step 2: OpBuildPN_v0 (user: 1~3 논스톱 2026-09-06)	X=0,Y=0,X2=0,Y2=0,Key={DEL}
2026-09-06 17:11:12	click	Approved	keystone step 2: OpBuildPN_v0 (user: 1~3 논스톱 2026-09-06)	X=1200,Y=800,X2=0,Y2=0,Key=
2026-09-06 17:11:14	keys	Approved	keystone step 2: OpBuildPN_v0 (user: 1~3 논스톱 2026-09-06)	X=0,Y=0,X2=0,Y2=0,Key=^b
2026-09-06 17:11:16	click	Approved	keystone step 2: OpBuildPN_v0 (user: 1~3 논스톱 2026-09-06)	X=1200,Y=800,X2=0,Y2=0,Key=
2026-09-06 17:11:18	click	Approved	keystone step 2: OpBuildPN_v0 (user: 1~3 논스톱 2026-09-06)	X=1200,Y=800,X2=0,Y2=0,Key=
2026-09-06 17:12:54	click	Approved	keystone step 2: OpBuildPN_v0 (user: 1~3 논스톱 2026-09-06)	X=1200,Y=800,X2=0,Y2=0,Key=
2026-09-06 17:12:55	wire	Approved	keystone step 2: OpBuildPN_v0 (user: 1~3 논스톱 2026-09-06)	X=910,Y=679,X2=702,Y2=450,Key=
2026-09-06 17:13:00	click	Approved	keystone step 2: OpBuildPN_v0 (user: 1~3 논스톱 2026-09-06)	X=1200,Y=800,X2=0,Y2=0,Key=
2026-09-06 17:13:01	wire	Approved	keystone step 2: OpBuildPN_v0 (user: 1~3 논스톱 2026-09-06)	X=927,Y=676,X2=941,Y2=515,Key=
2026-09-06 17:13:06	click	Approved	keystone step 2: OpBuildPN_v0 (user: 1~3 논스톱 2026-09-06)	X=1200,Y=800,X2=0,Y2=0,Key=
2026-09-06 17:13:09	keys	Approved	keystone step 2: OpBuildPN_v0 (user: 1~3 논스톱 2026-09-06)	X=0,Y=0,X2=0,Y2=0,Key=^l
2026-09-06 17:13:16	click	Approved	keystone step 2: OpBuildPN_v0 (user: 1~3 논스톱 2026-09-06)	X=1200,Y=800,X2=0,Y2=0,Key=
2026-09-06 17:13:17	rclick	Approved	keystone step 2: OpBuildPN_v0 (user: 1~3 논스톱 2026-09-06)	X=919,Y=676,X2=0,Y2=0,Key=
2026-09-06 17:14:10	click	Approved	keystone step 2: OpBuildPN_v0 (user: 1~3 논스톱 2026-09-06)	X=1200,Y=800,X2=0,Y2=0,Key=
2026-09-06 17:14:13	keys	Approved	keystone step 2: OpBuildPN_v0 (user: 1~3 논스톱 2026-09-06)	X=0,Y=0,X2=0,Y2=0,Key=^l
2026-09-06 17:14:20	click	Approved	keystone step 2: OpBuildPN_v0 (user: 1~3 논스톱 2026-09-06)	X=1200,Y=800,X2=0,Y2=0,Key=
2026-09-06 17:14:21	rclick	Approved	keystone step 2: OpBuildPN_v0 (user: 1~3 논스톱 2026-09-06)	X=919,Y=676,X2=0,Y2=0,Key=
2026-09-06 17:15:07	click	Approved	keystone step 2: Create>Control on Properties terminal (user: 1~3 논스톱 2026-09-06)	X=1174,Y=743,X2=0,Y2=0,Key=
2026-09-06 17:15:10	click	Approved	keystone step 2: Create>Control on Properties terminal (user: 1~3 논스톱 2026-09-06)	X=1200,Y=800,X2=0,Y2=0,Key=
2026-09-06 17:15:14	click	Approved	keystone step 2: Create>Control on Properties terminal (user: 1~3 논스톱 2026-09-06)	X=300,Y=14,X2=0,Y2=0,Key=
2026-09-06 17:15:15	click	Approved	keystone step 2: Create>Control on Properties terminal (user: 1~3 논스톱 2026-09-06)	X=300,Y=14,X2=0,Y2=0,Key=
2026-09-06 17:15:18	keys	Approved	keystone step 2: Create>Control on Properties terminal (user: 1~3 논스톱 2026-09-06)	X=0,Y=0,X2=0,Y2=0,Key=^e
2026-09-06 17:16:50	click	Approved	keystone step 3: OpDelete_v0 (user: 1~3 논스톱 2026-09-06)	X=300,Y=14,X2=0,Y2=0,Key=
2026-09-06 17:16:53	keys	Approved	keystone step 3: OpDelete_v0 (user: 1~3 논스톱 2026-09-06)	X=0,Y=0,X2=0,Y2=0,Key=^e
2026-09-06 17:16:57	click	Approved	keystone step 3: OpDelete_v0 (user: 1~3 논스톱 2026-09-06)	X=1200,Y=800,X2=0,Y2=0,Key=
2026-09-06 17:16:58	click	Approved	keystone step 3: OpDelete_v0 (user: 1~3 논스톱 2026-09-06)	X=927,Y=689,X2=0,Y2=0,Key=
2026-09-06 17:17:00	keys	Approved	keystone step 3: OpDelete_v0 (user: 1~3 논스톱 2026-09-06)	X=0,Y=0,X2=0,Y2=0,Key={DEL}
2026-09-06 17:17:01	click	Approved	keystone step 3: OpDelete_v0 (user: 1~3 논스톱 2026-09-06)	X=1200,Y=800,X2=0,Y2=0,Key=
2026-09-06 17:17:03	click	Approved	keystone step 3: OpDelete_v0 (user: 1~3 논스톱 2026-09-06)	X=680,Y=328,X2=0,Y2=0,Key=
2026-09-06 17:17:04	keys	Approved	keystone step 3: OpDelete_v0 (user: 1~3 논스톱 2026-09-06)	X=0,Y=0,X2=0,Y2=0,Key={DEL}
2026-09-06 17:17:06	click	Approved	keystone step 3: OpDelete_v0 (user: 1~3 논스톱 2026-09-06)	X=1200,Y=800,X2=0,Y2=0,Key=
2026-09-06 17:17:08	keys	Approved	keystone step 3: OpDelete_v0 (user: 1~3 논스톱 2026-09-06)	X=0,Y=0,X2=0,Y2=0,Key=^b
2026-09-06 17:17:10	click	Approved	keystone step 3: OpDelete_v0 (user: 1~3 논스톱 2026-09-06)	X=1200,Y=800,X2=0,Y2=0,Key=
2026-09-06 17:19:25	click	Approved	keystone step 3b probe (user: 1~3 논스톱 2026-09-06)	X=300,Y=14,X2=0,Y2=0,Key=
2026-09-06 17:19:28	keys	Approved	keystone step 3b probe (user: 1~3 논스톱 2026-09-06)	X=0,Y=0,X2=0,Y2=0,Key=^e
2026-09-06 17:19:31	click	Approved	keystone step 3b probe (user: 1~3 논스톱 2026-09-06)	X=1200,Y=800,X2=0,Y2=0,Key=
2026-09-06 17:19:33	keys	Approved	keystone step 3b probe (user: 1~3 논스톱 2026-09-06)	X=0,Y=0,X2=0,Y2=0,Key=^b
2026-09-06 17:19:35	click	Approved	keystone step 3b probe (user: 1~3 논스톱 2026-09-06)	X=1200,Y=800,X2=0,Y2=0,Key=
2026-09-06 17:20:52	click	Approved	keystone step 3a cleanup (user: 1~3 논스톱 2026-09-06)	X=300,Y=14,X2=0,Y2=0,Key=
2026-09-06 17:20:55	keys	Approved	keystone step 3a cleanup (user: 1~3 논스톱 2026-09-06)	X=0,Y=0,X2=0,Y2=0,Key=^e
2026-09-06 17:20:58	click	Approved	keystone step 3a cleanup (user: 1~3 논스톱 2026-09-06)	X=1200,Y=800,X2=0,Y2=0,Key=
2026-09-06 17:21:00	keys	Approved	keystone step 3a cleanup (user: 1~3 논스톱 2026-09-06)	X=0,Y=0,X2=0,Y2=0,Key=^b
2026-09-06 17:21:02	click	Approved	keystone step 3a cleanup (user: 1~3 논스톱 2026-09-06)	X=1200,Y=800,X2=0,Y2=0,Key=
2026-09-13 17:55:12	keys	Approved	User-authorized Astra direct GUI benchmark 2026-09-13	X=0,Y=0,X2=0,Y2=0,Key=^e
2026-09-13 17:55:29	click	Approved	User-authorized Astra direct GUI benchmark 2026-09-13	X=740,Y=390,X2=0,Y2=0,Key=
2026-09-13 17:55:33	keys	Approved	User-authorized Astra direct GUI benchmark 2026-09-13	X=0,Y=0,X2=0,Y2=0,Key=^e
2026-09-13 17:56:24	click	Approved	User-authorized Astra direct GUI benchmark 2026-09-13	X=1300,Y=790,X2=0,Y2=0,Key=
2026-09-13 17:56:52	drag	Approved	User-authorized Astra direct GUI benchmark 2026-09-13	X=1100,Y=395,X2=1200,Y2=445,Key=
2026-09-13 17:57:46	drag	Approved	User-authorized Astra direct GUI benchmark 2026-09-13	X=1100,Y=395,X2=1200,Y2=445,Key=
2026-09-13 17:58:15	drag	Approved	User-authorized Astra direct GUI benchmark 2026-09-13	X=1100,Y=395,X2=1200,Y2=445,Key=
2026-09-13 17:58:43	rclick	Approved	User-authorized Astra direct GUI benchmark 2026-09-13	X=1150,Y=500,X2=0,Y2=0,Key=
2026-09-13 17:58:57	click	Approved	User-authorized Astra direct GUI benchmark 2026-09-13	X=1310,Y=235,X2=0,Y2=0,Key=
2026-09-13 17:59:11	click	Approved	User-authorized Astra direct GUI benchmark 2026-09-13	X=1310,Y=235,X2=0,Y2=0,Key=
2026-09-13 17:59:23	click	Approved	User-authorized Astra direct GUI benchmark 2026-09-13	X=1519,Y=300,X2=0,Y2=0,Key=
2026-09-13 17:59:43	click	Approved	User-authorized Astra direct GUI benchmark 2026-09-13	X=1111,Y=641,X2=0,Y2=0,Key=
2026-09-13 18:00:21	rclick	Approved	User-authorized Astra direct GUI benchmark 2026-09-13	X=1150,Y=500,X2=0,Y2=0,Key=
2026-09-13 18:00:29	click	Approved	User-authorized Astra direct GUI benchmark 2026-09-13	X=1310,Y=235,X2=0,Y2=0,Key=
2026-09-13 18:00:33	click	Approved	User-authorized Astra direct GUI benchmark 2026-09-13	X=1310,Y=235,X2=0,Y2=0,Key=
2026-09-14 10:52:56	keys	Approved	bench prep: open GUIBENCH BD	X=0,Y=0,X2=0,Y2=0,Key=^e
2026-09-17 01:52:46	click	Approved	user 2026-09-17 bead-pick option 1	X=552,Y=756,X2=0,Y2=0,Key=
2026-09-17 01:53:34	click	Approved	user 2026-09-17 bead-pick option 1	X=430,Y=640,X2=0,Y2=0,Key=
2026-09-17 01:53:36	click	Approved	user 2026-09-17 bead-pick option 1	X=690,Y=880,X2=0,Y2=0,Key=
2026-09-17 01:54:04	click	Approved	user 2026-09-17 bead-pick option 1	X=1114,Y=915,X2=0,Y2=0,Key=
2026-09-17 01:56:05	click	Approved	user 2026-09-17 bead-pick option 1	X=175,Y=353,X2=0,Y2=0,Key=
2026-09-17 01:56:40	click	Approved	user 2026-09-17 bead-pick option 1	X=175,Y=353,X2=0,Y2=0,Key=
2026-09-17 01:56:45	click	Approved	user 2026-09-17 bead-pick option 1	X=175,Y=353,X2=0,Y2=0,Key=
2026-09-17 01:57:26	click	Approved	user 2026-09-17 bead-pick option 1	X=1225,Y=533,X2=0,Y2=0,Key=
2026-09-17 01:57:27	keys	Approved	user 2026-09-17 bead-pick option 1	X=0,Y=0,X2=0,Y2=0,Key=^v
2026-09-17 01:57:50	keys	Approved	user 2026-09-17 bead-pick option 1	X=0,Y=0,X2=0,Y2=0,Key=^a
2026-09-17 01:57:51	keys	Approved	user 2026-09-17 bead-pick option 1	X=0,Y=0,X2=0,Y2=0,Key=G:\Codes\LabVIEW_Codes\MinLab\zz_LabView VI\AAA_UNIST\2. Tracking\V6_ParallelLoop\tools\bench\d0_out\d0cal001
2026-09-17 01:58:15	click	Approved	user 2026-09-17 bead-pick option 1	X=1541,Y=563,X2=0,Y2=0,Key=
2026-09-17 01:58:49	click	Approved	D0 2026-09-17: unattended run writing 1.3 MB TIFFs at ~90 Hz into tools/bench/d0_out; halt before it fills the disk	X=112,Y=117,X2=0,Y2=0,Key=
2026-09-17 02:11:18	click	Approved	user 2026-09-17 bead-pick option 1	X=552,Y=756,X2=0,Y2=0,Key=
2026-09-17 02:11:22	click	Approved	user 2026-09-17 bead-pick option 1	X=430,Y=640,X2=0,Y2=0,Key=
2026-09-17 02:11:25	click	Approved	user 2026-09-17 bead-pick option 1	X=690,Y=880,X2=0,Y2=0,Key=
2026-09-17 02:11:29	click	Approved	user 2026-09-17 bead-pick option 1	X=1114,Y=915,X2=0,Y2=0,Key=
2026-09-17 02:11:59	click	Approved	user 2026-09-17 bead-pick option 1	X=175,Y=353,X2=0,Y2=0,Key=
2026-09-17 02:17:01	click	Approved	user 2026-09-17 bead-pick option 1	X=552,Y=756,X2=0,Y2=0,Key=
2026-09-17 02:17:05	click	Approved	user 2026-09-17 bead-pick option 1	X=430,Y=640,X2=0,Y2=0,Key=
2026-09-17 02:17:08	click	Approved	user 2026-09-17 bead-pick option 1	X=690,Y=880,X2=0,Y2=0,Key=
2026-09-17 02:17:12	click	Approved	user 2026-09-17 bead-pick option 1	X=1114,Y=915,X2=0,Y2=0,Key=
2026-09-17 02:17:18	click	Approved	user 2026-09-17 bead-pick option 1	X=175,Y=353,X2=0,Y2=0,Key=
2026-09-17 02:30:13	clickprobe	Approved	user 2026-09-17 bead-pick option 1	X=962,Y=63,X2=0,Y2=0,Key=
2026-09-17 02:30:20	click	Approved	user 2026-09-17 bead-pick option 1	X=552,Y=756,X2=0,Y2=0,Key=
2026-09-17 02:30:23	click	Approved	user 2026-09-17 bead-pick option 1	X=430,Y=640,X2=0,Y2=0,Key=
2026-09-17 02:30:27	click	Approved	user 2026-09-17 bead-pick option 1	X=690,Y=880,X2=0,Y2=0,Key=
2026-09-17 02:30:31	click	Approved	user 2026-09-17 bead-pick option 1	X=1114,Y=915,X2=0,Y2=0,Key=
2026-09-17 02:31:13	clickprobe	Approved	user 2026-09-17 bead-pick option 1	X=175,Y=353,X2=0,Y2=0,Key=
2026-09-17 02:45:25	click	Approved	user 2026-09-17 bead-pick option 1	X=552,Y=756,X2=0,Y2=0,Key=
2026-09-17 02:45:29	click	Approved	user 2026-09-17 bead-pick option 1	X=430,Y=640,X2=0,Y2=0,Key=
2026-09-17 02:45:32	click	Approved	user 2026-09-17 bead-pick option 1	X=690,Y=880,X2=0,Y2=0,Key=
2026-09-17 02:45:36	click	Approved	user 2026-09-17 bead-pick option 1	X=1114,Y=915,X2=0,Y2=0,Key=
2026-09-17 02:46:09	clickprobe	Approved	user 2026-09-17 bead-pick option 1	X=175,Y=353,X2=0,Y2=0,Key=
2026-09-17 02:46:16	clickprobe	Approved	user 2026-09-17 bead-pick option 1	X=175,Y=353,X2=0,Y2=0,Key=
2026-09-17 02:46:23	clickprobe	Approved	user 2026-09-17 bead-pick option 1	X=175,Y=353,X2=0,Y2=0,Key=
2026-09-17 02:46:30	keys	Approved	user 2026-09-17 bead-pick option 1	X=0,Y=0,X2=0,Y2=0,Key=^a
2026-09-17 02:46:31	keys	Approved	user 2026-09-17 bead-pick option 1	X=0,Y=0,X2=0,Y2=0,Key=G:\Codes\LabVIEW_Codes\MinLab\zz_LabView VI\AAA_UNIST\2. Tracking\V6_ParallelLoop\tools\bench\d0_out\run_20260917_024503\cal001
2026-09-17 02:46:38	keys	Approved	user 2026-09-17 bead-pick option 1	X=0,Y=0,X2=0,Y2=0,Key={ENTER}
2026-09-17 10:36:53	keys	Approved	bench prep: open GUIBENCH BD	X=0,Y=0,X2=0,Y2=0,Key=^e
2026-09-17 11:09:00	keys	Approved	bench prep: open GUIBENCH BD	X=0,Y=0,X2=0,Y2=0,Key=^e
2026-09-17 12:01:54	keys	Approved	bench prep: open GUIBENCH BD	X=0,Y=0,X2=0,Y2=0,Key=^e
2026-09-17 13:19:17	keys	Approved	bench prep: open GUIBENCH BD	X=0,Y=0,X2=0,Y2=0,Key=^e
2026-09-17 13:42:13	keys	Approved	bench prep: open GUIBENCH BD	X=0,Y=0,X2=0,Y2=0,Key=^e
2026-09-17 17:47:50	keys	Approved	bench prep: open GUIBENCH BD	X=0,Y=0,X2=0,Y2=0,Key=^e
2026-09-18 17:26:16	click	Approved	user 2026-09-17 bead-pick option 1	X=552,Y=756,X2=0,Y2=0,Key=
2026-09-18 17:26:21	click	Approved	user 2026-09-17 bead-pick option 1	X=430,Y=640,X2=0,Y2=0,Key=
2026-09-18 17:26:25	click	Approved	user 2026-09-17 bead-pick option 1	X=690,Y=880,X2=0,Y2=0,Key=
2026-09-18 17:26:29	click	Approved	user 2026-09-17 bead-pick option 1	X=1114,Y=915,X2=0,Y2=0,Key=
2026-09-18 17:51:03	clickprobe	Approved	user 2026-09-17 bead-pick option 1	X=1114,Y=915,X2=0,Y2=0,Key=
2026-09-18 18:08:42	clickprobe	Approved	user 2026-09-17 bead-pick option 1	X=553,Y=758,X2=0,Y2=0,Key=
2026-09-18 18:08:46	clickprobe	Approved	user 2026-09-17 bead-pick option 1	X=431,Y=640,X2=0,Y2=0,Key=
2026-09-18 18:08:51	clickprobe	Approved	user 2026-09-17 bead-pick option 1	X=687,Y=881,X2=0,Y2=0,Key=
2026-09-18 18:08:57	clickprobe	Approved	user 2026-09-17 bead-pick option 1	X=1177,Y=862,X2=0,Y2=0,Key=
2026-09-18 18:09:34	clickprobe	Approved	user 2026-09-17 bead-pick option 1	X=174,Y=352,X2=0,Y2=0,Key=
2026-09-18 18:09:43	clickprobe	Approved	user 2026-09-17 bead-pick option 1	X=174,Y=352,X2=0,Y2=0,Key=
2026-09-18 18:09:51	clickprobe	Approved	user 2026-09-17 bead-pick option 1	X=174,Y=352,X2=0,Y2=0,Key=
2026-09-18 18:09:59	keys	Approved	user 2026-09-17 bead-pick option 1	X=0,Y=0,X2=0,Y2=0,Key=^a
2026-09-18 18:09:59	keys	Approved	user 2026-09-17 bead-pick option 1	X=0,Y=0,X2=0,Y2=0,Key=G:\Codes\LabVIEW_Codes\MinLab\zz_LabView VI\AAA_UNIST\2. Tracking\V6_ParallelLoop\tools\bench\d0_out\v5_20260918_180813\cal001
2026-09-18 18:10:06	keys	Approved	user 2026-09-17 bead-pick option 1	X=0,Y=0,X2=0,Y2=0,Key={ENTER}
2026-09-18 18:10:53	clickprobe	Approved	user 2026-09-17 bead-pick option 1	X=553,Y=758,X2=0,Y2=0,Key=
2026-09-18 18:10:57	clickprobe	Approved	user 2026-09-17 bead-pick option 1	X=431,Y=640,X2=0,Y2=0,Key=
2026-09-18 18:11:01	clickprobe	Approved	user 2026-09-17 bead-pick option 1	X=687,Y=881,X2=0,Y2=0,Key=
2026-09-18 18:11:08	clickprobe	Approved	user 2026-09-17 bead-pick option 1	X=1177,Y=862,X2=0,Y2=0,Key=
2026-09-18 18:11:42	clickprobe	Approved	user 2026-09-17 bead-pick option 1	X=174,Y=352,X2=0,Y2=0,Key=
2026-09-18 18:11:50	clickprobe	Approved	user 2026-09-17 bead-pick option 1	X=174,Y=352,X2=0,Y2=0,Key=
2026-09-18 18:11:59	clickprobe	Approved	user 2026-09-17 bead-pick option 1	X=174,Y=352,X2=0,Y2=0,Key=
2026-09-18 18:12:06	keys	Approved	user 2026-09-17 bead-pick option 1	X=0,Y=0,X2=0,Y2=0,Key=^a
2026-09-18 18:12:07	keys	Approved	user 2026-09-17 bead-pick option 1	X=0,Y=0,X2=0,Y2=0,Key=G:\Codes\LabVIEW_Codes\MinLab\zz_LabView VI\AAA_UNIST\2. Tracking\V6_ParallelLoop\tools\bench\d0_out\v5_20260918_180813\cal002
2026-09-18 18:12:14	keys	Approved	user 2026-09-17 bead-pick option 1	X=0,Y=0,X2=0,Y2=0,Key={ENTER}
2026-09-22 01:01:29	clickprobe	Approved	gui_save: title-bar clickprobe, foreground MEASURED before Ctrl+S (save repair 2026-09-22)	X=294,Y=61,X2=0,Y2=0,Key=
2026-09-22 01:01:32	keys	Approved	gui_save: open the Block Diagram window - Ctrl+S on a Front Panel saves nothing (2026-08-30, 2026-09-15)	X=0,Y=0,X2=0,Y2=0,Key=^e
2026-09-22 01:01:38	clickprobe	Approved	gui_save: title-bar clickprobe, foreground MEASURED before Ctrl+S (save repair 2026-09-22)	X=294,Y=14,X2=0,Y2=0,Key=
2026-09-22 01:01:42	keys	Approved	gui_save: COM SaveInstrument hangs on broken VIs (skill com-driving.md)	X=0,Y=0,X2=0,Y2=0,Key=^s
2026-09-22 02:32:12	clickprobe	Approved	gui_save: title-bar clickprobe, foreground MEASURED before Ctrl+S (save repair 2026-09-22)	X=294,Y=61,X2=0,Y2=0,Key=
2026-09-22 02:32:16	keys	Approved	gui_save: open the Block Diagram window - Ctrl+S on a Front Panel saves nothing (2026-08-30, 2026-09-15)	X=0,Y=0,X2=0,Y2=0,Key=^e
2026-09-22 02:32:21	clickprobe	Approved	gui_save: title-bar clickprobe, foreground MEASURED before Ctrl+S (save repair 2026-09-22)	X=294,Y=14,X2=0,Y2=0,Key=
2026-09-22 02:32:25	keys	Approved	gui_save: COM SaveInstrument hangs on broken VIs (skill com-driving.md)	X=0,Y=0,X2=0,Y2=0,Key=^s
2026-09-22 07:57:56	clickprobe	Approved	gui_save: title-bar clickprobe, foreground MEASURED before Ctrl+S (save repair 2026-09-22)	X=294,Y=61,X2=0,Y2=0,Key=
2026-09-22 07:57:59	keys	Approved	gui_save: open the Block Diagram window - Ctrl+S on a Front Panel saves nothing (2026-08-30, 2026-09-15)	X=0,Y=0,X2=0,Y2=0,Key=^e
2026-09-22 07:58:04	clickprobe	Approved	gui_save: title-bar clickprobe, foreground MEASURED before Ctrl+S (save repair 2026-09-22)	X=294,Y=14,X2=0,Y2=0,Key=
2026-09-22 07:58:09	keys	Approved	gui_save: COM SaveInstrument hangs on broken VIs (skill com-driving.md)	X=0,Y=0,X2=0,Y2=0,Key=^s
2026-09-22 08:12:44	clickprobe	Approved	gui_save: title-bar clickprobe, foreground MEASURED before Ctrl+S (save repair 2026-09-22)	X=294,Y=61,X2=0,Y2=0,Key=
2026-09-22 08:12:47	keys	Approved	gui_save: open the Block Diagram window - Ctrl+S on a Front Panel saves nothing (2026-08-30, 2026-09-15)	X=0,Y=0,X2=0,Y2=0,Key=^e
2026-09-22 08:12:52	clickprobe	Approved	gui_save: title-bar clickprobe, foreground MEASURED before Ctrl+S (save repair 2026-09-22)	X=294,Y=14,X2=0,Y2=0,Key=
2026-09-22 08:12:56	keys	Approved	gui_save: COM SaveInstrument hangs on broken VIs (skill com-driving.md)	X=0,Y=0,X2=0,Y2=0,Key=^s
2026-09-22 15:37:28	clickprobe	Approved	gui_save: title-bar clickprobe, foreground MEASURED before Ctrl+S (save repair 2026-09-22)	X=294,Y=61,X2=0,Y2=0,Key=
2026-09-22 15:37:31	keys	Approved	gui_save: open the Block Diagram window - Ctrl+S on a Front Panel saves nothing (2026-08-30, 2026-09-15)	X=0,Y=0,X2=0,Y2=0,Key=^e
2026-09-22 15:37:37	clickprobe	Approved	gui_save: title-bar clickprobe, foreground MEASURED before Ctrl+S (save repair 2026-09-22)	X=294,Y=14,X2=0,Y2=0,Key=
2026-09-22 15:37:41	keys	Approved	gui_save: COM SaveInstrument hangs on broken VIs (skill com-driving.md)	X=0,Y=0,X2=0,Y2=0,Key=^s
2026-09-22 16:11:59	clickprobe	Approved	gui_save: title-bar clickprobe, foreground MEASURED before Ctrl+S (save repair 2026-09-22)	X=294,Y=61,X2=0,Y2=0,Key=
2026-09-22 16:12:02	keys	Approved	gui_save: open the Block Diagram window - Ctrl+S on a Front Panel saves nothing (2026-08-30, 2026-09-15)	X=0,Y=0,X2=0,Y2=0,Key=^e
2026-09-22 16:12:07	clickprobe	Approved	gui_save: title-bar clickprobe, foreground MEASURED before Ctrl+S (save repair 2026-09-22)	X=294,Y=14,X2=0,Y2=0,Key=
2026-09-22 16:12:12	keys	Approved	gui_save: COM SaveInstrument hangs on broken VIs (skill com-driving.md)	X=0,Y=0,X2=0,Y2=0,Key=^s
2026-09-23 05:34:42	clickprobe	Approved	user 2026-09-23 error list via GUI	X=294,Y=61,X2=0,Y2=0,Key=
2026-09-23 05:34:45	keys	Approved	user 2026-09-23 error list via GUI	X=0,Y=0,X2=0,Y2=0,Key=^l
2026-09-23 05:34:55	clickprobe	Approved	user 2026-09-23 error list via GUI	X=294,Y=61,X2=0,Y2=0,Key=
2026-09-23 05:34:58	keys	Approved	user 2026-09-23 error list via GUI	X=0,Y=0,X2=0,Y2=0,Key=^l
2026-09-23 05:46:10	clickprobe	Approved	user 2026-09-23 error list via GUI	X=294,Y=61,X2=0,Y2=0,Key=
2026-09-23 05:46:13	keys	Approved	user 2026-09-23 error list via GUI	X=0,Y=0,X2=0,Y2=0,Key=^l
2026-09-23 05:46:19	keys	Approved	user 2026-09-23 error list via GUI	X=0,Y=0,X2=0,Y2=0,Key=HOME
2026-09-23 05:46:26	keys	Approved	user 2026-09-23 error list via GUI	X=0,Y=0,X2=0,Y2=0,Key=DOWN
2026-09-23 05:46:31	keys	Approved	user 2026-09-23 error list via GUI	X=0,Y=0,X2=0,Y2=0,Key=TAB
2026-09-23 05:46:32	keys	Approved	user 2026-09-23 error list via GUI	X=0,Y=0,X2=0,Y2=0,Key=DOWN
2026-09-23 05:46:42	clickprobe	Approved	user 2026-09-23 error list via GUI	X=294,Y=61,X2=0,Y2=0,Key=
2026-09-23 05:46:45	keys	Approved	user 2026-09-23 error list via GUI	X=0,Y=0,X2=0,Y2=0,Key=^l
2026-09-23 05:46:50	keys	Approved	user 2026-09-23 error list via GUI	X=0,Y=0,X2=0,Y2=0,Key=HOME
2026-09-23 05:46:56	keys	Approved	user 2026-09-23 error list via GUI	X=0,Y=0,X2=0,Y2=0,Key=DOWN
2026-09-23 05:47:00	keys	Approved	user 2026-09-23 error list via GUI	X=0,Y=0,X2=0,Y2=0,Key=TAB
2026-09-23 05:47:02	keys	Approved	user 2026-09-23 error list via GUI	X=0,Y=0,X2=0,Y2=0,Key=DOWN
2026-09-23 05:52:28	clickprobe	Approved	user 2026-09-23 error list via GUI	X=294,Y=61,X2=0,Y2=0,Key=
2026-09-23 05:52:32	keys	Approved	user 2026-09-23 error list via GUI	X=0,Y=0,X2=0,Y2=0,Key=^l
2026-09-23 05:52:46	clickprobe	Approved	user 2026-09-23 error list via GUI	X=294,Y=61,X2=0,Y2=0,Key=
2026-09-23 05:52:49	keys	Approved	user 2026-09-23 error list via GUI	X=0,Y=0,X2=0,Y2=0,Key=^l
2026-09-23 05:56:39	clickprobe	Approved	user 2026-09-23 error list via GUI	X=294,Y=61,X2=0,Y2=0,Key=
2026-09-23 05:56:42	keys	Approved	user 2026-09-23 error list via GUI	X=0,Y=0,X2=0,Y2=0,Key=^l
2026-09-23 05:56:48	clickprobe	Approved	user 2026-09-23 error list via GUI	X=763,Y=252,X2=0,Y2=0,Key=
2026-09-23 05:56:50	clickprobe	Approved	user 2026-09-23 error list via GUI	X=763,Y=252,X2=0,Y2=0,Key=
2026-09-23 05:56:57	clickprobe	Approved	user 2026-09-23 error list via GUI	X=294,Y=61,X2=0,Y2=0,Key=
2026-09-23 05:57:01	keys	Approved	user 2026-09-23 error list via GUI	X=0,Y=0,X2=0,Y2=0,Key=^l
2026-09-23 05:57:05	clickprobe	Approved	user 2026-09-23 error list via GUI	X=763,Y=252,X2=0,Y2=0,Key=
2026-09-23 05:57:08	clickprobe	Approved	user 2026-09-23 error list via GUI	X=763,Y=252,X2=0,Y2=0,Key=
2026-09-23 06:04:10	activate	Approved	lv_gui activate self-test 2026-09-23	X=0,Y=0,X2=0,Y2=0,Key=
2026-09-23 06:06:05	clickprobe	Approved	user 2026-09-23 error list via GUI	X=294,Y=61,X2=0,Y2=0,Key=
2026-09-23 06:06:08	keys	Approved	user 2026-09-23 error list via GUI	X=0,Y=0,X2=0,Y2=0,Key=^l
2026-09-23 06:06:15	keys	Approved	user 2026-09-23 error list via GUI	X=0,Y=0,X2=0,Y2=0,Key=DOWN
2026-09-23 06:06:21	click	Approved	user 2026-09-23 error list via GUI	X=629,Y=512,X2=0,Y2=0,Key=
2026-09-23 06:06:25	click	Approved	user 2026-09-23 error list via GUI	X=629,Y=528,X2=0,Y2=0,Key=
2026-09-23 06:06:30	click	Approved	user 2026-09-23 error list via GUI	X=629,Y=544,X2=0,Y2=0,Key=
2026-09-23 06:06:34	click	Approved	user 2026-09-23 error list via GUI	X=629,Y=560,X2=0,Y2=0,Key=
2026-09-23 06:06:39	click	Approved	user 2026-09-23 error list via GUI	X=629,Y=576,X2=0,Y2=0,Key=
2026-09-23 06:06:44	click	Approved	user 2026-09-23 error list via GUI	X=629,Y=592,X2=0,Y2=0,Key=
2026-09-23 06:06:50	click	Approved	user 2026-09-23 error list via GUI	X=629,Y=608,X2=0,Y2=0,Key=
2026-09-23 06:06:57	click	Approved	user 2026-09-23 error list via GUI	X=629,Y=576,X2=0,Y2=0,Key=
2026-09-23 06:07:02	click	Approved	user 2026-09-23 error list via GUI	X=629,Y=592,X2=0,Y2=0,Key=
2026-09-23 06:07:07	click	Approved	user 2026-09-23 error list via GUI	X=629,Y=608,X2=0,Y2=0,Key=
2026-09-23 06:07:13	click	Approved	user 2026-09-23 error list via GUI	X=629,Y=576,X2=0,Y2=0,Key=
2026-09-23 06:07:17	click	Approved	user 2026-09-23 error list via GUI	X=629,Y=592,X2=0,Y2=0,Key=
2026-09-23 06:07:21	click	Approved	user 2026-09-23 error list via GUI	X=629,Y=608,X2=0,Y2=0,Key=
2026-09-23 06:07:31	clickprobe	Approved	user 2026-09-23 error list via GUI	X=294,Y=61,X2=0,Y2=0,Key=
2026-09-23 06:07:35	keys	Approved	user 2026-09-23 error list via GUI	X=0,Y=0,X2=0,Y2=0,Key=^l
2026-09-23 06:07:40	keys	Approved	user 2026-09-23 error list via GUI	X=0,Y=0,X2=0,Y2=0,Key=DOWN
2026-09-23 06:07:45	click	Approved	user 2026-09-23 error list via GUI	X=629,Y=512,X2=0,Y2=0,Key=
2026-09-23 06:07:49	click	Approved	user 2026-09-23 error list via GUI	X=629,Y=528,X2=0,Y2=0,Key=
2026-09-23 06:07:54	click	Approved	user 2026-09-23 error list via GUI	X=629,Y=544,X2=0,Y2=0,Key=
2026-09-23 06:07:59	click	Approved	user 2026-09-23 error list via GUI	X=629,Y=560,X2=0,Y2=0,Key=
2026-09-23 06:08:03	click	Approved	user 2026-09-23 error list via GUI	X=629,Y=576,X2=0,Y2=0,Key=
2026-09-23 06:08:07	click	Approved	user 2026-09-23 error list via GUI	X=629,Y=592,X2=0,Y2=0,Key=
2026-09-23 06:08:11	click	Approved	user 2026-09-23 error list via GUI	X=629,Y=608,X2=0,Y2=0,Key=
2026-09-23 06:08:18	click	Approved	user 2026-09-23 error list via GUI	X=629,Y=576,X2=0,Y2=0,Key=
2026-09-23 06:08:22	click	Approved	user 2026-09-23 error list via GUI	X=629,Y=592,X2=0,Y2=0,Key=
2026-09-23 06:08:26	click	Approved	user 2026-09-23 error list via GUI	X=629,Y=608,X2=0,Y2=0,Key=
2026-09-23 06:16:05	activate	VerifiedImpossible	chat 2026-09-23 TMSC-in-loop: diag_allterms_cast/retarget2/donor2, cycle27-plan:2220	X=0,Y=0,X2=0,Y2=0,Key=
2026-09-23 06:16:08	keys	VerifiedImpossible	chat 2026-09-23 TMSC-in-loop: diag_allterms_cast/retarget2/donor2, cycle27-plan:2220	X=0,Y=0,X2=0,Y2=0,Key=^e
2026-09-23 06:16:13	activate	VerifiedImpossible	chat 2026-09-23 TMSC-in-loop: diag_allterms_cast/retarget2/donor2, cycle27-plan:2220	X=0,Y=0,X2=0,Y2=0,Key=
2026-09-23 06:16:15	activate	VerifiedImpossible	chat 2026-09-23 TMSC-in-loop: diag_allterms_cast/retarget2/donor2, cycle27-plan:2220	X=0,Y=0,X2=0,Y2=0,Key=
2026-09-23 06:16:18	keys	VerifiedImpossible	chat 2026-09-23 TMSC-in-loop: diag_allterms_cast/retarget2/donor2, cycle27-plan:2220	X=0,Y=0,X2=0,Y2=0,Key=^ 
2026-09-23 06:16:22	keys	VerifiedImpossible	chat 2026-09-23 TMSC-in-loop: diag_allterms_cast/retarget2/donor2, cycle27-plan:2220	X=0,Y=0,X2=0,Y2=0,Key=To More Specific Class
2026-09-23 06:16:26	key	VerifiedImpossible	chat 2026-09-23 TMSC-in-loop: diag_allterms_cast/retarget2/donor2, cycle27-plan:2220	X=0,Y=0,X2=0,Y2=0,Key=enter
2026-09-23 06:23:23	activate	VerifiedImpossible	chat 2026-09-23 TMSC-in-loop: diag_allterms_cast/retarget2/donor2, cycle27-plan:2220	X=0,Y=0,X2=0,Y2=0,Key=
2026-09-23 06:23:26	keys	VerifiedImpossible	chat 2026-09-23 TMSC-in-loop: diag_allterms_cast/retarget2/donor2, cycle27-plan:2220	X=0,Y=0,X2=0,Y2=0,Key=^e
2026-09-23 06:23:31	activate	VerifiedImpossible	chat 2026-09-23 TMSC-in-loop: diag_allterms_cast/retarget2/donor2, cycle27-plan:2220	X=0,Y=0,X2=0,Y2=0,Key=
2026-09-23 06:23:32	click	VerifiedImpossible	chat 2026-09-23 TMSC-in-loop: diag_allterms_cast/retarget2/donor2, cycle27-plan:2220	X=400,Y=10,X2=0,Y2=0,Key=
2026-09-23 06:23:34	activate	VerifiedImpossible	chat 2026-09-23 TMSC-in-loop: diag_allterms_cast/retarget2/donor2, cycle27-plan:2220	X=0,Y=0,X2=0,Y2=0,Key=
2026-09-23 06:23:35	click	VerifiedImpossible	chat 2026-09-23 TMSC-in-loop: diag_allterms_cast/retarget2/donor2, cycle27-plan:2220	X=400,Y=10,X2=0,Y2=0,Key=
2026-09-23 06:23:39	keys	VerifiedImpossible	chat 2026-09-23 TMSC-in-loop: diag_allterms_cast/retarget2/donor2, cycle27-plan:2220	X=0,Y=0,X2=0,Y2=0,Key=^ 
2026-09-23 06:23:43	keys	VerifiedImpossible	chat 2026-09-23 TMSC-in-loop: diag_allterms_cast/retarget2/donor2, cycle27-plan:2220	X=0,Y=0,X2=0,Y2=0,Key=To More Specific Class
2026-09-23 06:23:47	key	VerifiedImpossible	chat 2026-09-23 TMSC-in-loop: diag_allterms_cast/retarget2/donor2, cycle27-plan:2220	X=0,Y=0,X2=0,Y2=0,Key=enter
2026-09-23 06:23:50	click	VerifiedImpossible	chat 2026-09-23 TMSC-in-loop: diag_allterms_cast/retarget2/donor2, cycle27-plan:2220	X=400,Y=10,X2=0,Y2=0,Key=
2026-09-23 06:46:15	activate	VerifiedImpossible	chat 2026-09-23 TMSC-in-loop: diag_allterms_cast/retarget2/donor2, cycle27-plan:2220	X=0,Y=0,X2=0,Y2=0,Key=
2026-09-23 06:46:18	keys	VerifiedImpossible	chat 2026-09-23 TMSC-in-loop: diag_allterms_cast/retarget2/donor2, cycle27-plan:2220	X=0,Y=0,X2=0,Y2=0,Key=^e
2026-09-23 06:46:23	activate	VerifiedImpossible	chat 2026-09-23 TMSC-in-loop: diag_allterms_cast/retarget2/donor2, cycle27-plan:2220	X=0,Y=0,X2=0,Y2=0,Key=
2026-09-23 06:46:24	click	VerifiedImpossible	chat 2026-09-23 TMSC-in-loop: diag_allterms_cast/retarget2/donor2, cycle27-plan:2220	X=400,Y=10,X2=0,Y2=0,Key=
2026-09-23 06:46:26	activate	VerifiedImpossible	chat 2026-09-23 TMSC-in-loop: diag_allterms_cast/retarget2/donor2, cycle27-plan:2220	X=0,Y=0,X2=0,Y2=0,Key=
2026-09-23 06:46:29	keys	VerifiedImpossible	chat 2026-09-23 TMSC-in-loop: diag_allterms_cast/retarget2/donor2, cycle27-plan:2220	X=0,Y=0,X2=0,Y2=0,Key=^ 
2026-09-23 06:46:33	keys	VerifiedImpossible	chat 2026-09-23 TMSC-in-loop: diag_allterms_cast/retarget2/donor2, cycle27-plan:2220	X=0,Y=0,X2=0,Y2=0,Key=To More Specific Class
2026-09-23 06:46:37	key	VerifiedImpossible	chat 2026-09-23 TMSC-in-loop: diag_allterms_cast/retarget2/donor2, cycle27-plan:2220	X=0,Y=0,X2=0,Y2=0,Key=enter
2026-09-23 06:46:41	click	VerifiedImpossible	chat 2026-09-23 TMSC-in-loop: diag_allterms_cast/retarget2/donor2, cycle27-plan:2220	X=1300,Y=620,X2=0,Y2=0,Key=
2026-09-23 06:48:53	activate	VerifiedImpossible	chat 2026-09-23 TMSC-in-loop: diag_allterms_cast/retarget2/donor2, cycle27-plan:2220	X=0,Y=0,X2=0,Y2=0,Key=
2026-09-23 06:48:56	keys	VerifiedImpossible	chat 2026-09-23 TMSC-in-loop: diag_allterms_cast/retarget2/donor2, cycle27-plan:2220	X=0,Y=0,X2=0,Y2=0,Key=^e
2026-09-23 06:49:02	activate	VerifiedImpossible	chat 2026-09-23 TMSC-in-loop: diag_allterms_cast/retarget2/donor2, cycle27-plan:2220	X=0,Y=0,X2=0,Y2=0,Key=
2026-09-23 06:49:03	click	VerifiedImpossible	chat 2026-09-23 TMSC-in-loop: diag_allterms_cast/retarget2/donor2, cycle27-plan:2220	X=400,Y=10,X2=0,Y2=0,Key=
2026-09-23 06:49:05	activate	VerifiedImpossible	chat 2026-09-23 TMSC-in-loop: diag_allterms_cast/retarget2/donor2, cycle27-plan:2220	X=0,Y=0,X2=0,Y2=0,Key=
2026-09-23 06:49:08	keys	VerifiedImpossible	chat 2026-09-23 TMSC-in-loop: diag_allterms_cast/retarget2/donor2, cycle27-plan:2220	X=0,Y=0,X2=0,Y2=0,Key=^ 
2026-09-23 06:49:11	keys	VerifiedImpossible	chat 2026-09-23 TMSC-in-loop: diag_allterms_cast/retarget2/donor2, cycle27-plan:2220	X=0,Y=0,X2=0,Y2=0,Key=To More Specific Class
2026-09-23 06:49:15	key	VerifiedImpossible	chat 2026-09-23 TMSC-in-loop: diag_allterms_cast/retarget2/donor2, cycle27-plan:2220	X=0,Y=0,X2=0,Y2=0,Key=enter
2026-09-23 06:49:19	click	VerifiedImpossible	chat 2026-09-23 TMSC-in-loop: diag_allterms_cast/retarget2/donor2, cycle27-plan:2220	X=1300,Y=620,X2=0,Y2=0,Key=
2026-09-23 06:49:22	activate	VerifiedImpossible	chat 2026-09-23 TMSC-in-loop: diag_allterms_cast/retarget2/donor2, cycle27-plan:2220	X=0,Y=0,X2=0,Y2=0,Key=
2026-09-23 06:49:24	activate	VerifiedImpossible	chat 2026-09-23 TMSC-in-loop: diag_allterms_cast/retarget2/donor2, cycle27-plan:2220	X=0,Y=0,X2=0,Y2=0,Key=
2026-09-23 06:49:27	keys	VerifiedImpossible	chat 2026-09-23 TMSC-in-loop: diag_allterms_cast/retarget2/donor2, cycle27-plan:2220	X=0,Y=0,X2=0,Y2=0,Key=^ 
2026-09-23 06:49:31	keys	VerifiedImpossible	chat 2026-09-23 TMSC-in-loop: diag_allterms_cast/retarget2/donor2, cycle27-plan:2220	X=0,Y=0,X2=0,Y2=0,Key=To More Specific Class
2026-09-23 06:49:35	key	VerifiedImpossible	chat 2026-09-23 TMSC-in-loop: diag_allterms_cast/retarget2/donor2, cycle27-plan:2220	X=0,Y=0,X2=0,Y2=0,Key=enter
2026-09-23 06:49:39	click	VerifiedImpossible	chat 2026-09-23 TMSC-in-loop: diag_allterms_cast/retarget2/donor2, cycle27-plan:2220	X=360,Y=340,X2=0,Y2=0,Key=
2026-09-23 06:49:42	activate	VerifiedImpossible	chat 2026-09-23 TMSC-in-loop: diag_allterms_cast/retarget2/donor2, cycle27-plan:2220	X=0,Y=0,X2=0,Y2=0,Key=
2026-09-23 06:49:45	keys	VerifiedImpossible	chat 2026-09-23 TMSC-in-loop: diag_allterms_cast/retarget2/donor2, cycle27-plan:2220	X=0,Y=0,X2=0,Y2=0,Key=^ 
2026-09-23 06:49:48	keys	VerifiedImpossible	chat 2026-09-23 TMSC-in-loop: diag_allterms_cast/retarget2/donor2, cycle27-plan:2220	X=0,Y=0,X2=0,Y2=0,Key=To More Specific Class
2026-09-23 06:49:52	key	VerifiedImpossible	chat 2026-09-23 TMSC-in-loop: diag_allterms_cast/retarget2/donor2, cycle27-plan:2220	X=0,Y=0,X2=0,Y2=0,Key=enter
2026-09-23 06:49:56	click	VerifiedImpossible	chat 2026-09-23 TMSC-in-loop: diag_allterms_cast/retarget2/donor2, cycle27-plan:2220	X=620,Y=340,X2=0,Y2=0,Key=
2026-09-23 06:50:03	clickprobe	Approved	gui_save: title-bar clickprobe, foreground MEASURED before Ctrl+S (save repair 2026-09-22)	X=300,Y=10,X2=0,Y2=0,Key=
2026-09-23 06:50:07	keys	Approved	gui_save: COM SaveInstrument hangs on broken VIs (skill com-driving.md)	X=0,Y=0,X2=0,Y2=0,Key=^s
2026-09-23 06:57:21	clickprobe	Approved	gui_save: title-bar clickprobe, foreground MEASURED before Ctrl+S (save repair 2026-09-22)	X=300,Y=14,X2=0,Y2=0,Key=
2026-09-23 06:57:25	keys	Approved	gui_save: open the Block Diagram window - Ctrl+S on a Front Panel saves nothing (2026-08-30, 2026-09-15)	X=0,Y=0,X2=0,Y2=0,Key=^e
2026-09-23 06:57:30	clickprobe	Approved	gui_save: title-bar clickprobe, foreground MEASURED before Ctrl+S (save repair 2026-09-22)	X=300,Y=14,X2=0,Y2=0,Key=
2026-09-23 06:57:34	keys	Approved	gui_save: COM SaveInstrument hangs on broken VIs (skill com-driving.md)	X=0,Y=0,X2=0,Y2=0,Key=^s
2026-09-24 03:59:05	clickprobe	Approved	gui_save: title-bar clickprobe, foreground MEASURED before Ctrl+S (save repair 2026-09-22)	X=294,Y=61,X2=0,Y2=0,Key=
2026-09-24 03:59:08	keys	Approved	gui_save: open the Block Diagram window - Ctrl+S on a Front Panel saves nothing (2026-08-30, 2026-09-15)	X=0,Y=0,X2=0,Y2=0,Key=^e
2026-09-24 03:59:13	clickprobe	Approved	gui_save: title-bar clickprobe, foreground MEASURED before Ctrl+S (save repair 2026-09-22)	X=294,Y=14,X2=0,Y2=0,Key=
2026-09-24 03:59:18	keys	Approved	gui_save: COM SaveInstrument hangs on broken VIs (skill com-driving.md)	X=0,Y=0,X2=0,Y2=0,Key=^s
2026-09-24 06:16:03	clickprobe	Approved	gui_save: title-bar clickprobe, foreground MEASURED before Ctrl+S (save repair 2026-09-22)	X=294,Y=61,X2=0,Y2=0,Key=
2026-09-24 06:16:06	keys	Approved	gui_save: open the Block Diagram window - Ctrl+S on a Front Panel saves nothing (2026-08-30, 2026-09-15)	X=0,Y=0,X2=0,Y2=0,Key=^e
2026-09-24 06:16:11	clickprobe	Approved	gui_save: title-bar clickprobe, foreground MEASURED before Ctrl+S (save repair 2026-09-22)	X=294,Y=14,X2=0,Y2=0,Key=
2026-09-24 06:16:16	keys	Approved	gui_save: COM SaveInstrument hangs on broken VIs (skill com-driving.md)	X=0,Y=0,X2=0,Y2=0,Key=^s
2026-09-24 18:07:43	clickprobe	Approved	user 2026-09-24 error-list check at cycle start	X=294,Y=61,X2=0,Y2=0,Key=
2026-09-24 18:07:47	keys	Approved	user 2026-09-24 error-list check at cycle start	X=0,Y=0,X2=0,Y2=0,Key=^e
2026-09-24 18:07:53	clickprobe	Approved	user 2026-09-24 error-list check at cycle start	X=294,Y=14,X2=0,Y2=0,Key=
2026-09-24 18:07:56	keys	Approved	user 2026-09-24 error-list check at cycle start	X=0,Y=0,X2=0,Y2=0,Key=^l
2026-09-24 18:08:04	keys	Approved	user 2026-09-24 error-list check at cycle start	X=0,Y=0,X2=0,Y2=0,Key=DOWN
2026-09-24 18:08:11	dclick	Approved	user 2026-09-24 error-list check at cycle start	X=712,Y=448,X2=0,Y2=0,Key=
2026-09-24 18:08:14	click	Approved	user 2026-09-24 error-list check at cycle start	X=629,Y=465,X2=0,Y2=0,Key=
2026-09-24 18:08:18	dclick	Approved	user 2026-09-24 error-list check at cycle start	X=712,Y=448,X2=0,Y2=0,Key=
2026-09-24 18:08:22	click	Approved	user 2026-09-24 error-list check at cycle start	X=629,Y=465,X2=0,Y2=0,Key=
2026-09-24 19:19:09	clickprobe	Approved	user 2026-09-24 error-list check at cycle start	X=294,Y=61,X2=0,Y2=0,Key=
2026-09-24 19:19:13	keys	Approved	user 2026-09-24 error-list check at cycle start	X=0,Y=0,X2=0,Y2=0,Key=^e
2026-09-24 19:19:18	clickprobe	Approved	user 2026-09-24 error-list check at cycle start	X=294,Y=14,X2=0,Y2=0,Key=
2026-09-24 19:19:22	keys	Approved	user 2026-09-24 error-list check at cycle start	X=0,Y=0,X2=0,Y2=0,Key=^l
2026-09-24 19:19:29	keys	Approved	user 2026-09-24 error-list check at cycle start	X=0,Y=0,X2=0,Y2=0,Key=DOWN
2026-09-24 19:19:35	click	Approved	user 2026-09-24 error-list check at cycle start	X=629,Y=284,X2=0,Y2=0,Key=
2026-09-24 19:19:36	click	Approved	user 2026-09-24 error-list check at cycle start	X=629,Y=284,X2=0,Y2=0,Key=
2026-09-24 19:20:34	clickprobe	Approved	user 2026-09-24 error-list check at cycle start	X=294,Y=61,X2=0,Y2=0,Key=
2026-09-24 19:20:38	keys	Approved	user 2026-09-24 error-list check at cycle start	X=0,Y=0,X2=0,Y2=0,Key=^e
2026-09-24 19:20:44	clickprobe	Approved	user 2026-09-24 error-list check at cycle start	X=294,Y=14,X2=0,Y2=0,Key=
2026-09-24 19:20:47	keys	Approved	user 2026-09-24 error-list check at cycle start	X=0,Y=0,X2=0,Y2=0,Key=^l
2026-09-24 19:20:56	keys	Approved	user 2026-09-24 error-list check at cycle start	X=0,Y=0,X2=0,Y2=0,Key=DOWN
2026-09-24 19:21:03	dclick	Approved	user 2026-09-24 error-list check at cycle start	X=712,Y=448,X2=0,Y2=0,Key=
2026-09-24 19:21:06	click	Approved	user 2026-09-24 error-list check at cycle start	X=629,Y=465,X2=0,Y2=0,Key=
2026-09-24 19:21:08	activate	Approved	user 2026-09-24 error-list check at cycle start	X=0,Y=0,X2=0,Y2=0,Key=
2026-09-24 19:21:09	click	Approved	user 2026-09-24 error-list check at cycle start	X=629,Y=465,X2=0,Y2=0,Key=
2026-09-24 19:21:15	dclick	Approved	user 2026-09-24 error-list check at cycle start	X=712,Y=464,X2=0,Y2=0,Key=
2026-09-24 19:21:18	activate	Approved	user 2026-09-24 error-list check at cycle start	X=0,Y=0,X2=0,Y2=0,Key=
2026-09-24 19:21:20	click	Approved	user 2026-09-24 error-list check at cycle start	X=629,Y=481,X2=0,Y2=0,Key=
2026-09-24 19:21:26	dclick	Approved	user 2026-09-24 error-list check at cycle start	X=712,Y=480,X2=0,Y2=0,Key=
2026-09-24 19:21:29	activate	Approved	user 2026-09-24 error-list check at cycle start	X=0,Y=0,X2=0,Y2=0,Key=
2026-09-24 19:21:30	click	Approved	user 2026-09-24 error-list check at cycle start	X=629,Y=497,X2=0,Y2=0,Key=
2026-09-24 19:21:36	dclick	Approved	user 2026-09-24 error-list check at cycle start	X=712,Y=496,X2=0,Y2=0,Key=
2026-09-24 19:21:39	activate	Approved	user 2026-09-24 error-list check at cycle start	X=0,Y=0,X2=0,Y2=0,Key=
2026-09-24 19:21:40	click	Approved	user 2026-09-24 error-list check at cycle start	X=629,Y=513,X2=0,Y2=0,Key=
2026-09-24 19:21:47	dclick	Approved	user 2026-09-24 error-list check at cycle start	X=712,Y=512,X2=0,Y2=0,Key=
2026-09-24 19:21:50	activate	Approved	user 2026-09-24 error-list check at cycle start	X=0,Y=0,X2=0,Y2=0,Key=
2026-09-24 19:21:54	click	Approved	user 2026-09-24 error-list check at cycle start	X=629,Y=529,X2=0,Y2=0,Key=
2026-09-24 19:22:00	dclick	Approved	user 2026-09-24 error-list check at cycle start	X=712,Y=528,X2=0,Y2=0,Key=
2026-09-24 19:22:03	activate	Approved	user 2026-09-24 error-list check at cycle start	X=0,Y=0,X2=0,Y2=0,Key=
2026-09-24 19:22:05	click	Approved	user 2026-09-24 error-list check at cycle start	X=629,Y=545,X2=0,Y2=0,Key=
2026-09-24 19:22:11	dclick	Approved	user 2026-09-24 error-list check at cycle start	X=712,Y=544,X2=0,Y2=0,Key=
2026-09-24 19:22:14	activate	Approved	user 2026-09-24 error-list check at cycle start	X=0,Y=0,X2=0,Y2=0,Key=
2026-09-24 19:22:15	click	Approved	user 2026-09-24 error-list check at cycle start	X=629,Y=561,X2=0,Y2=0,Key=
2026-09-24 19:22:20	dclick	Approved	user 2026-09-24 error-list check at cycle start	X=712,Y=560,X2=0,Y2=0,Key=
2026-09-24 19:22:23	activate	Approved	user 2026-09-24 error-list check at cycle start	X=0,Y=0,X2=0,Y2=0,Key=
2026-09-24 19:22:26	click	Approved	user 2026-09-24 error-list check at cycle start	X=629,Y=529,X2=0,Y2=0,Key=
2026-09-24 19:22:32	dclick	Approved	user 2026-09-24 error-list check at cycle start	X=712,Y=528,X2=0,Y2=0,Key=
2026-09-24 19:22:35	activate	Approved	user 2026-09-24 error-list check at cycle start	X=0,Y=0,X2=0,Y2=0,Key=
2026-09-24 19:22:36	click	Approved	user 2026-09-24 error-list check at cycle start	X=629,Y=545,X2=0,Y2=0,Key=
2026-09-24 19:22:42	dclick	Approved	user 2026-09-24 error-list check at cycle start	X=712,Y=544,X2=0,Y2=0,Key=
2026-09-24 19:22:45	activate	Approved	user 2026-09-24 error-list check at cycle start	X=0,Y=0,X2=0,Y2=0,Key=
2026-09-24 19:22:46	click	Approved	user 2026-09-24 error-list check at cycle start	X=629,Y=561,X2=0,Y2=0,Key=
2026-09-24 19:22:52	dclick	Approved	user 2026-09-24 error-list check at cycle start	X=712,Y=560,X2=0,Y2=0,Key=
2026-09-24 19:22:55	activate	Approved	user 2026-09-24 error-list check at cycle start	X=0,Y=0,X2=0,Y2=0,Key=
2026-09-24 19:22:58	click	Approved	user 2026-09-24 error-list check at cycle start	X=629,Y=529,X2=0,Y2=0,Key=
2026-09-24 19:23:05	dclick	Approved	user 2026-09-24 error-list check at cycle start	X=712,Y=528,X2=0,Y2=0,Key=
2026-09-24 19:23:08	activate	Approved	user 2026-09-24 error-list check at cycle start	X=0,Y=0,X2=0,Y2=0,Key=
2026-09-24 19:23:09	click	Approved	user 2026-09-24 error-list check at cycle start	X=629,Y=545,X2=0,Y2=0,Key=
2026-09-24 19:23:15	dclick	Approved	user 2026-09-24 error-list check at cycle start	X=712,Y=544,X2=0,Y2=0,Key=
2026-09-24 19:23:18	activate	Approved	user 2026-09-24 error-list check at cycle start	X=0,Y=0,X2=0,Y2=0,Key=
2026-09-24 19:23:19	click	Approved	user 2026-09-24 error-list check at cycle start	X=629,Y=561,X2=0,Y2=0,Key=
2026-09-24 19:24:52	clickprobe	Approved	user 2026-09-24 error-list check at cycle start	X=294,Y=61,X2=0,Y2=0,Key=
2026-09-24 19:24:56	keys	Approved	user 2026-09-24 error-list check at cycle start	X=0,Y=0,X2=0,Y2=0,Key=^e
2026-09-24 19:25:02	clickprobe	Approved	user 2026-09-24 error-list check at cycle start	X=294,Y=14,X2=0,Y2=0,Key=
2026-09-24 19:25:05	keys	Approved	user 2026-09-24 error-list check at cycle start	X=0,Y=0,X2=0,Y2=0,Key=^l
2026-09-24 19:25:12	keys	Approved	user 2026-09-24 error-list check at cycle start	X=0,Y=0,X2=0,Y2=0,Key=DOWN
2026-09-24 19:25:19	dclick	Approved	user 2026-09-24 error-list check at cycle start	X=712,Y=448,X2=0,Y2=0,Key=
2026-09-24 19:25:22	activate	Approved	user 2026-09-24 error-list check at cycle start	X=0,Y=0,X2=0,Y2=0,Key=
2026-09-24 19:25:23	click	Approved	user 2026-09-24 error-list check at cycle start	X=629,Y=465,X2=0,Y2=0,Key=
2026-09-24 19:25:30	dclick	Approved	user 2026-09-24 error-list check at cycle start	X=712,Y=464,X2=0,Y2=0,Key=
2026-09-24 19:25:33	activate	Approved	user 2026-09-24 error-list check at cycle start	X=0,Y=0,X2=0,Y2=0,Key=
2026-09-24 19:25:34	click	Approved	user 2026-09-24 error-list check at cycle start	X=629,Y=481,X2=0,Y2=0,Key=
2026-09-24 19:25:40	dclick	Approved	user 2026-09-24 error-list check at cycle start	X=712,Y=480,X2=0,Y2=0,Key=
2026-09-24 19:25:43	activate	Approved	user 2026-09-24 error-list check at cycle start	X=0,Y=0,X2=0,Y2=0,Key=
2026-09-24 19:25:44	click	Approved	user 2026-09-24 error-list check at cycle start	X=629,Y=497,X2=0,Y2=0,Key=
2026-09-24 19:25:50	dclick	Approved	user 2026-09-24 error-list check at cycle start	X=712,Y=496,X2=0,Y2=0,Key=
2026-09-24 19:25:53	activate	Approved	user 2026-09-24 error-list check at cycle start	X=0,Y=0,X2=0,Y2=0,Key=
2026-09-24 19:25:54	click	Approved	user 2026-09-24 error-list check at cycle start	X=629,Y=513,X2=0,Y2=0,Key=
2026-09-24 19:26:01	dclick	Approved	user 2026-09-24 error-list check at cycle start	X=712,Y=512,X2=0,Y2=0,Key=
2026-09-24 19:26:04	activate	Approved	user 2026-09-24 error-list check at cycle start	X=0,Y=0,X2=0,Y2=0,Key=
2026-09-24 19:26:05	click	Approved	user 2026-09-24 error-list check at cycle start	X=629,Y=529,X2=0,Y2=0,Key=
2026-09-24 19:26:10	dclick	Approved	user 2026-09-24 error-list check at cycle start	X=712,Y=528,X2=0,Y2=0,Key=
2026-09-24 19:26:13	activate	Approved	user 2026-09-24 error-list check at cycle start	X=0,Y=0,X2=0,Y2=0,Key=
2026-09-24 19:26:15	click	Approved	user 2026-09-24 error-list check at cycle start	X=629,Y=545,X2=0,Y2=0,Key=
2026-09-24 19:26:21	dclick	Approved	user 2026-09-24 error-list check at cycle start	X=712,Y=544,X2=0,Y2=0,Key=
2026-09-24 19:26:24	activate	Approved	user 2026-09-24 error-list check at cycle start	X=0,Y=0,X2=0,Y2=0,Key=
2026-09-24 19:26:25	click	Approved	user 2026-09-24 error-list check at cycle start	X=629,Y=561,X2=0,Y2=0,Key=
2026-09-24 19:26:30	dclick	Approved	user 2026-09-24 error-list check at cycle start	X=712,Y=560,X2=0,Y2=0,Key=
2026-09-24 19:26:33	activate	Approved	user 2026-09-24 error-list check at cycle start	X=0,Y=0,X2=0,Y2=0,Key=
2026-09-24 19:26:36	click	Approved	user 2026-09-24 error-list check at cycle start	X=629,Y=529,X2=0,Y2=0,Key=
2026-09-24 19:26:42	dclick	Approved	user 2026-09-24 error-list check at cycle start	X=712,Y=528,X2=0,Y2=0,Key=
2026-09-24 19:26:45	activate	Approved	user 2026-09-24 error-list check at cycle start	X=0,Y=0,X2=0,Y2=0,Key=
2026-09-24 19:26:46	click	Approved	user 2026-09-24 error-list check at cycle start	X=629,Y=545,X2=0,Y2=0,Key=
2026-09-24 19:26:52	dclick	Approved	user 2026-09-24 error-list check at cycle start	X=712,Y=544,X2=0,Y2=0,Key=
2026-09-24 19:26:55	activate	Approved	user 2026-09-24 error-list check at cycle start	X=0,Y=0,X2=0,Y2=0,Key=
2026-09-24 19:26:56	click	Approved	user 2026-09-24 error-list check at cycle start	X=629,Y=561,X2=0,Y2=0,Key=
2026-09-24 19:27:01	dclick	Approved	user 2026-09-24 error-list check at cycle start	X=712,Y=560,X2=0,Y2=0,Key=
2026-09-24 19:27:04	activate	Approved	user 2026-09-24 error-list check at cycle start	X=0,Y=0,X2=0,Y2=0,Key=
2026-09-24 19:27:07	click	Approved	user 2026-09-24 error-list check at cycle start	X=629,Y=529,X2=0,Y2=0,Key=
2026-09-24 19:27:14	dclick	Approved	user 2026-09-24 error-list check at cycle start	X=712,Y=528,X2=0,Y2=0,Key=
2026-09-24 19:27:17	activate	Approved	user 2026-09-24 error-list check at cycle start	X=0,Y=0,X2=0,Y2=0,Key=
2026-09-24 19:27:18	click	Approved	user 2026-09-24 error-list check at cycle start	X=629,Y=545,X2=0,Y2=0,Key=
2026-09-24 19:27:24	dclick	Approved	user 2026-09-24 error-list check at cycle start	X=712,Y=544,X2=0,Y2=0,Key=
2026-09-24 19:27:27	activate	Approved	user 2026-09-24 error-list check at cycle start	X=0,Y=0,X2=0,Y2=0,Key=
2026-09-24 19:27:28	click	Approved	user 2026-09-24 error-list check at cycle start	X=629,Y=561,X2=0,Y2=0,Key=
2026-09-24 19:27:35	dclick	Approved	user 2026-09-24 error-list check at cycle start	X=712,Y=560,X2=0,Y2=0,Key=
2026-09-24 19:27:38	activate	Approved	user 2026-09-24 error-list check at cycle start	X=0,Y=0,X2=0,Y2=0,Key=
2026-09-24 19:27:41	click	Approved	user 2026-09-24 error-list check at cycle start	X=629,Y=561,X2=0,Y2=0,Key=
2026-09-24 19:27:47	dclick	Approved	user 2026-09-24 error-list check at cycle start	X=712,Y=560,X2=0,Y2=0,Key=
2026-09-25 01:07:51	clickprobe	Approved	user 2026-09-24 error-list check at cycle start	X=294,Y=61,X2=0,Y2=0,Key=
2026-09-25 01:07:55	keys	Approved	user 2026-09-24 error-list check at cycle start	X=0,Y=0,X2=0,Y2=0,Key=^e
2026-09-25 01:08:00	clickprobe	Approved	user 2026-09-24 error-list check at cycle start	X=294,Y=14,X2=0,Y2=0,Key=
2026-09-25 01:08:04	keys	Approved	user 2026-09-24 error-list check at cycle start	X=0,Y=0,X2=0,Y2=0,Key=^l
2026-09-25 01:08:12	keys	Approved	user 2026-09-24 error-list check at cycle start	X=0,Y=0,X2=0,Y2=0,Key=DOWN
2026-09-25 01:08:17	click	Approved	user 2026-09-24 error-list check at cycle start	X=629,Y=284,X2=0,Y2=0,Key=
2026-09-25 01:08:18	click	Approved	user 2026-09-24 error-list check at cycle start	X=629,Y=284,X2=0,Y2=0,Key=
2026-09-25 01:10:06	clickprobe	Approved	user 2026-09-24 error-list check at cycle start	X=294,Y=61,X2=0,Y2=0,Key=
2026-09-25 01:10:10	keys	Approved	user 2026-09-24 error-list check at cycle start	X=0,Y=0,X2=0,Y2=0,Key=^e
2026-09-25 01:10:15	clickprobe	Approved	user 2026-09-24 error-list check at cycle start	X=294,Y=14,X2=0,Y2=0,Key=
2026-09-25 01:10:19	keys	Approved	user 2026-09-24 error-list check at cycle start	X=0,Y=0,X2=0,Y2=0,Key=^l
2026-09-25 01:10:26	keys	Approved	user 2026-09-24 error-list check at cycle start	X=0,Y=0,X2=0,Y2=0,Key=DOWN
2026-09-25 01:10:31	click	Approved	user 2026-09-24 error-list check at cycle start	X=629,Y=284,X2=0,Y2=0,Key=
2026-09-25 01:10:33	click	Approved	user 2026-09-24 error-list check at cycle start	X=629,Y=284,X2=0,Y2=0,Key=
2026-09-25 01:47:46	clickprobe	Approved	user 2026-09-17 bead-pick option 1	X=489,Y=810,X2=0,Y2=0,Key=
2026-09-25 01:47:51	clickprobe	Approved	user 2026-09-17 bead-pick option 1	X=367,Y=692,X2=0,Y2=0,Key=
2026-09-25 01:47:55	clickprobe	Approved	user 2026-09-17 bead-pick option 1	X=623,Y=933,X2=0,Y2=0,Key=
2026-09-25 01:48:01	clickprobe	Approved	user 2026-09-17 bead-pick option 1	X=1113,Y=914,X2=0,Y2=0,Key=
2026-09-25 01:48:38	clickprobe	Approved	user 2026-09-17 bead-pick option 1	X=174,Y=352,X2=0,Y2=0,Key=
2026-09-25 01:48:46	clickprobe	Approved	user 2026-09-17 bead-pick option 1	X=174,Y=352,X2=0,Y2=0,Key=
2026-09-25 01:48:54	clickprobe	Approved	user 2026-09-17 bead-pick option 1	X=174,Y=352,X2=0,Y2=0,Key=
2026-09-25 01:49:02	keys	Approved	user 2026-09-17 bead-pick option 1	X=0,Y=0,X2=0,Y2=0,Key=^a
2026-09-25 01:49:03	keys	Approved	user 2026-09-17 bead-pick option 1	X=0,Y=0,X2=0,Y2=0,Key=G:\Codes\LabVIEW_Codes\MinLab\zz_LabView VI\AAA_UNIST\2. Tracking\V6_ParallelLoop\tools\bench\m8_out\bed_20260925_014714\cal001
2026-09-25 01:49:09	keys	Approved	user 2026-09-17 bead-pick option 1	X=0,Y=0,X2=0,Y2=0,Key={ENTER}
2026-09-25 02:00:49	clickprobe	Approved	user 2026-09-17 bead-pick option 1	X=489,Y=810,X2=0,Y2=0,Key=
2026-09-25 02:00:53	clickprobe	Approved	user 2026-09-17 bead-pick option 1	X=367,Y=692,X2=0,Y2=0,Key=
2026-09-25 02:00:58	clickprobe	Approved	user 2026-09-17 bead-pick option 1	X=623,Y=933,X2=0,Y2=0,Key=
2026-09-25 02:01:04	clickprobe	Approved	user 2026-09-17 bead-pick option 1	X=1113,Y=914,X2=0,Y2=0,Key=
2026-09-25 02:01:40	clickprobe	Approved	user 2026-09-17 bead-pick option 1	X=174,Y=352,X2=0,Y2=0,Key=
2026-09-25 02:01:48	clickprobe	Approved	user 2026-09-17 bead-pick option 1	X=174,Y=352,X2=0,Y2=0,Key=
2026-09-25 02:01:57	clickprobe	Approved	user 2026-09-17 bead-pick option 1	X=174,Y=352,X2=0,Y2=0,Key=
2026-09-25 02:02:04	keys	Approved	user 2026-09-17 bead-pick option 1	X=0,Y=0,X2=0,Y2=0,Key=^a
2026-09-25 02:02:05	keys	Approved	user 2026-09-17 bead-pick option 1	X=0,Y=0,X2=0,Y2=0,Key=G:\Codes\LabVIEW_Codes\MinLab\zz_LabView VI\AAA_UNIST\2. Tracking\V6_ParallelLoop\tools\bench\m8_out\base_20260925_020015\cal001
2026-09-25 02:02:12	keys	Approved	user 2026-09-17 bead-pick option 1	X=0,Y=0,X2=0,Y2=0,Key={ENTER}
2026-09-25 02:18:01	clickprobe	Approved	user 2026-09-17 bead-pick option 1	X=489,Y=810,X2=0,Y2=0,Key=
2026-09-25 02:18:06	clickprobe	Approved	user 2026-09-17 bead-pick option 1	X=367,Y=692,X2=0,Y2=0,Key=
2026-09-25 02:18:10	clickprobe	Approved	user 2026-09-17 bead-pick option 1	X=623,Y=933,X2=0,Y2=0,Key=
2026-09-25 02:18:16	clickprobe	Approved	user 2026-09-17 bead-pick option 1	X=1113,Y=914,X2=0,Y2=0,Key=
2026-09-25 02:18:53	clickprobe	Approved	user 2026-09-17 bead-pick option 1	X=174,Y=352,X2=0,Y2=0,Key=
2026-09-25 02:19:01	clickprobe	Approved	user 2026-09-17 bead-pick option 1	X=174,Y=352,X2=0,Y2=0,Key=
2026-09-25 02:19:09	clickprobe	Approved	user 2026-09-17 bead-pick option 1	X=174,Y=352,X2=0,Y2=0,Key=
2026-09-25 02:19:17	keys	Approved	user 2026-09-17 bead-pick option 1	X=0,Y=0,X2=0,Y2=0,Key=^a
2026-09-25 02:19:18	keys	Approved	user 2026-09-17 bead-pick option 1	X=0,Y=0,X2=0,Y2=0,Key=G:\Codes\LabVIEW_Codes\MinLab\zz_LabView VI\AAA_UNIST\2. Tracking\V6_ParallelLoop\tools\bench\m8_out\s3_20260925_021727\cal001
2026-09-25 02:19:24	keys	Approved	user 2026-09-17 bead-pick option 1	X=0,Y=0,X2=0,Y2=0,Key={ENTER}
2026-09-25 02:35:22	clickprobe	Approved	user 2026-09-24 error-list check at cycle start	X=294,Y=61,X2=0,Y2=0,Key=
2026-09-25 02:35:26	keys	Approved	user 2026-09-24 error-list check at cycle start	X=0,Y=0,X2=0,Y2=0,Key=^e
2026-09-25 02:35:32	clickprobe	Approved	user 2026-09-24 error-list check at cycle start	X=294,Y=14,X2=0,Y2=0,Key=
2026-09-25 02:35:35	keys	Approved	user 2026-09-24 error-list check at cycle start	X=0,Y=0,X2=0,Y2=0,Key=^l
2026-09-25 02:35:42	keys	Approved	user 2026-09-24 error-list check at cycle start	X=0,Y=0,X2=0,Y2=0,Key=DOWN
2026-09-25 02:35:47	click	Approved	user 2026-09-24 error-list check at cycle start	X=629,Y=284,X2=0,Y2=0,Key=
2026-09-25 02:35:49	click	Approved	user 2026-09-24 error-list check at cycle start	X=629,Y=284,X2=0,Y2=0,Key=
2026-09-25 03:24:43	clickprobe	Approved	user 2026-09-24 error-list check at cycle start	X=294,Y=61,X2=0,Y2=0,Key=
2026-09-25 03:24:47	keys	Approved	user 2026-09-24 error-list check at cycle start	X=0,Y=0,X2=0,Y2=0,Key=^e
2026-09-25 03:24:53	clickprobe	Approved	user 2026-09-24 error-list check at cycle start	X=294,Y=14,X2=0,Y2=0,Key=
2026-09-25 03:24:56	keys	Approved	user 2026-09-24 error-list check at cycle start	X=0,Y=0,X2=0,Y2=0,Key=^l
2026-09-25 03:25:03	keys	Approved	user 2026-09-24 error-list check at cycle start	X=0,Y=0,X2=0,Y2=0,Key=DOWN
2026-09-25 03:25:08	click	Approved	user 2026-09-24 error-list check at cycle start	X=629,Y=284,X2=0,Y2=0,Key=
2026-09-25 03:25:10	click	Approved	user 2026-09-24 error-list check at cycle start	X=629,Y=284,X2=0,Y2=0,Key=
2026-09-25 05:43:41	clickprobe	Approved	user 2026-09-24 error-list check at cycle start	X=294,Y=61,X2=0,Y2=0,Key=
2026-09-25 05:43:45	keys	Approved	user 2026-09-24 error-list check at cycle start	X=0,Y=0,X2=0,Y2=0,Key=^e
2026-09-25 05:43:51	clickprobe	Approved	user 2026-09-24 error-list check at cycle start	X=294,Y=14,X2=0,Y2=0,Key=
2026-09-25 05:43:54	keys	Approved	user 2026-09-24 error-list check at cycle start	X=0,Y=0,X2=0,Y2=0,Key=^l
2026-09-25 05:44:01	keys	Approved	user 2026-09-24 error-list check at cycle start	X=0,Y=0,X2=0,Y2=0,Key=DOWN
2026-09-25 05:44:06	click	Approved	user 2026-09-24 error-list check at cycle start	X=629,Y=284,X2=0,Y2=0,Key=
2026-09-25 05:44:08	click	Approved	user 2026-09-24 error-list check at cycle start	X=629,Y=284,X2=0,Y2=0,Key=
2026-09-25 06:34:35	clickprobe	Approved	user 2026-09-17 bead-pick option 1	X=489,Y=810,X2=0,Y2=0,Key=
2026-09-25 06:34:39	clickprobe	Approved	user 2026-09-17 bead-pick option 1	X=367,Y=692,X2=0,Y2=0,Key=
2026-09-25 06:34:44	clickprobe	Approved	user 2026-09-17 bead-pick option 1	X=623,Y=933,X2=0,Y2=0,Key=
2026-09-25 06:34:50	clickprobe	Approved	user 2026-09-17 bead-pick option 1	X=1113,Y=914,X2=0,Y2=0,Key=
2026-09-25 06:35:26	clickprobe	Approved	user 2026-09-17 bead-pick option 1	X=174,Y=352,X2=0,Y2=0,Key=
2026-09-25 06:35:35	clickprobe	Approved	user 2026-09-17 bead-pick option 1	X=174,Y=352,X2=0,Y2=0,Key=
2026-09-25 06:35:43	clickprobe	Approved	user 2026-09-17 bead-pick option 1	X=174,Y=352,X2=0,Y2=0,Key=
2026-09-25 06:35:50	keys	Approved	user 2026-09-17 bead-pick option 1	X=0,Y=0,X2=0,Y2=0,Key=^a
2026-09-25 06:35:51	keys	Approved	user 2026-09-17 bead-pick option 1	X=0,Y=0,X2=0,Y2=0,Key=G:\Codes\LabVIEW_Codes\MinLab\zz_LabView VI\AAA_UNIST\2. Tracking\V6_ParallelLoop\tools\bench\m8_out\s1_20260925_063401\cal001
2026-09-25 06:35:58	keys	Approved	user 2026-09-17 bead-pick option 1	X=0,Y=0,X2=0,Y2=0,Key={ENTER}
2026-09-25 06:37:32	clickprobe	Approved	user 2026-09-17 bead-pick option 1	X=489,Y=810,X2=0,Y2=0,Key=
2026-09-25 06:37:37	clickprobe	Approved	user 2026-09-17 bead-pick option 1	X=367,Y=692,X2=0,Y2=0,Key=
2026-09-25 06:37:41	clickprobe	Approved	user 2026-09-17 bead-pick option 1	X=623,Y=933,X2=0,Y2=0,Key=
2026-09-25 06:37:47	clickprobe	Approved	user 2026-09-17 bead-pick option 1	X=1113,Y=914,X2=0,Y2=0,Key=
2026-09-25 06:38:24	clickprobe	Approved	user 2026-09-17 bead-pick option 1	X=174,Y=352,X2=0,Y2=0,Key=
2026-09-25 06:38:32	clickprobe	Approved	user 2026-09-17 bead-pick option 1	X=174,Y=352,X2=0,Y2=0,Key=
2026-09-25 06:38:40	clickprobe	Approved	user 2026-09-17 bead-pick option 1	X=174,Y=352,X2=0,Y2=0,Key=
2026-09-25 06:38:48	keys	Approved	user 2026-09-17 bead-pick option 1	X=0,Y=0,X2=0,Y2=0,Key=^a
2026-09-25 06:38:49	keys	Approved	user 2026-09-17 bead-pick option 1	X=0,Y=0,X2=0,Y2=0,Key=G:\Codes\LabVIEW_Codes\MinLab\zz_LabView VI\AAA_UNIST\2. Tracking\V6_ParallelLoop\tools\bench\m8_out\s3_20260925_063702\cal001
2026-09-25 06:38:55	keys	Approved	user 2026-09-17 bead-pick option 1	X=0,Y=0,X2=0,Y2=0,Key={ENTER}
2026-09-25 06:40:31	clickprobe	Approved	user 2026-09-17 bead-pick option 1	X=489,Y=810,X2=0,Y2=0,Key=
2026-09-25 06:40:37	clickprobe	Approved	user 2026-09-17 bead-pick option 1	X=1113,Y=914,X2=0,Y2=0,Key=
2026-09-25 06:41:14	clickprobe	Approved	user 2026-09-17 bead-pick option 1	X=174,Y=352,X2=0,Y2=0,Key=
2026-09-25 06:41:21	keys	Approved	user 2026-09-17 bead-pick option 1	X=0,Y=0,X2=0,Y2=0,Key=^a
2026-09-25 06:41:22	keys	Approved	user 2026-09-17 bead-pick option 1	X=0,Y=0,X2=0,Y2=0,Key=G:\Codes\LabVIEW_Codes\MinLab\zz_LabView VI\AAA_UNIST\2. Tracking\V6_ParallelLoop\tools\bench\m8_out\s1_20260925_063958\cal001
2026-09-25 06:41:29	keys	Approved	user 2026-09-17 bead-pick option 1	X=0,Y=0,X2=0,Y2=0,Key={ENTER}
2026-09-25 06:43:03	clickprobe	Approved	user 2026-09-17 bead-pick option 1	X=489,Y=810,X2=0,Y2=0,Key=
2026-09-25 06:43:10	clickprobe	Approved	user 2026-09-17 bead-pick option 1	X=1113,Y=914,X2=0,Y2=0,Key=
2026-09-25 06:43:47	clickprobe	Approved	user 2026-09-17 bead-pick option 1	X=174,Y=352,X2=0,Y2=0,Key=
2026-09-25 06:43:54	keys	Approved	user 2026-09-17 bead-pick option 1	X=0,Y=0,X2=0,Y2=0,Key=^a
2026-09-25 06:43:55	keys	Approved	user 2026-09-17 bead-pick option 1	X=0,Y=0,X2=0,Y2=0,Key=G:\Codes\LabVIEW_Codes\MinLab\zz_LabView VI\AAA_UNIST\2. Tracking\V6_ParallelLoop\tools\bench\m8_out\s3_20260925_064232\cal001
2026-09-25 06:44:02	keys	Approved	user 2026-09-17 bead-pick option 1	X=0,Y=0,X2=0,Y2=0,Key={ENTER}
2026-09-25 06:45:39	clickprobe	Approved	user 2026-09-17 bead-pick option 1	X=489,Y=810,X2=0,Y2=0,Key=
2026-09-25 06:45:43	clickprobe	Approved	user 2026-09-17 bead-pick option 1	X=367,Y=692,X2=0,Y2=0,Key=
2026-09-25 06:45:48	clickprobe	Approved	user 2026-09-17 bead-pick option 1	X=623,Y=933,X2=0,Y2=0,Key=
2026-09-25 06:45:52	clickprobe	Approved	user 2026-09-17 bead-pick option 1	X=425,Y=759,X2=0,Y2=0,Key=
2026-09-25 06:45:57	clickprobe	Approved	user 2026-09-17 bead-pick option 1	X=565,Y=656,X2=0,Y2=0,Key=
2026-09-25 06:46:01	clickprobe	Approved	user 2026-09-17 bead-pick option 1	X=713,Y=784,X2=0,Y2=0,Key=
2026-09-25 06:46:07	clickprobe	Approved	user 2026-09-17 bead-pick option 1	X=1113,Y=914,X2=0,Y2=0,Key=
2026-09-25 06:46:41	clickprobe	Approved	user 2026-09-17 bead-pick option 1	X=174,Y=352,X2=0,Y2=0,Key=
2026-09-25 06:46:49	clickprobe	Approved	user 2026-09-17 bead-pick option 1	X=174,Y=352,X2=0,Y2=0,Key=
2026-09-25 06:46:58	clickprobe	Approved	user 2026-09-17 bead-pick option 1	X=174,Y=352,X2=0,Y2=0,Key=
2026-09-25 06:47:06	clickprobe	Approved	user 2026-09-17 bead-pick option 1	X=174,Y=352,X2=0,Y2=0,Key=
2026-09-25 06:47:14	clickprobe	Approved	user 2026-09-17 bead-pick option 1	X=174,Y=352,X2=0,Y2=0,Key=
2026-09-25 06:47:22	clickprobe	Approved	user 2026-09-17 bead-pick option 1	X=174,Y=352,X2=0,Y2=0,Key=
2026-09-25 06:47:30	keys	Approved	user 2026-09-17 bead-pick option 1	X=0,Y=0,X2=0,Y2=0,Key=^a
2026-09-25 06:47:31	keys	Approved	user 2026-09-17 bead-pick option 1	X=0,Y=0,X2=0,Y2=0,Key=G:\Codes\LabVIEW_Codes\MinLab\zz_LabView VI\AAA_UNIST\2. Tracking\V6_ParallelLoop\tools\bench\m8_out\s1_20260925_064505\cal001
2026-09-25 06:47:37	keys	Approved	user 2026-09-17 bead-pick option 1	X=0,Y=0,X2=0,Y2=0,Key={ENTER}
2026-09-25 06:49:12	clickprobe	Approved	user 2026-09-17 bead-pick option 1	X=489,Y=810,X2=0,Y2=0,Key=
2026-09-25 06:49:17	clickprobe	Approved	user 2026-09-17 bead-pick option 1	X=367,Y=692,X2=0,Y2=0,Key=
2026-09-25 06:49:21	clickprobe	Approved	user 2026-09-17 bead-pick option 1	X=623,Y=933,X2=0,Y2=0,Key=
2026-09-25 06:49:25	clickprobe	Approved	user 2026-09-17 bead-pick option 1	X=425,Y=759,X2=0,Y2=0,Key=
2026-09-25 06:49:30	clickprobe	Approved	user 2026-09-17 bead-pick option 1	X=565,Y=656,X2=0,Y2=0,Key=
2026-09-25 06:49:34	clickprobe	Approved	user 2026-09-17 bead-pick option 1	X=713,Y=784,X2=0,Y2=0,Key=
2026-09-25 06:49:41	clickprobe	Approved	user 2026-09-17 bead-pick option 1	X=1113,Y=914,X2=0,Y2=0,Key=
2026-09-25 06:50:14	clickprobe	Approved	user 2026-09-17 bead-pick option 1	X=174,Y=352,X2=0,Y2=0,Key=
2026-09-25 06:50:23	clickprobe	Approved	user 2026-09-17 bead-pick option 1	X=174,Y=352,X2=0,Y2=0,Key=
2026-09-25 06:50:31	clickprobe	Approved	user 2026-09-17 bead-pick option 1	X=174,Y=352,X2=0,Y2=0,Key=
2026-09-25 06:50:39	clickprobe	Approved	user 2026-09-17 bead-pick option 1	X=174,Y=352,X2=0,Y2=0,Key=
2026-09-25 06:50:47	clickprobe	Approved	user 2026-09-17 bead-pick option 1	X=174,Y=352,X2=0,Y2=0,Key=
2026-09-25 06:50:56	clickprobe	Approved	user 2026-09-17 bead-pick option 1	X=174,Y=352,X2=0,Y2=0,Key=
2026-09-25 06:51:03	keys	Approved	user 2026-09-17 bead-pick option 1	X=0,Y=0,X2=0,Y2=0,Key=^a
2026-09-25 06:51:04	keys	Approved	user 2026-09-17 bead-pick option 1	X=0,Y=0,X2=0,Y2=0,Key=G:\Codes\LabVIEW_Codes\MinLab\zz_LabView VI\AAA_UNIST\2. Tracking\V6_ParallelLoop\tools\bench\m8_out\s3_20260925_064841\cal001
2026-09-25 06:51:11	keys	Approved	user 2026-09-17 bead-pick option 1	X=0,Y=0,X2=0,Y2=0,Key={ENTER}
2026-09-25 07:05:27	clickprobe	Approved	user 2026-09-24 error-list check at cycle start	X=294,Y=61,X2=0,Y2=0,Key=
2026-09-25 07:05:31	keys	Approved	user 2026-09-24 error-list check at cycle start	X=0,Y=0,X2=0,Y2=0,Key=^e
2026-09-25 07:05:37	clickprobe	Approved	user 2026-09-24 error-list check at cycle start	X=294,Y=14,X2=0,Y2=0,Key=
2026-09-25 07:05:40	keys	Approved	user 2026-09-24 error-list check at cycle start	X=0,Y=0,X2=0,Y2=0,Key=^l
2026-09-25 07:05:47	keys	Approved	user 2026-09-24 error-list check at cycle start	X=0,Y=0,X2=0,Y2=0,Key=DOWN
2026-09-25 07:05:52	click	Approved	user 2026-09-24 error-list check at cycle start	X=629,Y=284,X2=0,Y2=0,Key=
2026-09-25 07:05:54	click	Approved	user 2026-09-24 error-list check at cycle start	X=629,Y=284,X2=0,Y2=0,Key=
2026-09-25 08:11:18	clickprobe	Approved	user 2026-09-17 bead-pick option 1	X=489,Y=810,X2=0,Y2=0,Key=
2026-09-25 08:11:22	clickprobe	Approved	user 2026-09-17 bead-pick option 1	X=367,Y=692,X2=0,Y2=0,Key=
2026-09-25 08:11:27	clickprobe	Approved	user 2026-09-17 bead-pick option 1	X=623,Y=933,X2=0,Y2=0,Key=
2026-09-25 08:11:33	clickprobe	Approved	user 2026-09-17 bead-pick option 1	X=1113,Y=914,X2=0,Y2=0,Key=
2026-09-25 08:12:00	clickprobe	Approved	user 2026-09-17 bead-pick option 1	X=174,Y=352,X2=0,Y2=0,Key=
2026-09-25 08:12:08	clickprobe	Approved	user 2026-09-17 bead-pick option 1	X=174,Y=352,X2=0,Y2=0,Key=
2026-09-25 08:12:16	clickprobe	Approved	user 2026-09-17 bead-pick option 1	X=174,Y=352,X2=0,Y2=0,Key=
2026-09-25 08:12:24	keys	Approved	user 2026-09-17 bead-pick option 1	X=0,Y=0,X2=0,Y2=0,Key=^a
2026-09-25 08:12:25	keys	Approved	user 2026-09-17 bead-pick option 1	X=0,Y=0,X2=0,Y2=0,Key=G:\Codes\LabVIEW_Codes\MinLab\zz_LabView VI\AAA_UNIST\2. Tracking\V6_ParallelLoop\tools\bench\m8_out\replay_s1_20260925_081046\cal001
2026-09-25 08:12:32	keys	Approved	user 2026-09-17 bead-pick option 1	X=0,Y=0,X2=0,Y2=0,Key={ENTER}
2026-09-25 08:14:25	clickprobe	Approved	user 2026-09-17 bead-pick option 1	X=489,Y=810,X2=0,Y2=0,Key=
2026-09-25 08:14:29	clickprobe	Approved	user 2026-09-17 bead-pick option 1	X=367,Y=692,X2=0,Y2=0,Key=
2026-09-25 08:14:34	clickprobe	Approved	user 2026-09-17 bead-pick option 1	X=623,Y=933,X2=0,Y2=0,Key=
2026-09-25 08:14:40	clickprobe	Approved	user 2026-09-17 bead-pick option 1	X=1113,Y=914,X2=0,Y2=0,Key=
2026-09-25 08:15:09	clickprobe	Approved	user 2026-09-17 bead-pick option 1	X=174,Y=352,X2=0,Y2=0,Key=
2026-09-25 08:15:17	clickprobe	Approved	user 2026-09-17 bead-pick option 1	X=174,Y=352,X2=0,Y2=0,Key=
2026-09-25 08:15:25	clickprobe	Approved	user 2026-09-17 bead-pick option 1	X=174,Y=352,X2=0,Y2=0,Key=
2026-09-25 08:15:33	keys	Approved	user 2026-09-17 bead-pick option 1	X=0,Y=0,X2=0,Y2=0,Key=^a
2026-09-25 08:15:34	keys	Approved	user 2026-09-17 bead-pick option 1	X=0,Y=0,X2=0,Y2=0,Key=G:\Codes\LabVIEW_Codes\MinLab\zz_LabView VI\AAA_UNIST\2. Tracking\V6_ParallelLoop\tools\bench\m8_out\replay_s3_20260925_081351\cal001
2026-09-25 08:15:41	keys	Approved	user 2026-09-17 bead-pick option 1	X=0,Y=0,X2=0,Y2=0,Key={ENTER}
2026-09-25 08:32:38	clickprobe	Approved	user 2026-09-24 error-list check at cycle start	X=294,Y=61,X2=0,Y2=0,Key=
2026-09-25 08:32:42	keys	Approved	user 2026-09-24 error-list check at cycle start	X=0,Y=0,X2=0,Y2=0,Key=^e
2026-09-25 08:32:48	clickprobe	Approved	user 2026-09-24 error-list check at cycle start	X=294,Y=14,X2=0,Y2=0,Key=
2026-09-25 08:32:51	keys	Approved	user 2026-09-24 error-list check at cycle start	X=0,Y=0,X2=0,Y2=0,Key=^l
2026-09-25 08:32:58	keys	Approved	user 2026-09-24 error-list check at cycle start	X=0,Y=0,X2=0,Y2=0,Key=DOWN
2026-09-25 08:33:03	click	Approved	user 2026-09-24 error-list check at cycle start	X=629,Y=284,X2=0,Y2=0,Key=
2026-09-25 08:33:05	click	Approved	user 2026-09-24 error-list check at cycle start	X=629,Y=284,X2=0,Y2=0,Key=
2026-09-25 10:11:45	clickprobe	Approved	gui_save: title-bar clickprobe, foreground MEASURED before Ctrl+S (save repair 2026-09-22)	X=294,Y=61,X2=0,Y2=0,Key=
2026-09-25 10:11:49	keys	Approved	gui_save: open the Block Diagram window - Ctrl+S on a Front Panel saves nothing (2026-08-30, 2026-09-15)	X=0,Y=0,X2=0,Y2=0,Key=^e
2026-09-25 10:11:54	clickprobe	Approved	gui_save: title-bar clickprobe, foreground MEASURED before Ctrl+S (save repair 2026-09-22)	X=294,Y=14,X2=0,Y2=0,Key=
2026-09-25 10:11:58	keys	Approved	gui_save: COM SaveInstrument hangs on broken VIs (skill com-driving.md)	X=0,Y=0,X2=0,Y2=0,Key=^s
2026-09-25 10:25:15	clickprobe	Approved	user 2026-09-24 error-list check at cycle start	X=294,Y=61,X2=0,Y2=0,Key=
2026-09-25 10:25:19	keys	Approved	user 2026-09-24 error-list check at cycle start	X=0,Y=0,X2=0,Y2=0,Key=^e
2026-09-25 10:25:24	clickprobe	Approved	user 2026-09-24 error-list check at cycle start	X=294,Y=14,X2=0,Y2=0,Key=
2026-09-25 10:25:28	keys	Approved	user 2026-09-24 error-list check at cycle start	X=0,Y=0,X2=0,Y2=0,Key=^l
2026-09-25 10:25:35	keys	Approved	user 2026-09-24 error-list check at cycle start	X=0,Y=0,X2=0,Y2=0,Key=DOWN
2026-09-25 10:25:43	dclick	Approved	user 2026-09-24 error-list check at cycle start	X=712,Y=448,X2=0,Y2=0,Key=
2026-09-25 10:25:46	activate	Approved	user 2026-09-24 error-list check at cycle start	X=0,Y=0,X2=0,Y2=0,Key=
2026-09-25 10:25:47	click	Approved	user 2026-09-24 error-list check at cycle start	X=629,Y=465,X2=0,Y2=0,Key=
2026-09-25 10:25:55	dclick	Approved	user 2026-09-24 error-list check at cycle start	X=712,Y=464,X2=0,Y2=0,Key=
2026-09-25 10:25:58	activate	Approved	user 2026-09-24 error-list check at cycle start	X=0,Y=0,X2=0,Y2=0,Key=
2026-09-25 10:25:59	click	Approved	user 2026-09-24 error-list check at cycle start	X=629,Y=481,X2=0,Y2=0,Key=
2026-09-25 10:26:05	dclick	Approved	user 2026-09-24 error-list check at cycle start	X=712,Y=480,X2=0,Y2=0,Key=
2026-09-25 10:26:08	activate	Approved	user 2026-09-24 error-list check at cycle start	X=0,Y=0,X2=0,Y2=0,Key=
2026-09-25 10:26:09	click	Approved	user 2026-09-24 error-list check at cycle start	X=629,Y=497,X2=0,Y2=0,Key=
2026-09-25 10:26:16	dclick	Approved	user 2026-09-24 error-list check at cycle start	X=712,Y=496,X2=0,Y2=0,Key=
2026-09-25 10:26:19	activate	Approved	user 2026-09-24 error-list check at cycle start	X=0,Y=0,X2=0,Y2=0,Key=
2026-09-25 10:26:20	click	Approved	user 2026-09-24 error-list check at cycle start	X=629,Y=513,X2=0,Y2=0,Key=
2026-09-25 10:26:27	dclick	Approved	user 2026-09-24 error-list check at cycle start	X=712,Y=512,X2=0,Y2=0,Key=
2026-09-25 10:26:30	activate	Approved	user 2026-09-24 error-list check at cycle start	X=0,Y=0,X2=0,Y2=0,Key=
2026-09-25 10:26:31	click	Approved	user 2026-09-24 error-list check at cycle start	X=629,Y=529,X2=0,Y2=0,Key=
2026-09-25 10:26:38	dclick	Approved	user 2026-09-24 error-list check at cycle start	X=712,Y=528,X2=0,Y2=0,Key=
2026-09-25 10:26:41	activate	Approved	user 2026-09-24 error-list check at cycle start	X=0,Y=0,X2=0,Y2=0,Key=
2026-09-25 10:26:42	click	Approved	user 2026-09-24 error-list check at cycle start	X=629,Y=545,X2=0,Y2=0,Key=
2026-09-25 10:26:49	dclick	Approved	user 2026-09-24 error-list check at cycle start	X=712,Y=544,X2=0,Y2=0,Key=
2026-09-25 10:26:52	activate	Approved	user 2026-09-24 error-list check at cycle start	X=0,Y=0,X2=0,Y2=0,Key=
2026-09-25 10:26:53	click	Approved	user 2026-09-24 error-list check at cycle start	X=629,Y=561,X2=0,Y2=0,Key=
2026-09-25 10:27:01	dclick	Approved	user 2026-09-24 error-list check at cycle start	X=712,Y=560,X2=0,Y2=0,Key=
2026-09-25 10:27:04	activate	Approved	user 2026-09-24 error-list check at cycle start	X=0,Y=0,X2=0,Y2=0,Key=
2026-09-25 10:27:07	click	Approved	user 2026-09-24 error-list check at cycle start	X=629,Y=529,X2=0,Y2=0,Key=
2026-09-25 10:27:14	dclick	Approved	user 2026-09-24 error-list check at cycle start	X=712,Y=528,X2=0,Y2=0,Key=
2026-09-25 10:27:17	activate	Approved	user 2026-09-24 error-list check at cycle start	X=0,Y=0,X2=0,Y2=0,Key=
2026-09-25 10:27:18	click	Approved	user 2026-09-24 error-list check at cycle start	X=629,Y=545,X2=0,Y2=0,Key=
2026-09-25 10:27:24	dclick	Approved	user 2026-09-24 error-list check at cycle start	X=712,Y=544,X2=0,Y2=0,Key=
2026-09-25 10:27:27	activate	Approved	user 2026-09-24 error-list check at cycle start	X=0,Y=0,X2=0,Y2=0,Key=
2026-09-25 10:27:28	click	Approved	user 2026-09-24 error-list check at cycle start	X=629,Y=561,X2=0,Y2=0,Key=
2026-09-25 10:27:34	dclick	Approved	user 2026-09-24 error-list check at cycle start	X=712,Y=560,X2=0,Y2=0,Key=
2026-09-25 10:27:37	activate	Approved	user 2026-09-24 error-list check at cycle start	X=0,Y=0,X2=0,Y2=0,Key=
2026-09-25 10:27:40	click	Approved	user 2026-09-24 error-list check at cycle start	X=629,Y=529,X2=0,Y2=0,Key=
2026-09-25 10:27:46	dclick	Approved	user 2026-09-24 error-list check at cycle start	X=712,Y=528,X2=0,Y2=0,Key=
2026-09-25 10:27:49	activate	Approved	user 2026-09-24 error-list check at cycle start	X=0,Y=0,X2=0,Y2=0,Key=
2026-09-25 10:27:50	click	Approved	user 2026-09-24 error-list check at cycle start	X=629,Y=545,X2=0,Y2=0,Key=
2026-09-25 10:27:55	dclick	Approved	user 2026-09-24 error-list check at cycle start	X=712,Y=544,X2=0,Y2=0,Key=
2026-09-25 10:27:58	activate	Approved	user 2026-09-24 error-list check at cycle start	X=0,Y=0,X2=0,Y2=0,Key=
2026-09-25 10:27:59	click	Approved	user 2026-09-24 error-list check at cycle start	X=629,Y=561,X2=0,Y2=0,Key=
2026-09-25 10:28:05	dclick	Approved	user 2026-09-24 error-list check at cycle start	X=712,Y=560,X2=0,Y2=0,Key=
2026-09-25 10:28:08	activate	Approved	user 2026-09-24 error-list check at cycle start	X=0,Y=0,X2=0,Y2=0,Key=
2026-09-25 10:28:11	click	Approved	user 2026-09-24 error-list check at cycle start	X=629,Y=529,X2=0,Y2=0,Key=
2026-09-25 10:28:16	dclick	Approved	user 2026-09-24 error-list check at cycle start	X=712,Y=528,X2=0,Y2=0,Key=
2026-09-25 10:28:19	activate	Approved	user 2026-09-24 error-list check at cycle start	X=0,Y=0,X2=0,Y2=0,Key=
2026-09-25 10:28:21	click	Approved	user 2026-09-24 error-list check at cycle start	X=629,Y=545,X2=0,Y2=0,Key=
2026-09-25 10:28:25	dclick	Approved	user 2026-09-24 error-list check at cycle start	X=712,Y=544,X2=0,Y2=0,Key=
2026-09-25 10:28:28	activate	Approved	user 2026-09-24 error-list check at cycle start	X=0,Y=0,X2=0,Y2=0,Key=
2026-09-25 10:28:30	click	Approved	user 2026-09-24 error-list check at cycle start	X=629,Y=561,X2=0,Y2=0,Key=
2026-09-25 10:28:34	dclick	Approved	user 2026-09-24 error-list check at cycle start	X=712,Y=560,X2=0,Y2=0,Key=
2026-09-25 10:28:37	activate	Approved	user 2026-09-24 error-list check at cycle start	X=0,Y=0,X2=0,Y2=0,Key=
2026-09-25 10:28:40	click	Approved	user 2026-09-24 error-list check at cycle start	X=629,Y=529,X2=0,Y2=0,Key=
2026-09-25 10:28:46	dclick	Approved	user 2026-09-24 error-list check at cycle start	X=712,Y=528,X2=0,Y2=0,Key=
2026-09-25 10:28:49	activate	Approved	user 2026-09-24 error-list check at cycle start	X=0,Y=0,X2=0,Y2=0,Key=
2026-09-25 10:28:50	click	Approved	user 2026-09-24 error-list check at cycle start	X=629,Y=545,X2=0,Y2=0,Key=
2026-09-25 10:28:55	dclick	Approved	user 2026-09-24 error-list check at cycle start	X=712,Y=544,X2=0,Y2=0,Key=
2026-09-25 10:28:58	activate	Approved	user 2026-09-24 error-list check at cycle start	X=0,Y=0,X2=0,Y2=0,Key=
2026-09-25 10:28:59	click	Approved	user 2026-09-24 error-list check at cycle start	X=629,Y=561,X2=0,Y2=0,Key=
2026-09-25 10:29:04	dclick	Approved	user 2026-09-24 error-list check at cycle start	X=712,Y=560,X2=0,Y2=0,Key=
2026-09-25 10:29:07	activate	Approved	user 2026-09-24 error-list check at cycle start	X=0,Y=0,X2=0,Y2=0,Key=
2026-09-25 10:29:10	click	Approved	user 2026-09-24 error-list check at cycle start	X=629,Y=545,X2=0,Y2=0,Key=
2026-09-25 10:29:15	dclick	Approved	user 2026-09-24 error-list check at cycle start	X=712,Y=544,X2=0,Y2=0,Key=
2026-09-25 10:29:18	activate	Approved	user 2026-09-24 error-list check at cycle start	X=0,Y=0,X2=0,Y2=0,Key=
2026-09-25 10:29:19	click	Approved	user 2026-09-24 error-list check at cycle start	X=629,Y=561,X2=0,Y2=0,Key=
2026-09-25 10:29:24	dclick	Approved	user 2026-09-24 error-list check at cycle start	X=712,Y=560,X2=0,Y2=0,Key=
2026-09-25 10:36:19	clickprobe	Approved	user 2026-09-24 error-list check at cycle start	X=294,Y=61,X2=0,Y2=0,Key=
2026-09-25 10:36:23	keys	Approved	user 2026-09-24 error-list check at cycle start	X=0,Y=0,X2=0,Y2=0,Key=^e
2026-09-25 10:36:29	clickprobe	Approved	user 2026-09-24 error-list check at cycle start	X=294,Y=14,X2=0,Y2=0,Key=
2026-09-25 10:36:32	keys	Approved	user 2026-09-24 error-list check at cycle start	X=0,Y=0,X2=0,Y2=0,Key=^l
2026-09-25 10:36:39	keys	Approved	user 2026-09-24 error-list check at cycle start	X=0,Y=0,X2=0,Y2=0,Key=DOWN
2026-09-25 10:36:47	dclick	Approved	user 2026-09-24 error-list check at cycle start	X=712,Y=448,X2=0,Y2=0,Key=
2026-09-25 10:36:50	activate	Approved	user 2026-09-24 error-list check at cycle start	X=0,Y=0,X2=0,Y2=0,Key=
2026-09-25 10:36:51	click	Approved	user 2026-09-24 error-list check at cycle start	X=629,Y=465,X2=0,Y2=0,Key=
2026-09-25 10:36:59	dclick	Approved	user 2026-09-24 error-list check at cycle start	X=712,Y=464,X2=0,Y2=0,Key=
2026-09-25 10:37:02	activate	Approved	user 2026-09-24 error-list check at cycle start	X=0,Y=0,X2=0,Y2=0,Key=
2026-09-25 10:37:03	click	Approved	user 2026-09-24 error-list check at cycle start	X=629,Y=481,X2=0,Y2=0,Key=
2026-09-25 10:37:09	dclick	Approved	user 2026-09-24 error-list check at cycle start	X=712,Y=480,X2=0,Y2=0,Key=
2026-09-25 10:37:13	activate	Approved	user 2026-09-24 error-list check at cycle start	X=0,Y=0,X2=0,Y2=0,Key=
2026-09-25 10:37:14	click	Approved	user 2026-09-24 error-list check at cycle start	X=629,Y=497,X2=0,Y2=0,Key=
2026-09-25 10:37:20	dclick	Approved	user 2026-09-24 error-list check at cycle start	X=712,Y=496,X2=0,Y2=0,Key=
2026-09-25 10:37:23	activate	Approved	user 2026-09-24 error-list check at cycle start	X=0,Y=0,X2=0,Y2=0,Key=
2026-09-25 10:37:24	click	Approved	user 2026-09-24 error-list check at cycle start	X=629,Y=513,X2=0,Y2=0,Key=
2026-09-25 10:37:31	dclick	Approved	user 2026-09-24 error-list check at cycle start	X=712,Y=512,X2=0,Y2=0,Key=
2026-09-25 10:37:34	activate	Approved	user 2026-09-24 error-list check at cycle start	X=0,Y=0,X2=0,Y2=0,Key=
2026-09-25 10:37:35	click	Approved	user 2026-09-24 error-list check at cycle start	X=629,Y=529,X2=0,Y2=0,Key=
2026-09-25 10:37:42	dclick	Approved	user 2026-09-24 error-list check at cycle start	X=712,Y=528,X2=0,Y2=0,Key=
2026-09-25 10:37:45	activate	Approved	user 2026-09-24 error-list check at cycle start	X=0,Y=0,X2=0,Y2=0,Key=
2026-09-25 10:37:46	click	Approved	user 2026-09-24 error-list check at cycle start	X=629,Y=545,X2=0,Y2=0,Key=
2026-09-25 10:37:53	dclick	Approved	user 2026-09-24 error-list check at cycle start	X=712,Y=544,X2=0,Y2=0,Key=
2026-09-25 10:37:56	activate	Approved	user 2026-09-24 error-list check at cycle start	X=0,Y=0,X2=0,Y2=0,Key=
2026-09-25 10:37:57	click	Approved	user 2026-09-24 error-list check at cycle start	X=629,Y=561,X2=0,Y2=0,Key=
2026-09-25 10:38:05	dclick	Approved	user 2026-09-24 error-list check at cycle start	X=712,Y=560,X2=0,Y2=0,Key=
2026-09-25 10:38:09	activate	Approved	user 2026-09-24 error-list check at cycle start	X=0,Y=0,X2=0,Y2=0,Key=
2026-09-25 10:38:11	click	Approved	user 2026-09-24 error-list check at cycle start	X=629,Y=529,X2=0,Y2=0,Key=
2026-09-25 10:38:18	dclick	Approved	user 2026-09-24 error-list check at cycle start	X=712,Y=528,X2=0,Y2=0,Key=
2026-09-25 10:38:21	activate	Approved	user 2026-09-24 error-list check at cycle start	X=0,Y=0,X2=0,Y2=0,Key=
2026-09-25 10:38:22	click	Approved	user 2026-09-24 error-list check at cycle start	X=629,Y=545,X2=0,Y2=0,Key=
2026-09-25 10:38:28	dclick	Approved	user 2026-09-24 error-list check at cycle start	X=712,Y=544,X2=0,Y2=0,Key=
2026-09-25 10:38:31	activate	Approved	user 2026-09-24 error-list check at cycle start	X=0,Y=0,X2=0,Y2=0,Key=
2026-09-25 10:38:32	click	Approved	user 2026-09-24 error-list check at cycle start	X=629,Y=561,X2=0,Y2=0,Key=
2026-09-25 10:38:38	dclick	Approved	user 2026-09-24 error-list check at cycle start	X=712,Y=560,X2=0,Y2=0,Key=
2026-09-25 10:38:41	activate	Approved	user 2026-09-24 error-list check at cycle start	X=0,Y=0,X2=0,Y2=0,Key=
2026-09-25 10:38:44	click	Approved	user 2026-09-24 error-list check at cycle start	X=629,Y=529,X2=0,Y2=0,Key=
2026-09-25 10:38:50	dclick	Approved	user 2026-09-24 error-list check at cycle start	X=712,Y=528,X2=0,Y2=0,Key=
2026-09-25 10:38:53	activate	Approved	user 2026-09-24 error-list check at cycle start	X=0,Y=0,X2=0,Y2=0,Key=
2026-09-25 10:38:54	click	Approved	user 2026-09-24 error-list check at cycle start	X=629,Y=545,X2=0,Y2=0,Key=
2026-09-25 10:38:59	dclick	Approved	user 2026-09-24 error-list check at cycle start	X=712,Y=544,X2=0,Y2=0,Key=
2026-09-25 10:39:03	activate	Approved	user 2026-09-24 error-list check at cycle start	X=0,Y=0,X2=0,Y2=0,Key=
2026-09-25 10:39:04	click	Approved	user 2026-09-24 error-list check at cycle start	X=629,Y=561,X2=0,Y2=0,Key=
2026-09-25 10:39:10	dclick	Approved	user 2026-09-24 error-list check at cycle start	X=712,Y=560,X2=0,Y2=0,Key=
2026-09-25 10:39:13	activate	Approved	user 2026-09-24 error-list check at cycle start	X=0,Y=0,X2=0,Y2=0,Key=
2026-09-25 10:39:16	click	Approved	user 2026-09-24 error-list check at cycle start	X=629,Y=529,X2=0,Y2=0,Key=
2026-09-25 10:39:21	dclick	Approved	user 2026-09-24 error-list check at cycle start	X=712,Y=528,X2=0,Y2=0,Key=
2026-09-25 10:39:24	activate	Approved	user 2026-09-24 error-list check at cycle start	X=0,Y=0,X2=0,Y2=0,Key=
2026-09-25 10:39:25	click	Approved	user 2026-09-24 error-list check at cycle start	X=629,Y=545,X2=0,Y2=0,Key=
2026-09-25 10:39:30	dclick	Approved	user 2026-09-24 error-list check at cycle start	X=712,Y=544,X2=0,Y2=0,Key=
2026-09-25 10:39:33	activate	Approved	user 2026-09-24 error-list check at cycle start	X=0,Y=0,X2=0,Y2=0,Key=
2026-09-25 10:39:34	click	Approved	user 2026-09-24 error-list check at cycle start	X=629,Y=561,X2=0,Y2=0,Key=
2026-09-25 10:39:39	dclick	Approved	user 2026-09-24 error-list check at cycle start	X=712,Y=560,X2=0,Y2=0,Key=
2026-09-25 10:39:42	activate	Approved	user 2026-09-24 error-list check at cycle start	X=0,Y=0,X2=0,Y2=0,Key=
2026-09-25 10:39:45	click	Approved	user 2026-09-24 error-list check at cycle start	X=629,Y=529,X2=0,Y2=0,Key=
2026-09-25 10:39:50	dclick	Approved	user 2026-09-24 error-list check at cycle start	X=712,Y=528,X2=0,Y2=0,Key=
2026-09-25 10:39:53	activate	Approved	user 2026-09-24 error-list check at cycle start	X=0,Y=0,X2=0,Y2=0,Key=
2026-09-25 10:39:54	click	Approved	user 2026-09-24 error-list check at cycle start	X=629,Y=545,X2=0,Y2=0,Key=
2026-09-25 10:39:59	dclick	Approved	user 2026-09-24 error-list check at cycle start	X=712,Y=544,X2=0,Y2=0,Key=
2026-09-25 10:40:02	activate	Approved	user 2026-09-24 error-list check at cycle start	X=0,Y=0,X2=0,Y2=0,Key=
2026-09-25 10:40:03	click	Approved	user 2026-09-24 error-list check at cycle start	X=629,Y=561,X2=0,Y2=0,Key=
2026-09-25 10:40:08	dclick	Approved	user 2026-09-24 error-list check at cycle start	X=712,Y=560,X2=0,Y2=0,Key=
2026-09-25 10:40:11	activate	Approved	user 2026-09-24 error-list check at cycle start	X=0,Y=0,X2=0,Y2=0,Key=
2026-09-25 10:40:14	click	Approved	user 2026-09-24 error-list check at cycle start	X=629,Y=545,X2=0,Y2=0,Key=
2026-09-25 10:40:19	dclick	Approved	user 2026-09-24 error-list check at cycle start	X=712,Y=544,X2=0,Y2=0,Key=
2026-09-25 10:40:22	activate	Approved	user 2026-09-24 error-list check at cycle start	X=0,Y=0,X2=0,Y2=0,Key=
2026-09-25 10:40:23	click	Approved	user 2026-09-24 error-list check at cycle start	X=629,Y=561,X2=0,Y2=0,Key=
2026-09-25 10:40:28	dclick	Approved	user 2026-09-24 error-list check at cycle start	X=712,Y=560,X2=0,Y2=0,Key=
2026-09-25 10:43:26	clickprobe	Approved	user 2026-09-24 error-list check at cycle start	X=294,Y=61,X2=0,Y2=0,Key=
2026-09-25 10:43:30	keys	Approved	user 2026-09-24 error-list check at cycle start	X=0,Y=0,X2=0,Y2=0,Key=^e
2026-09-25 10:43:35	clickprobe	Approved	user 2026-09-24 error-list check at cycle start	X=294,Y=14,X2=0,Y2=0,Key=
2026-09-25 10:43:39	keys	Approved	user 2026-09-24 error-list check at cycle start	X=0,Y=0,X2=0,Y2=0,Key=^l
2026-09-25 10:43:46	keys	Approved	user 2026-09-24 error-list check at cycle start	X=0,Y=0,X2=0,Y2=0,Key=DOWN
2026-09-25 10:43:53	dclick	Approved	user 2026-09-24 error-list check at cycle start	X=712,Y=448,X2=0,Y2=0,Key=
2026-09-25 10:43:56	activate	Approved	user 2026-09-24 error-list check at cycle start	X=0,Y=0,X2=0,Y2=0,Key=
2026-09-25 10:43:57	click	Approved	user 2026-09-24 error-list check at cycle start	X=629,Y=465,X2=0,Y2=0,Key=
2026-09-25 10:44:05	dclick	Approved	user 2026-09-24 error-list check at cycle start	X=712,Y=464,X2=0,Y2=0,Key=
2026-09-25 10:44:08	activate	Approved	user 2026-09-24 error-list check at cycle start	X=0,Y=0,X2=0,Y2=0,Key=
2026-09-25 10:44:09	click	Approved	user 2026-09-24 error-list check at cycle start	X=629,Y=481,X2=0,Y2=0,Key=
2026-09-25 10:44:16	dclick	Approved	user 2026-09-24 error-list check at cycle start	X=712,Y=480,X2=0,Y2=0,Key=
2026-09-25 10:44:19	activate	Approved	user 2026-09-24 error-list check at cycle start	X=0,Y=0,X2=0,Y2=0,Key=
2026-09-25 10:44:20	click	Approved	user 2026-09-24 error-list check at cycle start	X=629,Y=497,X2=0,Y2=0,Key=
2026-09-25 10:44:26	dclick	Approved	user 2026-09-24 error-list check at cycle start	X=712,Y=496,X2=0,Y2=0,Key=
2026-09-25 10:44:29	activate	Approved	user 2026-09-24 error-list check at cycle start	X=0,Y=0,X2=0,Y2=0,Key=
2026-09-25 10:44:30	click	Approved	user 2026-09-24 error-list check at cycle start	X=629,Y=513,X2=0,Y2=0,Key=
2026-09-25 10:44:37	dclick	Approved	user 2026-09-24 error-list check at cycle start	X=712,Y=512,X2=0,Y2=0,Key=
2026-09-25 10:44:40	activate	Approved	user 2026-09-24 error-list check at cycle start	X=0,Y=0,X2=0,Y2=0,Key=
2026-09-25 10:44:41	click	Approved	user 2026-09-24 error-list check at cycle start	X=629,Y=529,X2=0,Y2=0,Key=
2026-09-25 10:44:48	dclick	Approved	user 2026-09-24 error-list check at cycle start	X=712,Y=528,X2=0,Y2=0,Key=
2026-09-25 10:44:51	activate	Approved	user 2026-09-24 error-list check at cycle start	X=0,Y=0,X2=0,Y2=0,Key=
2026-09-25 10:44:52	click	Approved	user 2026-09-24 error-list check at cycle start	X=629,Y=545,X2=0,Y2=0,Key=
2026-09-25 10:44:59	dclick	Approved	user 2026-09-24 error-list check at cycle start	X=712,Y=544,X2=0,Y2=0,Key=
2026-09-25 10:45:02	activate	Approved	user 2026-09-24 error-list check at cycle start	X=0,Y=0,X2=0,Y2=0,Key=
2026-09-25 10:45:04	click	Approved	user 2026-09-24 error-list check at cycle start	X=629,Y=561,X2=0,Y2=0,Key=
2026-09-25 10:45:12	dclick	Approved	user 2026-09-24 error-list check at cycle start	X=712,Y=560,X2=0,Y2=0,Key=
2026-09-25 10:45:15	activate	Approved	user 2026-09-24 error-list check at cycle start	X=0,Y=0,X2=0,Y2=0,Key=
2026-09-25 10:45:18	click	Approved	user 2026-09-24 error-list check at cycle start	X=629,Y=529,X2=0,Y2=0,Key=
2026-09-25 10:45:24	dclick	Approved	user 2026-09-24 error-list check at cycle start	X=712,Y=528,X2=0,Y2=0,Key=
2026-09-25 10:45:27	activate	Approved	user 2026-09-24 error-list check at cycle start	X=0,Y=0,X2=0,Y2=0,Key=
2026-09-25 10:45:28	click	Approved	user 2026-09-24 error-list check at cycle start	X=629,Y=545,X2=0,Y2=0,Key=
2026-09-25 10:45:34	dclick	Approved	user 2026-09-24 error-list check at cycle start	X=712,Y=544,X2=0,Y2=0,Key=
2026-09-25 10:45:37	activate	Approved	user 2026-09-24 error-list check at cycle start	X=0,Y=0,X2=0,Y2=0,Key=
2026-09-25 10:45:38	click	Approved	user 2026-09-24 error-list check at cycle start	X=629,Y=561,X2=0,Y2=0,Key=
2026-09-25 10:45:44	dclick	Approved	user 2026-09-24 error-list check at cycle start	X=712,Y=560,X2=0,Y2=0,Key=
2026-09-25 10:45:48	activate	Approved	user 2026-09-24 error-list check at cycle start	X=0,Y=0,X2=0,Y2=0,Key=
2026-09-25 10:45:50	click	Approved	user 2026-09-24 error-list check at cycle start	X=629,Y=529,X2=0,Y2=0,Key=
2026-09-25 10:45:56	dclick	Approved	user 2026-09-24 error-list check at cycle start	X=712,Y=528,X2=0,Y2=0,Key=
2026-09-25 10:46:00	activate	Approved	user 2026-09-24 error-list check at cycle start	X=0,Y=0,X2=0,Y2=0,Key=
2026-09-25 10:46:01	click	Approved	user 2026-09-24 error-list check at cycle start	X=629,Y=545,X2=0,Y2=0,Key=
2026-09-25 10:46:06	dclick	Approved	user 2026-09-24 error-list check at cycle start	X=712,Y=544,X2=0,Y2=0,Key=
2026-09-25 10:46:09	activate	Approved	user 2026-09-24 error-list check at cycle start	X=0,Y=0,X2=0,Y2=0,Key=
2026-09-25 10:46:10	click	Approved	user 2026-09-24 error-list check at cycle start	X=629,Y=561,X2=0,Y2=0,Key=
2026-09-25 10:46:16	dclick	Approved	user 2026-09-24 error-list check at cycle start	X=712,Y=560,X2=0,Y2=0,Key=
2026-09-25 10:46:19	activate	Approved	user 2026-09-24 error-list check at cycle start	X=0,Y=0,X2=0,Y2=0,Key=
2026-09-25 10:46:22	click	Approved	user 2026-09-24 error-list check at cycle start	X=629,Y=529,X2=0,Y2=0,Key=
2026-09-25 10:46:27	dclick	Approved	user 2026-09-24 error-list check at cycle start	X=712,Y=528,X2=0,Y2=0,Key=
2026-09-25 10:46:30	activate	Approved	user 2026-09-24 error-list check at cycle start	X=0,Y=0,X2=0,Y2=0,Key=
2026-09-25 10:46:31	click	Approved	user 2026-09-24 error-list check at cycle start	X=629,Y=545,X2=0,Y2=0,Key=
2026-09-25 10:46:36	dclick	Approved	user 2026-09-24 error-list check at cycle start	X=712,Y=544,X2=0,Y2=0,Key=
2026-09-25 10:46:39	activate	Approved	user 2026-09-24 error-list check at cycle start	X=0,Y=0,X2=0,Y2=0,Key=
2026-09-25 10:46:40	click	Approved	user 2026-09-24 error-list check at cycle start	X=629,Y=561,X2=0,Y2=0,Key=
2026-09-25 10:46:45	dclick	Approved	user 2026-09-24 error-list check at cycle start	X=712,Y=560,X2=0,Y2=0,Key=
2026-09-25 10:46:48	activate	Approved	user 2026-09-24 error-list check at cycle start	X=0,Y=0,X2=0,Y2=0,Key=
2026-09-25 10:46:51	click	Approved	user 2026-09-24 error-list check at cycle start	X=629,Y=529,X2=0,Y2=0,Key=
2026-09-25 10:46:56	dclick	Approved	user 2026-09-24 error-list check at cycle start	X=712,Y=528,X2=0,Y2=0,Key=
2026-09-25 10:46:59	activate	Approved	user 2026-09-24 error-list check at cycle start	X=0,Y=0,X2=0,Y2=0,Key=
2026-09-25 10:47:00	click	Approved	user 2026-09-24 error-list check at cycle start	X=629,Y=545,X2=0,Y2=0,Key=
2026-09-25 10:47:05	dclick	Approved	user 2026-09-24 error-list check at cycle start	X=712,Y=544,X2=0,Y2=0,Key=
2026-09-25 10:47:08	activate	Approved	user 2026-09-24 error-list check at cycle start	X=0,Y=0,X2=0,Y2=0,Key=
2026-09-25 10:47:09	click	Approved	user 2026-09-24 error-list check at cycle start	X=629,Y=561,X2=0,Y2=0,Key=
2026-09-25 10:47:14	dclick	Approved	user 2026-09-24 error-list check at cycle start	X=712,Y=560,X2=0,Y2=0,Key=
2026-09-25 10:47:17	activate	Approved	user 2026-09-24 error-list check at cycle start	X=0,Y=0,X2=0,Y2=0,Key=
2026-09-25 10:47:20	click	Approved	user 2026-09-24 error-list check at cycle start	X=629,Y=545,X2=0,Y2=0,Key=
2026-09-25 10:47:25	dclick	Approved	user 2026-09-24 error-list check at cycle start	X=712,Y=544,X2=0,Y2=0,Key=
2026-09-25 10:47:28	activate	Approved	user 2026-09-24 error-list check at cycle start	X=0,Y=0,X2=0,Y2=0,Key=
2026-09-25 10:47:29	click	Approved	user 2026-09-24 error-list check at cycle start	X=629,Y=561,X2=0,Y2=0,Key=
2026-09-25 10:47:34	dclick	Approved	user 2026-09-24 error-list check at cycle start	X=712,Y=560,X2=0,Y2=0,Key=
2026-09-25 11:35:28	clickprobe	Approved	user 2026-09-24 error-list check at cycle start	X=294,Y=61,X2=0,Y2=0,Key=
2026-09-25 11:35:32	keys	Approved	user 2026-09-24 error-list check at cycle start	X=0,Y=0,X2=0,Y2=0,Key=^e
2026-09-25 11:35:37	clickprobe	Approved	user 2026-09-24 error-list check at cycle start	X=294,Y=14,X2=0,Y2=0,Key=
2026-09-25 11:35:41	keys	Approved	user 2026-09-24 error-list check at cycle start	X=0,Y=0,X2=0,Y2=0,Key=^l
2026-09-25 11:35:47	keys	Approved	user 2026-09-24 error-list check at cycle start	X=0,Y=0,X2=0,Y2=0,Key=DOWN
2026-09-25 11:35:55	dclick	Approved	user 2026-09-24 error-list check at cycle start	X=712,Y=448,X2=0,Y2=0,Key=
2026-09-25 11:35:58	activate	Approved	user 2026-09-24 error-list check at cycle start	X=0,Y=0,X2=0,Y2=0,Key=
2026-09-25 11:35:59	click	Approved	user 2026-09-24 error-list check at cycle start	X=629,Y=465,X2=0,Y2=0,Key=
2026-09-25 11:36:07	dclick	Approved	user 2026-09-24 error-list check at cycle start	X=712,Y=464,X2=0,Y2=0,Key=
2026-09-25 11:36:10	activate	Approved	user 2026-09-24 error-list check at cycle start	X=0,Y=0,X2=0,Y2=0,Key=
2026-09-25 11:36:11	click	Approved	user 2026-09-24 error-list check at cycle start	X=629,Y=481,X2=0,Y2=0,Key=
2026-09-25 11:36:17	dclick	Approved	user 2026-09-24 error-list check at cycle start	X=712,Y=480,X2=0,Y2=0,Key=
2026-09-25 11:36:21	activate	Approved	user 2026-09-24 error-list check at cycle start	X=0,Y=0,X2=0,Y2=0,Key=
2026-09-25 11:36:22	click	Approved	user 2026-09-24 error-list check at cycle start	X=629,Y=497,X2=0,Y2=0,Key=
2026-09-25 11:36:28	dclick	Approved	user 2026-09-24 error-list check at cycle start	X=712,Y=496,X2=0,Y2=0,Key=
2026-09-25 11:36:31	activate	Approved	user 2026-09-24 error-list check at cycle start	X=0,Y=0,X2=0,Y2=0,Key=
2026-09-25 11:36:32	click	Approved	user 2026-09-24 error-list check at cycle start	X=629,Y=513,X2=0,Y2=0,Key=
2026-09-25 11:36:39	dclick	Approved	user 2026-09-24 error-list check at cycle start	X=712,Y=512,X2=0,Y2=0,Key=
2026-09-25 11:36:42	activate	Approved	user 2026-09-24 error-list check at cycle start	X=0,Y=0,X2=0,Y2=0,Key=
2026-09-25 11:36:43	click	Approved	user 2026-09-24 error-list check at cycle start	X=629,Y=529,X2=0,Y2=0,Key=
2026-09-25 11:36:50	dclick	Approved	user 2026-09-24 error-list check at cycle start	X=712,Y=528,X2=0,Y2=0,Key=
2026-09-25 11:36:53	activate	Approved	user 2026-09-24 error-list check at cycle start	X=0,Y=0,X2=0,Y2=0,Key=
2026-09-25 11:36:54	click	Approved	user 2026-09-24 error-list check at cycle start	X=629,Y=545,X2=0,Y2=0,Key=
2026-09-25 11:37:01	dclick	Approved	user 2026-09-24 error-list check at cycle start	X=712,Y=544,X2=0,Y2=0,Key=
2026-09-25 11:37:04	activate	Approved	user 2026-09-24 error-list check at cycle start	X=0,Y=0,X2=0,Y2=0,Key=
2026-09-25 11:37:05	click	Approved	user 2026-09-24 error-list check at cycle start	X=629,Y=561,X2=0,Y2=0,Key=
2026-09-25 11:37:13	dclick	Approved	user 2026-09-24 error-list check at cycle start	X=712,Y=560,X2=0,Y2=0,Key=
2026-09-25 11:37:16	activate	Approved	user 2026-09-24 error-list check at cycle start	X=0,Y=0,X2=0,Y2=0,Key=
2026-09-25 11:37:19	click	Approved	user 2026-09-24 error-list check at cycle start	X=629,Y=529,X2=0,Y2=0,Key=
2026-09-25 11:37:26	dclick	Approved	user 2026-09-24 error-list check at cycle start	X=712,Y=528,X2=0,Y2=0,Key=
2026-09-25 11:37:29	activate	Approved	user 2026-09-24 error-list check at cycle start	X=0,Y=0,X2=0,Y2=0,Key=
2026-09-25 11:37:30	click	Approved	user 2026-09-24 error-list check at cycle start	X=629,Y=545,X2=0,Y2=0,Key=
2026-09-25 11:37:36	dclick	Approved	user 2026-09-24 error-list check at cycle start	X=712,Y=544,X2=0,Y2=0,Key=
2026-09-25 11:37:39	activate	Approved	user 2026-09-24 error-list check at cycle start	X=0,Y=0,X2=0,Y2=0,Key=
2026-09-25 11:37:40	click	Approved	user 2026-09-24 error-list check at cycle start	X=629,Y=561,X2=0,Y2=0,Key=
2026-09-25 11:37:46	dclick	Approved	user 2026-09-24 error-list check at cycle start	X=712,Y=560,X2=0,Y2=0,Key=
2026-09-25 11:37:49	activate	Approved	user 2026-09-24 error-list check at cycle start	X=0,Y=0,X2=0,Y2=0,Key=
2026-09-25 11:37:52	click	Approved	user 2026-09-24 error-list check at cycle start	X=629,Y=529,X2=0,Y2=0,Key=
2026-09-25 11:37:58	dclick	Approved	user 2026-09-24 error-list check at cycle start	X=712,Y=528,X2=0,Y2=0,Key=
2026-09-25 11:38:01	activate	Approved	user 2026-09-24 error-list check at cycle start	X=0,Y=0,X2=0,Y2=0,Key=
2026-09-25 11:38:02	click	Approved	user 2026-09-24 error-list check at cycle start	X=629,Y=545,X2=0,Y2=0,Key=
2026-09-25 11:38:07	dclick	Approved	user 2026-09-24 error-list check at cycle start	X=712,Y=544,X2=0,Y2=0,Key=
2026-09-25 11:38:10	activate	Approved	user 2026-09-24 error-list check at cycle start	X=0,Y=0,X2=0,Y2=0,Key=
2026-09-25 11:38:11	click	Approved	user 2026-09-24 error-list check at cycle start	X=629,Y=561,X2=0,Y2=0,Key=
2026-09-25 11:38:17	dclick	Approved	user 2026-09-24 error-list check at cycle start	X=712,Y=560,X2=0,Y2=0,Key=
2026-09-25 11:38:20	activate	Approved	user 2026-09-24 error-list check at cycle start	X=0,Y=0,X2=0,Y2=0,Key=
2026-09-25 11:38:23	click	Approved	user 2026-09-24 error-list check at cycle start	X=629,Y=529,X2=0,Y2=0,Key=
2026-09-25 11:38:29	dclick	Approved	user 2026-09-24 error-list check at cycle start	X=712,Y=528,X2=0,Y2=0,Key=
2026-09-25 11:38:32	activate	Approved	user 2026-09-24 error-list check at cycle start	X=0,Y=0,X2=0,Y2=0,Key=
2026-09-25 11:38:33	click	Approved	user 2026-09-24 error-list check at cycle start	X=629,Y=545,X2=0,Y2=0,Key=
2026-09-25 11:38:38	dclick	Approved	user 2026-09-24 error-list check at cycle start	X=712,Y=544,X2=0,Y2=0,Key=
2026-09-25 11:38:41	activate	Approved	user 2026-09-24 error-list check at cycle start	X=0,Y=0,X2=0,Y2=0,Key=
2026-09-25 11:38:42	click	Approved	user 2026-09-24 error-list check at cycle start	X=629,Y=561,X2=0,Y2=0,Key=
2026-09-25 11:38:46	dclick	Approved	user 2026-09-24 error-list check at cycle start	X=712,Y=560,X2=0,Y2=0,Key=
2026-09-25 11:38:49	activate	Approved	user 2026-09-24 error-list check at cycle start	X=0,Y=0,X2=0,Y2=0,Key=
2026-09-25 11:38:52	click	Approved	user 2026-09-24 error-list check at cycle start	X=629,Y=529,X2=0,Y2=0,Key=
2026-09-25 11:38:58	dclick	Approved	user 2026-09-24 error-list check at cycle start	X=712,Y=528,X2=0,Y2=0,Key=
2026-09-25 11:39:01	activate	Approved	user 2026-09-24 error-list check at cycle start	X=0,Y=0,X2=0,Y2=0,Key=
2026-09-25 11:39:02	click	Approved	user 2026-09-24 error-list check at cycle start	X=629,Y=545,X2=0,Y2=0,Key=
2026-09-25 11:39:07	dclick	Approved	user 2026-09-24 error-list check at cycle start	X=712,Y=544,X2=0,Y2=0,Key=
2026-09-25 11:39:10	activate	Approved	user 2026-09-24 error-list check at cycle start	X=0,Y=0,X2=0,Y2=0,Key=
2026-09-25 11:39:11	click	Approved	user 2026-09-24 error-list check at cycle start	X=629,Y=561,X2=0,Y2=0,Key=
2026-09-25 11:39:16	dclick	Approved	user 2026-09-24 error-list check at cycle start	X=712,Y=560,X2=0,Y2=0,Key=
2026-09-25 11:39:19	activate	Approved	user 2026-09-24 error-list check at cycle start	X=0,Y=0,X2=0,Y2=0,Key=
2026-09-25 11:39:22	click	Approved	user 2026-09-24 error-list check at cycle start	X=629,Y=545,X2=0,Y2=0,Key=
2026-09-25 11:39:27	dclick	Approved	user 2026-09-24 error-list check at cycle start	X=712,Y=544,X2=0,Y2=0,Key=
2026-09-25 11:39:30	activate	Approved	user 2026-09-24 error-list check at cycle start	X=0,Y=0,X2=0,Y2=0,Key=
2026-09-25 11:39:31	click	Approved	user 2026-09-24 error-list check at cycle start	X=629,Y=561,X2=0,Y2=0,Key=
2026-09-25 11:39:36	dclick	Approved	user 2026-09-24 error-list check at cycle start	X=712,Y=560,X2=0,Y2=0,Key=
2026-09-25 13:54:07	clickprobe	Approved	user 2026-09-24 error-list check at cycle start	X=294,Y=61,X2=0,Y2=0,Key=
2026-09-25 13:54:11	keys	Approved	user 2026-09-24 error-list check at cycle start	X=0,Y=0,X2=0,Y2=0,Key=^e
2026-09-25 13:54:17	clickprobe	Approved	user 2026-09-24 error-list check at cycle start	X=294,Y=14,X2=0,Y2=0,Key=
2026-09-25 13:54:20	keys	Approved	user 2026-09-24 error-list check at cycle start	X=0,Y=0,X2=0,Y2=0,Key=^l
2026-09-25 13:54:32	keys	Approved	user 2026-09-24 error-list check at cycle start	X=0,Y=0,X2=0,Y2=0,Key=DOWN
2026-09-25 13:54:40	dclick	Approved	user 2026-09-24 error-list check at cycle start	X=712,Y=448,X2=0,Y2=0,Key=
2026-09-25 13:54:43	activate	Approved	user 2026-09-24 error-list check at cycle start	X=0,Y=0,X2=0,Y2=0,Key=
2026-09-25 13:54:44	click	Approved	user 2026-09-24 error-list check at cycle start	X=629,Y=465,X2=0,Y2=0,Key=
2026-09-25 13:54:52	dclick	Approved	user 2026-09-24 error-list check at cycle start	X=712,Y=464,X2=0,Y2=0,Key=
2026-09-25 13:54:55	activate	Approved	user 2026-09-24 error-list check at cycle start	X=0,Y=0,X2=0,Y2=0,Key=
2026-09-25 13:54:56	click	Approved	user 2026-09-24 error-list check at cycle start	X=629,Y=481,X2=0,Y2=0,Key=
2026-09-25 13:55:02	dclick	Approved	user 2026-09-24 error-list check at cycle start	X=712,Y=480,X2=0,Y2=0,Key=
2026-09-25 13:55:05	activate	Approved	user 2026-09-24 error-list check at cycle start	X=0,Y=0,X2=0,Y2=0,Key=
2026-09-25 13:55:07	click	Approved	user 2026-09-24 error-list check at cycle start	X=629,Y=497,X2=0,Y2=0,Key=
2026-09-25 13:55:13	dclick	Approved	user 2026-09-24 error-list check at cycle start	X=712,Y=496,X2=0,Y2=0,Key=
2026-09-25 13:55:17	activate	Approved	user 2026-09-24 error-list check at cycle start	X=0,Y=0,X2=0,Y2=0,Key=
2026-09-25 13:55:18	click	Approved	user 2026-09-24 error-list check at cycle start	X=629,Y=513,X2=0,Y2=0,Key=
2026-09-25 13:55:24	dclick	Approved	user 2026-09-24 error-list check at cycle start	X=712,Y=512,X2=0,Y2=0,Key=
2026-09-25 13:55:27	activate	Approved	user 2026-09-24 error-list check at cycle start	X=0,Y=0,X2=0,Y2=0,Key=
2026-09-25 13:55:29	click	Approved	user 2026-09-24 error-list check at cycle start	X=629,Y=529,X2=0,Y2=0,Key=
2026-09-25 13:55:36	dclick	Approved	user 2026-09-24 error-list check at cycle start	X=712,Y=528,X2=0,Y2=0,Key=
2026-09-25 13:55:39	activate	Approved	user 2026-09-24 error-list check at cycle start	X=0,Y=0,X2=0,Y2=0,Key=
2026-09-25 13:55:40	click	Approved	user 2026-09-24 error-list check at cycle start	X=629,Y=545,X2=0,Y2=0,Key=
2026-09-25 13:55:47	dclick	Approved	user 2026-09-24 error-list check at cycle start	X=712,Y=544,X2=0,Y2=0,Key=
2026-09-25 13:55:50	activate	Approved	user 2026-09-24 error-list check at cycle start	X=0,Y=0,X2=0,Y2=0,Key=
2026-09-25 13:55:51	click	Approved	user 2026-09-24 error-list check at cycle start	X=629,Y=561,X2=0,Y2=0,Key=
2026-09-25 13:56:00	dclick	Approved	user 2026-09-24 error-list check at cycle start	X=712,Y=560,X2=0,Y2=0,Key=
2026-09-25 13:56:03	activate	Approved	user 2026-09-24 error-list check at cycle start	X=0,Y=0,X2=0,Y2=0,Key=
2026-09-25 13:56:05	click	Approved	user 2026-09-24 error-list check at cycle start	X=629,Y=529,X2=0,Y2=0,Key=
2026-09-25 13:56:12	dclick	Approved	user 2026-09-24 error-list check at cycle start	X=712,Y=528,X2=0,Y2=0,Key=
2026-09-25 13:56:15	activate	Approved	user 2026-09-24 error-list check at cycle start	X=0,Y=0,X2=0,Y2=0,Key=
2026-09-25 13:56:16	click	Approved	user 2026-09-24 error-list check at cycle start	X=629,Y=545,X2=0,Y2=0,Key=
2026-09-25 13:56:22	dclick	Approved	user 2026-09-24 error-list check at cycle start	X=712,Y=544,X2=0,Y2=0,Key=
2026-09-25 13:56:25	activate	Approved	user 2026-09-24 error-list check at cycle start	X=0,Y=0,X2=0,Y2=0,Key=
2026-09-25 13:56:26	click	Approved	user 2026-09-24 error-list check at cycle start	X=629,Y=561,X2=0,Y2=0,Key=
2026-09-25 13:56:32	dclick	Approved	user 2026-09-24 error-list check at cycle start	X=712,Y=560,X2=0,Y2=0,Key=
2026-09-25 13:56:35	activate	Approved	user 2026-09-24 error-list check at cycle start	X=0,Y=0,X2=0,Y2=0,Key=
2026-09-25 13:56:38	click	Approved	user 2026-09-24 error-list check at cycle start	X=629,Y=529,X2=0,Y2=0,Key=
2026-09-25 13:56:44	dclick	Approved	user 2026-09-24 error-list check at cycle start	X=712,Y=528,X2=0,Y2=0,Key=
2026-09-25 13:56:47	activate	Approved	user 2026-09-24 error-list check at cycle start	X=0,Y=0,X2=0,Y2=0,Key=
2026-09-25 13:56:48	click	Approved	user 2026-09-24 error-list check at cycle start	X=629,Y=545,X2=0,Y2=0,Key=
2026-09-25 13:56:53	dclick	Approved	user 2026-09-24 error-list check at cycle start	X=712,Y=544,X2=0,Y2=0,Key=
2026-09-25 13:56:56	activate	Approved	user 2026-09-24 error-list check at cycle start	X=0,Y=0,X2=0,Y2=0,Key=
2026-09-25 13:56:57	click	Approved	user 2026-09-24 error-list check at cycle start	X=629,Y=561,X2=0,Y2=0,Key=
2026-09-25 13:57:03	dclick	Approved	user 2026-09-24 error-list check at cycle start	X=712,Y=560,X2=0,Y2=0,Key=
2026-09-25 13:57:06	activate	Approved	user 2026-09-24 error-list check at cycle start	X=0,Y=0,X2=0,Y2=0,Key=
2026-09-25 13:57:09	click	Approved	user 2026-09-24 error-list check at cycle start	X=629,Y=529,X2=0,Y2=0,Key=
2026-09-25 13:57:14	dclick	Approved	user 2026-09-24 error-list check at cycle start	X=712,Y=528,X2=0,Y2=0,Key=
2026-09-25 13:57:17	activate	Approved	user 2026-09-24 error-list check at cycle start	X=0,Y=0,X2=0,Y2=0,Key=
2026-09-25 13:57:18	click	Approved	user 2026-09-24 error-list check at cycle start	X=629,Y=545,X2=0,Y2=0,Key=
2026-09-25 13:57:23	dclick	Approved	user 2026-09-24 error-list check at cycle start	X=712,Y=544,X2=0,Y2=0,Key=
2026-09-25 13:57:26	activate	Approved	user 2026-09-24 error-list check at cycle start	X=0,Y=0,X2=0,Y2=0,Key=
2026-09-25 13:57:27	click	Approved	user 2026-09-24 error-list check at cycle start	X=629,Y=561,X2=0,Y2=0,Key=
2026-09-25 13:57:32	dclick	Approved	user 2026-09-24 error-list check at cycle start	X=712,Y=560,X2=0,Y2=0,Key=
2026-09-25 13:57:35	activate	Approved	user 2026-09-24 error-list check at cycle start	X=0,Y=0,X2=0,Y2=0,Key=
2026-09-25 13:57:38	click	Approved	user 2026-09-24 error-list check at cycle start	X=629,Y=529,X2=0,Y2=0,Key=
2026-09-25 13:57:43	dclick	Approved	user 2026-09-24 error-list check at cycle start	X=712,Y=528,X2=0,Y2=0,Key=
2026-09-25 13:57:46	activate	Approved	user 2026-09-24 error-list check at cycle start	X=0,Y=0,X2=0,Y2=0,Key=
2026-09-25 13:57:47	click	Approved	user 2026-09-24 error-list check at cycle start	X=629,Y=545,X2=0,Y2=0,Key=
2026-09-25 13:57:52	dclick	Approved	user 2026-09-24 error-list check at cycle start	X=712,Y=544,X2=0,Y2=0,Key=
2026-09-25 13:57:55	activate	Approved	user 2026-09-24 error-list check at cycle start	X=0,Y=0,X2=0,Y2=0,Key=
2026-09-25 13:57:56	click	Approved	user 2026-09-24 error-list check at cycle start	X=629,Y=561,X2=0,Y2=0,Key=
2026-09-25 13:58:01	dclick	Approved	user 2026-09-24 error-list check at cycle start	X=712,Y=560,X2=0,Y2=0,Key=
2026-09-25 13:58:04	activate	Approved	user 2026-09-24 error-list check at cycle start	X=0,Y=0,X2=0,Y2=0,Key=
2026-09-25 13:58:07	click	Approved	user 2026-09-24 error-list check at cycle start	X=629,Y=545,X2=0,Y2=0,Key=
2026-09-25 13:58:12	dclick	Approved	user 2026-09-24 error-list check at cycle start	X=712,Y=544,X2=0,Y2=0,Key=
2026-09-25 13:58:15	activate	Approved	user 2026-09-24 error-list check at cycle start	X=0,Y=0,X2=0,Y2=0,Key=
2026-09-25 13:58:16	click	Approved	user 2026-09-24 error-list check at cycle start	X=629,Y=561,X2=0,Y2=0,Key=
2026-09-25 13:58:21	dclick	Approved	user 2026-09-24 error-list check at cycle start	X=712,Y=560,X2=0,Y2=0,Key=
